S1213_Actual,S1213_Simulated,RedundantThrowsDeclarationCheck_Actual,RedundantThrowsDeclarationCheck_Simulated,S1488_Actual,S1488_Simulated,S1905_Actual,S1905_Simulated,DuplicatedBlocks_Actual,DuplicatedBlocks_Simulated,S1226_Actual,S1226_Simulated,S00112_Actual,S00112_Simulated,S1132_Actual,S1132_Simulated,S1481_Actual,S1481_Simulated
5.448173122092414,5.315746943612542,3.1354942159291497,3.5351683455796343,2.268683541318364,2.3448650609869333,0.6931471805599453,2.6336389706392938,5.015069891164122,4.510972925856334,3.721669276936927,3.8233103768142858,3.091042453358316,2.431549945789797,3.5553480614894135,3.4205118984428196,1.9459101490553132,3.001156803470868
5.438079308923196,5.459343905692852,3.1354942159291497,3.4787440634405784,2.1972245773362196,2.5303131657873363,0.6931471805599453,2.5022684517254525,5.043425116919247,4.489950473895334,3.713572066704308,4.031362853801507,3.091042453358316,1.4178468782185862,3.5553480614894135,3.1612544036143597,1.9459101490553132,4.109795169621634
5.438079308923196,4.632696588106098,3.1354942159291497,3.583076430487237,2.1972245773362196,2.1192955726971254,0.6931471805599453,5.57112938178018,5.043425116919247,4.084161627209907,3.713572066704308,3.025518625672132,3.091042453358316,1.3909115242787142,3.5553480614894135,3.259746568269391,1.9459101490553132,2.840084225047316
5.438079308923196,5.213317818152416,3.1354942159291497,3.069922934819829,2.1972245773362196,1.9905235814490287,0.6931471805599453,1.5426272020970213,5.043425116919247,5.1154540710222856,3.713572066704308,3.674612233921481,3.091042453358316,2.6388356830716297,3.5553480614894135,4.63786559344161,1.9459101490553132,3.5429635377549378
5.438079308923196,5.671587684602183,3.1354942159291497,4.112542918325993,2.1972245773362196,2.734338598826251,0.6931471805599453,4.7308239954654425,5.043425116919247,4.7971618851155045,3.713572066704308,3.1876557302868895,3.091042453358316,1.7590917062173408,3.5553480614894135,3.1434927365088465,1.9459101490553132,4.564777834376137
5.438079308923196,5.635598928069987,3.1354942159291497,3.7371804643754003,2.1972245773362196,2.7075145257367437,0.6931471805599453,1.9254783300183527,5.043425116919247,3.769997199999519,3.713572066704308,2.8742783578308337,3.091042453358316,2.05661167800286,3.5553480614894135,3.825816365442493,1.9459101490553132,3.2113970902873947
