S1213_Actual,S1213_Simulated,RedundantThrowsDeclarationCheck_Actual,RedundantThrowsDeclarationCheck_Simulated,S1488_Actual,S1488_Simulated,S1905_Actual,S1905_Simulated,DuplicatedBlocks_Actual,DuplicatedBlocks_Simulated,S1226_Actual,S1226_Simulated,S00112_Actual,S00112_Simulated,S1132_Actual,S1132_Simulated,S1481_Actual,S1481_Simulated
5.438079308923196,5.315746943612542,3.1354942159291497,3.5351683455796343,2.1972245773362196,2.3448650609869333,0.6931471805599453,2.6336389706392938,5.043425116919247,4.510972925856334,3.713572066704308,3.8233103768142858,3.091042453358316,2.431549945789797,3.5553480614894135,3.4205118984428196,1.9459101490553132,3.001156803470868
5.438079308923196,4.457212593024602,3.1354942159291497,4.198736100598718,2.1972245773362196,2.557544029051158,0.6931471805599453,2.9499502065763124,5.043425116919247,4.5974763927991535,3.713572066704308,3.1023855965037477,3.091042453358316,1.5983399525203072,3.5553480614894135,3.214261774681019,1.9459101490553132,2.059162339899113
5.438079308923196,5.8157997334945355,3.1354942159291497,3.095833011661502,2.1972245773362196,2.259249732874068,0.6931471805599453,1.390890767736205,5.043425116919247,3.4807597163498967,3.713572066704308,3.876191673403384,3.091042453358316,3.032815335840614,3.5553480614894135,3.3821588416909227,1.9459101490553132,0.7046899773602857
