S1213_Actual,S1213_Simulated,RedundantThrowsDeclarationCheck_Actual,RedundantThrowsDeclarationCheck_Simulated,S1488_Actual,S1488_Simulated,S1905_Actual,S1905_Simulated,DuplicatedBlocks_Actual,DuplicatedBlocks_Simulated,S1226_Actual,S1226_Simulated,S00112_Actual,S00112_Simulated,S1132_Actual,S1132_Simulated,S1481_Actual,S1481_Simulated
5.448173122092414,5.315746943612542,3.1354942159291497,3.5351683455796343,2.268683541318364,2.3448650609869333,0.6931471805599453,2.6336389706392938,5.015069891164122,4.510972925856334,3.721669276936927,3.8233103768142858,3.091042453358316,2.431549945789797,3.5553480614894135,3.4205118984428196,1.9459101490553132,3.001156803470868
5.438079308923196,5.567160738448166,3.1354942159291497,4.281026726411696,2.1972245773362196,3.1358908451524665,0.6931471805599453,1.9164952275217824,5.043425116919247,3.6164929286303815,3.713572066704308,5.137559153654767,3.091042453358316,3.3271794545165223,3.5553480614894135,3.087209061744222,1.9459101490553132,3.331177759619384
5.438079308923196,4.529135031442567,3.1354942159291497,2.5614757320000363,2.1972245773362196,1.8850532941254252,0.6931471805599453,4.706643368986185,5.043425116919247,4.157872212866659,3.713572066704308,5.824905828489484,3.091042453358316,3.50221243235635,3.5553480614894135,3.631061400824639,1.9459101490553132,2.179613389419507
5.438079308923196,5.293939076385628,3.1354942159291497,4.004286043399757,2.1972245773362196,2.7477587731458333,0.6931471805599453,0.8661692123402795,5.043425116919247,4.245435326786168,3.713572066704308,4.092399240853053,3.091042453358316,2.1844932369737893,3.5553480614894135,3.014864081601611,1.9459101490553132,2.6702401977149615
5.438079308923196,5.615892537966244,3.1354942159291497,2.903844396230803,2.1972245773362196,2.1550162459893465,0.6931471805599453,4.017629612179421,5.043425116919247,5.093448214992031,3.713572066704308,2.4676579483476626,3.091042453358316,2.7431667695609447,3.5553480614894135,2.9467203176733596,1.9459101490553132,4.413168082239933
5.438079308923196,4.564215656972493,3.1354942159291497,3.3134464592369812,2.1972245773362196,2.046116707168765,0.6931471805599453,1.425423175488654,5.043425116919247,4.0150044893115036,3.713572066704308,2.5929958812353693,3.091042453358316,2.8272744148845788,3.5553480614894135,2.9020456807450694,1.9459101490553132,4.705491034314213
