RedundantThrowsDeclarationCheck_Actual,RedundantThrowsDeclarationCheck_Simulated,S00117_Actual,S00117_Simulated,S1488_Actual,S1488_Simulated,S1226_Actual,S1226_Simulated,S00112_Actual,S00112_Simulated,S1155_Actual,S1155_Simulated,S1481_Actual,S1481_Simulated
1.0159205728229963,0.26424494468692766,0.0,0.18857179510065186,0.6931471805599453,0.6742804700449279,0.0,0.0,4.23823874188217,3.4160510287931776,1.0986122886681098,1.1085934909171022,0.0,0.2632049367457456
1.0330150061822962,0.662627099278595,0.0,0.5356266942004253,0.6931471805599453,0.5632542024268088,0.0,0.0,4.24029847484518,2.0207805766550972,1.0986122886681098,1.0378391123676414,0.0,0.5831784562906781
1.0498221244986776,0.08258894198999528,0.0,0.36154337635950046,0.6931471805599453,0.5750170610490534,0.0,0.0,4.242353974027276,3.780198123245551,1.0986122886681098,1.1794581783339948,0.0,0.9822958198392666
1.0663514264498883,0.0,0.0,0.32438676497240737,0.6931471805599453,0.7543925018129003,0.0,3.7296045017352966e-06,4.244405256797834,2.9905692352501516,1.0986122886681098,1.055823579486184,0.0,0.49897480180407455
1.0826119473216684,0.3042899382641122,0.0,0.3132821933821692,0.6931471805599453,0.6640597275821752,0.0,1.814525673254499e-06,4.246452340419559,1.6638851590823853,1.0986122886681098,1.0719192457922304,0.0,0.269534936167463
1.0986122886681098,0.17415129712418648,0.0,0.11434772330280157,0.6931471805599453,0.7798749932596803,0.0,0.0,4.248495242049359,4.386824997236802,1.0986122886681098,1.1665707754269137,0.0,0.6598405374726223
