,Actual_last_5_vals,Simulated_0,Simulated_1,Simulated_2,Simulated_3,Simulated_4,Simulated_5,Simulated_6,Simulated_7,Simulated_8,Simulated_9,Simulated_10,Simulated_11,Simulated_12,Simulated_13,Simulated_14,Simulated_15,Simulated_16,Simulated_17,Simulated_18,Simulated_19,Simulated_20,Simulated_21,Simulated_22,Simulated_23,Simulated_24,Simulated_25,Simulated_26,Simulated_27,Simulated_28,Simulated_29
174,26053.066666666666,,,,,,,,,,,,,,,,,,,,,,,,,,,,,,
175,26024.05,,,,,,,,,,,,,,,,,,,,,,,,,,,,,,
176,25995.033333333333,,,,,,,,,,,,,,,,,,,,,,,,,,,,,,
177,25966.016666666663,,,,,,,,,,,,,,,,,,,,,,,,,,,,,,
178,25937.0,,,,,,,,,,,,,,,,,,,,,,,,,,,,,,
179,,25602.75728170914,25602.75728170914,25602.75728170914,25602.75728170914,25602.75728170914,25602.75728170914,25602.75728170914,25602.75728170914,25602.75728170914,25602.75728170914,25602.75728170914,25602.75728170914,25602.75728170914,25602.75728170914,25602.75728170914,25602.75728170914,25602.75728170914,25602.75728170914,25602.75728170914,25602.75728170914,25602.75728170914,25602.75728170914,25602.75728170914,25602.75728170914,25602.75728170914,25602.75728170914,25602.75728170914,25602.75728170914,25602.75728170914,25602.75728170914
180,,41404.396307091774,16931.432050063177,36164.71115773033,81691.89234989663,63760.73320093959,70149.61733301343,83050.61839076481,20549.084588031277,-1532.339499705584,797.7044850299903,16978.93659290289,118041.25082797774,23616.50196904895,23212.217477100006,-42110.711475849515,-11948.608130180795,14388.8227477756,24996.56784037035,-7232.4511655610395,15078.476686344216,76448.66816955569,-9490.15471360553,10240.811731376338,-1926.6383189338153,-23085.221884111554,1137.8980109229826,41904.138769147554,40051.60734071778,17158.04361241193,-5304.113110705256
181,,12616.558342290235,31262.282950393514,24768.778825314927,120944.6432324304,29358.99562490057,64892.454713503306,-23548.29198100783,-17838.672125545218,18846.937630076478,58571.249155281366,17672.41798678468,13869.79845765293,7572.437582448081,-54605.616737646254,3341.6583750109794,12355.238109663691,16597.00164189935,-45912.36909073125,81779.36183015999,28027.071532594648,-4276.829673509304,-47456.57846573647,15631.16212170585,-4726.372725196979,58875.62264436029,34208.56507301694,29217.682315447815,-4945.101988381503,93808.79625717705,-5481.601447574398
