S1213_Actual,S1213_Simulated,RedundantThrowsDeclarationCheck_Actual,RedundantThrowsDeclarationCheck_Simulated,S00117_Actual,S00117_Simulated,S1488_Actual,S1488_Simulated,UselessImportCheck_Actual,UselessImportCheck_Simulated,DuplicatedBlocks_Actual,DuplicatedBlocks_Simulated,S00112_Actual,S00112_Simulated,S00108_Actual,S00108_Simulated,S1151_Actual,S1151_Simulated,S1132_Actual,S1132_Simulated,S1481_Actual,S1481_Simulated
1.6094379124341003,1.6094330878759344,1.0608719606852626,0.5065006956642901,0.0,0.2524658159408702,0.6931471805599453,0.6931423560017794,0.0,0.5874215601841742,1.9459101490553132,2.243900638488946,4.243721963296702,4.132562568331274,1.0986122886681098,1.0986074641099437,1.6094379124341003,1.6094330878759344,1.0986122886681098,1.0986074641099437,0.0,0.0
1.6094379124341003,1.6094356756742836,1.0685348334308318,0.7552030267786951,0.0,0.5755958004121359,0.6931471805599453,0.6931375095546386,0.0,0.0,1.9459101490553132,2.319934419265176,4.244678443522658,4.2069916009670765,1.0986122886681098,1.0986046548527608,1.6094379124341003,1.6094320915412599,1.0986122886681098,1.098607970622482,0.0,0.0
1.6094379124341003,1.6094365281783574,1.076139432816051,1.2086552173406586,0.0,0.0,0.6931471805599453,0.69314260528914,0.0,1.431152049203027,1.9459101490553132,2.050908100710781,4.2456340097683265,4.039316367196154,1.0986122886681098,1.0986094928479968,1.6094379124341003,1.609433827760972,1.0986122886681098,1.098610768120878,0.0,0.0
1.6094379124341003,1.6094365750678,1.083686638451434,0.8950705874053715,0.0,0.0,0.6931471805599453,0.6931435484264837,0.0,0.868887734733886,1.9459101490553132,2.197211166356357,4.246588663778778,4.038501653325823,1.0986122886681098,1.0986140387891357,1.6094379124341003,1.6094308000084505,1.0986122886681098,1.098609741726316,0.0,0.0
1.6094379124341003,1.6094288853802816,1.0911773101805915,0.6178837338111184,0.0,0.5556086357094647,0.6931471805599453,0.6931423408882192,0.0,0.6293730608708444,1.9459101490553132,1.961874306367997,4.2475424072940875,4.104495328473085,1.0986122886681098,1.098611781305864,1.6094379124341003,1.6094387654434044,1.0986122886681098,1.0986085586697245,0.0,0.0
1.6094379124341003,1.6094362611424158,1.0986122886681098,1.112198404567918,0.0,0.7464200964872753,0.6931471805599453,0.6931470489149857,0.0,0.0,1.9459101490553132,1.9953170217529403,4.248495242049359,4.2877544064759245,1.0986122886681098,1.0986040057579063,1.6094379124341003,1.6094363806723246,1.0986122886681098,1.0986123143512991,0.0,0.0
