,Actual_last_5_vals,Mean_Simulation,Simulated_21,Simulated_29,Simulated_12,Simulated_19,Simulated_27,Simulated_11,Simulated_9,Simulated_25,Simulated_5,Simulated_4,Simulated_0,Simulated_2,Simulated_10,Simulated_23,Simulated_28,Simulated_6,Simulated_16,Simulated_26,Simulated_8,Simulated_18,Simulated_20,Simulated_15,Simulated_22,Simulated_3,Simulated_7,Simulated_24,Simulated_13,Simulated_17,Simulated_1,Simulated_14
0,57596.857142857145,,,,,,,,,,,,,,,,,,,,,,,,,,,,,,,
1,57733.142857142855,,,,,,,,,,,,,,,,,,,,,,,,,,,,,,,
2,57869.42857142857,,,,,,,,,,,,,,,,,,,,,,,,,,,,,,,
3,58005.71428571428,,,,,,,,,,,,,,,,,,,,,,,,,,,,,,,
4,58142.0,,,,,,,,,,,,,,,,,,,,,,,,,,,,,,,
5,,55085.43,55085.43,55085.43,55085.43,55085.43,55085.43,55085.43,55085.43,55085.43,55085.43,55085.43,55085.43,55085.43,55085.43,55085.43,55085.43,55085.43,55085.43,55085.43,55085.43,55085.43,55085.43,55085.43,55085.43,55085.43,55085.43,55085.43,55085.43,55085.43,55085.43,55085.43
6,,54618.09,54731.71,54925.32,54977.84,55165.51,55176.85,55201.52,53751.29,56462.72,52764.68,56532.22,56545.28,56808.39,57128.4,57276.19,51706.33,57660.65,58266.81,50500.29,50042.77,50031.64,59789.98,60115.34,49002.21,48647.75,60829.19,61025.67,47627.35,61636.3,47441.01,46771.44
7,MAE,,56.81,153.62,179.88,273.71,279.38,291.72,433.4,922.32,926.7,957.07,963.6,1095.15,1255.16,1329.05,1455.88,1521.28,1824.36,2058.9,2287.66,2293.22,2585.95,2748.62,2807.94,2985.17,3105.55,3203.79,3495.37,3509.11,3588.54,3923.32
