RedundantThrowsDeclarationCheck_Actual,RedundantThrowsDeclarationCheck_Simulated,UselessImportCheck_Actual,UselessImportCheck_Simulated,DuplicatedBlocks_Actual,DuplicatedBlocks_Simulated,S00112_Actual,S00112_Simulated,S1132_Actual,S1132_Simulated,S1481_Actual,S1481_Simulated
3.367295829986474,3.2213065757711092,0.0,0.9905216270195651,3.784189633918261,3.1506115414840274,5.181783550292085,3.5229343997453917,3.044522437723423,2.3890504800855394,0.0,1.1165674294446044
3.367295829986474,3.388361722373792,0.0,0.9208497871071737,3.784189633918261,4.5371062160108755,5.181783550292085,3.046634515403296,3.044522437723423,3.6169311102490735,0.0,0.08684536560472522
