,Actual_last_5_vals,Mean_Simulation,Simulated_24,Simulated_7,Simulated_6,Simulated_12,Simulated_19,Simulated_22,Simulated_2,Simulated_4,Simulated_10,Simulated_26,Simulated_0,Simulated_5,Simulated_16,Simulated_28,Simulated_1,Simulated_14,Simulated_8,Simulated_25,Simulated_23,Simulated_29,Simulated_13,Simulated_18,Simulated_3,Simulated_27,Simulated_15,Simulated_11,Simulated_9,Simulated_20,Simulated_17,Simulated_21
0,57596.857142857145,,,,,,,,,,,,,,,,,,,,,,,,,,,,,,,
1,57733.142857142855,,,,,,,,,,,,,,,,,,,,,,,,,,,,,,,
2,57869.42857142857,,,,,,,,,,,,,,,,,,,,,,,,,,,,,,,
3,58005.71428571428,,,,,,,,,,,,,,,,,,,,,,,,,,,,,,,
4,58142.0,,,,,,,,,,,,,,,,,,,,,,,,,,,,,,,
5,,50162.25,50162.25,50162.25,50162.25,50162.25,50162.25,50162.25,50162.25,50162.25,50162.25,50162.25,50162.25,50162.25,50162.25,50162.25,50162.25,50162.25,50162.25,50162.25,50162.25,50162.25,50162.25,50162.25,50162.25,50162.25,50162.25,50162.25,50162.25,50162.25,50162.25,50162.25
6,,49387.82,49120.03,48772.93,50086.2,48424.04,50397.13,48286.56,50902.15,47698.16,47631.35,47474.88,47284.81,46904.99,46559.73,52347.33,52388.85,53472.39,53499.78,44973.74,44296.8,44044.22,55026.01,55266.52,55923.42,42297.82,57995.57,40025.19,39727.05,59316.28,37074.64,64416.11
7,MAE,,133.9,307.44,349.19,481.89,504.65,550.63,757.17,844.83,878.24,956.47,1051.51,1241.42,1414.04,1479.76,1500.51,2042.28,2055.98,2207.04,2545.51,2671.8,2819.1,2939.35,3267.8,3545.0,4303.88,4681.31,4830.38,4964.23,6156.59,7514.14
