S00117_Actual,S00117_Simulated,S1151_Actual,S1151_Simulated
1.791759469228055,1.781611849603637,2.3978952727983707,2.2821398388678324
1.8718021769015913,1.2976623545552612,2.3978952727983707,2.4097268020373632
1.9459101490553132,1.3628255959211282,2.3978952727983707,2.2137381662315545
