S00117_Actual,S00117_Simulated,S1151_Actual,S1151_Simulated
1.791759469228055,1.781611849603637,2.3978952727983707,2.2821398388678324
1.791759469228055,1.2112037706892347,2.3978952727983707,2.4674041088178518
1.791759469228055,1.4530978479832952,2.3978952727983707,2.3844048412397343
1.791759469228055,1.7526594232403163,2.3978952727983707,2.225407015672443
1.8718021769015913,1.0145024045472923,2.3978952727983707,2.1843981560179624
1.9459101490553132,2.142287129570633,2.3978952727983707,2.3837785799854037
