S1213_Actual,S1213_Simulated,S1488_Actual,S1488_Simulated,DuplicatedBlocks_Actual,DuplicatedBlocks_Simulated,S1226_Actual,S1226_Simulated,S00112_Actual,S00112_Simulated,S1155_Actual,S1155_Simulated,S00108_Actual,S00108_Simulated,S1151_Actual,S1151_Simulated,S1132_Actual,S1132_Simulated
0.08934510033585008,0.8654164806904682,0.0,0.051733357324998425,0.0,0.46172097945521134,0.0,0.11196008221551346,0.04567003683318844,0.46128570284664755,0.0,0.046991420998253174,0.0,0.19702941544705932,0.04567003683318844,0.6025512276968152,0.0,0.5169270278182613
0.07210329390134407,1.0145167944798077,0.0,0.0,0.0,1.0791982117509484,0.0,0.0804888537102078,0.036701366850428,0.9002002571109284,0.0,0.0,0.0,0.4021874534189233,0.036701366850428,0.5567847526240921,0.0,0.008701849580037724
0.0545589842504346,1.1535951506110447,0.0,0.0,0.0,0.36328516805839534,0.0,0.38735832158120737,0.027651531330510157,0.37838974342214393,0.0,0.2913406949069643,0.0,0.16008989088022446,0.027651531330510157,0.5086948474862272,0.0,0.0
0.0367013668504281,0.4143172908344612,0.0,0.08096974857315745,0.0,2.4122507220989835,0.0,0.09236991272456273,0.018519047767237597,0.006452295490882054,0.0,0.0,0.0,0.011316276343877607,0.018519047767237597,0.47283257797991474,0.0,0.0
0.018519047767237697,1.8200103923694448,0.0,0.8180521077206665,0.0,0.6302122088482613,0.0,0.0,0.009302392662313554,0.0,0.0,0.0,0.0,0.0,0.009302392662313554,0.044612423854766825,0.0,2.1859703104817263
0.0,0.36093031701659395,0.0,0.0,0.0,0.0,0.0,0.6295530517301616,0.0,0.0,0.0,0.15000696405846378,0.0,0.25909415217028625,0.0,0.7633902066846099,0.0,0.8160541636343026
