S00117_Actual,S00117_Simulated,S1226_Actual,S1226_Simulated,S00112_Actual,S00112_Simulated,S1155_Actual,S1155_Simulated,S1151_Actual,S1151_Simulated,S1132_Actual,S1132_Simulated,S1481_Actual,S1481_Simulated
6.697034247666484,6.654975833791412,3.713572066704308,3.6426497108905003,4.634728988229636,4.580631166596355,2.5649493574615367,2.564944532903371,4.143134726391533,4.144960676980604,3.912023005428146,4.068151211143726,1.9459101490553132,1.7357252047037266
6.697651341175731,6.680433026467568,3.713572066704308,3.623169439340935,4.634728988229636,4.561641529418581,2.5649493574615367,2.5649479364603995,4.143134726391533,4.152054901062296,3.912023005428146,4.253987330767185,1.9459101490553132,1.8592946489125708
6.698268054115413,6.593810109398232,3.713572066704308,3.6511127820925084,4.634728988229636,4.6378437265216315,2.5649493574615367,2.5649468386457457,4.143134726391533,4.135097565825762,3.912023005428146,3.9209816919278535,1.9459101490553132,1.566058413635718
