RedundantThrowsDeclarationCheck_Actual,RedundantThrowsDeclarationCheck_Simulated,S1488_Actual,S1488_Simulated,S1226_Actual,S1226_Simulated,S00112_Actual,S00112_Simulated,S1155_Actual,S1155_Simulated,S00108_Actual,S00108_Simulated,S1132_Actual,S1132_Simulated,S1481_Actual,S1481_Simulated
2.4849066497880004,3.5752879838039395,0.0,0.8754362755897771,2.5649493574615367,3.5879241157460826,4.844187086458591,4.276680021083757,0.0,1.7109182803350094,1.3862943611198906,0.5443390143275862,2.9444389791664403,4.1497156410950025,1.0986122886681098,3.437301328727192
2.4849066497880004,3.0658331593278985,0.0,1.3116253366481092,2.5649493574615367,4.837512818462108,4.847331743138063,5.371587423556214,0.0,1.4877853533399088,1.3862943611198906,1.0165386376127512,2.9444389791664403,4.32526792970025,1.0986122886681098,4.892789836378176
2.4849066497880004,3.970325720853193,0.0,0.0,2.5649493574615367,5.080200684357801,4.850466541943434,3.973413108537362,0.0,1.4267175675570338,1.3862943611198906,0.0,2.9444389791664403,4.765925607636986,1.0986122886681098,4.877170314512236
2.4849066497880004,5.153984169974863,0.0,0.0,2.5649493574615367,2.98215031431726,4.853591544486569,4.500137315153108,0.0,4.404319909879915,1.3862943611198906,0.0,2.9444389791664403,2.879692333547034,1.0986122886681098,4.219487774968231
2.4849066497880004,1.51656263595657,0.0,0.0,2.5649493574615367,2.4968853858104847,4.856706811803519,3.957019680052843,0.0,1.4194718170207032,1.3862943611198906,1.0096277226790937,2.9444389791664403,4.901920167100615,1.0986122886681098,2.8310235744061325
2.4849066497880004,1.9500863476597832,0.0,2.4516146601760394,2.5649493574615367,3.7461010028021913,4.859812404361672,4.481012721962463,0.0,5.841699349745248,1.3862943611198906,0.448779370464573,2.9444389791664403,0.8181985327175743,1.0986122886681098,3.011729375703452
