S00117_Actual,S00117_Simulated,S00108_Actual,S00108_Simulated
2.0794415416798357,2.636680193993027,1.3862943611198906,1.0166596193930002
2.0794415416798357,2.1293739264217444,1.3862943611198906,1.1321273566816679
2.1972245773362196,0.338354015082738,1.3862943611198906,1.02804727981138
2.1972245773362196,3.5269010419754085,1.3862943611198906,0.4596156041654612
2.1972245773362196,4.730082928285558,1.3862943611198906,0.7861435193430382
2.1972245773362196,4.047288407696152,1.3862943611198906,0.0
