S00117_Actual,S00117_Simulated,S1151_Actual,S1151_Simulated
1.791759469228055,1.781611849603637,2.3978952727983707,2.2821398388678324
1.8718021769015913,1.5314193666952707,2.3978952727983707,2.2615295885089925
1.9459101490553132,1.9283157250419585,2.3978952727983707,2.1863431095798522
