S00117_Actual,S00117_Simulated,S1151_Actual,S1151_Simulated
1.791759469228055,1.781611849603637,2.3978952727983707,2.2821398388678324
1.8718021769015913,1.3952561699268182,2.3978952727983707,2.527316471506284
1.9459101490553132,1.9433301678840598,2.3978952727983707,1.8956516310194045
