S1213_Actual,S1213_Simulated,RedundantThrowsDeclarationCheck_Actual,RedundantThrowsDeclarationCheck_Simulated,S1488_Actual,S1488_Simulated,S1905_Actual,S1905_Simulated,DuplicatedBlocks_Actual,DuplicatedBlocks_Simulated,S1226_Actual,S1226_Simulated,S00112_Actual,S00112_Simulated,S1151_Actual,S1151_Simulated
5.003946305945459,4.189295074572902,3.332204510175204,3.411590488688553,0.6931471805599453,1.5414280278559198,0.6931471805599453,0.08546578921313353,5.69035945432406,5.00170704510986,0.0,3.0021800730187986,6.7339969528486705,6.007955147221165,3.6375861597263857,2.133853788746623
5.003946305945459,3.4361686518256813,3.332204510175204,3.415365570155019,0.6931471805599453,1.803713305395058,0.6931471805599453,0.0,5.683579767338681,3.0276464410873594,0.0,3.6248519917052895,6.734591659972948,4.873923382606778,3.6375861597263857,2.2155110270915657
5.0106352940962555,4.383436617256189,3.332204510175204,4.007222298966587,0.6931471805599453,1.7548658139546711,0.6931471805599453,0.0,5.700443573390687,5.621937969572166,0.0,4.468058216505636,6.734591659972948,7.281657203047303,3.6375861597263857,1.9871577561999567
5.030437921392435,3.5802526538409505,3.332204510175204,4.30717894286951,0.6931471805599453,1.7309834461433797,0.6931471805599453,0.0,5.68697535633982,5.2023290859317735,0.0,3.164839769010935,6.739336627357174,5.4938899245130735,3.6375861597263857,1.1786128699828866
5.030437921392435,3.888514534914181,3.332204510175204,4.041743626510492,0.6931471805599453,1.4363443929433466,0.6931471805599453,0.13680310320286868,5.697093486505405,5.271985924363349,0.0,1.5854822809446858,6.75343791859778,5.927540408380356,3.6375861597263857,2.015478611849679
5.087596335232384,4.102526604547069,3.332204510175204,3.7679319606956976,0.6931471805599453,3.2010008478414163,0.6931471805599453,0.0,5.6937321388027,4.877857325978022,0.0,2.863608639327343,6.759255270663693,8.185400663390247,3.713572066704308,2.2656628202066114
