S1213_Actual,S1213_Simulated,RedundantThrowsDeclarationCheck_Actual,RedundantThrowsDeclarationCheck_Simulated,S1488_Actual,S1488_Simulated,S1905_Actual,S1905_Simulated,DuplicatedBlocks_Actual,DuplicatedBlocks_Simulated,S1226_Actual,S1226_Simulated,S00112_Actual,S00112_Simulated,S1151_Actual,S1151_Simulated
5.003946305945459,4.189295074572902,3.332204510175204,3.411590488688553,0.6931471805599453,1.5414280278559198,0.6931471805599453,0.08546578921313353,5.69035945432406,5.00170704510986,0.0,3.0021800730187986,6.7339969528486705,6.007955147221165,3.6375861597263857,2.133853788746623
5.003946305945459,4.422961403621042,3.332204510175204,2.795905577754513,0.6931471805599453,0.3306752202289207,0.6931471805599453,0.19450728236028503,5.683579767338681,5.087272497912608,0.0,6.106461757833919,6.734591659972948,6.329663189613579,3.6375861597263857,2.3926147347225006
5.0106352940962555,4.372249198280799,3.332204510175204,4.244582509085589,0.6931471805599453,1.8706978416006905,0.6931471805599453,0.02069384739013448,5.700443573390687,4.109900242320398,0.0,3.4859497929373617,6.734591659972948,4.891768779811206,3.6375861597263857,0.9427429342812386
5.030437921392435,3.961436219606384,3.332204510175204,4.7250916997245636,0.6931471805599453,2.1113735623007868,0.6931471805599453,0.3819190634600753,5.68697535633982,3.8790127057741097,0.0,2.3748609314946423,6.739336627357174,7.760731340806026,3.6375861597263857,1.1202807666828476
5.030437921392435,3.8423374721554353,3.332204510175204,3.460705705984571,0.6931471805599453,1.307244098980119,0.6931471805599453,0.4084444552810337,5.697093486505405,2.3279295826441135,0.0,0.9067948172119866,6.75343791859778,5.723367262169079,3.6375861597263857,2.462472721174147
5.087596335232384,4.710164394592593,3.332204510175204,3.4063093950342345,0.6931471805599453,1.0406407845866252,0.6931471805599453,0.2984530187961429,5.6937321388027,4.361130736892084,0.0,4.0455902618677015,6.759255270663693,5.117521610026376,3.713572066704308,3.055398586449041
