S00117_Actual,S00117_Simulated,S1226_Actual,S1226_Simulated,S00112_Actual,S00112_Simulated,S1155_Actual,S1155_Simulated,S1151_Actual,S1151_Simulated,S1132_Actual,S1132_Simulated,S1481_Actual,S1481_Simulated
6.695798917058491,6.544627715346055,3.713572066704308,3.5956801464788457,4.634728988229636,4.355698515707799,2.5649493574615367,2.599013406349761,4.143134726391533,4.108846500182435,3.912023005428146,4.124104547864934,1.791759469228055,2.6237983037050836
6.695798917058491,6.756617177088521,3.713572066704308,3.6043491041001,4.634728988229636,4.315921957587098,2.5649493574615367,2.62429703047273,4.143134726391533,4.223378028230528,3.912023005428146,4.29349894455104,1.9459101490553132,3.1676189348032358
6.69641677311769,6.44585824208325,3.713572066704308,3.6318140925686455,4.634728988229636,4.351562392785,2.5649493574615367,2.614018401181085,4.143134726391533,4.007998585269572,3.912023005428146,4.074313540574812,1.9459101490553132,2.3151555421795504
6.697034247666484,6.781556957243156,3.713572066704308,3.6386645591834754,4.634728988229636,4.439681374498825,2.5649493574615367,2.6451075390277063,4.143134726391533,4.161168817108082,3.912023005428146,3.953115365255119,1.9459101490553132,2.4162292792087836
6.697651341175731,6.466724081733983,3.713572066704308,3.586665635445834,4.634728988229636,4.172757676800908,2.5649493574615367,2.6588291277360776,4.143134726391533,4.069818056731397,3.912023005428146,4.0138863304948655,1.9459101490553132,2.5535914499414463
6.698268054115413,6.623388705235574,3.713572066704308,3.5768172619375393,4.634728988229636,4.627805496206698,2.5649493574615367,2.4904117015643883,4.143134726391533,4.1236927058987,3.912023005428146,4.098526091305615,1.9459101490553132,2.0685003993939164
