S00117_Actual,S00117_Simulated,S1226_Actual,S1226_Simulated,S00112_Actual,S00112_Simulated,S1155_Actual,S1155_Simulated,S1151_Actual,S1151_Simulated,S1132_Actual,S1132_Simulated,S1481_Actual,S1481_Simulated
6.697034247666484,6.544627715346055,3.713572066704308,3.5956801464788457,4.634728988229636,4.355698515707799,2.5649493574615367,2.599013406349761,4.143134726391533,4.108846500182435,3.912023005428146,4.124104547864934,1.9459101490553132,2.6237983037050836
6.697651341175731,6.800168171738604,3.713572066704308,3.6455352086390493,4.634728988229636,4.168301702841146,2.5649493574615367,2.480960767974113,4.143134726391533,4.095672411569631,3.912023005428146,3.998162478166663,1.9459101490553132,2.489031008920023
6.698268054115413,6.5667132414027005,3.713572066704308,3.5952429979282874,4.634728988229636,4.0649024123894915,2.5649493574615367,2.6155948604789856,4.143134726391533,4.1032739091546,3.912023005428146,3.977712232081001,1.9459101490553132,3.0474350827358605
