S1213_Actual,S1213_Simulated,RedundantThrowsDeclarationCheck_Actual,RedundantThrowsDeclarationCheck_Simulated,S1488_Actual,S1488_Simulated,S1905_Actual,S1905_Simulated,S1226_Actual,S1226_Simulated,S00112_Actual,S00112_Simulated,S1151_Actual,S1151_Simulated
5.003946305945459,4.189295074572902,3.332204510175204,3.411590488688553,0.6931471805599453,1.5414280278559198,0.6931471805599453,0.08546578921313353,0.0,3.0021800730187986,6.7339969528486705,6.007955147221165,3.6375861597263857,2.133853788746623
5.003946305945459,4.504956940614021,3.332204510175204,3.4656774266497705,0.6931471805599453,2.153413016808554,0.6931471805599453,0.2994910772786217,0.0,0.059744541853377076,6.734591659972948,6.379317283120609,3.6375861597263857,1.4020633448518791
5.0106352940962555,4.427420034450688,3.332204510175204,3.7940269275726823,0.6931471805599453,3.3343451290965427,0.6931471805599453,0.19335253795191296,0.0,2.7592672011960997,6.734591659972948,6.282270492696096,3.6375861597263857,2.8581691836597534
5.030437921392435,4.697059572905573,3.332204510175204,3.4141954446852436,0.6931471805599453,1.9033221529266127,0.6931471805599453,0.0,0.0,3.7370979256415713,6.739336627357174,6.690567028882612,3.6375861597263857,2.757329071916615
5.030437921392435,3.649968370627613,3.332204510175204,4.460838553037038,0.6931471805599453,2.439842511646443,0.6931471805599453,0.44926920629306166,0.0,4.254832354249578,6.75343791859778,6.677880570117741,3.6375861597263857,3.2642312863500793
5.087596335232384,4.223557798428116,3.332204510175204,3.634081629455316,0.6931471805599453,1.3453899861816403,0.6931471805599453,0.0,0.0,0.8659834257221188,6.759255270663693,5.421679988794029,3.713572066704308,2.4628939026872945
