RedundantThrowsDeclarationCheck_Actual,RedundantThrowsDeclarationCheck_Simulated,S00122_Actual,S00122_Simulated,S1905_Actual,S1905_Simulated,UselessImportCheck_Actual,UselessImportCheck_Simulated,DuplicatedBlocks_Actual,DuplicatedBlocks_Simulated,S1226_Actual,S1226_Simulated,S1155_Actual,S1155_Simulated,S1151_Actual,S1151_Simulated,S1132_Actual,S1132_Simulated,S1481_Actual,S1481_Simulated
0.0,0.13061218153693147,0.0,0.19903756679548096,0.0,0.0627247989161265,0.23270468455819335,2.067760709232467,0.0,0.4722537343060408,0.0,0.11086315715662766,0.0,0.05140755755911177,0.021599111803461798,0.6143608525794846,0.0,0.5357143502130369,0.021599111803461798,0.794859720905366
0.0,0.0,0.0,0.26732875517452775,0.0,0.11626395755708901,0.19029550263309924,2.5063622455940915,0.0,0.0,0.0,0.24645451839098326,0.0,0.0,0.017316450011460875,0.29873369232105135,0.0,0.40913233743910854,0.017316450011460875,1.1167594662617804
0.0,0.0,0.0,0.0,0.0,0.11794045496217667,0.1460078224319825,0.6326217637982938,0.0,0.25048565350989394,0.0,0.0,0.0,0.0,0.0130153681120703,0.7954192611622788,0.0,2.670727684626443,0.0130153681120703,0.21380539342145355
0.0,0.14449624729411598,0.0,0.11036650197558376,0.0,0.0,0.09966748517328153,1.3259066258283894,0.0,3.614942331789417,0.0,0.0,0.0,0.0,0.008695706967553821,0.6709609983345546,0.0,1.9754608407113246,0.008695706967553821,0.0
0.0,0.0,0.0,0.0,0.0,0.8227798983124651,0.05107492993641579,1.3771166394533034,0.0,1.41627096759174,0.0,1.1992218711182228,0.0,0.0,0.00435730536895569,0.9892707328339254,0.0,0.19282260222751207,0.00435730536895569,1.712651353361934
0.0,0.3891562460244742,0.0,0.0,0.0,0.09262880911296287,0.0,2.518632096788948,0.0,1.0493180960092399,0.0,0.0006596313396925318,0.0,0.0,0.0,0.28233866784401923,0.0,0.0,0.0,0.3677361265703891
