RedundantThrowsDeclarationCheck_Actual,RedundantThrowsDeclarationCheck_Simulated,S00122_Actual,S00122_Simulated,S1905_Actual,S1905_Simulated,UselessImportCheck_Actual,UselessImportCheck_Simulated,DuplicatedBlocks_Actual,DuplicatedBlocks_Simulated,S1226_Actual,S1226_Simulated,S1155_Actual,S1155_Simulated,S1151_Actual,S1151_Simulated,S1132_Actual,S1132_Simulated,S1481_Actual,S1481_Simulated
0.0,0.13061218153693147,0.0,0.19903756679548096,0.0,0.0627247989161265,0.23270468455819335,2.067760709232467,0.0,0.4722537343060408,0.0,0.11086315715662766,0.0,0.05140755755911177,0.021599111803461798,0.6143608525794846,0.0,0.5357143502130369,0.021599111803461798,0.794859720905366
0.0,0.5050087653273063,0.0,0.2822706575461407,0.0,0.0,0.19029550263309924,2.0343179373929536,0.0,0.6241730782580879,0.0,0.14343380273580245,0.0,0.22577518373565783,0.017316450011460875,1.0595163365480702,0.0,1.8291067210418532,0.017316450011460875,0.0
0.0,0.0,0.0,0.3383655428332286,0.0,0.3818460455865017,0.1460078224319825,1.314240950585435,0.0,0.0,0.0,0.0,0.0,0.012144295062499401,0.0130153681120703,0.266427168850333,0.0,0.0,0.0130153681120703,0.0
0.0,0.0,0.0,0.13967904938135176,0.0,0.09438194980039336,0.09966748517328153,2.488035887473363,0.0,1.0704702218876987,0.0,0.0,0.0,0.0,0.008695706967553821,0.2330271961608244,0.0,0.38649867703085816,0.008695706967553821,0.0
0.0,0.4339902373382738,0.0,0.3479524696831253,0.0,0.0,0.05107492993641579,2.6068297073187434,0.0,0.12311807806506103,0.0,0.33452690226152265,0.0,0.0,0.00435730536895569,0.0,0.0,0.6828190614535492,0.00435730536895569,1.3539334946186712
0.0,0.0,0.0,0.0,0.0,0.0,0.0,3.251601113709322,0.0,0.20972875928239015,0.0,0.0,0.0,0.0,0.0,0.6281560138051758,0.0,0.0,0.0,2.1546271557579675
