S1213_Actual,S1213_Simulated,RedundantThrowsDeclarationCheck_Actual,RedundantThrowsDeclarationCheck_Simulated,S1488_Actual,S1488_Simulated,S1905_Actual,S1905_Simulated,DuplicatedBlocks_Actual,DuplicatedBlocks_Simulated,S1226_Actual,S1226_Simulated,S00112_Actual,S00112_Simulated,S1151_Actual,S1151_Simulated,S1481_Actual,S1481_Simulated
5.438079308923196,5.315746943612542,3.1354942159291497,3.5351683455796343,2.1972245773362196,2.3448650609869333,0.6931471805599453,2.6336389706392938,5.043425116919247,4.510972925856334,3.713572066704308,3.8233103768142858,3.091042453358316,2.431549945789797,3.258096538021482,2.7244619324435924,1.9459101490553132,3.001156803470868
5.438079308923196,4.945271248575389,3.1354942159291497,3.5747761362035475,2.1972245773362196,2.4066597319953043,0.6931471805599453,3.1446154279471052,5.043425116919247,5.257616208546623,3.713572066704308,4.564390631597371,3.091042453358316,4.250435579895676,3.258096538021482,2.94518588650771,1.9459101490553132,2.956967472040142
5.438079308923196,6.16473738214398,3.1354942159291497,3.648209404363782,2.1972245773362196,2.5485177309744635,0.6931471805599453,0.16047351482640915,5.043425116919247,4.744894671091895,3.713572066704308,3.9552129108888163,3.091042453358316,2.50056488108368,3.258096538021482,4.763536407658366,1.9459101490553132,3.4331368351093547
