S00117_Actual,S00117_Simulated,S1151_Actual,S1151_Simulated
1.791759469228055,1.3003772873935853,2.3978952727983707,3.1027931111671934
1.791759469228055,1.0644329840435582,2.3978952727983707,3.0642146990576262
1.791759469228055,0.7641048033571028,2.3978952727983707,2.6552955736045356
1.791759469228055,0.7171087465518242,2.3978952727983707,2.673974005459568
1.8718021769015913,1.8347800607072988,2.3978952727983707,2.687781283259275
1.9459101490553132,1.7430222504658575,2.3978952727983707,2.7036348680743068
