RedundantThrowsDeclarationCheck_Actual,RedundantThrowsDeclarationCheck_Simulated,S00122_Actual,S00122_Simulated,S1905_Actual,S1905_Simulated,UselessImportCheck_Actual,UselessImportCheck_Simulated,DuplicatedBlocks_Actual,DuplicatedBlocks_Simulated,S1226_Actual,S1226_Simulated,S1151_Actual,S1151_Simulated,S1132_Actual,S1132_Simulated,S1481_Actual,S1481_Simulated
0.0,0.13061218153693147,0.0,0.19903756679548096,0.0,0.0627247989161265,0.23270468455819335,2.067760709232467,0.0,0.4722537343060408,0.0,0.11086315715662766,0.021599111803461798,0.6143608525794846,0.0,0.5357143502130369,0.021599111803461798,0.794859720905366
0.0,0.6187567580089621,0.0,0.0,0.0,0.5473520452464246,0.19029550263309924,1.5470378290671436,0.0,1.297707764138849,0.0,0.09127945213269145,0.017316450011460875,0.0,0.0,0.5511217456551661,0.017316450011460875,0.9680781439428328
0.0,0.10208267514664518,0.0,0.3689637940670616,0.0,0.0,0.1460078224319825,2.392093637308626,0.0,0.0,0.0,0.5195751408086133,0.0130153681120703,0.5913334648083699,0.0,0.0,0.0130153681120703,0.40096345497387487
0.0,0.31531174722420896,0.0,0.16001603147990867,0.0,0.03969733732666647,0.09966748517328153,1.400636600791806,0.0,0.8416437297004353,0.0,0.24212261578288136,0.008695706967553821,0.8288408960561089,0.0,0.0,0.008695706967553821,0.9229917802341496
0.0,0.0,0.0,0.0,0.0,0.38961196998881575,0.05107492993641579,1.990203560789751,0.0,0.17896344157630267,0.0,0.3188240752487316,0.00435730536895569,0.0,0.0,0.31575269413667545,0.00435730536895569,0.14321435826006246
0.0,0.32398709980417983,0.0,0.0,0.0,0.0,0.0,2.074080606926368,0.0,0.0,0.0,0.0,0.0,1.029336045440616,0.0,0.4239620958784032,0.0,0.0
