RedundantThrowsDeclarationCheck_Actual,RedundantThrowsDeclarationCheck_Simulated,S00117_Actual,S00117_Simulated,S1488_Actual,S1488_Simulated,S1226_Actual,S1226_Simulated,S00112_Actual,S00112_Simulated,S1155_Actual,S1155_Simulated,S00108_Actual,S00108_Simulated,S1132_Actual,S1132_Simulated,S1481_Actual,S1481_Simulated
2.4849066497880004,3.5752879838039395,3.708682081410116,3.697392449979346,0.0,0.8754362755897771,2.5649493574615367,3.5879241157460826,4.853591544486569,4.276680021083757,0.0,1.7109182803350094,1.3862943611198906,0.5443390143275862,2.9444389791664403,4.1497156410950025,1.0986122886681098,3.437301328727192
2.4849066497880004,4.046408052365765,3.6988297849671046,4.718828638581046,0.0,0.023643838660356797,2.5649493574615367,5.2242027954888055,4.856706811803519,4.58724596558706,0.0,2.0188701821471495,1.3862943611198906,0.5995603060273764,2.9444389791664403,2.319571136173608,1.0986122886681098,2.656071266502958
2.4849066497880004,3.7076101628721605,3.6888794541139363,3.051427457729065,0.0,1.5849979231122657,2.5649493574615367,2.7175633225997173,4.859812404361672,4.190047071407914,0.0,2.0748793476923675,1.3862943611198906,0.9982011753558723,2.9444389791664403,5.371050662720464,1.0986122886681098,0.8667125251634329
