RedundantThrowsDeclarationCheck_Actual,RedundantThrowsDeclarationCheck_Simulated,S00117_Actual,S00117_Simulated,S1488_Actual,S1488_Simulated,S1226_Actual,S1226_Simulated,S00112_Actual,S00112_Simulated,S1155_Actual,S1155_Simulated,S00108_Actual,S00108_Simulated,S1132_Actual,S1132_Simulated,S1481_Actual,S1481_Simulated
2.4849066497880004,3.09869076197318,3.7376696182833684,3.862241102623614,0.0,0.5553946319325878,2.5649493574615367,3.1280534608775152,4.844187086458591,4.574321195118864,0.0,1.1585418191760293,1.3862943611198906,0.42504688606181995,2.9444389791664403,3.5705404073532963,1.0986122886681098,2.7187529269694917
2.4849066497880004,5.515979809131679,3.728100167267218,3.946411092159824,0.0,2.368276426803768,2.5649493574615367,2.322518669732985,4.847331743138063,4.369849624922384,0.0,0.44324037091093593,1.3862943611198906,0.0,2.9444389791664403,3.079054507776922,1.0986122886681098,6.337848734366171
2.4849066497880004,2.534912917337689,3.7184382563554808,4.25451276996127,0.0,0.4988351766573956,2.5649493574615367,2.8063896259902643,4.850466541943434,4.10328815570957,0.0,1.2926922955624733,1.3862943611198906,0.9330227253420165,2.9444389791664403,2.6885432152679645,1.0986122886681098,5.049973931026753
2.4849066497880004,2.4517178544569003,3.708682081410116,4.674927383282804,0.0,0.18791142748995604,2.5649493574615367,2.8059102165938627,4.853591544486569,4.4434180873306435,0.0,3.864557375603045,1.3862943611198906,0.577616836237301,2.9444389791664403,4.758203763506888,1.0986122886681098,5.448051010023946
2.4849066497880004,4.377369376930326,3.6988297849671046,3.919169560377584,0.0,1.0359834676089332,2.5649493574615367,3.5704322135961575,4.856706811803519,3.9792190115030106,0.0,1.576317209797643,1.3862943611198906,0.24173128029963448,2.9444389791664403,3.4925603710827695,1.0986122886681098,4.085908754254338
2.4849066497880004,2.4689187460112354,3.6888794541139363,3.739325101003269,0.0,0.0,2.5649493574615367,1.338321863920548,4.859812404361672,4.826390079600293,0.0,1.219839485271069,1.3862943611198906,2.169813128661504,2.9444389791664403,2.1679616510606134,1.0986122886681098,0.8427939251613883
