RedundantThrowsDeclarationCheck_Actual,RedundantThrowsDeclarationCheck_Simulated,S00117_Actual,S00117_Simulated,S1488_Actual,S1488_Simulated,S1226_Actual,S1226_Simulated,S00112_Actual,S00112_Simulated,S00108_Actual,S00108_Simulated,S1132_Actual,S1132_Simulated,S1481_Actual,S1481_Simulated
2.4849066497880004,3.5752879838039395,3.708682081410116,3.697392449979346,0.0,0.8754362755897771,2.5649493574615367,3.5879241157460826,4.853591544486569,4.276680021083757,1.3862943611198906,0.5443390143275862,2.9444389791664403,4.1497156410950025,1.0986122886681098,3.437301328727192
2.4849066497880004,4.79143505574676,3.6988297849671046,3.821573754935589,0.0,1.0111384367266123,2.5649493574615367,3.736886460351087,4.856706811803519,4.62432679136916,1.3862943611198906,0.7840897659156406,2.9444389791664403,3.372270157917206,1.0986122886681098,6.066062275206494
2.4849066497880004,4.921609717698319,3.6888794541139363,3.3630934053110564,0.0,0.34942749045303945,2.5649493574615367,4.8498741986805385,4.859812404361672,2.9410008255693025,1.3862943611198906,0.0,2.9444389791664403,5.788331973496171,1.0986122886681098,4.133652873590397
