RedundantThrowsDeclarationCheck_Actual,RedundantThrowsDeclarationCheck_Simulated,S00117_Actual,S00117_Simulated,S1488_Actual,S1488_Simulated,S1226_Actual,S1226_Simulated,S00112_Actual,S00112_Simulated,S00108_Actual,S00108_Simulated,S1132_Actual,S1132_Simulated,S1481_Actual,S1481_Simulated
2.4849066497880004,3.5752879838039395,3.708682081410116,3.697392449979346,0.0,0.8754362755897771,2.5649493574615367,3.5879241157460826,4.853591544486569,4.276680021083757,1.3862943611198906,0.5443390143275862,2.9444389791664403,4.1497156410950025,1.0986122886681098,3.437301328727192
2.4849066497880004,1.6811335327719599,3.6988297849671046,2.0533351972922533,0.0,0.7832190534416049,2.5649493574615367,3.7995955382209434,4.856706811803519,3.5039588209891583,1.3862943611198906,1.6124942894031649,2.9444389791664403,2.1247265467509613,1.0986122886681098,1.7746759066878381
2.4849066497880004,2.8809202070935096,3.6888794541139363,3.7385842234198843,0.0,0.0,2.5649493574615367,2.6892659212592607,4.859812404361672,4.564683207994112,1.3862943611198906,0.9076832255373007,2.9444389791664403,3.6024752343506696,1.0986122886681098,2.1514098090460214
