S1213_Actual,S1213_Simulated,RedundantThrowsDeclarationCheck_Actual,RedundantThrowsDeclarationCheck_Simulated,S00117_Actual,S00117_Simulated,S00122_Actual,S00122_Simulated,DuplicatedBlocks_Actual,DuplicatedBlocks_Simulated,S1226_Actual,S1226_Simulated,S1155_Actual,S1155_Simulated,S00108_Actual,S00108_Simulated,S1132_Actual,S1132_Simulated
4.442651256490317,3.9736462603351703,1.0986122886681098,0.7506859406485378,1.791759469228055,1.3000568012839122,2.5649493574615367,2.9404301144203595,3.295836866004329,2.3621206429605626,3.7612001156935624,2.945350239029016,0.0,0.00845563664876762,1.6094379124341003,0.8320702696305738,1.6094379124341003,1.0863350080236112
4.454347296253507,3.986321908352221,1.0986122886681098,0.0,1.791759469228055,2.450492600328449,2.5649493574615367,3.6218972287327724,3.295836866004329,0.0,3.7612001156935624,3.136259670646878,0.0,0.11526095898365915,1.6094379124341003,1.7635123479274948,1.6094379124341003,0.36877771763395306
4.465908118654584,3.7400483005405274,1.0986122886681098,1.6515207041069822,1.791759469228055,2.4455401467351914,2.5649493574615367,0.0,3.295836866004329,1.4597814519182262,3.7612001156935624,3.1384994866703293,0.0,0.0,1.6094379124341003,0.8816446382537921,1.6094379124341003,1.4850809240141225
4.473541743509655,4.6356379447873,1.0986122886681098,1.2926840748383652,1.8458266904983307,0.8587699811818901,2.5649493574615367,0.0,3.295836866004329,3.6939151372351984,3.7689221617874726,1.9247343205907472,0.0,0.1145198548704423,1.6094379124341003,1.6581266375642356,1.6094379124341003,1.0370999284411282
4.481117537318112,3.975909153330185,1.0986122886681098,0.9002953506161833,1.8971199848858813,0.2691293345552497,2.5649493574615367,0.0,3.295836866004329,2.8819807801069994,3.7765850345330416,3.2839911734624434,0.0,0.0,1.6094379124341003,0.5448334943744321,1.6094379124341003,0.9231904398295514
4.48863636973214,2.1656616074273654,1.0986122886681098,1.2449692873739866,1.9459101490553132,2.066395299906503,2.5649493574615367,5.4559297746703175,3.295836866004329,3.0642586583319935,3.784189633918261,2.3760611044390147,0.0,0.0,1.6094379124341003,1.2098569947023332,1.6094379124341003,0.9150197140332761
