S1213_Actual,S1213_Simulated,RedundantThrowsDeclarationCheck_Actual,RedundantThrowsDeclarationCheck_Simulated,S00117_Actual,S00117_Simulated,S00122_Actual,S00122_Simulated,DuplicatedBlocks_Actual,DuplicatedBlocks_Simulated,S1226_Actual,S1226_Simulated,S1155_Actual,S1155_Simulated,S00108_Actual,S00108_Simulated,S1132_Actual,S1132_Simulated
4.442651256490317,3.9736462603351703,1.0986122886681098,0.7506859406485378,1.791759469228055,1.3000568012839122,2.5649493574615367,2.9404301144203595,3.295836866004329,2.3621206429605626,3.7612001156935624,2.945350239029016,0.0,0.00845563664876762,1.6094379124341003,0.8320702696305738,1.6094379124341003,1.0863350080236112
4.454347296253507,4.5219861749671715,1.0986122886681098,1.2006183597229134,1.791759469228055,2.373782353949804,2.5649493574615367,0.0,3.295836866004329,1.966983044869719,3.7612001156935624,2.238438533529055,0.0,0.02914466572453165,1.6094379124341003,1.290476439061287,1.6094379124341003,0.7075391194365244
4.465908118654584,3.636514545270253,1.0986122886681098,1.3015014563438454,1.791759469228055,2.155532489855241,2.5649493574615367,6.604903022998861,3.295836866004329,2.8250734127546764,3.7612001156935624,4.149969954180151,0.0,0.022887709047294563,1.6094379124341003,0.5224076521544054,1.6094379124341003,0.9725897364026418
4.473541743509655,4.13022851689973,1.0986122886681098,0.46756674102194345,1.8458266904983307,1.47023319922448,2.5649493574615367,2.31630174343944,3.295836866004329,2.0959989935776586,3.7689221617874726,3.8167514066381374,0.0,0.20962845438481628,1.6094379124341003,0.0,1.6094379124341003,1.0973411698306421
4.481117537318112,4.130403059628799,1.0986122886681098,0.5575854126786804,1.8971199848858813,0.778837465574696,2.5649493574615367,1.6587023252092288,3.295836866004329,2.841939302566653,3.7765850345330416,2.662151936203363,0.0,0.07791060637630029,1.6094379124341003,1.1959988829950756,1.6094379124341003,2.5406087160617563
4.48863636973214,3.6240551231060767,1.0986122886681098,0.02129091344377243,1.9459101490553132,1.9280192954402635,2.5649493574615367,3.271007333542471,3.295836866004329,2.1847896052829605,3.784189633918261,3.731548195569584,0.0,0.0,1.6094379124341003,0.0,1.6094379124341003,1.080941822414747
