S1213_Actual,S1213_Simulated,RedundantThrowsDeclarationCheck_Actual,RedundantThrowsDeclarationCheck_Simulated,S1488_Actual,S1488_Simulated,S1905_Actual,S1905_Simulated,DuplicatedBlocks_Actual,DuplicatedBlocks_Simulated,S1226_Actual,S1226_Simulated,S00112_Actual,S00112_Simulated,S1151_Actual,S1151_Simulated
5.003946305945459,4.544840046131564,3.332204510175204,3.6589403319833846,0.6931471805599453,1.69023413040792,0.6931471805599453,0.09356951724488577,5.69035945432406,5.678047592396958,0.0,2.5186291081753365,6.7339969528486705,6.65624499473925,3.6375861597263857,2.567614368012328
5.003946305945459,4.086979748086294,3.332204510175204,3.939621255645945,0.6931471805599453,1.380405163598521,0.6931471805599453,0.15092343163735394,5.683579767338681,5.61864014968174,0.0,5.672123184799123,6.734591659972948,6.310707300622941,3.6375861597263857,2.345618784597934
5.0106352940962555,4.32300085826404,3.332204510175204,4.136842008955899,0.6931471805599453,2.069989275009791,0.6931471805599453,0.0,5.700443573390687,5.409676906404374,0.0,0.9322259382892353,6.734591659972948,6.706446767383718,3.6375861597263857,2.666568410289459
5.030437921392435,4.853982945144364,3.332204510175204,3.4279025281061566,0.6931471805599453,2.1317086651061126,0.6931471805599453,0.3216502202759185,5.68697535633982,5.8297780114043585,0.0,1.582166666776299,6.739336627357174,6.526466164500319,3.6375861597263857,1.979717088993584
5.030437921392435,4.285047497382128,3.332204510175204,4.27760099752055,0.6931471805599453,1.8497252599588931,0.6931471805599453,0.0,5.697093486505405,5.877575364521826,0.0,0.0,6.75343791859778,6.626767412451023,3.6375861597263857,2.278420920769761
5.087596335232384,4.673576321461316,3.332204510175204,3.4990503895766234,0.6931471805599453,1.8184541903955151,0.6931471805599453,0.4067278552854043,5.6937321388027,5.737428473669804,0.0,0.0,6.759255270663693,6.5117457666201926,3.713572066704308,2.699792646723747
