RedundantThrowsDeclarationCheck_Actual,RedundantThrowsDeclarationCheck_Simulated,S00117_Actual,S00117_Simulated,UselessImportCheck_Actual,UselessImportCheck_Simulated,S00112_Actual,S00112_Simulated,S1132_Actual,S1132_Simulated,S1481_Actual,S1481_Simulated
3.367295829986474,3.2213065757711092,3.1354942159291497,2.5303576481378562,0.0,0.9905216270195651,5.181783550292085,3.5229343997453917,3.044522437723423,2.3890504800855394,0.0,1.1165674294446044
3.367295829986474,3.0503744956619387,3.1354942159291497,3.0796635312656893,0.0,1.0808756294983137,5.181783550292085,4.274373599457661,3.044522437723423,2.425628995321383,0.0,0.8247327092288081
3.367295829986474,3.0937539756291477,3.1354942159291497,3.5290154116999726,0.0,0.0,5.181783550292085,2.697447867161112,3.044522437723423,2.3215445963994585,0.0,0.0
3.367295829986474,3.143779009204519,3.1354942159291497,2.690709053021553,0.0,0.5521844882596469,5.181783550292085,2.5888803348052445,3.044522437723423,2.3222799945852963,0.0,0.47205814510485233
3.367295829986474,3.419161709240001,3.1354942159291497,2.9580062906108116,0.0,1.763495794683863,5.181783550292085,2.9272312315134554,3.044522437723423,2.164295684160605,0.0,1.5480797252292806
3.367295829986474,3.0174211132859945,3.1354942159291497,1.7069540157105445,0.0,0.9235021636809462,5.181783550292085,3.1783962292458625,3.044522437723423,2.68356098259942,0.0,0.0
