RedundantThrowsDeclarationCheck_Actual,RedundantThrowsDeclarationCheck_Simulated,S00117_Actual,S00117_Simulated,S1488_Actual,S1488_Simulated,DuplicatedBlocks_Actual,DuplicatedBlocks_Simulated,S00112_Actual,S00112_Simulated
3.332204510175204,3.6619585318568726,2.6390573296152584,2.245027567455372,0.6931471805599453,1.6966205738580606,5.697093486505405,5.6825339219172015,6.7580945044277305,6.661096925366259
