RedundantThrowsDeclarationCheck_Actual,RedundantThrowsDeclarationCheck_Simulated,S00117_Actual,S00117_Simulated,S1488_Actual,S1488_Simulated,DuplicatedBlocks_Actual,DuplicatedBlocks_Simulated,S00112_Actual,S00112_Simulated
3.258096538021482,3.6619585318568726,2.772588722239781,2.245027567455372,1.3862943611198906,1.6966205738580606,6.016157159698354,5.6825339219172015,7.00397413672268,6.661096925366259
3.332204510175204,3.6427036879870625,2.6390573296152584,2.322270872187648,0.6931471805599453,2.105199273548194,5.713732805509369,5.532816512124053,6.760414691083428,6.596374341834138
3.332204510175204,3.8565080735914834,2.6390573296152584,2.370236802272246,0.6931471805599453,1.6882511957660908,5.71042701737487,5.752515450333194,6.7357800142423265,6.578189385229795
3.332204510175204,3.689112474028357,2.6390573296152584,2.184198319481889,0.6931471805599453,1.484861694820659,5.683579767338681,5.7974057268808785,6.734591659972948,6.517341381291481
3.332204510175204,3.1114503236916455,2.6390573296152584,2.011508832385763,0.6931471805599453,1.3100326780264497,5.69035945432406,5.829823979474544,6.738152494595957,6.557698890639514
3.332204510175204,3.296423494133497,2.6390573296152584,1.9905828177129714,0.6931471805599453,2.0042544666992703,5.697093486505405,5.680733526476892,6.7580945044277305,6.747268290152952
