S1213_Actual,S1213_Simulated,S1488_Actual,S1488_Simulated,S1226_Actual,S1226_Simulated,S00112_Actual,S00112_Simulated,S1155_Actual,S1155_Simulated,S1151_Actual,S1151_Simulated,S1132_Actual,S1132_Simulated,S1481_Actual,S1481_Simulated
6.232229699772011,5.458177381211143,2.302585092994046,2.5639136752782763,3.713572066704308,3.612707620117435,4.634728988229636,4.513232538445416,2.5649493574615367,2.5649445329033713,4.143134726391533,4.136614547411909,3.912023005428146,4.146989142702191,1.9459101490553132,2.1034097347123786
6.2324480165505225,5.881856199310296,2.302585092994046,2.681087772106555,3.713572066704308,3.6229027652839845,4.634728988229636,4.542272471963942,2.5649493574615367,2.5649454574515484,4.143134726391533,4.14075261056511,3.912023005428146,4.250973549621081,1.9459101490553132,1.1965961784452648
