S00117_Actual,S00117_Simulated,S1226_Actual,S1226_Simulated,S00112_Actual,S00112_Simulated,S1151_Actual,S1151_Simulated,S1132_Actual,S1132_Simulated,S1481_Actual,S1481_Simulated
0.6931471805599453,0.7474193044501546,4.110873864173311,3.914262237314307,2.5546399878026755,2.363278455116825,2.0794415416798357,2.132264774171836,4.189654742026425,4.136555343838462,0.0,0.4362929003271627
0.6931471805599453,0.0,4.110873864173311,2.7191923435027388,2.559807957961118,2.714660315607292,2.0794415416798357,2.665915446666282,4.189654742026425,3.5414497689374156,0.0,0.05154139067832275
0.6931471805599453,0.6754036639199656,4.110873864173311,4.816958765806353,2.5649493574615367,2.3215645418025113,2.0794415416798357,1.989413565384346,4.189654742026425,3.6913585363435963,0.0,0.475583318645737
