S1488_Actual,S1488_Simulated,UselessImportCheck_Actual,UselessImportCheck_Simulated,DuplicatedBlocks_Actual,DuplicatedBlocks_Simulated,S00112_Actual,S00112_Simulated,S1155_Actual,S1155_Simulated,S1132_Actual,S1132_Simulated,S1481_Actual,S1481_Simulated
1.0986122886681098,1.0077415013145123,0.6931471805599453,0.9610498910441571,1.8281271133989299,2.3875430850499346,3.332204510175204,1.6889869029199953,0.0,0.0,0.0,0.18393647179709674,0.20067069546215122,1.0812651235231558
1.0986122886681098,1.1176515231123585,0.6931471805599453,0.6972650739910751,1.8101086078962514,2.2696182329963435,3.332204510175204,1.7208842404480122,0.0,0.0,0.0,0.06009143197986104,0.1053605156578263,0.354883903966944
1.0986122886681098,0.9956927533373097,0.6931471805599453,0.9558916592599849,1.791759469228055,1.4650817658573374,3.332204510175204,1.4684414588634414,0.0,0.0,0.0,0.0,0.0,0.4588749972695676
