RedundantThrowsDeclarationCheck_Actual,RedundantThrowsDeclarationCheck_Simulated,S00117_Actual,S00117_Simulated,DuplicatedBlocks_Actual,DuplicatedBlocks_Simulated,S00112_Actual,S00112_Simulated
3.258096538021482,3.3944648510557793,2.772588722239781,1.8846891797460226,6.016157159698354,4.9970275798126575,7.00397413672268,5.996123387695626
3.332204510175204,2.757331960189007,2.6390573296152584,1.3385064806078848,5.713732805509369,6.175295894832074,6.760414691083428,6.470454151088164
3.332204510175204,4.388770984798447,2.6390573296152584,2.4232469589749295,5.71042701737487,4.091382836816294,6.7357800142423265,5.562052465493131
3.332204510175204,4.325726414827567,2.6390573296152584,1.2136241230878437,5.683579767338681,6.284677670846053,6.734591659972948,3.087480244055824
3.332204510175204,2.7770562073433496,2.6390573296152584,1.575588133836932,5.69035945432406,5.878579523362602,6.738152494595957,5.130364505053903
3.332204510175204,3.233454402380421,2.6390573296152584,1.3588818520084607,5.697093486505405,3.9118915650683537,6.7580945044277305,4.774334353439845
