S1213_Actual,S1213_Simulated,S1488_Actual,S1488_Simulated,S1905_Actual,S1905_Simulated,DuplicatedBlocks_Actual,DuplicatedBlocks_Simulated,S1226_Actual,S1226_Simulated,S00112_Actual,S00112_Simulated,S1151_Actual,S1151_Simulated,S1132_Actual,S1132_Simulated,S1481_Actual,S1481_Simulated
5.438079308923196,5.315746943612542,2.1972245773362196,2.3448650609869333,0.6931471805599453,2.6336389706392938,5.043425116919247,4.510972925856334,3.713572066704308,3.8233103768142858,3.091042453358316,2.431549945789797,3.258096538021482,2.7244619324435924,3.5553480614894135,3.4205118984428196,1.9459101490553132,3.001156803470868
5.438079308923196,5.50431669511569,2.1972245773362196,2.353171741591874,0.6931471805599453,2.1919696102395494,5.043425116919247,4.057505800675252,3.713572066704308,3.7784323179607164,3.091042453358316,1.4657003779743087,3.258096538021482,3.73762404428809,3.5553480614894135,3.70888660058104,1.9459101490553132,2.456259542348562
5.438079308923196,5.217598296009359,2.1972245773362196,2.3619821713258675,0.6931471805599453,2.6901189598505195,5.043425116919247,5.088014171382928,3.713572066704308,4.884322257381734,3.091042453358316,3.037547164659882,3.258096538021482,3.296337383727754,3.5553480614894135,3.411367226015789,1.9459101490553132,1.477457952920985
