,Actual_last_5_vals,Simulated_0,Simulated_1,Simulated_2,Simulated_3,Simulated_4,Simulated_5,Simulated_6,Simulated_7,Simulated_8,Simulated_9,Simulated_10,Simulated_11,Simulated_12,Simulated_13,Simulated_14,Simulated_15,Simulated_16,Simulated_17,Simulated_18,Simulated_19,Simulated_20,Simulated_21,Simulated_22,Simulated_23,Simulated_24,Simulated_25,Simulated_26,Simulated_27,Simulated_28,Simulated_29
356,41110.0,,,,,,,,,,,,,,,,,,,,,,,,,,,,,,
357,41414.5,,,,,,,,,,,,,,,,,,,,,,,,,,,,,,
358,41719.0,,,,,,,,,,,,,,,,,,,,,,,,,,,,,,
359,42023.5,,,,,,,,,,,,,,,,,,,,,,,,,,,,,,
360,42328.0,,,,,,,,,,,,,,,,,,,,,,,,,,,,,,
361,,35069.070611228075,35069.070611228075,35069.070611228075,35069.070611228075,35069.070611228075,35069.070611228075,35069.070611228075,35069.070611228075,35069.070611228075,35069.070611228075,35069.070611228075,35069.070611228075,35069.070611228075,35069.070611228075,35069.070611228075,35069.070611228075,35069.070611228075,35069.070611228075,35069.070611228075,35069.070611228075,35069.070611228075,35069.070611228075,35069.070611228075,35069.070611228075,35069.070611228075,35069.070611228075,35069.070611228075,35069.070611228075,35069.070611228075,35069.070611228075
362,,29244.336962613925,40362.88626125258,33961.23246763164,29097.351482706636,36839.194543645994,39046.54139964374,34502.2169635914,34555.683241881154,39237.635462779355,30159.76195302273,32471.866141229177,31980.19949726223,33445.93955083895,24545.141036511475,28667.886298041005,26801.516855005193,43932.25806663968,23442.36555519443,31356.527470710353,38848.57179441124,33900.142716414965,23019.790410520778,37209.71341647887,30848.47848419611,36250.39914467256,35978.01942903705,30019.298341940834,40350.49401558047,33100.98832242987,33785.982508659166
