S1213_Actual,S1213_Simulated,S00117_Actual,S00117_Simulated,S00122_Actual,S00122_Simulated,S1905_Actual,S1905_Simulated,UselessImportCheck_Actual,UselessImportCheck_Simulated,DuplicatedBlocks_Actual,DuplicatedBlocks_Simulated,S1155_Actual,S1155_Simulated
5.765191102784844,5.905965091877481,5.811140992976701,5.623524564790877,6.298949246855942,6.198847681621536,1.791759469228055,2.218394196647229,2.772588722239781,3.5535918260069694,5.66988092298052,5.778379256897303,4.23410650459726,3.9342304055250064
5.75890177387728,6.057181958799949,5.808142489980444,5.932992310768264,6.278521424165844,5.831924698479148,1.791759469228055,1.159662162443031,2.302585092994046,3.1592119536139673,5.6131281063880705,5.370139750076265,4.23410650459726,3.820928319010174
5.7745515455444085,5.533228979894376,5.808142489980444,4.979765710943236,6.278521424165844,6.377742471230371,1.791759469228055,2.3830297880022995,2.4849066497880004,5.176947672707027,5.616771097666572,5.765202758519488,4.23410650459726,3.803647242236044
5.765191102784844,6.1026160194086465,5.808142489980444,5.591086138163678,6.2878585601617845,5.483577218354001,1.791759469228055,1.7428999153580615,2.302585092994046,3.4747030228088467,5.616771097666572,4.854501875656827,4.23410650459726,3.373648267732105
5.777652323222656,5.451741521212129,5.755742213586912,5.3061407418365745,6.3080984415095305,6.663193486943688,1.791759469228055,1.9633230762562004,2.3978952727983707,3.2469527763360486,5.66988092298052,6.6131188186522865,4.23410650459726,3.9038325558365337
5.777652323222656,5.885871910996651,5.755742213586912,5.662384630143461,6.3080984415095305,5.293813514348939,1.791759469228055,0.8787692766752131,2.302585092994046,4.185464081147012,5.66988092298052,5.672920139574928,4.23410650459726,4.237381105080236
