S1213_Actual,S1213_Simulated,S00117_Actual,S00117_Simulated,S00122_Actual,S00122_Simulated,S1905_Actual,S1905_Simulated,UselessImportCheck_Actual,UselessImportCheck_Simulated,DuplicatedBlocks_Actual,DuplicatedBlocks_Simulated,S1155_Actual,S1155_Simulated
5.765191102784844,5.905965091877481,5.811140992976701,5.623524564790877,6.298949246855942,6.198847681621536,1.791759469228055,2.218394196647229,2.772588722239781,3.5535918260069694,5.66988092298052,5.778379256897303,4.23410650459726,3.9342304055250064
5.75890177387728,5.65389328306299,5.808142489980444,5.61784871774651,6.278521424165844,6.557569432930316,1.791759469228055,1.4533693482896821,2.302585092994046,4.330414657642744,5.6131281063880705,5.2598928317917615,4.23410650459726,3.5281071364293184
5.7745515455444085,5.2000115625447325,5.808142489980444,5.712287389437726,6.278521424165844,6.997109939196874,1.791759469228055,4.485680110200532,2.4849066497880004,3.848258613082432,5.616771097666572,6.3122959707752475,4.23410650459726,4.0665118598552965
5.765191102784844,5.785513684387768,5.808142489980444,6.406980320683771,6.2878585601617845,6.391412109773032,1.791759469228055,2.0492962268883446,2.302585092994046,3.7223839639454224,5.616771097666572,5.608172127933028,4.23410650459726,3.461448895003506
5.777652323222656,5.538639628923624,5.755742213586912,5.7411864582175545,6.3080984415095305,6.808138011737036,1.791759469228055,0.5858684470411715,2.3978952727983707,3.3936076425692896,5.66988092298052,6.098560787960303,4.23410650459726,3.8305108558045045
5.777652323222656,6.022203238593615,5.755742213586912,4.963019872761474,6.3080984415095305,6.781252082762479,1.791759469228055,2.392368762795165,2.302585092994046,4.364629391426998,5.66988092298052,5.653970292203467,4.23410650459726,3.7430854604313235
