S1905_Actual,S1905_Simulated,UselessImportCheck_Actual,UselessImportCheck_Simulated
0.0,1.528042598680665,0.6931471805599453,0.9419256201061317
0.0,1.0442520767576864,0.6931471805599453,0.2500187791468288
0.0,1.874481284882861,0.6931471805599453,0.5333605992824704
0.0,1.1946795171921567,0.6931471805599453,1.333395909963271
0.0,0.9530762550976851,0.6931471805599453,0.7070405284528388
0.0,1.1558062852406688,0.0,0.9865653482906371
