S1905_Actual,S1905_Simulated,UselessImportCheck_Actual,UselessImportCheck_Simulated
0.0,1.528042598680665,0.6931471805599453,0.9419256201061317
0.0,0.6295842653615135,0.6931471805599453,1.1238020655487682
0.0,1.3371699153769396,0.6931471805599453,1.2539722534998266
0.0,1.4784241893761931,0.6931471805599453,0.9698234356248694
0.0,0.8920861413158312,0.6931471805599453,0.8523085903835524
0.0,2.6928133518621085,0.0,0.7720268984522058
