S1488_Actual,S1488_Simulated,DuplicatedBlocks_Actual,DuplicatedBlocks_Simulated,S00112_Actual,S00112_Simulated,S1132_Actual,S1132_Simulated
0.0,0.0,2.302585092994046,2.157542452532808,4.90527477843843,4.807352905542267,2.9444389791664403,2.944434154608275
0.0,0.0,2.302585092994046,2.173970765233019,4.948759890378168,4.794837712070662,2.9444389791664403,2.9444309546162493
