S1488_Actual,S1488_Simulated,S1905_Actual,S1905_Simulated,UselessImportCheck_Actual,UselessImportCheck_Simulated,DuplicatedBlocks_Actual,DuplicatedBlocks_Simulated,S1155_Actual,S1155_Simulated,S1132_Actual,S1132_Simulated,S1481_Actual,S1481_Simulated
1.0986122886681098,1.0077415013145123,0.0,1.571048938306501,0.6931471805599453,0.9610498910441571,1.8803128665695001,2.3875430850499346,0.0,0.0,0.0,0.18393647179709674,0.44183275227903923,1.0812651235231558
1.0986122886681098,0.6774660828418827,0.0,1.9400456878721044,0.6931471805599453,0.24506989772457988,1.8632184332102,3.026369456461115,0.0,0.0,0.0,0.029158963399148613,0.36772478012531734,0.8772969143581187
1.0986122886681098,1.0871269474785739,0.0,1.6199072930762102,0.6931471805599453,1.2823434564016734,1.8458266904983307,2.245195651740191,0.0,0.0,0.0,0.0,0.2876820724517809,1.5186047771483182
1.0986122886681098,1.2347374835063931,0.0,0.7931277018011379,0.6931471805599453,1.4889854624261722,1.8281271133989299,2.462284456587554,0.0,0.0,0.0,0.22538779497132314,0.20067069546215122,1.347993154556947
1.0986122886681098,0.9920532795489307,0.0,1.5616629588142465,0.6931471805599453,0.2762472169574379,1.8101086078962514,2.737900012827867,0.0,0.0,0.0,0.008548940141722583,0.1053605156578263,1.0180123142476216
1.0986122886681098,0.9512180545957477,0.0,3.5928582268704234,0.6931471805599453,1.3303885899550174,1.791759469228055,2.0222164302383057,0.0,0.0,0.0,0.1769397666721164,0.0,1.4648471255475004
