S1488_Actual,S1488_Simulated,S1905_Actual,S1905_Simulated,UselessImportCheck_Actual,UselessImportCheck_Simulated,DuplicatedBlocks_Actual,DuplicatedBlocks_Simulated,S00112_Actual,S00112_Simulated,S1155_Actual,S1155_Simulated,S1132_Actual,S1132_Simulated,S1481_Actual,S1481_Simulated
1.0986122886681098,1.098607464109944,0.0,1.6673150755118407,0.6931471805599453,1.1056266642274308,1.8803128665695001,2.612788774682368,3.332204510175204,2.0494519355260974,0.0,0.0,0.0,0.0,0.44183275227903923,0.9118090976275225
1.0986122886681098,1.098600607082086,0.0,2.7444885385935205,0.6931471805599453,1.1669095061279429,1.8632184332102,2.490330768017218,3.332204510175204,2.7729388940187176,0.0,0.0,0.0,0.0,0.36772478012531734,1.0878397867594964
1.0986122886681098,1.098607600673315,0.0,1.394339896767515,0.6931471805599453,1.0541916224738632,1.8458266904983307,2.394366802445753,3.332204510175204,1.7641214715267708,0.0,0.0,0.0,0.0,0.2876820724517809,0.657246076852982
1.0986122886681098,1.098612708366627,0.0,0.654171160122387,0.6931471805599453,1.0201178333465168,1.8281271133989299,2.7599989879390714,3.332204510175204,2.2033131601596514,0.0,0.0,0.0,0.0,0.20067069546215122,0.8697092550568057
1.0986122886681098,1.098608908538205,0.0,2.6385006578191645,0.6931471805599453,0.8130003387084694,1.8101086078962514,3.2928042631781094,3.332204510175204,2.339026069611106,0.0,0.0,0.0,0.0,0.1053605156578263,1.027762266615536
1.0986122886681098,1.0986080325110095,0.0,0.1324893350809091,0.6931471805599453,1.7822025808276654,1.791759469228055,2.7669602630249304,3.332204510175204,1.264892262039917,0.0,0.0,0.0,0.0,0.0,0.8427536521111054
