S1488_Actual,S1488_Simulated,S1905_Actual,S1905_Simulated,UselessImportCheck_Actual,UselessImportCheck_Simulated,DuplicatedBlocks_Actual,DuplicatedBlocks_Simulated,S00112_Actual,S00112_Simulated,S1155_Actual,S1155_Simulated,S1132_Actual,S1132_Simulated,S1481_Actual,S1481_Simulated
1.0986122886681098,1.098607464109944,0.0,1.6673150755118407,0.6931471805599453,1.1056266642274308,1.8281271133989299,2.612788774682368,3.332204510175204,2.0494519355260974,0.0,0.0,0.0,0.0,0.20067069546215122,0.9118090976275225
1.0986122886681098,1.098608517442537,0.0,2.96609882598882,0.6931471805599453,1.0360978472743578,1.8101086078962514,2.643728370064925,3.332204510175204,0.6664167273750206,0.0,0.0,0.0,0.0,0.1053605156578263,1.6551010120602772
1.0986122886681098,1.0986159942394698,0.0,2.3702993148784164,0.6931471805599453,0.9647391030981005,1.791759469228055,2.558636656500768,3.332204510175204,2.254586410097142,0.0,0.0,0.0,0.0,0.0,1.009680045347698
