S00108_Actual,S00108_Simulated
1.3862943611198906,1.0166596193930002
1.3862943611198906,2.1235969834001613
1.3862943611198906,1.1055230177862445
1.3862943611198906,0.0
1.3862943611198906,1.5706649729335767
1.3862943611198906,0.0
1.3862943611198906,1.9218150872058104
1.3862943611198906,0.5988527616516308
1.3862943611198906,1.5298581477625155
1.3862943611198906,1.1697298461660468
1.3862943611198906,1.9369120947870102
1.3862943611198906,0.0
