UselessImportCheck_Actual,UselessImportCheck_Simulated
0.6931471805599453,0.9419256201061317
0.6931471805599453,1.3930847872810292
0.6931471805599453,0.5985343464642532
0.6931471805599453,1.6031344460986432
0.6931471805599453,0.40511631207336685
0.6931471805599453,1.4582393723984017
0.6931471805599453,0.43597675159442517
0.6931471805599453,1.6852145278119202
0.6931471805599453,1.1028246083620215
0.6931471805599453,2.0558670898182783
0.6931471805599453,0.9012843649906369
0.0,1.3541885609789168
