UselessImportCheck_Actual,UselessImportCheck_Simulated
0.6931471805599453,0.9419256201061317
0.6931471805599453,1.5349080226180962
0.6931471805599453,0.42382025115607136
0.6931471805599453,1.0345811318712443
0.6931471805599453,1.6385845034628588
0.0,1.2187947189832236
