S1213_Actual,S1213_Simulated,S1226_Actual,S1226_Simulated,S00112_Actual,S00112_Simulated,S1155_Actual,S1155_Simulated,S1151_Actual,S1151_Simulated,S1132_Actual,S1132_Simulated,S1481_Actual,S1481_Simulated
6.231355955723415,5.194460844659627,3.713572066704308,3.595057177045192,4.634728988229636,4.358025076129445,2.5649493574615367,2.5986783502196977,4.143134726391533,4.109089806957299,3.912023005428146,4.123671636980064,1.9459101490553132,2.6344328271877484
6.231574463317423,3.932106419054736,3.713572066704308,3.534968110951946,4.634728988229636,4.687740102190664,2.5649493574615367,2.6436579889368432,4.143134726391533,4.101509942057456,3.912023005428146,4.267662151379671,1.9459101490553132,2.269840224856757
6.231792923176292,4.739186480746732,3.713572066704308,3.5875124731074224,4.634728988229636,3.885649680813284,2.5649493574615367,2.5570580817892163,4.143134726391533,4.103548646328543,3.912023005428146,3.9953345591704585,1.9459101490553132,3.3662430205287874
6.232011335320876,5.283404963885482,3.713572066704308,3.641174374399588,4.634728988229636,4.285088722664015,2.5649493574615367,2.5599156702054082,4.143134726391533,4.12199111762079,3.912023005428146,3.919126304475712,1.9459101490553132,2.930164246452674
6.232229699772011,4.90669719745751,3.713572066704308,3.693164294726964,4.634728988229636,4.25257255790692,2.5649493574615367,2.568325443713476,4.143134726391533,4.1068199803883125,3.912023005428146,4.330107048736572,1.9459101490553132,1.4851978578239913
6.2324480165505225,5.0369511055726734,3.713572066704308,3.6262001614040376,4.634728988229636,3.9426638827351645,2.5649493574615367,2.584971602947128,4.143134726391533,4.096426582552718,3.912023005428146,3.911708687897127,1.9459101490553132,2.473106388206807
