S1213_Actual,S1213_Simulated,S1226_Actual,S1226_Simulated,S00112_Actual,S00112_Simulated,S1155_Actual,S1155_Simulated,S1151_Actual,S1151_Simulated,S1132_Actual,S1132_Simulated,S1481_Actual,S1481_Simulated
6.231355955723415,5.194460844659627,3.713572066704308,3.595057177045192,4.634728988229636,4.358025076129445,2.5649493574615367,2.5986783502196977,4.143134726391533,4.109089806957299,3.912023005428146,4.123671636980064,1.9459101490553132,2.6344328271877484
6.231574463317423,4.8751107747818505,3.713572066704308,3.5510947526368795,4.634728988229636,4.6221623350126855,2.5649493574615367,2.6070078720357293,4.143134726391533,4.060480229617946,3.912023005428146,4.247275338501557,1.9459101490553132,1.9675454116669693
6.231792923176292,4.755566612860522,3.713572066704308,3.5753261428911647,4.634728988229636,4.462127562225108,2.5649493574615367,2.4914118033462413,4.143134726391533,4.081091742966962,3.912023005428146,4.189902835027143,1.9459101490553132,1.505168905172027
6.232011335320876,6.253558180903353,3.713572066704308,3.6491728479729644,4.634728988229636,4.676823749089277,2.5649493574615367,2.5828669255270613,4.143134726391533,4.0950215912744685,3.912023005428146,4.129532983437376,1.9459101490553132,3.5274845251149154
6.232229699772011,4.735839513924375,3.713572066704308,3.5635423495701937,4.634728988229636,4.201099107281206,2.5649493574615367,2.5921630470808665,4.143134726391533,4.121718742650324,3.912023005428146,4.194466715120709,1.9459101490553132,2.7727948721627875
6.2324480165505225,5.483413806471045,3.713572066704308,3.5824530412506923,4.634728988229636,4.494958750371009,2.5649493574615367,2.625922441285476,4.143134726391533,4.131820108246888,3.912023005428146,4.011153305603382,1.9459101490553132,2.1287455237416038
