,Actual_last_5_vals,Simulated_0,Simulated_1,Simulated_2,Simulated_3,Simulated_4,Simulated_5,Simulated_6,Simulated_7,Simulated_8,Simulated_9,Simulated_10,Simulated_11,Simulated_12,Simulated_13,Simulated_14,Simulated_15,Simulated_16,Simulated_17,Simulated_18,Simulated_19,Simulated_20,Simulated_21,Simulated_22,Simulated_23,Simulated_24,Simulated_25,Simulated_26,Simulated_27,Simulated_28,Simulated_29
131,5451.666666666667,,,,,,,,,,,,,,,,,,,,,,,,,,,,,,
132,5473.0,,,,,,,,,,,,,,,,,,,,,,,,,,,,,,
133,5494.333333333333,,,,,,,,,,,,,,,,,,,,,,,,,,,,,,
134,5515.666666666667,,,,,,,,,,,,,,,,,,,,,,,,,,,,,,
135,5537.0,,,,,,,,,,,,,,,,,,,,,,,,,,,,,,
136,,4204.75434585921,4204.75434585921,4204.75434585921,4204.75434585921,4204.75434585921,4204.75434585921,4204.75434585921,4204.75434585921,4204.75434585921,4204.75434585921,4204.75434585921,4204.75434585921,4204.75434585921,4204.75434585921,4204.75434585921,4204.75434585921,4204.75434585921,4204.75434585921,4204.75434585921,4204.75434585921,4204.75434585921,4204.75434585921,4204.75434585921,4204.75434585921,4204.75434585921,4204.75434585921,4204.75434585921,4204.75434585921,4204.75434585921,4204.75434585921
137,,3855.4203609403785,3874.39657389282,4143.852085331842,3738.2499442780836,3734.116374142359,3618.413824481148,4121.44211890152,4914.2572536568705,3770.4189450235403,4592.506604320078,3662.3056342130803,4412.6487932085165,4605.533377382265,3986.1434998962463,4514.312498024148,4923.192334794765,3984.6722953611807,3818.4646443623483,4802.688856859886,3815.0766232549254,4477.505590046627,5436.8243903004295,5836.229236125641,4680.141878037485,4576.259336165486,4153.857537105692,5616.35586979855,3758.0139190910863,5335.632764835319,3935.477755985468
138,,4513.015035133799,4054.176507095586,3882.2556314488206,4116.218252835219,4512.347931686442,5496.468132911205,3950.009973783807,4429.2639328806445,4576.309208446534,4723.848349951472,4399.9966943436775,4850.153191229022,4310.362331035328,5094.077544859386,3898.813575619166,3399.694893710666,5328.395386466127,5415.063218647758,3759.939169893642,3791.67513941384,4761.731199415572,3919.8893992785897,4742.514335338003,3626.451140873329,3957.4953494906435,5003.130454684045,4108.515149111256,3836.521177517994,5571.823444901723,3338.833016218367
