RedundantThrowsDeclarationCheck_Actual,RedundantThrowsDeclarationCheck_Simulated,S00117_Actual,S00117_Simulated,S00122_Actual,S00122_Simulated,S1488_Actual,S1488_Simulated,S1905_Actual,S1905_Simulated,UselessImportCheck_Actual,UselessImportCheck_Simulated,DuplicatedBlocks_Actual,DuplicatedBlocks_Simulated,S1226_Actual,S1226_Simulated,S00112_Actual,S00112_Simulated,S1155_Actual,S1155_Simulated,S00108_Actual,S00108_Simulated,S1151_Actual,S1151_Simulated
3.1354942159291497,3.442548676617162,3.5553480614894135,3.5081597238380704,2.4849066497880004,4.267209249201339,2.1972245773362196,2.258038452868724,0.6931471805599453,2.248878295330334,0.0,0.9622162317755926,5.043425116919247,4.757392297008738,3.713572066704308,4.049635708939053,3.091042453358316,2.6610579471443416,3.5553480614894135,3.5693825072087924,5.82600010738045,5.826613959944605,3.258096538021482,3.2580917134633167
3.1354942159291497,3.480035234710762,3.5553480614894135,3.5003665800915744,2.4849066497880004,4.558666552871146,2.1972245773362196,3.4603280583186113,0.6931471805599453,0.7098037747432933,0.0,2.041409180742371,5.043425116919247,4.579411259131309,3.713572066704308,4.076117977496651,3.091042453358316,2.8371213579585652,3.5553480614894135,3.56706187079751,5.82600010738045,5.93054533184301,3.258096538021482,3.2580898050381357
