S1213_Actual,S1213_Simulated,RedundantThrowsDeclarationCheck_Actual,RedundantThrowsDeclarationCheck_Simulated,S00117_Actual,S00117_Simulated,S00122_Actual,S00122_Simulated,S1488_Actual,S1488_Simulated,S1905_Actual,S1905_Simulated,UselessImportCheck_Actual,UselessImportCheck_Simulated,DuplicatedBlocks_Actual,DuplicatedBlocks_Simulated,S1226_Actual,S1226_Simulated,S00112_Actual,S00112_Simulated,S1155_Actual,S1155_Simulated,S00108_Actual,S00108_Simulated,S1151_Actual,S1151_Simulated,S1132_Actual,S1132_Simulated,S1481_Actual,S1481_Simulated
5.043425116919247,5.06506391600977,2.772588722239781,2.815046174556875,2.0794415416798357,2.138170614075775,2.3978952727983707,3.132534813006763,2.1972245773362196,2.117404870729674,0.0,0.7109775699628584,0.6931471805599453,1.0302463741758165,3.828641396489095,3.8360555148208375,4.248495242049359,4.257933969486386,4.1588830833596715,2.9132654665972955,0.6931471805599453,0.6164301679489339,1.3862943611198906,1.6328868946314976,0.0,0.0,3.4339872044851463,3.530897404107209,2.5649493574615367,3.1432638160373694
5.043425116919247,5.070993075805574,2.772588722239781,2.838479226574662,2.0794415416798357,2.2276272598060913,2.3978952727983707,2.839383016681071,2.1972245773362196,2.3236856287913374,0.0,1.011446031447631,0.6931471805599453,0.49605692908972243,3.828641396489095,3.8112868030753,4.248495242049359,4.2482975884099305,4.1588830833596715,3.7118177584349317,0.6931471805599453,0.6124954732498653,1.3862943611198906,1.9761147334180849,0.0,0.0,3.4339872044851463,3.409978557229163,2.5649493574615367,3.030955389795942
