S1213_Actual,S1213_Simulated,S1488_Actual,S1488_Simulated,S1226_Actual,S1226_Simulated,S00112_Actual,S00112_Simulated,S1155_Actual,S1155_Simulated,S1132_Actual,S1132_Simulated,S1481_Actual,S1481_Simulated
6.231355955723415,5.194460844659627,2.302585092994046,2.427345894429739,3.713572066704308,3.595057177045192,4.634728988229636,4.358025076129445,2.5649493574615367,2.5986783502196977,3.912023005428146,4.123671636980064,1.9459101490553132,2.6344328271877484
6.231574463317423,6.038944380364424,2.302585092994046,2.908948220479681,3.713572066704308,3.498343747085772,4.634728988229636,4.5110613009168805,2.5649493574615367,2.6175753248764435,3.912023005428146,4.206151871957899,1.9459101490553132,3.710189361880895
6.231792923176292,4.579618907726882,2.302585092994046,2.4174782505123704,3.713572066704308,3.6192074321065437,4.634728988229636,4.302953298439107,2.5649493574615367,2.5733823116289107,3.912023005428146,4.153283198401691,1.9459101490553132,3.533830286015163
6.232011335320876,5.2277933710264355,2.302585092994046,3.325538941738348,3.713572066704308,3.616949895338006,4.634728988229636,3.9589289279830115,2.5649493574615367,2.6117658314350303,3.912023005428146,4.10523726144106,1.9459101490553132,1.174263664662065
6.232229699772011,5.282149371722207,2.302585092994046,2.6212038588842654,3.713572066704308,3.56400386217895,4.634728988229636,4.186937931972268,2.5649493574615367,2.5795922218455614,3.912023005428146,4.219473805490368,1.9459101490553132,1.6426633372422859
6.2324480165505225,5.088514304436357,2.302585092994046,2.4394457772749005,3.713572066704308,3.561707685044643,4.634728988229636,4.494986131435179,2.5649493574615367,2.6218680986528433,3.912023005428146,4.246032914760545,1.9459101490553132,1.3547833585588291
