S1905_Actual,S1905_Simulated,DuplicatedBlocks_Actual,DuplicatedBlocks_Simulated,S1481_Actual,S1481_Simulated
0.0,0.0,3.258096538021482,3.2106064928553506,0.5108256237659906,0.06480980233725393
0.0,1.026802696565473e-07,3.258096538021482,3.2115451451285426,0.6061358035703155,0.22781506063921375
0.0,0.0,3.258096538021482,3.185472742795848,0.6931471805599453,0.0
