S1905_Actual,S1905_Simulated,DuplicatedBlocks_Actual,DuplicatedBlocks_Simulated,S1481_Actual,S1481_Simulated
0.0,0.0,3.258096538021482,3.2106064928553506,0.15415067982725825,0.06480980233725393
0.0,0.0,3.258096538021482,3.232719833428786,0.2876820724517809,0.41818927088760416
0.0,0.0,3.258096538021482,3.0678233069909204,0.4054651081081644,0.032264020135822594
0.0,0.0,3.258096538021482,3.2855662806021146,0.5108256237659906,0.48695398108424454
0.0,0.0,3.258096538021482,3.278507504735962,0.6061358035703155,0.18480441646186396
0.0,0.0,3.258096538021482,3.241943168307712,0.6931471805599453,0.0
