S1213_Actual,S1213_Simulated,S00122_Actual,S00122_Simulated,S1488_Actual,S1488_Simulated,DuplicatedBlocks_Actual,DuplicatedBlocks_Simulated,S1226_Actual,S1226_Simulated,S00112_Actual,S00112_Simulated,S1155_Actual,S1155_Simulated,S00108_Actual,S00108_Simulated,S1132_Actual,S1132_Simulated
0.0367013668504281,0.8654164806904682,0.0,0.19170098661429782,0.0,0.051733357324998425,0.0,0.46172097945521134,0.0,0.11196008221551346,0.018519047767237597,0.46128570284664755,0.0,0.046991420998253174,0.0,0.19702941544705932,0.0,0.5169270278182613
0.018519047767237697,1.5451023559931016,0.0,0.6670684993684165,0.0,0.4370613556438876,0.0,0.8189102327279797,0.0,0.4034436978229929,0.009302392662313554,1.3772532717850323,0.0,0.0,0.0,0.0,0.0,0.8173043707938019
0.0,1.4096911531067966,0.0,0.720683044318265,0.0,0.0,0.0,0.0,0.0,0.0,0.0,0.0,0.0,0.15703795556390052,0.0,0.7464781924153833,0.0,0.0
