S00117_Actual,S00117_Simulated,S1226_Actual,S1226_Simulated,S00112_Actual,S00112_Simulated,S1155_Actual,S1155_Simulated,S1151_Actual,S1151_Simulated,S1132_Actual,S1132_Simulated,S1481_Actual,S1481_Simulated
6.697034247666484,6.544627715346055,3.713572066704308,3.5956801464788457,4.634728988229636,4.355698515707799,2.5649493574615367,2.599013406349761,4.143134726391533,4.108846500182435,3.912023005428146,4.124104547864934,1.9459101490553132,2.6237983037050836
6.697651341175731,6.61740453867815,3.713572066704308,3.5597237000487114,4.634728988229636,4.197271059333151,2.5649493574615367,2.5402230578936997,4.143134726391533,4.121710204798975,3.912023005428146,4.153162135124898,1.9459101490553132,1.9634587162909933
6.698268054115413,6.375301850177266,3.713572066704308,3.6116552963785162,4.634728988229636,4.10070372874314,2.5649493574615367,2.5463059178977083,4.143134726391533,4.155083261498787,3.912023005428146,4.426991101407078,1.9459101490553132,0.7326673339285739
