,Actual_last_5_vals,Simulated_0,Simulated_1,Simulated_2,Simulated_3,Simulated_4,Simulated_5,Simulated_6,Simulated_7,Simulated_8,Simulated_9,Simulated_10,Simulated_11,Simulated_12,Simulated_13,Simulated_14,Simulated_15,Simulated_16,Simulated_17,Simulated_18,Simulated_19,Simulated_20,Simulated_21,Simulated_22,Simulated_23,Simulated_24,Simulated_25,Simulated_26,Simulated_27,Simulated_28,Simulated_29
363,16985.0,,,,,,,,,,,,,,,,,,,,,,,,,,,,,,
364,17177.0,,,,,,,,,,,,,,,,,,,,,,,,,,,,,,
365,17286.333333333332,,,,,,,,,,,,,,,,,,,,,,,,,,,,,,
366,17395.666666666668,,,,,,,,,,,,,,,,,,,,,,,,,,,,,,
367,17505.0,,,,,,,,,,,,,,,,,,,,,,,,,,,,,,
368,,7462.2631503770035,7462.2631503770035,7462.2631503770035,7462.2631503770035,7462.2631503770035,7462.2631503770035,7462.2631503770035,7462.2631503770035,7462.2631503770035,7462.2631503770035,7462.2631503770035,7462.2631503770035,7462.2631503770035,7462.2631503770035,7462.2631503770035,7462.2631503770035,7462.2631503770035,7462.2631503770035,7462.2631503770035,7462.2631503770035,7462.2631503770035,7462.2631503770035,7462.2631503770035,7462.2631503770035,7462.2631503770035,7462.2631503770035,7462.2631503770035,7462.2631503770035,7462.2631503770035,7462.2631503770035
369,,-14059.978724305143,7472.226819680727,6980.908899865388,6297.5502140549015,-1324.34042005861,7814.826184423213,1944.6230741549186,-4733.579002098181,4019.1917470037356,11143.766621505663,19029.276863599433,-4604.757242477622,1109.4456560092856,1621.2379989449423,14881.857942302582,28590.360964030428,12615.603375119,8123.770627676833,4030.7302666877695,25948.04084242661,15349.057826388105,-5146.1490834108845,8467.132131617318,22929.029499369088,5378.755694950393,4199.748778583974,23492.761323450395,15214.670604342251,9212.409636553764,9539.115413101696
