S1488_Actual,S1488_Simulated,S1905_Actual,S1905_Simulated,UselessImportCheck_Actual,UselessImportCheck_Simulated,S00112_Actual,S00112_Simulated,S1155_Actual,S1155_Simulated,S1132_Actual,S1132_Simulated,S1481_Actual,S1481_Simulated
1.0986122886681098,1.0077415013145123,0.0,1.571048938306501,0.6931471805599453,0.9610498910441571,3.332204510175204,1.6889869029199953,0.0,0.0,0.0,0.18393647179709674,0.20067069546215122,1.0812651235231558
1.0986122886681098,0.642812624548639,0.0,1.5816855231411024,0.6931471805599453,0.9205200706871883,3.332204510175204,1.6412749474196193,0.0,0.0,0.0,0.1703194778033321,0.1053605156578263,1.576841683800527
1.0986122886681098,1.1590206168066124,0.0,1.758556476213498,0.6931471805599453,1.3181937185964376,3.332204510175204,2.4026607895851386,0.0,0.0,0.0,0.9279095223326328,0.0,0.9040709315279202
