S1213_Actual,S1213_Simulated,RedundantThrowsDeclarationCheck_Actual,RedundantThrowsDeclarationCheck_Simulated,S00117_Actual,S00117_Simulated,S00122_Actual,S00122_Simulated,UselessImportCheck_Actual,UselessImportCheck_Simulated,DuplicatedBlocks_Actual,DuplicatedBlocks_Simulated,S1155_Actual,S1155_Simulated
5.765191102784844,5.905965091877481,5.733341276897746,5.406354149356674,5.811140992976701,5.623524564790877,6.298949246855942,6.198847681621536,2.772588722239781,3.5535918260069694,5.66988092298052,5.778379256897303,4.23410650459726,3.9342304055250064
5.75890177387728,6.054449920707239,5.703782474656201,5.596756325762098,5.808142489980444,5.356116266330498,6.278521424165844,6.066729248515739,2.302585092994046,3.906068709068823,5.6131281063880705,6.441826944012299,4.23410650459726,3.564119694685024
5.7745515455444085,6.349664062092433,5.717027701406222,5.027941048302006,5.808142489980444,5.318469722123704,6.278521424165844,6.108034942758447,2.4849066497880004,2.921266837995865,5.616771097666572,5.325594281593859,4.23410650459726,3.63781596654706
5.765191102784844,5.897803984280892,5.71042701737487,4.742782745414555,5.808142489980444,6.0575490740831235,6.2878585601617845,6.884385808209538,2.302585092994046,3.236931114667932,5.616771097666572,5.820062400575916,4.23410650459726,4.085793024040727
5.777652323222656,4.984613102604882,5.707110264748875,5.567358209414075,5.755742213586912,5.337605512925962,6.3080984415095305,7.064604584945356,2.3978952727983707,3.1498070728523895,5.66988092298052,5.190918661939465,4.23410650459726,3.447844885451103
5.777652323222656,6.175421081084498,5.707110264748875,5.807948405719527,5.755742213586912,5.300191786926756,6.3080984415095305,6.259920049607239,2.302585092994046,4.41546460462833,5.66988092298052,6.056490771962433,4.23410650459726,3.987848557089845
