RedundantThrowsDeclarationCheck_Actual,RedundantThrowsDeclarationCheck_Simulated,S00117_Actual,S00117_Simulated,UselessImportCheck_Actual,UselessImportCheck_Simulated,S00112_Actual,S00112_Simulated,S1132_Actual,S1132_Simulated,S1481_Actual,S1481_Simulated
3.367295829986474,3.2213065757711092,3.1354942159291497,2.5303576481378562,0.0,0.9905216270195651,5.181783550292085,3.5229343997453917,3.044522437723423,2.3890504800855394,0.0,1.1165674294446044
3.367295829986474,2.969493395321225,3.1354942159291497,2.154701621512949,0.0,1.4941319315066868,5.181783550292085,5.319303160358015,3.044522437723423,2.5841013056708872,0.0,2.067225484203803
3.367295829986474,3.954240682616982,3.1354942159291497,2.564898726996745,0.0,1.7812930498755701,5.181783550292085,2.1381473008436713,3.044522437723423,3.037421335721403,0.0,3.887310112087369
3.367295829986474,2.4624029576982713,3.1354942159291497,2.4130674606086924,0.0,0.20888911641117625,5.181783550292085,4.020902414502578,3.044522437723423,2.033311976473871,0.0,0.20046439277510164
3.367295829986474,3.2650510077542294,3.1354942159291497,2.711637442189065,0.0,0.8606947478382573,5.181783550292085,3.8308830250552406,3.044522437723423,2.119499492488686,0.0,0.0
3.367295829986474,3.5223632320227867,3.1354942159291497,2.1278663508132305,0.0,2.7470541971365243,5.181783550292085,3.671633075743202,3.044522437723423,2.948798462487993,0.0,0.7607525823187384
