S1213_Actual,S1213_Simulated,RedundantThrowsDeclarationCheck_Actual,RedundantThrowsDeclarationCheck_Simulated,S00117_Actual,S00117_Simulated,S00122_Actual,S00122_Simulated,S1226_Actual,S1226_Simulated,S00112_Actual,S00112_Simulated,S1155_Actual,S1155_Simulated,S00108_Actual,S00108_Simulated,S1132_Actual,S1132_Simulated
4.442651256490317,3.9736462603351703,1.0986122886681098,0.7506859406485378,1.791759469228055,1.3000568012839122,2.5649493574615367,2.9404301144203595,3.7612001156935624,2.945350239029016,3.6635616461296463,3.4455535302596,0.0,0.00845563664876762,1.6094379124341003,0.8320702696305738,1.6094379124341003,1.0863350080236112
4.454347296253507,4.083065215168722,1.0986122886681098,0.10331872079074689,1.791759469228055,1.0892144977774394,2.5649493574615367,2.8584710967111135,3.7612001156935624,2.3412943944995694,3.7612001156935624,2.876357078104469,0.0,0.009014167590753443,1.6094379124341003,0.0,1.6094379124341003,2.1622082354809304
4.465908118654584,4.681176505070958,1.0986122886681098,0.77328912852404,1.791759469228055,2.263660740114039,2.5649493574615367,0.7874023222119,3.7612001156935624,3.003561486829779,3.7612001156935624,3.9538071689359136,0.0,0.0,1.6094379124341003,0.5563822625335002,1.6094379124341003,0.786218888113329
4.473541743509655,3.2322703386822766,1.0986122886681098,0.9836836346448528,1.8458266904983307,2.6694470022717285,2.5649493574615367,0.6908790243513221,3.7689221617874726,3.2363750721583417,3.784189633918261,2.738130755299617,0.0,0.05268652394818416,1.6094379124341003,1.7699902861949668,1.6094379124341003,2.6362744505070683
4.481117537318112,3.224365832734212,1.0986122886681098,0.3145564721609801,1.8971199848858813,0.43235763102045677,2.5649493574615367,4.89942842608728,3.7765850345330416,3.134891078279538,3.8066624897703196,5.001349944136939,0.0,0.0,1.6094379124341003,0.24622575072844222,1.6094379124341003,0.8031344113746841
4.48863636973214,2.5956000039233675,1.0986122886681098,0.0,1.9459101490553132,1.253686355825616,2.5649493574615367,2.729225062418291,3.784189633918261,2.430559186955278,3.828641396489095,4.042181816405563,0.0,0.0,1.6094379124341003,0.04007914281767844,1.6094379124341003,0.9243412223872294
