S1213_Actual,S1213_Simulated,RedundantThrowsDeclarationCheck_Actual,RedundantThrowsDeclarationCheck_Simulated,S00117_Actual,S00117_Simulated,S00122_Actual,S00122_Simulated,S1905_Actual,S1905_Simulated,UselessImportCheck_Actual,UselessImportCheck_Simulated,S1155_Actual,S1155_Simulated
5.765191102784844,5.905965091877481,5.733341276897746,5.406354149356674,5.811140992976701,5.623524564790877,6.298949246855942,6.198847681621536,1.791759469228055,2.218394196647229,2.772588722239781,3.5535918260069694,4.23410650459726,3.9342304055250064
5.75890177387728,5.364653246646649,5.703782474656201,5.034218897720061,5.808142489980444,5.756681399415945,6.278521424165844,6.738347465187742,1.791759469228055,2.3719233656410332,2.302585092994046,2.9935034421491,4.23410650459726,4.048181814397739
5.7745515455444085,5.775807499783124,5.717027701406222,5.791707876587207,5.808142489980444,6.331515311142194,6.278521424165844,6.552931345384601,1.791759469228055,1.6915206488687948,2.4849066497880004,2.6104991795964323,4.23410650459726,4.178992373336995
5.765191102784844,6.26640629732927,5.71042701737487,5.0276720807482524,5.808142489980444,5.697344698216655,6.2878585601617845,6.009492436120167,1.791759469228055,1.3332264212637401,2.302585092994046,2.9306559739494107,4.23410650459726,3.580316060212367
5.777652323222656,6.1398231774055745,5.707110264748875,5.068664931879944,5.755742213586912,5.4502739011767245,6.3080984415095305,6.203241449173606,1.791759469228055,2.5020127737304927,2.3978952727983707,3.8241554290807676,4.23410650459726,3.5226968022735257
5.777652323222656,6.023643346285921,5.707110264748875,5.278399252979039,5.755742213586912,5.404538211276583,6.3080984415095305,5.936415558295705,1.791759469228055,2.006977586167781,2.302585092994046,2.5205393774915583,4.23410650459726,4.702518750159847
