,Actual_last_5_vals,Simulated_0,Simulated_1,Simulated_2,Simulated_3,Simulated_4,Simulated_5,Simulated_6,Simulated_7,Simulated_8,Simulated_9,Simulated_10,Simulated_11,Simulated_12,Simulated_13,Simulated_14,Simulated_15,Simulated_16,Simulated_17,Simulated_18,Simulated_19,Simulated_20,Simulated_21,Simulated_22,Simulated_23,Simulated_24,Simulated_25,Simulated_26,Simulated_27,Simulated_28,Simulated_29
126,76147.0,,,,,,,,,,,,,,,,,,,,,,,,,,,,,,
127,76510.0,,,,,,,,,,,,,,,,,,,,,,,,,,,,,,
128,75578.0,,,,,,,,,,,,,,,,,,,,,,,,,,,,,,
129,77231.0,,,,,,,,,,,,,,,,,,,,,,,,,,,,,,
130,81133.0,,,,,,,,,,,,,,,,,,,,,,,,,,,,,,
131,,81400.8692370686,81400.8692370686,81400.8692370686,81400.8692370686,81400.8692370686,81400.8692370686,81400.8692370686,81400.8692370686,81400.8692370686,81400.8692370686,81400.8692370686,81400.8692370686,81400.8692370686,81400.8692370686,81400.8692370686,81400.8692370686,81400.8692370686,81400.8692370686,81400.8692370686,81400.8692370686,81400.8692370686,81400.8692370686,81400.8692370686,81400.8692370686,81400.8692370686,81400.8692370686,81400.8692370686,81400.8692370686,81400.8692370686,81400.8692370686
132,,83033.10455887667,79626.09461848746,89376.10095390613,84692.06466947327,80801.58282837301,91127.0452566334,77615.52843720774,77314.71408344316,79998.73665998662,86542.32268282164,82310.3832052739,87494.49596694246,76977.62671181743,74561.21658393902,77004.79368048077,87411.19501980666,89258.55978161191,81001.88430978569,64548.934908262054,89872.75279984441,86971.77599120555,85370.74017502721,81114.7109939814,82391.95122234419,75956.22704043658,73689.65135536957,78809.36985102072,83119.47350911026,80640.00369781225,80235.77751030194
133,,75749.96483144892,66585.8672064404,84169.7568617572,71422.67665464089,89691.26646174198,79719.98574058595,84880.34841879894,81412.97630983364,81858.99918455147,76532.09832044279,73975.09046447015,81390.2593329568,71710.95970683925,88236.85600730957,72406.24843782767,79900.27964161569,79327.61689788784,79723.38959319347,87959.49223913565,81254.81401909787,81247.65764514114,85961.37715104636,88589.61439357504,91819.09214880865,81752.48950337197,79386.87147620026,82857.7514532512,85053.98665674798,85281.95777408217,86828.50163272295
