RedundantThrowsDeclarationCheck_Actual,RedundantThrowsDeclarationCheck_Simulated,S00117_Actual,S00117_Simulated,S1488_Actual,S1488_Simulated,S1226_Actual,S1226_Simulated,S00112_Actual,S00112_Simulated,S1155_Actual,S1155_Simulated,S1132_Actual,S1132_Simulated
1.0159205728229963,0.26424494468692766,0.0,0.18857179510065186,0.6931471805599453,0.6742804700449279,0.0,0.0,4.23823874188217,3.4160510287931776,1.0986122886681098,1.1085934909171022,1.0986122886681098,1.098607464109944
1.0330150061822962,0.3226721569516058,0.0,0.0,0.6931471805599453,0.7870325466543205,0.0,0.0,4.24029847484518,5.366324727818856,1.0986122886681098,1.1187789822858734,1.0986122886681098,1.098612297433687
1.0498221244986776,0.0,0.0,0.2589851426961527,0.6931471805599453,0.6594731738595164,0.0,0.0,4.242353974027276,4.262175946561349,1.0986122886681098,1.189601715025334,1.0986122886681098,1.0986127315702503
1.0663514264498883,0.5580240691101206,0.0,0.8251015425007406,0.6931471805599453,0.8334595695356636,0.0,2.269629128696684e-06,4.244405256797834,3.766929329572434,1.0986122886681098,1.1914915284022822,1.0986122886681098,1.0986071719976678
1.0826119473216684,0.19091458059312286,0.0,0.047401614886530385,0.6931471805599453,0.537278330612412,0.0,0.0,4.246452340419559,2.299397421109747,1.0986122886681098,1.082620057190531,1.0986122886681098,1.0986065800120077
1.0986122886681098,0.0,0.0,0.1266522627283789,0.6931471805599453,0.6140434587104578,0.0,0.0,4.248495242049359,4.3193121191163595,1.0986122886681098,1.1411995571774196,1.0986122886681098,1.098602966068873
