RedundantThrowsDeclarationCheck_Actual,RedundantThrowsDeclarationCheck_Simulated,S00117_Actual,S00117_Simulated,S1488_Actual,S1488_Simulated,S1226_Actual,S1226_Simulated,S00112_Actual,S00112_Simulated,S1155_Actual,S1155_Simulated,S1132_Actual,S1132_Simulated
1.0663514264498883,0.26424494468692766,0.0,0.18857179510065186,0.6931471805599453,0.6742804700449279,0.0,0.0,4.244405256797834,3.4160510287931776,1.0986122886681098,1.1085934909171022,1.0986122886681098,1.098607464109944
1.0826119473216684,0.3066650029181505,0.0,0.04022718710842477,0.6931471805599453,0.8459935163552701,0.0,0.0,4.246452340419559,4.476526286222774,1.0986122886681098,1.1018736572201264,1.0986122886681098,1.0986046136975458
1.0986122886681098,0.0,0.0,0.30837368410509963,0.6931471805599453,0.7819835237771018,0.0,0.0,4.248495242049359,1.8307588125776326,1.0986122886681098,1.037363943932154,1.0986122886681098,1.098614265630858
