RedundantThrowsDeclarationCheck_Actual,RedundantThrowsDeclarationCheck_Simulated,S00117_Actual,S00117_Simulated,S00112_Actual,S00112_Simulated,S00108_Actual,S00108_Simulated,S1151_Actual,S1151_Simulated,S1132_Actual,S1132_Simulated
5.726847747587197,5.332682492374705,5.823045895483019,5.554274400060239,5.968707559985366,5.557090739809023,4.406719247264253,4.220688744763444,4.663439094112067,4.6933611209122335,6.315358001522335,5.997986853514047
5.720311776607412,4.904368466224688,5.811140992976701,5.3400908879284055,5.983936280687191,5.868203182703523,4.382026634673881,4.852535727211411,4.663439094112067,3.653982638144967,6.311734809152915,6.062039262656305
5.707110264748875,5.599348210078253,5.811140992976701,5.605400593794419,5.726847747587197,5.535004248896915,4.356708826689592,4.2225436987963665,4.663439094112067,4.135137714478646,6.2878585601617845,6.21525167231658
5.733341276897746,4.579698486116891,5.811140992976701,5.581384847713192,5.739792912179234,6.637681414879898,4.356708826689592,5.900322837169432,4.663439094112067,4.497899548932862,6.289715570908998,7.18198889951705
5.717027701406222,5.182136282020814,5.808142489980444,5.429081597484141,5.726847747587197,5.651908005816734,4.356708826689592,5.059991543426499,4.663439094112067,4.441639345229234,6.289715570908998,6.4137562829885875
5.707110264748875,4.900368120854471,5.755742213586912,5.239979842599478,5.755742213586912,5.103446575492762,4.343805421853684,4.767191294089358,4.672828834461906,4.5973760733615,6.293419278846481,6.123840476553589
