RedundantThrowsDeclarationCheck_Actual,RedundantThrowsDeclarationCheck_Simulated,S00117_Actual,S00117_Simulated,S00112_Actual,S00112_Simulated,S00108_Actual,S00108_Simulated,S1151_Actual,S1151_Simulated,S1132_Actual,S1132_Simulated
5.733341276897746,5.332682492374705,5.811140992976701,5.554274400060239,5.739792912179234,5.557090739809023,4.356708826689592,4.220688744763444,4.663439094112067,4.6933611209122335,6.289715570908998,5.997986853514047
5.717027701406222,5.7506186362072285,5.808142489980444,4.861346620055789,5.726847747587197,5.814819837453789,4.356708826689592,4.310294012603609,4.663439094112067,4.760366661850649,6.289715570908998,5.884703715550038
5.707110264748875,4.553302705430435,5.755742213586912,5.941097345792421,5.755742213586912,4.401111857755348,4.343805421853684,3.77718991579255,4.672828834461906,3.398231698922894,6.293419278846481,5.847458645869968
