RedundantThrowsDeclarationCheck_Actual,RedundantThrowsDeclarationCheck_Simulated,S1488_Actual,S1488_Simulated,S1905_Actual,S1905_Simulated,UselessImportCheck_Actual,UselessImportCheck_Simulated,S00108_Actual,S00108_Simulated
4.6913478822291435,5.156074832496742,3.258096538021482,3.697697263544742,2.70805020110221,3.461420735491537,4.574710978503383,4.495037878812216,1.3862943611198906,1.6954226165372368
4.955827057601261,4.741242894053594,3.258096538021482,3.8621178964867484,2.70805020110221,3.430821821555953,3.970291913552122,4.1142147810775365,1.3862943611198906,0.8773415389758067
4.969813299576001,4.920569704538416,3.258096538021482,4.615487309340028,2.70805020110221,3.5313897934042306,4.143134726391533,5.26269513730716,1.3862943611198906,1.7823398650463145
4.969813299576001,5.73245030860949,3.258096538021482,4.237400814436452,2.70805020110221,3.3839432527377102,4.127134385045092,4.514570969357141,1.3862943611198906,2.633778770730764
4.962844630259907,5.774585977933986,3.5553480614894135,4.218672352642398,2.5649493574615367,4.58022286348292,4.248495242049359,4.358815878561267,1.3862943611198906,1.8621479446577767
4.962844630259907,4.3526187187135585,3.5553480614894135,3.608051347548432,2.5649493574615367,5.148570279989445,4.23410650459726,4.504758521887175,1.3862943611198906,1.85328359980649
