RedundantThrowsDeclarationCheck_Actual,RedundantThrowsDeclarationCheck_Simulated,S1488_Actual,S1488_Simulated,S1905_Actual,S1905_Simulated,UselessImportCheck_Actual,UselessImportCheck_Simulated,S00108_Actual,S00108_Simulated
4.969813299576001,5.156074832496742,3.258096538021482,3.697697263544742,2.70805020110221,3.461420735491537,4.127134385045092,4.495037878812216,1.3862943611198906,1.6954226165372368
4.962844630259907,4.951032018289643,3.5553480614894135,2.1923484040153123,2.5649493574615367,3.700017143866865,4.248495242049359,4.495458046822674,1.3862943611198906,1.1879807414431374
4.962844630259907,3.638253278811234,3.5553480614894135,1.9216935564141178,2.5649493574615367,3.166468977143972,4.23410650459726,4.6289218749094605,1.3862943611198906,1.4602289337711156
