RedundantThrowsDeclarationCheck_Actual,RedundantThrowsDeclarationCheck_Simulated,S1488_Actual,S1488_Simulated,S1905_Actual,S1905_Simulated,UselessImportCheck_Actual,UselessImportCheck_Simulated,S00108_Actual,S00108_Simulated
4.6913478822291435,5.156074832496742,3.258096538021482,3.697697263544742,2.70805020110221,3.461420735491537,4.574710978503383,4.495037878812216,1.3862943611198906,1.6954226165372368
4.955827057601261,6.082404520043721,3.258096538021482,3.3387596537979944,2.70805020110221,3.16708985269916,3.970291913552122,3.8693602877269795,1.3862943611198906,2.1226476557547875
4.969813299576001,5.8444478169878495,3.258096538021482,5.554685304293438,2.70805020110221,3.4522554484257615,4.143134726391533,4.961534858779148,1.3862943611198906,2.027443651091963
4.969813299576001,5.2040355827041225,3.258096538021482,2.9881150946895128,2.70805020110221,3.591493177686773,4.127134385045092,3.7097800125211595,1.3862943611198906,1.1493578657670278
4.962844630259907,5.163173720018382,3.5553480614894135,3.5883467150949517,2.5649493574615367,3.4454367411232183,4.248495242049359,4.449365133427021,1.3862943611198906,2.0787772938798246
4.962844630259907,5.024137397891502,3.5553480614894135,3.561525551779534,2.5649493574615367,3.6776335932923745,4.23410650459726,5.0353966885589045,1.3862943611198906,1.547462929559042
