RedundantThrowsDeclarationCheck_Actual,RedundantThrowsDeclarationCheck_Simulated,S1488_Actual,S1488_Simulated,S1905_Actual,S1905_Simulated,UselessImportCheck_Actual,UselessImportCheck_Simulated,S00108_Actual,S00108_Simulated
4.6913478822291435,5.156074832496742,3.258096538021482,3.697697263544742,2.70805020110221,3.461420735491537,4.574710978503383,4.495037878812216,1.3862943611198906,1.6954226165372368
4.955827057601261,5.330367798201618,3.258096538021482,4.096024616692675,2.70805020110221,4.5153382118627015,3.970291913552122,4.383191136403563,1.3862943611198906,2.069808188594551
4.969813299576001,5.634066932752367,3.258096538021482,3.468782421415967,2.70805020110221,3.5171707170548077,4.143134726391533,4.617536596507387,1.3862943611198906,2.1206353828490765
4.969813299576001,5.145780212112234,3.258096538021482,2.4435760887303593,2.70805020110221,3.6700415905724273,4.127134385045092,3.9130231795047554,1.3862943611198906,1.6173493490779878
4.962844630259907,3.510115330384707,3.5553480614894135,3.4358296025038118,2.5649493574615367,3.307463621013625,4.248495242049359,4.404200542998048,1.3862943611198906,2.3209067499510025
4.962844630259907,5.637486629207714,3.5553480614894135,2.8375285525160865,2.5649493574615367,2.138250577809787,4.23410650459726,4.400357437559576,1.3862943611198906,0.8830341881283008
