RedundantThrowsDeclarationCheck_Actual,RedundantThrowsDeclarationCheck_Simulated,S1488_Actual,S1488_Simulated,S1905_Actual,S1905_Simulated,UselessImportCheck_Actual,UselessImportCheck_Simulated,S00108_Actual,S00108_Simulated
4.6913478822291435,5.156074832496742,3.258096538021482,3.697697263544742,2.70805020110221,3.461420735491537,4.574710978503383,4.495037878812216,1.3862943611198906,1.6954226165372368
4.955827057601261,6.981017752039012,3.258096538021482,1.710291975124128,2.70805020110221,3.7252582138131793,3.970291913552122,4.184362503784227,1.3862943611198906,1.7812781918286629
4.969813299576001,5.07022808098933,3.258096538021482,3.3823236628096915,2.70805020110221,5.974572957341936,4.143134726391533,4.395210638399407,1.3862943611198906,1.5175244359640472
4.969813299576001,3.9818005806840504,3.258096538021482,3.1553431401029552,2.70805020110221,3.90832449964399,4.127134385045092,4.790931864911654,1.3862943611198906,1.8461212087076004
4.962844630259907,5.404298202310572,3.5553480614894135,3.2662679536300505,2.5649493574615367,4.222351950120265,4.248495242049359,4.608242517711324,1.3862943611198906,2.09878589496372
4.962844630259907,6.1843420137766305,3.5553480614894135,3.513869276671259,2.5649493574615367,2.8980234882660914,4.23410650459726,4.3198641571790075,1.3862943611198906,1.8595901888318669
