RedundantThrowsDeclarationCheck_Actual,RedundantThrowsDeclarationCheck_Simulated,S1488_Actual,S1488_Simulated,S1905_Actual,S1905_Simulated,UselessImportCheck_Actual,UselessImportCheck_Simulated,S00108_Actual,S00108_Simulated
4.6913478822291435,5.156074832496742,3.258096538021482,3.697697263544742,2.70805020110221,3.461420735491537,4.574710978503383,4.495037878812216,1.3862943611198906,1.6954226165372368
4.955827057601261,5.866476137434085,3.258096538021482,3.9235691380929123,2.70805020110221,1.7703892620461006,3.970291913552122,4.620133284915349,1.3862943611198906,1.969680943715999
4.969813299576001,5.337888662180456,3.258096538021482,3.9205378815782916,2.70805020110221,4.230707648927046,4.143134726391533,4.465931390666895,1.3862943611198906,1.3988847240146258
4.969813299576001,4.911794535357336,3.258096538021482,3.8324623602796115,2.70805020110221,3.890106523522375,4.127134385045092,4.382656445467052,1.3862943611198906,1.7621773806836132
4.962844630259907,5.146979930181829,3.5553480614894135,4.072783252191403,2.5649493574615367,2.6148727650085197,4.248495242049359,4.541592114669958,1.3862943611198906,1.7857367186661222
4.962844630259907,5.053586338721492,3.5553480614894135,3.7935872526124466,2.5649493574615367,2.6936937096158617,4.23410650459726,4.873511612532702,1.3862943611198906,1.4795465173212268
