S1905_Actual,S1905_Simulated,S00112_Actual,S00112_Simulated,S00108_Actual,S00108_Simulated,S1481_Actual,S1481_Simulated
0.0,0.9071098113340569,4.1588830833596715,2.499131140053135,1.3862943611198906,1.5415685703871407,2.538973871058276,3.085545834700197
0.0,1.2748270645289528,4.1588830833596715,3.550733650650214,1.3862943611198906,1.4510399857723923,2.5520459526256287,3.646771289275964
0.0,2.290352939664711,4.1588830833596715,1.833786387929507,1.3862943611198906,2.42057454115454,2.5649493574615367,2.176628707906466
0.0,1.0749789808907635,4.1588830833596715,2.0941900387085157,1.3862943611198906,1.8370780102605282,2.5649493574615367,2.2111337918111573
0.0,0.5379035707296917,4.1588830833596715,2.342977240577708,1.3862943611198906,1.8300901298382515,2.5649493574615367,3.614063437732226
0.0,0.5416628031441115,4.1588830833596715,3.259156208132126,1.3862943611198906,1.2239452351895987,2.5649493574615367,3.170286208300974
