S1905_Actual,S1905_Simulated,S00112_Actual,S00112_Simulated,S00108_Actual,S00108_Simulated,S1481_Actual,S1481_Simulated
0.0,0.9071098113340569,4.1588830833596715,2.499131140053135,1.3862943611198906,1.5415685703871407,2.5649493574615367,3.085545834700197
0.0,1.7186517037469327,4.1588830833596715,2.8525489402321695,1.3862943611198906,1.2557054847033595,2.5649493574615367,2.6461701444136345
0.0,0.9424265673650776,4.1588830833596715,2.4828134764218954,1.3862943611198906,1.78309054000953,2.5649493574615367,1.861705447371823
