S1905_Actual,S1905_Simulated,S00112_Actual,S00112_Simulated,S00108_Actual,S00108_Simulated,S1481_Actual,S1481_Simulated
0.0,0.9071098113340569,4.1588830833596715,2.499131140053135,1.3862943611198906,1.5415685703871407,2.538973871058276,3.085545834700197
0.0,1.8411799976872119,4.1588830833596715,4.1316798904522845,1.3862943611198906,0.8501057550969326,2.5520459526256287,2.7927078808845733
0.0,0.0,4.1588830833596715,3.267716462085376,1.3862943611198906,1.68651313947965,2.5649493574615367,3.182863848235348
0.0,0.33276693784999356,4.1588830833596715,0.5144405956395621,1.3862943611198906,2.0601727644859573,2.5649493574615367,2.853208014918469
0.0,0.4080589923599836,4.1588830833596715,3.318902950582581,1.3862943611198906,1.1781340183218358,2.5649493574615367,2.720347638639137
0.0,0.4256950886257418,4.1588830833596715,2.3550978675357883,1.3862943611198906,1.471491347379065,2.5649493574615367,3.3567667479222147
