S00117_Actual,S00117_Simulated,S00108_Actual,S00108_Simulated
2.0794415416798357,2.744867328905036,1.3862943611198906,1.6701743144112084
2.0794415416798357,1.0804236101726223,1.3862943611198906,1.501516840515089
2.1972245773362196,3.327796146946336,1.3862943611198906,1.8183407784719996
2.1972245773362196,2.6594640565445027,1.3862943611198906,2.1467998217298936
2.1972245773362196,3.1539820390552267,1.3862943611198906,1.4551798449771134
2.1972245773362196,3.4397403207130615,1.3862943611198906,1.968763810665016
