RedundantThrowsDeclarationCheck_Actual,RedundantThrowsDeclarationCheck_Simulated,S00117_Actual,S00117_Simulated,S1488_Actual,S1488_Simulated,S1226_Actual,S1226_Simulated,S00112_Actual,S00112_Simulated,S1155_Actual,S1155_Simulated,S1132_Actual,S1132_Simulated,S1481_Actual,S1481_Simulated
1.0663514264498883,0.5284949674276187,0.0,0.23444185872781464,0.6931471805599453,0.6931423560017794,0.0,0.0,4.244405256797834,4.138059729609061,1.0986122886681098,1.098607464109944,1.0986122886681098,1.098607464109944,0.0,0.0
1.0826119473216684,0.0,0.0,0.28613959914365583,0.6931471805599453,0.6931524477665283,0.0,2.037992323835863e-06,4.246452340419559,4.231904163809509,1.0986122886681098,1.0986060206185908,1.0986122886681098,1.0986074957904686,0.0,0.0
1.0986122886681098,1.1203854488821592,0.0,0.31255155084615216,0.6931471805599453,0.693143183764495,0.0,0.0,4.248495242049359,3.998010950515124,1.0986122886681098,1.098611843456454,1.0986122886681098,1.0986047527093734,0.0,0.0
