RedundantThrowsDeclarationCheck_Actual,RedundantThrowsDeclarationCheck_Simulated,S00117_Actual,S00117_Simulated,S1488_Actual,S1488_Simulated,S1226_Actual,S1226_Simulated,S00112_Actual,S00112_Simulated,S1155_Actual,S1155_Simulated,S1132_Actual,S1132_Simulated,S1481_Actual,S1481_Simulated
1.0663514264498883,0.5284949674276187,0.0,0.23444185872781464,0.6931471805599453,0.6931423560017794,0.0,0.0,4.244405256797834,4.138059729609061,1.0986122886681098,1.098607464109944,1.0986122886681098,1.098607464109944,0.0,0.0
1.0826119473216684,0.8394142667030438,0.0,0.28672937173207513,0.6931471805599453,0.6931477734640882,0.0,0.0,4.246452340419559,4.240547877469096,1.0986122886681098,1.0986110145932715,1.0986122886681098,1.0986047331270532,0.0,0.0
1.0986122886681098,0.8040595203268454,0.0,0.0,0.6931471805599453,0.6931427996276588,0.0,0.0,4.248495242049359,4.273087638101047,1.0986122886681098,1.098608664179462,1.0986122886681098,1.0986031186908733,0.0,0.0
