RedundantThrowsDeclarationCheck_Actual,RedundantThrowsDeclarationCheck_Simulated,S00117_Actual,S00117_Simulated,S1488_Actual,S1488_Simulated,S1226_Actual,S1226_Simulated,S00112_Actual,S00112_Simulated,S1155_Actual,S1155_Simulated,S1132_Actual,S1132_Simulated,S1481_Actual,S1481_Simulated
1.0159205728229963,0.5284949674276187,0.0,0.23444185872781464,0.6931471805599453,0.6931423560017794,0.0,0.0,4.23823874188217,4.138059729609061,1.0986122886681098,1.098607464109944,1.0986122886681098,1.098607464109944,0.0,0.0
1.0330150061822962,0.5599578063552847,0.0,0.0,0.6931471805599453,0.69314490092257,0.0,0.0,4.24029847484518,4.143583451920113,1.0986122886681098,1.0986101029314252,1.0986122886681098,1.098605840212847,0.0,2.1095678894303673e-06
1.0498221244986776,0.378724714105145,0.0,0.5678590820808032,0.6931471805599453,0.6931468634120646,0.0,0.0,4.242353974027276,4.057934360744129,1.0986122886681098,1.0986058317475684,1.0986122886681098,1.0986083810855685,0.0,1.5585620995150888e-07
1.0663514264498883,0.761951663988864,0.0,0.035727824336662745,0.6931471805599453,0.6931439925307008,0.0,0.0,4.244405256797834,4.098621986727294,1.0986122886681098,1.0986115673191916,1.0986122886681098,1.0986101554069703,0.0,0.0
1.0826119473216684,0.7597507551819502,0.0,0.29162360937864384,0.6931471805599453,0.693140568656184,0.0,0.0,4.246452340419559,4.139667458613056,1.0986122886681098,1.0986147862428535,1.0986122886681098,1.0985997726057626,0.0,0.0
1.0986122886681098,0.9967445591158857,0.0,0.021828130218907588,0.6931471805599453,0.69314226613064,0.0,0.0,4.248495242049359,4.2806787294727915,1.0986122886681098,1.0986090640228512,1.0986122886681098,1.0986074974647146,0.0,0.0
