RedundantThrowsDeclarationCheck_Actual,RedundantThrowsDeclarationCheck_Simulated,S00122_Actual,S00122_Simulated,UselessImportCheck_Actual,UselessImportCheck_Simulated,DuplicatedBlocks_Actual,DuplicatedBlocks_Simulated,S00112_Actual,S00112_Simulated,S1155_Actual,S1155_Simulated,S00108_Actual,S00108_Simulated,S1151_Actual,S1151_Simulated,S1132_Actual,S1132_Simulated,S1481_Actual,S1481_Simulated
3.367295829986474,3.3331252332484014,0.0,0.08304238131212635,0.0,0.25552243955118464,3.784189633918261,3.677693041393701,5.181783550292085,4.506015685221908,1.3862943611198906,1.5126584539233403,4.844187086458591,4.951048185017842,0.6931471805599453,0.5891701679370687,3.044522437723423,2.9667565766053383,0.0,0.08795534274398453
3.367295829986474,3.355923809265494,0.0,0.0,0.0,0.0,3.784189633918261,3.5628303140282642,5.181783550292085,5.057297800206839,1.3862943611198906,1.2390702484874274,4.844187086458591,4.877047329081167,0.6931471805599453,0.5781221144086279,3.044522437723423,3.091386338694923,0.0,0.0
3.367295829986474,3.3659993867817297,0.0,0.1576696751686491,0.0,0.9196991644126149,3.784189633918261,3.6485028062999523,5.181783550292085,4.800389798085287,1.3862943611198906,1.8439344119368448,4.844187086458591,5.0367625361203885,0.6931471805599453,0.8197727625426362,3.044522437723423,2.8754152765183307,0.0,0.3512591297432441
3.367295829986474,3.258748037559645,0.0,0.320197268509853,0.0,0.07913752696257978,3.784189633918261,3.7506406555066816,5.181783550292085,3.685227775221959,1.3862943611198906,1.810840744633539,4.844187086458591,4.957714392816574,0.6931471805599453,0.3311324131823035,3.044522437723423,2.677976360288499,0.0,0.3472150305978353
3.367295829986474,3.3562493122608705,0.0,0.03217105489386117,0.0,0.7555235580323625,3.784189633918261,3.795977474453261,5.181783550292085,4.022270378799762,1.3862943611198906,1.4184152428342152,4.844187086458591,4.912019649392227,0.6931471805599453,0.7371559804426884,3.044522437723423,3.015825106662866,0.0,0.0
3.367295829986474,3.3355744573059605,0.0,0.13947695131542548,0.0,0.3779005014305926,3.784189633918261,3.5883201885674314,5.181783550292085,4.8778816397285665,1.3862943611198906,1.8598040830698919,4.844187086458591,4.935787408609072,0.6931471805599453,1.194744665450643,3.044522437723423,3.1837536213499225,0.0,0.0
