RedundantThrowsDeclarationCheck_Actual,RedundantThrowsDeclarationCheck_Simulated,S00122_Actual,S00122_Simulated,UselessImportCheck_Actual,UselessImportCheck_Simulated,DuplicatedBlocks_Actual,DuplicatedBlocks_Simulated,S00112_Actual,S00112_Simulated,S1155_Actual,S1155_Simulated,S00108_Actual,S00108_Simulated,S1151_Actual,S1151_Simulated,S1132_Actual,S1132_Simulated,S1481_Actual,S1481_Simulated
3.367295829986474,3.3331252332484014,0.0,0.08304238131212635,0.0,0.25552243955118464,3.784189633918261,3.677693041393701,5.181783550292085,4.506015685221908,1.3862943611198906,1.5126584539233403,4.844187086458591,4.951048185017842,0.6931471805599453,0.5891701679370687,3.044522437723423,2.9667565766053383,0.0,0.08795534274398453
3.367295829986474,3.2902019868667276,0.0,0.3688734072019476,0.0,0.8399133907029128,3.784189633918261,3.8560115554466634,5.181783550292085,4.921674819217029,1.3862943611198906,1.4667546323828888,4.844187086458591,4.958881790768418,0.6931471805599453,0.31273535639158895,3.044522437723423,3.1208491303550896,0.0,0.0
3.367295829986474,3.341576683286557,0.0,0.0,0.0,0.562744576334222,3.784189633918261,3.5467335173921857,5.181783550292085,5.049451352941951,1.3862943611198906,1.2486564519232533,4.844187086458591,4.877392605783987,0.6931471805599453,0.5755238673814763,3.044522437723423,2.9264075960889833,0.0,0.06566416609713682
3.367295829986474,3.3082849140745245,0.0,0.04285976895383081,0.0,0.04088702293157609,3.784189633918261,3.5948165954988536,5.181783550292085,5.389560969222505,1.3862943611198906,1.291597244184103,4.844187086458591,4.922553624098302,0.6931471805599453,1.0207650835326936,3.044522437723423,3.2147376342134515,0.0,0.6380187760691908
3.367295829986474,3.2789648110613614,0.0,0.0,0.0,0.4231462829647301,3.784189633918261,3.8273170771171547,5.181783550292085,4.251282266365975,1.3862943611198906,1.998521411813142,4.844187086458591,4.891908561853517,0.6931471805599453,0.8776800814778165,3.044522437723423,3.2270612398460248,0.0,0.0
3.367295829986474,3.3073620798126133,0.0,0.0,0.0,0.8646670480394583,3.784189633918261,3.582982993091342,5.181783550292085,3.7283893353292292,1.3862943611198906,1.5485162851195096,4.844187086458591,4.8538953568249,0.6931471805599453,0.24633439003932805,3.044522437723423,3.2254856101956886,0.0,0.29006826492564597
