RedundantThrowsDeclarationCheck_Actual,RedundantThrowsDeclarationCheck_Simulated,S00117_Actual,S00117_Simulated,S1488_Actual,S1488_Simulated,UselessImportCheck_Actual,UselessImportCheck_Simulated,DuplicatedBlocks_Actual,DuplicatedBlocks_Simulated,S00112_Actual,S00112_Simulated,S00108_Actual,S00108_Simulated,S1151_Actual,S1151_Simulated,S1132_Actual,S1132_Simulated,S1481_Actual,S1481_Simulated
1.0608719606852626,0.25241187134073034,0.0,0.18529177914319295,0.6931471805599453,0.6743462050229961,0.0,1.1795748374291268,1.9459101490553132,2.628571057555208,4.243721963296702,3.400715103324849,1.0986122886681098,0.9743739085513304,1.6094379124341003,1.566371245538988,1.0986122886681098,1.0986074641099446,0.0,0.28515064114304844
1.0685348334308318,0.5874072230795317,0.0,0.6739299207100586,0.6931471805599453,0.6268819407733123,0.0,1.3416400981391259,1.9459101490553132,2.0620497924516092,4.244678443522658,3.687460614021196,1.0986122886681098,0.6732429865322023,1.6094379124341003,1.5303434662178876,1.0986122886681098,1.0986018197957026,0.0,0.26964615152285576
1.076139432816051,0.6229718190759144,0.0,0.0,0.6931471805599453,0.6656543205025846,0.0,1.5966132757997857,1.9459101490553132,2.654696760928268,4.2456340097683265,2.052518885612383,1.0986122886681098,0.9666799339006993,1.6094379124341003,1.4104771218867758,1.0986122886681098,1.0986084620846264,0.0,0.23149843234983153
1.083686638451434,1.0448341833875014,0.0,0.0,0.6931471805599453,0.7929869144043058,0.0,1.1887498547207025,1.9459101490553132,3.3383151656181553,4.246588663778778,3.8477469116322958,1.0986122886681098,0.9292391183878274,1.6094379124341003,1.6075972818472948,1.0986122886681098,1.0986045347387872,0.0,0.05868924549427862
1.0911773101805915,0.0,0.0,0.21868337636487753,0.6931471805599453,0.7463059255637455,0.0,1.044888101399101,1.9459101490553132,2.602274723634912,4.2475424072940875,3.025895917634046,1.0986122886681098,0.8666373321967216,1.6094379124341003,1.474010600761927,1.0986122886681098,1.0986041218645366,0.0,0.3484213659635814
1.0986122886681098,0.9246784046816388,0.0,0.0,0.6931471805599453,0.6109938282285456,0.0,0.7329535043400068,1.9459101490553132,3.1827354946011894,4.248495242049359,4.705457514276114,1.0986122886681098,0.8767588879752937,1.6094379124341003,1.547850741637265,1.0986122886681098,1.098609066598031,0.0,0.15119434191176212
