S00117_Actual,S00117_Simulated,S00108_Actual,S00108_Simulated
2.0794415416798357,2.09329325710229,1.3862943611198906,1.3862895365617247
2.0794415416798357,2.086418706964381,1.3862943611198906,1.3862904066797508
2.1972245773362196,2.0785137775314553,1.3862943611198906,1.3862921904281533
2.1972245773362196,2.121507012561938,1.3862943611198906,1.3862944946997022
2.1972245773362196,2.109780369679752,1.3862943611198906,1.386286095622573
2.1972245773362196,2.0852014912745562,1.3862943611198906,1.3862891686293135
