S00117_Actual,S00117_Simulated,S00108_Actual,S00108_Simulated
2.0794415416798357,2.09329325710229,1.3862943611198906,1.3862895365617247
2.0794415416798357,2.0955804342683013,1.3862943611198906,1.3862918601808398
2.1972245773362196,2.0992165570581984,1.3862943611198906,1.3863000707223556
2.1972245773362196,2.088735298960997,1.3862943611198906,1.386283467304915
2.1972245773362196,2.013454076439447,1.3862943611198906,1.386288625449184
2.1972245773362196,2.05006939058042,1.3862943611198906,1.3862928094407225
