S00117_Actual,S00117_Simulated,S00108_Actual,S00108_Simulated
2.0794415416798357,2.09329325710229,1.3862943611198906,1.3862895365617247
2.0794415416798357,2.113647183496439,1.3862943611198906,1.3862880498081696
2.1972245773362196,2.096925472226642,1.3862943611198906,1.386290685717396
2.1972245773362196,2.1231828704251945,1.3862943611198906,1.386290690187292
2.1972245773362196,2.0328081440474177,1.3862943611198906,1.3862876721438433
2.1972245773362196,2.053260169146469,1.3862943611198906,1.3862824897709876
