S00117_Actual,S00117_Simulated,S00112_Actual,S00112_Simulated,S00108_Actual,S00108_Simulated,S1151_Actual,S1151_Simulated,S1132_Actual,S1132_Simulated
1.0986122886681098,0.747335632553444,3.332204510175204,1.6889869029199953,0.0,0.0,0.0,0.0,0.0,0.18393647179709674
1.0986122886681098,0.829034888405145,3.332204510175204,1.3725655008092432,0.0,0.0,0.0,0.0,0.0,0.6927944755084419
1.0986122886681098,1.237863298379839,3.332204510175204,0.8551184553417969,0.0,0.0,0.0,0.0,0.0,0.6357250077292623
1.0986122886681098,0.0,3.332204510175204,2.114551726594679,0.0,0.0,0.0,0.0,0.0,0.0
1.0986122886681098,1.2746602133816187,3.332204510175204,1.9899593312234236,0.0,0.0,0.0,0.0,0.0,0.0
1.0986122886681098,0.4587734618075311,3.332204510175204,1.7049008040091516,0.0,0.0,0.0,0.0,0.0,0.0
