RedundantThrowsDeclarationCheck_Actual,RedundantThrowsDeclarationCheck_Simulated,S00117_Actual,S00117_Simulated,S1488_Actual,S1488_Simulated,S1226_Actual,S1226_Simulated,S00112_Actual,S00112_Simulated,S1155_Actual,S1155_Simulated,S1132_Actual,S1132_Simulated,S1481_Actual,S1481_Simulated
1.0159205728229963,0.5284949674276187,0.0,0.23444185872781464,0.6931471805599453,0.6931423560017794,0.0,0.0,4.23823874188217,4.138059729609061,1.0986122886681098,1.098607464109944,1.0986122886681098,1.098607464109944,0.0,0.0
1.0330150061822962,0.6203033796053513,0.0,0.33594952343511325,0.6931471805599453,0.6931448881272357,0.0,0.0,4.24029847484518,4.111355576237512,1.0986122886681098,1.0986070776173162,1.0986122886681098,1.0986111227658075,0.0,0.0
1.0498221244986776,0.8905336438755564,0.0,0.2874030970459103,0.6931471805599453,0.6931428740116977,0.0,0.0,4.242353974027276,4.233801848630491,1.0986122886681098,1.098609005423188,1.0986122886681098,1.0986080474708928,0.0,0.0
1.0663514264498883,0.0,0.0,0.0,0.6931471805599453,0.6931445771475004,0.0,0.0,4.244405256797834,4.23852130716594,1.0986122886681098,1.0986055622623505,1.0986122886681098,1.0986061494597303,0.0,0.0
1.0826119473216684,0.5228474624834842,0.0,0.2994799607308145,0.6931471805599453,0.6931425086486047,0.0,0.0,4.246452340419559,3.9402649901350957,1.0986122886681098,1.0986147712509862,1.0986122886681098,1.0986022313890673,0.0,0.0
1.0986122886681098,1.5854078761025068,0.0,0.0,0.6931471805599453,0.6931456280984647,0.0,0.0,4.248495242049359,4.309749904172551,1.0986122886681098,1.0986039920868456,1.0986122886681098,1.098607754132623,0.0,0.0
