RedundantThrowsDeclarationCheck_Actual,RedundantThrowsDeclarationCheck_Simulated,S00117_Actual,S00117_Simulated,S1488_Actual,S1488_Simulated,S1226_Actual,S1226_Simulated,S00112_Actual,S00112_Simulated,S1155_Actual,S1155_Simulated,S1132_Actual,S1132_Simulated,S1481_Actual,S1481_Simulated
1.0159205728229963,0.5284949674276187,0.0,0.23444185872781464,0.6931471805599453,0.6931423560017794,0.0,0.0,4.23823874188217,4.138059729609061,1.0986122886681098,1.098607464109944,1.0986122886681098,1.098607464109944,0.0,0.0
1.0330150061822962,0.8089749140398341,0.0,0.18072142469108674,0.6931471805599453,0.6931420331524472,0.0,0.0,4.24029847484518,4.195303386106867,1.0986122886681098,1.0986052366166688,1.0986122886681098,1.0986070286854943,0.0,0.0
1.0498221244986776,0.13058246598821227,0.0,0.17396165738998304,0.6931471805599453,0.6931369375875303,0.0,0.0,4.242353974027276,4.032628539021127,1.0986122886681098,1.0986056241502342,1.0986122886681098,1.0986120553392238,0.0,0.0
1.0663514264498883,1.1256782864563548,0.0,0.0,0.6931471805599453,0.6931425488217845,0.0,0.0,4.244405256797834,4.013784778110341,1.0986122886681098,1.0986088597916257,1.0986122886681098,1.0986079198484187,0.0,1.3306854197811011e-06
1.0826119473216684,0.5379736841065511,0.0,0.0,0.6931471805599453,0.693141946858842,0.0,0.0,4.246452340419559,3.9948727922065963,1.0986122886681098,1.0986120699132331,1.0986122886681098,1.0986105715033965,0.0,0.0
1.0986122886681098,0.0,0.0,0.738241458130217,0.6931471805599453,0.6931460266486047,0.0,0.0,4.248495242049359,4.101576959424078,1.0986122886681098,1.098603893925472,1.0986122886681098,1.098609042709484,0.0,0.0
