RedundantThrowsDeclarationCheck_Actual,RedundantThrowsDeclarationCheck_Simulated,S00117_Actual,S00117_Simulated,S1488_Actual,S1488_Simulated,S1226_Actual,S1226_Simulated,S00112_Actual,S00112_Simulated,S1155_Actual,S1155_Simulated,S1132_Actual,S1132_Simulated,S1481_Actual,S1481_Simulated
1.0663514264498883,0.5284949674276187,0.0,0.23444185872781464,0.6931471805599453,0.6931423560017794,0.0,0.0,4.244405256797834,4.138059729609061,1.0986122886681098,1.098607464109944,1.0986122886681098,1.098607464109944,0.0,0.0
1.0826119473216684,1.3697313994668368,0.0,0.4152936200606966,0.6931471805599453,0.6931426284013094,0.0,0.0,4.246452340419559,4.193564681443711,1.0986122886681098,1.0986040410106679,1.0986122886681098,1.0986068131697693,0.0,0.0
1.0986122886681098,0.7909844550500424,0.0,0.5054467329070034,0.6931471805599453,0.6931368752886529,0.0,0.0,4.248495242049359,4.164144568648536,1.0986122886681098,1.0986068375351214,1.0986122886681098,1.0986068033388348,0.0,0.0
