S1213_Actual,S1213_Simulated,S1488_Actual,S1488_Simulated,S1226_Actual,S1226_Simulated,S00112_Actual,S00112_Simulated,S1151_Actual,S1151_Simulated,S1132_Actual,S1132_Simulated,S1481_Actual,S1481_Simulated
6.231355955723415,5.194460844659627,2.302585092994046,2.427345894429739,3.713572066704308,3.595057177045192,4.634728988229636,4.358025076129445,4.143134726391533,4.109089806957299,3.912023005428146,4.123671636980064,1.9459101490553132,2.6344328271877484
6.231574463317423,4.57593761051732,2.302585092994046,2.213880079493552,3.713572066704308,3.590827674780512,4.634728988229636,3.9596211475748957,4.143134726391533,4.055636182695855,3.912023005428146,4.126821568857697,1.9459101490553132,2.2884339690338376
6.231792923176292,5.438462991741876,2.302585092994046,2.2066463905148073,3.713572066704308,3.584104144213989,4.634728988229636,4.334392604622008,4.143134726391533,4.066464868826899,3.912023005428146,4.10484875055582,1.9459101490553132,1.8743093618148623
6.232011335320876,4.9802401424840514,2.302585092994046,1.783827473092027,3.713572066704308,3.56269827628053,4.634728988229636,4.29924262094719,4.143134726391533,4.093436875854751,3.912023005428146,4.087212742380337,1.9459101490553132,1.51596263625301
6.232229699772011,5.84605718829023,2.302585092994046,1.8143184132841466,3.713572066704308,3.537790855623295,4.634728988229636,4.492687465685193,4.143134726391533,4.108995047387756,3.912023005428146,3.894638364040034,1.9459101490553132,4.050685092736647
6.2324480165505225,4.770804091781642,2.302585092994046,2.083484488261351,3.713572066704308,3.5921711165704844,4.634728988229636,4.704555428284789,4.143134726391533,4.195508120446425,3.912023005428146,4.252981414251328,1.9459101490553132,2.84812775261725
