S1213_Actual,S1213_Simulated,S00117_Actual,S00117_Simulated,S00122_Actual,S00122_Simulated,S1905_Actual,S1905_Simulated,UselessImportCheck_Actual,UselessImportCheck_Simulated,DuplicatedBlocks_Actual,DuplicatedBlocks_Simulated,S1155_Actual,S1155_Simulated
5.777652323222656,5.905965091877481,5.755742213586912,5.623524564790877,6.3080984415095305,6.198847681621536,1.791759469228055,2.218394196647229,2.3978952727983707,3.5535918260069694,5.66988092298052,5.778379256897303,4.23410650459726,3.9342304055250064
5.777652323222656,6.184911006167202,5.755742213586912,6.0247735141010335,6.3080984415095305,5.946284029770962,1.791759469228055,2.231408437401164,2.302585092994046,3.324859824789417,5.66988092298052,5.194974399329804,4.23410650459726,3.3265597301690963
