RedundantThrowsDeclarationCheck_Actual,RedundantThrowsDeclarationCheck_Simulated,S00117_Actual,S00117_Simulated,S00112_Actual,S00112_Simulated,S00108_Actual,S00108_Simulated,S1151_Actual,S1151_Simulated,S1132_Actual,S1132_Simulated
5.733341276897746,5.41314405009518,5.811140992976701,5.634506233527824,5.739792912179234,5.480459152123185,4.356708826689592,4.348547832773054,4.663439094112067,4.783498160118609,6.289715570908998,6.054502525136856
5.717027701406222,5.236037249851619,5.808142489980444,5.11560215072787,5.726847747587197,5.9760755072674225,4.356708826689592,4.45727990271204,4.663439094112067,4.510058796167074,6.289715570908998,5.698230771250058
5.707110264748875,5.965926226936786,5.755742213586912,5.805389500907881,5.755742213586912,5.617865288851856,4.343805421853684,5.085895517641342,4.672828834461906,4.367193730376362,6.293419278846481,6.457677251925055
