S1213_Actual,S1213_Simulated,S1488_Actual,S1488_Simulated,S1226_Actual,S1226_Simulated,S00112_Actual,S00112_Simulated,S1155_Actual,S1155_Simulated,S1151_Actual,S1151_Simulated,S1132_Actual,S1132_Simulated,S1481_Actual,S1481_Simulated
6.231355955723415,5.458177381211143,2.302585092994046,2.5639136752782763,3.713572066704308,3.612707620117435,4.634728988229636,4.513232538445416,2.5649493574615367,2.5649445329033713,4.143134726391533,4.136614547411909,3.912023005428146,4.146989142702191,1.9459101490553132,2.1034097347123786
6.231574463317423,5.559169782950283,2.302585092994046,2.252049629333832,3.713572066704308,3.685405384889581,4.634728988229636,4.757012300295663,2.5649493574615367,2.5649432461179535,4.143134726391533,4.122196683175968,3.912023005428146,3.959721779846165,1.9459101490553132,2.185657313064548
6.231792923176292,5.388892029482686,2.302585092994046,2.657199490929488,3.713572066704308,3.6131084852994007,4.634728988229636,4.50433572180854,2.5649493574615367,2.5649468241661557,4.143134726391533,4.133348378937242,3.912023005428146,4.07170127871249,1.9459101490553132,1.7537859255116908
6.232011335320876,5.507596975191728,2.302585092994046,2.624638181148098,3.713572066704308,3.572662941682016,4.634728988229636,4.654612303772567,2.5649493574615367,2.564947491821284,4.143134726391533,4.135418896063508,3.912023005428146,4.117212511524854,1.9459101490553132,2.4220705731137175
6.232229699772011,4.905045191466252,2.302585092994046,2.574399911299008,3.713572066704308,3.5846332776774155,4.634728988229636,4.626304873100643,2.5649493574615367,2.5649461533894926,4.143134726391533,4.146104430058196,3.912023005428146,4.310980605630425,1.9459101490553132,1.6484300581931106
6.2324480165505225,4.634197777033614,2.302585092994046,2.959022190874025,3.713572066704308,3.6684177214347704,4.634728988229636,4.467080227614772,2.5649493574615367,2.564943810867119,4.143134726391533,4.143377961029756,3.912023005428146,4.065875668607608,1.9459101490553132,2.52614986913203
