S1213_Actual,S1213_Simulated,RedundantThrowsDeclarationCheck_Actual,RedundantThrowsDeclarationCheck_Simulated,S00117_Actual,S00117_Simulated,S00122_Actual,S00122_Simulated,S1905_Actual,S1905_Simulated,UselessImportCheck_Actual,UselessImportCheck_Simulated,DuplicatedBlocks_Actual,DuplicatedBlocks_Simulated
5.765191102784844,5.905965091877481,5.733341276897746,5.406354149356674,5.811140992976701,5.623524564790877,6.298949246855942,6.198847681621536,1.791759469228055,2.218394196647229,2.772588722239781,3.5535918260069694,5.66988092298052,5.778379256897303
5.75890177387728,6.326771525634454,5.703782474656201,5.736237567651198,5.808142489980444,6.200841370425907,6.278521424165844,5.413350148725386,1.791759469228055,0.0,2.302585092994046,4.244347088935889,5.6131281063880705,6.001248035665408
5.7745515455444085,6.211883884326704,5.717027701406222,5.601814560477205,5.808142489980444,5.990992992049268,6.278521424165844,6.411431016328269,1.791759469228055,1.9032814730829604,2.4849066497880004,3.892765426104121,5.616771097666572,6.047049841765352
5.765191102784844,6.319042181622164,5.71042701737487,5.50005870434875,5.808142489980444,5.916043319285052,6.2878585601617845,6.349620269962816,1.791759469228055,2.1197317675023983,2.302585092994046,3.633650039910461,5.616771097666572,5.2928134186329245
5.777652323222656,6.129282639371166,5.707110264748875,5.04814983680985,5.755742213586912,5.1516979417848905,6.3080984415095305,5.89947407768166,1.791759469228055,2.508623860212184,2.3978952727983707,6.01145127165606,5.66988092298052,5.97333477747763
5.777652323222656,6.0271996096458285,5.707110264748875,5.986896044063296,5.755742213586912,6.272754737233587,6.3080984415095305,6.571046567479258,1.791759469228055,1.6257358876833075,2.302585092994046,2.972605356697269,5.66988092298052,6.3513722442386396
