S1213_Actual,S1213_Simulated,S00122_Actual,S00122_Simulated,DuplicatedBlocks_Actual,DuplicatedBlocks_Simulated,S1226_Actual,S1226_Simulated,S00112_Actual,S00112_Simulated,S1155_Actual,S1155_Simulated,S00108_Actual,S00108_Simulated,S1151_Actual,S1151_Simulated,S1132_Actual,S1132_Simulated
0.0367013668504281,0.8654164806904682,0.0,0.19170098661429782,0.0,0.46172097945521134,0.0,0.11196008221551346,0.018519047767237597,0.46128570284664755,0.0,0.046991420998253174,0.0,0.19702941544705932,0.018519047767237597,0.6025512276968152,0.0,0.5169270278182613
0.018519047767237697,0.4132205449849579,0.0,0.12904476176274876,0.0,1.4115183769689899,0.0,0.4501746578382264,0.009302392662313554,0.0,0.0,0.0,0.0,0.4250132832731255,0.009302392662313554,1.0980120471429622,0.0,0.7081571456132832
0.0,1.0558893113481698,0.0,0.2181914026348026,0.0,0.3021853605525979,0.0,0.47228498760641785,0.0,0.0,0.0,0.22076070102130493,0.0,0.14790752814178076,0.0,0.587167272768881,0.0,0.0
