RedundantThrowsDeclarationCheck_Actual,RedundantThrowsDeclarationCheck_Simulated,S00122_Actual,S00122_Simulated,S1905_Actual,S1905_Simulated,UselessImportCheck_Actual,UselessImportCheck_Simulated,DuplicatedBlocks_Actual,DuplicatedBlocks_Simulated,S1226_Actual,S1226_Simulated,S1155_Actual,S1155_Simulated,S1151_Actual,S1151_Simulated,S1132_Actual,S1132_Simulated,S1481_Actual,S1481_Simulated
0.0,0.13061218153693147,0.0,0.19903756679548096,0.0,0.0627247989161265,0.23270468455819335,2.067760709232467,0.0,0.4722537343060408,0.0,0.11086315715662766,0.0,0.05140755755911177,0.021599111803461798,0.6143608525794846,0.0,0.5357143502130369,0.021599111803461798,0.794859720905366
0.0,0.8151635074042592,0.0,0.07801464929718786,0.0,0.14994204531845617,0.19029550263309924,1.7282712967720175,0.0,0.14593529936952016,0.0,0.36252973257557664,0.0,0.3692637061290872,0.017316450011460875,0.022963890705726797,0.0,0.0,0.017316450011460875,0.34579917685001693
0.0,0.006474946520623276,0.0,0.4467265759892002,0.0,0.26756894670202214,0.1460078224319825,2.772508982617243,0.0,1.3672476506154105,0.0,0.8285122934802102,0.0,0.0,0.0130153681120703,1.38364316936637,0.0,0.9201323456843183,0.0130153681120703,2.081281490680341
0.0,0.0,0.0,0.5532355269724172,0.0,0.5860309679842718,0.09966748517328153,1.6043223685437014,0.0,0.0,0.0,0.0,0.0,0.08367425257454017,0.008695706967553821,1.0316836022215414,0.0,0.522536835260972,0.008695706967553821,1.374177215627936
0.0,0.0,0.0,0.9018176969028018,0.0,0.23914979272879824,0.05107492993641579,2.016131510609865,0.0,0.0,0.0,0.0,0.0,0.0,0.00435730536895569,0.2739340458104691,0.0,0.6487585361285483,0.00435730536895569,1.874922488254701
0.0,0.6571738558494677,0.0,0.11870530465611308,0.0,0.0,0.0,1.185609158743267,0.0,0.0,0.0,0.25124263795555973,0.0,0.051417666373003656,0.0,0.5295781955354999,0.0,0.2501913390219793,0.0,1.1053333622053696
