RedundantThrowsDeclarationCheck_Actual,RedundantThrowsDeclarationCheck_Simulated,S00122_Actual,S00122_Simulated,S1905_Actual,S1905_Simulated,UselessImportCheck_Actual,UselessImportCheck_Simulated,DuplicatedBlocks_Actual,DuplicatedBlocks_Simulated,S1226_Actual,S1226_Simulated,S1155_Actual,S1155_Simulated,S1151_Actual,S1151_Simulated,S1132_Actual,S1132_Simulated,S1481_Actual,S1481_Simulated
0.0,0.13061218153693147,0.0,0.19903756679548096,0.0,0.0627247989161265,0.23270468455819335,2.067760709232467,0.0,0.4722537343060408,0.0,0.11086315715662766,0.0,0.05140755755911177,0.021599111803461798,0.6143608525794846,0.0,0.5357143502130369,0.021599111803461798,0.794859720905366
0.0,1.200006306444655,0.0,0.43509015087510794,0.0,0.20048981117551604,0.19029550263309924,3.33689894044885,0.0,1.6649576099529217,0.0,0.08444988002473078,0.0,0.0,0.017316450011460875,0.514783213613204,0.0,1.2117142185439382,0.017316450011460875,1.4952702556270077
0.0,0.043645264322154584,0.0,0.7334466975174099,0.0,0.0,0.1460078224319825,2.182553450998311,0.0,0.6072100604664982,0.0,0.06392502961017468,0.0,0.40825949924439175,0.0130153681120703,0.5694635994110192,0.0,1.3512075408538724,0.0130153681120703,0.20096530856537798
0.0,0.4985112448244845,0.0,0.6343204850638815,0.0,0.5196274246920386,0.09966748517328153,1.831411394803229,0.0,0.11394288102525701,0.0,0.0931303984597796,0.0,0.04454266740824966,0.008695706967553821,0.7626616274902459,0.0,0.6278980308516092,0.008695706967553821,0.6839581396465926
0.0,0.01732300447828175,0.0,0.0,0.0,0.4344598481155789,0.05107492993641579,1.0164739442933441,0.0,0.267218473931063,0.0,0.21550690575895073,0.0,0.2731776528720719,0.00435730536895569,0.4548072251574189,0.0,0.0,0.00435730536895569,0.7440528572246241
0.0,0.6661275285868636,0.0,0.0,0.0,0.10580821602749335,0.0,0.47618030791952615,0.0,0.0,0.0,0.09351742595455928,0.0,0.0,0.0,1.0368724433948586,0.0,0.0,0.0,0.0
