RedundantThrowsDeclarationCheck_Actual,RedundantThrowsDeclarationCheck_Simulated,S00117_Actual,S00117_Simulated,S1488_Actual,S1488_Simulated,S1226_Actual,S1226_Simulated,S00112_Actual,S00112_Simulated,S1155_Actual,S1155_Simulated,S00108_Actual,S00108_Simulated,S1132_Actual,S1132_Simulated,S1481_Actual,S1481_Simulated
2.4849066497880004,2.4351529294238996,3.7376696182833684,3.6722441908396397,0.0,0.0,2.5649493574615367,2.5672529730537423,4.844187086458591,4.8074087568215615,0.0,0.40739436740944157,1.3862943611198906,0.6401965770877169,2.9444389791664403,2.944434154608274,1.0986122886681098,1.6906070759942677
2.4849066497880004,2.439779449338653,3.728100167267218,3.691548258026088,0.0,0.0,2.5649493574615367,2.5741542288440256,4.847331743138063,4.733853305213709,0.0,0.9380178246844213,1.3862943611198906,0.0,2.9444389791664403,2.94444274740943,1.0986122886681098,1.3663399220061005
2.4849066497880004,2.4626075447860725,3.7184382563554808,3.694236333939849,0.0,0.0,2.5649493574615367,2.5679338046031353,4.850466541943434,4.802555721552915,0.0,0.7323401386970767,1.3862943611198906,1.5415897613571814,2.9444389791664403,2.9444393740181525,1.0986122886681098,1.5905223890507723
2.4849066497880004,2.457768049458783,3.708682081410116,3.655915218115538,0.0,0.0,2.5649493574615367,2.5542321572836983,4.853591544486569,4.800769005672152,0.0,0.7734127323752338,1.3862943611198906,0.5190570891811546,2.9444389791664403,2.9444308921566957,1.0986122886681098,1.9777377549799373
2.4849066497880004,2.418900446976664,3.6988297849671046,3.677131867463895,0.0,0.0,2.5649493574615367,2.560342647887273,4.856706811803519,4.809394553257905,0.0,0.23536892645890814,1.3862943611198906,0.0,2.9444389791664403,2.944430843243058,1.0986122886681098,2.1819505827058165
2.4849066497880004,2.4423548720102812,3.6888794541139363,3.7003153724614704,0.0,0.0,2.5649493574615367,2.5724239850015245,4.859812404361672,4.813078674105061,0.0,0.13702469677826812,1.3862943611198906,0.25820767057059657,2.9444389791664403,2.9444298462603005,1.0986122886681098,1.5445778029675776
