RedundantThrowsDeclarationCheck_Actual,RedundantThrowsDeclarationCheck_Simulated,S00117_Actual,S00117_Simulated,S1488_Actual,S1488_Simulated,S1226_Actual,S1226_Simulated,S00112_Actual,S00112_Simulated,S1155_Actual,S1155_Simulated,S00108_Actual,S00108_Simulated,S1132_Actual,S1132_Simulated,S1481_Actual,S1481_Simulated
2.4849066497880004,2.4351529294238996,3.708682081410116,3.6722441908396397,0.0,0.0,2.5649493574615367,2.5672529730537423,4.853591544486569,4.8074087568215615,0.0,0.40739436740944157,1.3862943611198906,0.6401965770877169,2.9444389791664403,2.944434154608274,1.0986122886681098,1.6906070759942677
2.4849066497880004,2.408287774856001,3.6988297849671046,3.668336168957755,0.0,0.0,2.5649493574615367,2.5795038244828605,4.856706811803519,4.816252725315664,0.0,0.07919069778815868,1.3862943611198906,0.5498812575392035,2.9444389791664403,2.9444281749608363,1.0986122886681098,1.7914612288999958
2.4849066497880004,2.459592026393846,3.6888794541139363,3.670821587718497,0.0,2.7771240899152162e-06,2.5649493574615367,2.55267685071401,4.859812404361672,4.8295567783705105,0.0,0.2340541792856224,1.3862943611198906,1.3057924326927175,2.9444389791664403,2.944435540151375,1.0986122886681098,1.0223270005082776
