,Actual_last_5_vals,Simulated_0,Simulated_1,Simulated_2,Simulated_3,Simulated_4,Simulated_5,Simulated_6,Simulated_7,Simulated_8,Simulated_9,Simulated_10,Simulated_11,Simulated_12,Simulated_13,Simulated_14,Simulated_15,Simulated_16,Simulated_17,Simulated_18,Simulated_19,Simulated_20,Simulated_21,Simulated_22,Simulated_23,Simulated_24,Simulated_25,Simulated_26,Simulated_27,Simulated_28,Simulated_29
131,108851.0,,,,,,,,,,,,,,,,,,,,,,,,,,,,,,
132,110243.0,,,,,,,,,,,,,,,,,,,,,,,,,,,,,,
133,110861.0,,,,,,,,,,,,,,,,,,,,,,,,,,,,,,
134,121632.0,,,,,,,,,,,,,,,,,,,,,,,,,,,,,,
135,117762.0,,,,,,,,,,,,,,,,,,,,,,,,,,,,,,
136,,113017.97423484498,113017.97423484498,113017.97423484498,113017.97423484498,113017.97423484498,113017.97423484498,113017.97423484498,113017.97423484498,113017.97423484498,113017.97423484498,113017.97423484498,113017.97423484498,113017.97423484498,113017.97423484498,113017.97423484498,113017.97423484498,113017.97423484498,113017.97423484498,113017.97423484498,113017.97423484498,113017.97423484498,113017.97423484498,113017.97423484498,113017.97423484498,113017.97423484498,113017.97423484498,113017.97423484498,113017.97423484498,113017.97423484498,113017.97423484498
137,,124437.24384146438,109066.48521351076,110943.08902639555,112004.2202390269,117678.62780260666,112284.4897332276,125193.44373269471,116635.96893314415,112974.79058756815,110342.27881224352,110887.6753017366,107566.52366991217,105153.63454907396,115622.47526267786,107244.78017582108,105602.54728272166,111683.63513486121,98920.89932880807,123780.31377978649,116877.47885670124,106535.79079618269,113764.67290301544,116317.28852141659,101098.59625044352,118671.33325712386,110751.81625153667,117781.34007486049,101594.17754289504,117915.68943583866,108464.60197902012
