RedundantThrowsDeclarationCheck_Actual,RedundantThrowsDeclarationCheck_Simulated,S00122_Actual,S00122_Simulated,UselessImportCheck_Actual,UselessImportCheck_Simulated,S00112_Actual,S00112_Simulated,S1155_Actual,S1155_Simulated,S00108_Actual,S00108_Simulated,S1151_Actual,S1151_Simulated,S1132_Actual,S1132_Simulated,S1481_Actual,S1481_Simulated
3.367295829986474,3.182826244321462,0.0,0.17804065448848427,0.0,1.0120744067826586,5.181783550292085,3.495480419818657,1.3862943611198906,1.4002786624897638,4.844187086458591,4.465479026967496,0.6931471805599453,0.3168034653383228,3.044522437723423,2.3619558113018173,0.0,1.1044258036092558
3.367295829986474,3.0026279648862375,0.0,0.4317199079482784,0.0,2.1659193676671276,5.181783550292085,3.2720373005539622,1.3862943611198906,2.5258231524213612,4.844187086458591,4.4382196613859115,0.6931471805599453,0.3558980811830533,3.044522437723423,3.3744806434142074,0.0,3.99522347890698
3.367295829986474,4.29537011516029,0.0,0.0,0.0,0.0,5.181783550292085,2.838612061997215,1.3862943611198906,2.7245381924768513,4.844187086458591,4.167023035268855,0.6931471805599453,0.20330298500617483,3.044522437723423,3.240528745789371,0.0,2.3926289562911007
3.367295829986474,2.4433423003296624,0.0,0.0,0.0,0.07555816839813001,5.181783550292085,5.0285481364884825,1.3862943611198906,2.0973177037381476,4.844187086458591,4.170776043570844,0.6931471805599453,0.3972366665477377,3.044522437723423,3.342092820070923,0.0,2.984703933907644
3.367295829986474,2.725766770915806,0.0,0.1648441341147875,0.0,1.7334626963296227,5.181783550292085,5.213988242823463,1.3862943611198906,2.2535919130979414,4.844187086458591,4.270216094199824,0.6931471805599453,0.0,3.044522437723423,3.562825402636615,0.0,0.0
3.367295829986474,3.4973788602838565,0.0,0.0,0.0,2.402338115561732,5.181783550292085,2.6595900135614765,1.3862943611198906,1.5525461390783992,4.844187086458591,3.0216546435310345,0.6931471805599453,0.6714146342120875,3.044522437723423,3.3711152055880804,0.0,2.2724348116255646
