S00117_Actual,S00117_Simulated
2.0794415416798357,2.636680193993027
2.0794415416798357,2.385811474099091
2.1972245773362196,1.0874433019474925
2.1972245773362196,5.708934065843437
2.1972245773362196,1.3099114523546396
2.1972245773362196,1.6359658229275962
