RedundantThrowsDeclarationCheck_Actual,RedundantThrowsDeclarationCheck_Simulated,S00117_Actual,S00117_Simulated,S00112_Actual,S00112_Simulated,S00108_Actual,S00108_Simulated,S1151_Actual,S1151_Simulated,S1132_Actual,S1132_Simulated
5.733341276897746,5.41314405009518,5.811140992976701,5.634506233527824,5.739792912179234,5.480459152123185,4.356708826689592,4.348547832773054,4.663439094112067,4.783498160118609,6.289715570908998,6.054502525136856
5.717027701406222,6.739228905399504,5.808142489980444,6.0985647101100735,5.726847747587197,5.359927593085155,4.356708826689592,4.044465885635611,4.663439094112067,4.837400304200009,6.289715570908998,5.90733249381356
5.707110264748875,5.549836018236966,5.755742213586912,5.076658093691022,5.755742213586912,4.888466157064613,4.343805421853684,5.806763198785259,4.672828834461906,4.927353761814701,6.293419278846481,6.067014412393197
