S1213_Actual,S1213_Simulated,S1488_Actual,S1488_Simulated,S1905_Actual,S1905_Simulated,DuplicatedBlocks_Actual,DuplicatedBlocks_Simulated,S1226_Actual,S1226_Simulated,S00112_Actual,S00112_Simulated,S1151_Actual,S1151_Simulated,S1132_Actual,S1132_Simulated,S1481_Actual,S1481_Simulated
5.438079308923196,5.315746943612542,2.1972245773362196,2.3448650609869333,0.6931471805599453,2.6336389706392938,5.043425116919247,4.510972925856334,3.713572066704308,3.8233103768142858,3.091042453358316,2.431549945789797,3.258096538021482,2.7244619324435924,3.5553480614894135,3.4205118984428196,1.9459101490553132,3.001156803470868
5.438079308923196,4.620002733975579,2.1972245773362196,2.4834793087740636,0.6931471805599453,0.0,5.043425116919247,3.3645284442246837,3.713572066704308,2.3406881267391157,3.091042453358316,3.3062554378160476,3.258096538021482,4.0344535076671715,3.5553480614894135,3.5326053347002357,1.9459101490553132,3.144424017970306
5.438079308923196,4.876805693405168,2.1972245773362196,3.240836197877677,0.6931471805599453,1.3268327169562477,5.043425116919247,4.658958229489357,3.713572066704308,3.2207380490556,3.091042453358316,2.793261354771723,3.258096538021482,4.917202188722632,3.5553480614894135,3.1205314140149287,1.9459101490553132,1.176252641123748
