S1213_Actual,S1213_Simulated,S1488_Actual,S1488_Simulated,S1905_Actual,S1905_Simulated,DuplicatedBlocks_Actual,DuplicatedBlocks_Simulated,S1226_Actual,S1226_Simulated,S00112_Actual,S00112_Simulated,S1151_Actual,S1151_Simulated,S1132_Actual,S1132_Simulated,S1481_Actual,S1481_Simulated
5.448173122092414,5.315746943612542,2.268683541318364,2.3448650609869333,0.6931471805599453,2.6336389706392938,5.015069891164122,4.510972925856334,3.721669276936927,3.8233103768142858,3.091042453358316,2.431549945789797,3.258096538021482,2.7244619324435924,3.5553480614894135,3.4205118984428196,1.9459101490553132,3.001156803470868
5.438079308923196,5.5447985034588125,2.1972245773362196,3.01494949314676,0.6931471805599453,2.131907017923418,5.043425116919247,4.70119408231283,3.713572066704308,5.194968243178226,3.091042453358316,1.737347779377485,3.258096538021482,2.011786744265719,3.5553480614894135,3.1631667021251957,1.9459101490553132,3.0658850595411233
5.438079308923196,5.221794290139032,2.1972245773362196,1.8109947730597449,0.6931471805599453,1.4246379510873406,5.043425116919247,3.5053224380346775,3.713572066704308,4.960098887401987,3.091042453358316,2.0023257828801264,3.258096538021482,2.0958893622831236,3.5553480614894135,4.157288114013805,1.9459101490553132,1.2579763772027512
5.438079308923196,5.338089252197629,2.1972245773362196,3.2542049360172505,0.6931471805599453,0.6513779613490482,5.043425116919247,3.874874003344715,3.713572066704308,4.090977297494267,3.091042453358316,2.214993086523314,3.258096538021482,2.7120612221178817,3.5553480614894135,3.0146714285455416,1.9459101490553132,3.3370755258500613
5.438079308923196,4.8273651215064355,2.1972245773362196,3.6883398366090407,0.6931471805599453,5.600652595868991,5.043425116919247,4.217361061037225,3.713572066704308,5.324752948558411,3.091042453358316,2.704345669977878,3.258096538021482,0.8603338359917632,3.5553480614894135,3.136210196982624,1.9459101490553132,2.5398880495219562
5.438079308923196,5.65184417103966,2.1972245773362196,1.5857902772285382,0.6931471805599453,1.3172452566475568,5.043425116919247,5.097920142058655,3.713572066704308,2.6713132450006682,3.091042453358316,1.9289053899198851,3.258096538021482,1.6511391553329549,3.5553480614894135,3.5564737222885183,1.9459101490553132,4.119426894471277
