S1213_Actual,S1213_Simulated,RedundantThrowsDeclarationCheck_Actual,RedundantThrowsDeclarationCheck_Simulated,S00117_Actual,S00117_Simulated,S00122_Actual,S00122_Simulated,S1488_Actual,S1488_Simulated,S1905_Actual,S1905_Simulated,UselessImportCheck_Actual,UselessImportCheck_Simulated,DuplicatedBlocks_Actual,DuplicatedBlocks_Simulated,S1226_Actual,S1226_Simulated,S00112_Actual,S00112_Simulated,S1155_Actual,S1155_Simulated,S00108_Actual,S00108_Simulated,S1151_Actual,S1151_Simulated,S1481_Actual,S1481_Simulated
5.043425116919247,4.98696277983771,2.772588722239781,2.523224370174143,2.0794415416798357,2.192246286688818,2.3978952727983707,2.8281600480032405,2.1972245773362196,1.7358608600617236,0.0,0.9213926515514955,0.6931471805599453,1.5749249081075742,3.828641396489095,3.701565418118755,4.248495242049359,4.140461665288957,4.1588830833596715,2.5010016100841277,0.6931471805599453,0.4619605043402298,1.3862943611198906,1.5502472928698183,0.0,0.0,2.5649493574615367,3.0944630585136337
5.043425116919247,4.7137691357936555,2.772588722239781,2.4199559133150945,2.0794415416798357,2.1261676952439355,2.3978952727983707,4.870301393341835,2.1972245773362196,1.7612909982228269,0.0,0.3611806119965373,0.6931471805599453,1.0825318823930192,3.828641396489095,3.1783473781676967,4.248495242049359,4.009307309770335,4.1588830833596715,1.2427055161497356,0.6931471805599453,0.0,1.3862943611198906,1.2326807859487126,0.0,0.0,2.5649493574615367,2.409073347428263
