S1226_Actual,S1226_Simulated,S00112_Actual,S00112_Simulated,S00108_Actual,S00108_Simulated,S1481_Actual,S1481_Simulated
4.248495242049359,4.134769788868201,4.1588830833596715,2.499131140053135,1.3862943611198906,1.5415685703871407,2.538973871058276,3.085545834700197
4.248495242049359,4.511812137126483,4.1588830833596715,2.5017375506686266,1.3862943611198906,1.3700669314988771,2.5520459526256287,3.780402212720001
4.248495242049359,3.976592002021205,4.1588830833596715,1.302743012238139,1.3862943611198906,0.9431871726820801,2.5649493574615367,3.808563768719941
4.248495242049359,4.239917189514396,4.1588830833596715,1.1744119732626686,1.3862943611198906,1.729341165931384,2.5649493574615367,3.6492638212797406
4.248495242049359,4.574542567536537,4.1588830833596715,0.9230999228119201,1.3862943611198906,1.4984918477041542,2.5649493574615367,2.412299266347753
4.248495242049359,3.923226145407341,4.1588830833596715,1.2601566770950345,1.3862943611198906,1.426987833709114,2.5649493574615367,3.672308701897729
