RedundantThrowsDeclarationCheck_Actual,RedundantThrowsDeclarationCheck_Simulated,S00122_Actual,S00122_Simulated,UselessImportCheck_Actual,UselessImportCheck_Simulated,DuplicatedBlocks_Actual,DuplicatedBlocks_Simulated,S00112_Actual,S00112_Simulated,S1155_Actual,S1155_Simulated,S00108_Actual,S00108_Simulated,S1151_Actual,S1151_Simulated,S1132_Actual,S1132_Simulated,S1481_Actual,S1481_Simulated
3.367295829986474,3.3155550724264624,0.0,0.055359941927323235,0.0,0.8070395836071071,3.784189633918261,3.5217311198689902,5.181783550292085,3.937388171701676,1.3862943611198906,1.6936312255832096,4.844187086458591,4.923849611127293,0.6931471805599453,0.3927783063744994,3.044522437723423,2.626472882405135,0.0,0.8974844098976632
3.367295829986474,3.3332235717926366,0.0,0.0,0.0,0.5351689246842226,3.784189633918261,3.787625367815984,5.181783550292085,4.211308958411628,1.3862943611198906,1.2848797778171164,4.844187086458591,4.928801350959278,0.6931471805599453,0.19790145530856504,3.044522437723423,2.774056686550662,0.0,0.0
3.367295829986474,3.3310528935519885,0.0,0.0,0.0,0.39859994351760475,3.784189633918261,3.44522757458963,5.181783550292085,5.14739348723269,1.3862943611198906,1.5288713394980042,4.844187086458591,5.012540220070117,0.6931471805599453,1.0122149760597836,3.044522437723423,3.3942326967528933,0.0,2.6857718538827733
3.367295829986474,3.2907764038909737,0.0,0.15072413567485274,0.0,2.0704945406998077,3.784189633918261,3.523583792038117,5.181783550292085,4.7751348498767054,1.3862943611198906,1.7037079306616312,4.844187086458591,4.737934854931144,0.6931471805599453,0.22503663836059704,3.044522437723423,2.855594117938686,0.0,2.5249853737480357
3.367295829986474,3.2364213881987016,0.0,0.0,0.0,0.0,3.784189633918261,2.88756318161154,5.181783550292085,4.185366234725062,1.3862943611198906,1.5892374889101932,4.844187086458591,4.870861607949945,0.6931471805599453,0.26538624471402994,3.044522437723423,2.5057998416903895,0.0,3.3676307112208144
3.367295829986474,3.289369931109207,0.0,0.0,0.0,1.473979155318859,3.784189633918261,3.7328302208773847,5.181783550292085,5.520419021406588,1.3862943611198906,2.0014568421472787,4.844187086458591,4.870411289364049,0.6931471805599453,0.7359821255968124,3.044522437723423,3.109302036304805,0.0,1.7019095566902407
