S1213_Actual,S1213_Simulated,S00122_Actual,S00122_Simulated,S1488_Actual,S1488_Simulated,DuplicatedBlocks_Actual,DuplicatedBlocks_Simulated,S1226_Actual,S1226_Simulated,S1155_Actual,S1155_Simulated,S00108_Actual,S00108_Simulated,S1151_Actual,S1151_Simulated,S1132_Actual,S1132_Simulated
0.08934510033585008,0.8654164806904682,0.0,0.19170098661429782,0.0,0.051733357324998425,0.0,0.46172097945521134,0.0,0.11196008221551346,0.0,0.046991420998253174,0.0,0.19702941544705932,0.04567003683318844,0.6025512276968152,0.0,0.5169270278182613
0.07210329390134407,0.736116828677766,0.0,0.07859687615138275,0.0,0.0,0.0,0.20437265284768602,0.0,0.0760756181263374,0.0,0.0,0.0,0.0,0.036701366850428,0.19922663455303452,0.0,0.0
0.0545589842504346,0.6333838803125493,0.0,0.2775777633012908,0.0,0.31428651223167536,0.0,0.8778356693364234,0.0,0.0,0.0,0.25192611133380866,0.0,0.0,0.027651531330510157,0.48521088450437244,0.0,0.6844595816989989
0.0367013668504281,1.0312320073263743,0.0,0.8489095488557539,0.0,0.0,0.0,0.0,0.0,0.305079824227653,0.0,0.2685107706470066,0.0,0.5919781250817809,0.018519047767237597,0.4788023883635746,0.0,0.623689490401936
0.018519047767237697,0.24434902543738435,0.0,0.0,0.0,0.00817061277505772,0.0,0.0,0.0,0.0,0.0,0.17445806158313634,0.0,0.0,0.009302392662313554,0.47366123799996107,0.0,0.0
0.0,0.5186685633040011,0.0,0.0,0.0,0.0,0.0,0.0,0.0,0.10608545602669901,0.0,0.08555456995507697,0.0,0.13290958622145868,0.0,0.5529424406399986,0.0,0.0
