S1488_Actual,S1488_Simulated,S1905_Actual,S1905_Simulated,UselessImportCheck_Actual,UselessImportCheck_Simulated,DuplicatedBlocks_Actual,DuplicatedBlocks_Simulated,S00112_Actual,S00112_Simulated,S1155_Actual,S1155_Simulated,S1132_Actual,S1132_Simulated,S1481_Actual,S1481_Simulated
1.0986122886681098,1.0077415013145123,0.0,1.571048938306501,0.6931471805599453,0.9610498910441571,1.8281271133989299,2.3875430850499346,3.332204510175204,1.6889869029199953,0.0,0.0,0.0,0.18393647179709674,0.20067069546215122,1.0812651235231558
1.0986122886681098,0.9982312109737413,0.0,1.7205511655965888,0.6931471805599453,0.9479823076525431,1.8101086078962514,2.3964981418180344,3.332204510175204,1.2872883447943333,0.0,0.0,0.0,0.29351724199416784,0.1053605156578263,0.8295284316602987
1.0986122886681098,0.7935960645907475,0.0,1.9918081409394321,0.6931471805599453,1.213025457408012,1.791759469228055,2.697280985581023,3.332204510175204,1.730562364016282,0.0,0.0,0.0,0.11234411177560609,0.0,1.5131729508405953
