S1488_Actual,S1488_Simulated,S1905_Actual,S1905_Simulated,UselessImportCheck_Actual,UselessImportCheck_Simulated,DuplicatedBlocks_Actual,DuplicatedBlocks_Simulated,S00112_Actual,S00112_Simulated,S1155_Actual,S1155_Simulated,S1132_Actual,S1132_Simulated,S1481_Actual,S1481_Simulated
1.0986122886681098,1.0077415013145123,0.0,1.571048938306501,0.6931471805599453,0.9610498910441571,1.8803128665695001,2.3875430850499346,3.332204510175204,1.6889869029199953,0.0,0.0,0.0,0.18393647179709674,0.44183275227903923,1.0812651235231558
1.0986122886681098,0.7391871682760938,0.0,1.3894312181318678,0.6931471805599453,0.9894096032362281,1.8632184332102,1.5478887489375555,3.332204510175204,1.3579216635890572,0.0,8.953013987267211e-07,0.0,0.28868329362855316,0.36772478012531734,2.460126951889585
1.0986122886681098,0.783182031611439,0.0,1.6709835412456873,0.6931471805599453,0.7994594187848563,1.8458266904983307,2.140339078520599,3.332204510175204,1.8225348747125354,0.0,0.0,0.0,0.0,0.2876820724517809,1.2176878431893423
1.0986122886681098,1.0656460433301322,0.0,2.2880330791491774,0.6931471805599453,0.24296475695641762,1.8281271133989299,3.0912152099559203,3.332204510175204,1.87345298285902,0.0,0.0,0.0,0.2562868779226533,0.20067069546215122,0.7849406820477828
1.0986122886681098,0.8754763801583412,0.0,2.273198299455063,0.6931471805599453,1.6003931208280369,1.8101086078962514,3.1829564793862035,3.332204510175204,1.2195090831491031,0.0,0.0,0.0,0.5636868844495931,0.1053605156578263,0.8248914159072495
1.0986122886681098,1.033584504900261,0.0,2.536504107430898,0.6931471805599453,0.4279677512153809,1.791759469228055,1.626360737300607,3.332204510175204,0.0,0.0,0.0,0.0,0.5955450489073383,0.0,0.8872125209447227
