S1213_Actual,S1213_Simulated,RedundantThrowsDeclarationCheck_Actual,RedundantThrowsDeclarationCheck_Simulated,S00117_Actual,S00117_Simulated,S00122_Actual,S00122_Simulated,S1488_Actual,S1488_Simulated,S1905_Actual,S1905_Simulated,UselessImportCheck_Actual,UselessImportCheck_Simulated,DuplicatedBlocks_Actual,DuplicatedBlocks_Simulated,S1226_Actual,S1226_Simulated,S00112_Actual,S00112_Simulated,S1155_Actual,S1155_Simulated,S00108_Actual,S00108_Simulated,S1151_Actual,S1151_Simulated,S1481_Actual,S1481_Simulated
5.043425116919247,4.98696277983771,2.772588722239781,2.523224370174143,2.0794415416798357,2.192246286688818,2.3978952727983707,2.8281600480032405,2.1972245773362196,1.7358608600617236,0.0,0.9213926515514955,0.6931471805599453,1.5749249081075742,3.828641396489095,3.701565418118755,4.248495242049359,4.140461665288957,4.1588830833596715,2.5010016100841277,0.6931471805599453,0.4619605043402298,1.3862943611198906,1.5502472928698183,0.0,0.0,2.5649493574615367,3.0944630585136337
5.043425116919247,5.667793091798827,2.772588722239781,0.8300155195096024,2.0794415416798357,2.2485207016693676,2.3978952727983707,3.702151145108947,2.1972245773362196,2.168622371010482,0.0,1.3069869693244838,0.6931471805599453,2.4117347344895848,3.828641396489095,3.4857422237273203,4.248495242049359,3.9992022762155237,4.1588830833596715,2.600711190347146,0.6931471805599453,0.2974607469562811,1.3862943611198906,1.402240974971792,0.0,0.0,2.5649493574615367,1.994634685040568
