S1213_Actual,S1213_Simulated,RedundantThrowsDeclarationCheck_Actual,RedundantThrowsDeclarationCheck_Simulated,S1488_Actual,S1488_Simulated,S1905_Actual,S1905_Simulated,DuplicatedBlocks_Actual,DuplicatedBlocks_Simulated,S1226_Actual,S1226_Simulated,S00112_Actual,S00112_Simulated
5.003946305945459,4.189295074572902,3.332204510175204,3.411590488688553,0.6931471805599453,1.5414280278559198,0.6931471805599453,0.08546578921313353,5.69035945432406,5.00170704510986,0.0,3.0021800730187986,6.7339969528486705,6.007955147221165
5.003946305945459,4.512012930487239,3.332204510175204,2.5157957775064412,0.6931471805599453,1.116741985345822,0.6931471805599453,0.21501884828500573,5.683579767338681,4.618773415440506,0.0,4.212495958794699,6.734591659972948,6.384874944298028
5.0106352940962555,4.708775420261275,3.332204510175204,2.3305201389124592,0.6931471805599453,1.1225096151560483,0.6931471805599453,0.034219493909273375,5.700443573390687,4.633609341932616,0.0,4.68895705115289,6.734591659972948,6.903705661808493
5.030437921392435,4.489982106004918,3.332204510175204,3.3891493979150265,0.6931471805599453,1.7161253772880276,0.6931471805599453,0.014884435385437059,5.68697535633982,5.341395935667797,0.0,0.5802513384668857,6.739336627357174,7.236517037162174
5.030437921392435,4.180123514154372,3.332204510175204,3.5376545694563983,0.6931471805599453,2.316906990794912,0.6931471805599453,0.473526342772868,5.697093486505405,5.647523667463061,0.0,2.132276223086892,6.75343791859778,5.710751126665049
5.087596335232384,4.5611414976004365,3.332204510175204,4.277055891458355,0.6931471805599453,1.8709848815020884,0.6931471805599453,0.2813373160540717,5.6937321388027,4.93371452337072,0.0,5.014993449096275,6.759255270663693,5.6881638311016065
