RedundantThrowsDeclarationCheck_Actual,RedundantThrowsDeclarationCheck_Simulated,S00122_Actual,S00122_Simulated,UselessImportCheck_Actual,UselessImportCheck_Simulated,DuplicatedBlocks_Actual,DuplicatedBlocks_Simulated,S00112_Actual,S00112_Simulated,S1155_Actual,S1155_Simulated,S00108_Actual,S00108_Simulated,S1151_Actual,S1151_Simulated,S1132_Actual,S1132_Simulated,S1481_Actual,S1481_Simulated
3.367295829986474,3.3331252332484014,0.0,0.08304238131212635,0.0,0.25552243955118464,3.784189633918261,3.677693041393701,5.181783550292085,4.506015685221908,1.3862943611198906,1.5126584539233403,4.844187086458591,4.951048185017842,0.6931471805599453,0.5891701679370687,3.044522437723423,2.9667565766053383,0.0,0.08795534274398453
3.367295829986474,3.4143160442272973,0.0,0.0,0.0,0.13525887594413202,3.784189633918261,3.8366453920999826,5.181783550292085,3.5190819682472174,1.3862943611198906,1.2690631139459285,4.844187086458591,4.863683933593626,0.6931471805599453,0.09879758634054697,3.044522437723423,3.27370807313568,0.0,0.4361923626793986
3.367295829986474,3.337462542211112,0.0,0.0,0.0,0.4819083074390724,3.784189633918261,3.5730085112347933,5.181783550292085,4.636534091193141,1.3862943611198906,1.3592653179197658,4.844187086458591,4.906526637407775,0.6931471805599453,0.41067215580409777,3.044522437723423,2.9748147358527692,0.0,0.0
3.367295829986474,3.3497988146184663,0.0,0.1633823835176046,0.0,0.32040557867041336,3.784189633918261,3.701204821774303,5.181783550292085,4.530981306603745,1.3862943611198906,1.519721964059765,4.844187086458591,5.088904619230714,0.6931471805599453,0.4268860789887783,3.044522437723423,3.5342331777398694,0.0,0.408815368775292
3.367295829986474,3.349482894627651,0.0,0.16115583661230737,0.0,0.0,3.784189633918261,3.6141143097698722,5.181783550292085,5.109022597289842,1.3862943611198906,1.4268557669252357,4.844187086458591,4.9690557520474155,0.6931471805599453,0.9327178334391959,3.044522437723423,3.0015423929311567,0.0,0.1984826750045368
3.367295829986474,3.2892320484584214,0.0,0.0,0.0,0.0,3.784189633918261,3.8241584503801658,5.181783550292085,4.4025187702220485,1.3862943611198906,1.7383342492095326,4.844187086458591,4.969699170343883,0.6931471805599453,0.4470131470380727,3.044522437723423,3.049563558972115,0.0,0.17286947560566165
