RedundantThrowsDeclarationCheck_Actual,RedundantThrowsDeclarationCheck_Simulated,S00122_Actual,S00122_Simulated,UselessImportCheck_Actual,UselessImportCheck_Simulated,DuplicatedBlocks_Actual,DuplicatedBlocks_Simulated,S00112_Actual,S00112_Simulated,S1155_Actual,S1155_Simulated,S00108_Actual,S00108_Simulated,S1151_Actual,S1151_Simulated,S1132_Actual,S1132_Simulated,S1481_Actual,S1481_Simulated
3.367295829986474,3.3331252332484014,0.0,0.08304238131212635,0.0,0.25552243955118464,3.784189633918261,3.677693041393701,5.181783550292085,4.506015685221908,1.3862943611198906,1.5126584539233403,4.844187086458591,4.951048185017842,0.6931471805599453,0.5891701679370687,3.044522437723423,2.9667565766053383,0.0,0.08795534274398453
3.367295829986474,3.3165383858355115,0.0,0.5473230455910667,0.0,0.0,3.784189633918261,3.7102946276525564,5.181783550292085,4.451099052621078,1.3862943611198906,1.3587635267804496,4.844187086458591,4.9972798221653045,0.6931471805599453,0.6430408456393361,3.044522437723423,3.0793326854555243,0.0,0.0
3.367295829986474,3.2635016375516965,0.0,0.0,0.0,0.20590281700846952,3.784189633918261,3.5155261551915404,5.181783550292085,4.286605785055067,1.3862943611198906,1.8836777362939776,4.844187086458591,4.924991654992428,0.6931471805599453,0.6008467655223908,3.044522437723423,3.017895441839683,0.0,0.17029176866007142
