RedundantThrowsDeclarationCheck_Actual,RedundantThrowsDeclarationCheck_Simulated,S00122_Actual,S00122_Simulated,UselessImportCheck_Actual,UselessImportCheck_Simulated,DuplicatedBlocks_Actual,DuplicatedBlocks_Simulated,S00112_Actual,S00112_Simulated,S1155_Actual,S1155_Simulated,S00108_Actual,S00108_Simulated,S1151_Actual,S1151_Simulated,S1132_Actual,S1132_Simulated,S1481_Actual,S1481_Simulated
3.367295829986474,3.3331252332484014,0.0,0.08304238131212635,0.0,0.25552243955118464,3.784189633918261,3.677693041393701,5.181783550292085,4.506015685221908,1.3862943611198906,1.5126584539233403,4.844187086458591,4.951048185017842,0.6931471805599453,0.5891701679370687,3.044522437723423,2.9667565766053383,0.0,0.08795534274398453
3.367295829986474,3.346723736221917,0.0,0.08169362435271296,0.0,1.0592299069707145,3.784189633918261,3.606643170649071,5.181783550292085,4.74987236036145,1.3862943611198906,0.990322196387956,4.844187086458591,4.8847343560962955,0.6931471805599453,0.05983886979796171,3.044522437723423,2.772439138726219,0.0,0.0
3.367295829986474,3.300459715141523,0.0,0.3188612096988786,0.0,0.8245834258034901,3.784189633918261,3.555266056668564,5.181783550292085,5.099496739199813,1.3862943611198906,1.1841499253359469,4.844187086458591,4.814678265680335,0.6931471805599453,0.677984204988389,3.044522437723423,3.2625894204325294,0.0,0.0
3.367295829986474,3.31648827553226,0.0,0.0,0.0,0.6042090969775609,3.784189633918261,3.740340307608952,5.181783550292085,4.727812782797902,1.3862943611198906,1.3151668913280734,4.844187086458591,4.94249208507895,0.6931471805599453,0.7488848197625058,3.044522437723423,3.0185043116129453,0.0,0.14956422904946617
3.367295829986474,3.3288084329245153,0.0,0.02107180727844924,0.0,0.0,3.784189633918261,3.753768181723859,5.181783550292085,4.199933528141815,1.3862943611198906,1.3092103389809628,4.844187086458591,4.940635103693792,0.6931471805599453,0.2529661076472451,3.044522437723423,3.1898950564614976,0.0,0.0
3.367295829986474,3.3269499709659813,0.0,0.0,0.0,0.0,3.784189633918261,3.548617193663075,5.181783550292085,4.250365059033921,1.3862943611198906,1.6074687438801398,4.844187086458591,4.838349395147974,0.6931471805599453,0.6997986160763521,3.044522437723423,2.6404577497295736,0.0,0.0
