RedundantThrowsDeclarationCheck_Actual,RedundantThrowsDeclarationCheck_Simulated,S00122_Actual,S00122_Simulated,UselessImportCheck_Actual,UselessImportCheck_Simulated,DuplicatedBlocks_Actual,DuplicatedBlocks_Simulated,S00112_Actual,S00112_Simulated,S1155_Actual,S1155_Simulated,S00108_Actual,S00108_Simulated,S1151_Actual,S1151_Simulated,S1132_Actual,S1132_Simulated,S1481_Actual,S1481_Simulated
3.367295829986474,3.3331252332484014,0.0,0.08304238131212635,0.0,0.25552243955118464,3.784189633918261,3.677693041393701,5.181783550292085,4.506015685221908,1.3862943611198906,1.5126584539233403,4.844187086458591,4.951048185017842,0.6931471805599453,0.5891701679370687,3.044522437723423,2.9667565766053383,0.0,0.08795534274398453
3.367295829986474,3.344564798965458,0.0,0.2850581654305703,0.0,0.0,3.784189633918261,3.6257843134293855,5.181783550292085,4.936646404666463,1.3862943611198906,1.3737504112659047,4.844187086458591,4.914397539695752,0.6931471805599453,0.6328437119286873,3.044522437723423,3.134066354366912,0.0,0.7702678758979261
3.367295829986474,3.3365098423622332,0.0,0.24948794189434229,0.0,0.0,3.784189633918261,3.5757622305389463,5.181783550292085,5.10214853103466,1.3862943611198906,1.7490045033924129,4.844187086458591,5.04433628182101,0.6931471805599453,0.1194613427231015,3.044522437723423,3.3796700145683833,0.0,0.0
3.367295829986474,3.323496769123122,0.0,0.0,0.0,0.30961216183070106,3.784189633918261,3.6751168815859994,5.181783550292085,3.891396661629885,1.3862943611198906,1.5272792442071865,4.844187086458591,4.888665544214922,0.6931471805599453,1.118366927398053,3.044522437723423,3.5937589413998676,0.0,0.0
3.367295829986474,3.355746997617892,0.0,0.23873175045430647,0.0,0.08978893237021038,3.784189633918261,3.680808620985144,5.181783550292085,4.6010699634645125,1.3862943611198906,1.315745686608723,4.844187086458591,4.9910170448381,0.6931471805599453,0.5941465443258122,3.044522437723423,3.286750793323779,0.0,0.21191825946129328
3.367295829986474,3.2983072411103658,0.0,0.2642399154728141,0.0,0.0,3.784189633918261,3.8068971218869025,5.181783550292085,4.638099517027279,1.3862943611198906,1.3695551790469982,4.844187086458591,4.977695045364355,0.6931471805599453,0.5382270540833436,3.044522437723423,2.873332084320684,0.0,0.0
