RedundantThrowsDeclarationCheck_Actual,RedundantThrowsDeclarationCheck_Simulated,S00117_Actual,S00117_Simulated,S1488_Actual,S1488_Simulated,S1226_Actual,S1226_Simulated,S00112_Actual,S00112_Simulated,S1132_Actual,S1132_Simulated,S1481_Actual,S1481_Simulated
1.0663514264498883,0.26424494468692766,0.0,0.18857179510065186,0.6931471805599453,0.6742804700449279,0.0,0.0,4.244405256797834,3.4160510287931776,1.0986122886681098,1.098607464109944,0.0,0.2632049367457456
1.0826119473216684,0.6738263776556888,0.0,0.9383042709387428,0.6931471805599453,0.6190877233079697,0.0,0.0,4.246452340419559,5.128343817227643,1.0986122886681098,1.098610929508354,0.0,0.0
1.0986122886681098,0.4103682967451238,0.0,0.06106620314450781,0.6931471805599453,0.7531913220025103,0.0,0.0,4.248495242049359,2.3564324566729513,1.0986122886681098,1.0986054374010377,0.0,0.637546818779907
