S1213_Actual,S1213_Simulated,RedundantThrowsDeclarationCheck_Actual,RedundantThrowsDeclarationCheck_Simulated,S00117_Actual,S00117_Simulated,S00122_Actual,S00122_Simulated,DuplicatedBlocks_Actual,DuplicatedBlocks_Simulated,S1226_Actual,S1226_Simulated,S00112_Actual,S00112_Simulated,S1155_Actual,S1155_Simulated,S00108_Actual,S00108_Simulated
4.442651256490317,3.9736462603351703,1.0986122886681098,0.7506859406485378,1.791759469228055,1.3000568012839122,2.5649493574615367,2.9404301144203595,3.295836866004329,2.3621206429605626,3.7612001156935624,2.945350239029016,3.6635616461296463,3.4455535302596,0.0,0.00845563664876762,1.6094379124341003,0.8320702696305738
4.454347296253507,4.589587891843098,1.0986122886681098,1.39154439763185,1.791759469228055,0.2125606615502349,2.5649493574615367,0.0,3.295836866004329,2.42260954083242,3.7612001156935624,3.185473664837564,3.7612001156935624,4.569460895777027,0.0,0.013489699884994188,1.6094379124341003,0.9387664898373932
4.465908118654584,5.08593910236157,1.0986122886681098,0.9071176848288278,1.791759469228055,0.7010041573864036,2.5649493574615367,4.563549892919299,3.295836866004329,2.160941752818074,3.7612001156935624,1.1970432122912724,3.7612001156935624,3.8983975496485943,0.0,0.10239632302979332,1.6094379124341003,1.5327696314884567
4.473541743509655,4.0759090976820005,1.0986122886681098,1.4610822968527546,1.8458266904983307,1.7740650761756012,2.5649493574615367,1.9142918060923526,3.295836866004329,0.5688598463845851,3.7689221617874726,3.038708682438404,3.784189633918261,2.820833669278037,0.0,0.0,1.6094379124341003,0.5128358864651561
4.481117537318112,4.0953317259603095,1.0986122886681098,0.6059105952771322,1.8971199848858813,2.111118020658156,2.5649493574615367,2.3655744355560544,3.295836866004329,1.5011587511601108,3.7765850345330416,4.269002957676127,3.8066624897703196,3.3140725795063037,0.0,0.10242146678614149,1.6094379124341003,0.07336256242813277
4.48863636973214,2.3053542042457997,1.0986122886681098,0.4095041731320493,1.9459101490553132,3.1128801947231093,2.5649493574615367,5.002317763556765,3.295836866004329,2.3569144239813844,3.784189633918261,4.021907134920683,3.828641396489095,3.70369165462103,0.0,0.0,1.6094379124341003,1.161671242256785
