S1213_Actual,S1213_Simulated,RedundantThrowsDeclarationCheck_Actual,RedundantThrowsDeclarationCheck_Simulated,S1488_Actual,S1488_Simulated,S1905_Actual,S1905_Simulated,DuplicatedBlocks_Actual,DuplicatedBlocks_Simulated,S1226_Actual,S1226_Simulated,S00112_Actual,S00112_Simulated,S1151_Actual,S1151_Simulated
5.003946305945459,4.544840046131564,3.332204510175204,3.6589403319833846,0.6931471805599453,1.69023413040792,0.6931471805599453,0.09356951724488577,5.69035945432406,5.678047592396958,0.0,2.5186291081753365,6.7339969528486705,6.65624499473925,3.6375861597263857,2.567614368012328
5.003946305945459,4.837987699270466,3.332204510175204,3.0405956907916427,0.6931471805599453,1.7545336633626982,0.6931471805599453,0.0,5.683579767338681,5.709496610004584,0.0,0.9408016070832175,6.734591659972948,6.703305899851642,3.6375861597263857,2.204889854127797
5.0106352940962555,4.645014127683516,3.332204510175204,3.47944017398578,0.6931471805599453,2.0346352229860383,0.6931471805599453,0.0,5.700443573390687,5.846285305509724,0.0,3.771795444609941,6.734591659972948,6.637060308902369,3.6375861597263857,2.4353292997945806
5.030437921392435,4.7812104183288495,3.332204510175204,3.7766948816113324,0.6931471805599453,1.3328373520842307,0.6931471805599453,0.08834894350313693,5.68697535633982,5.780777866529594,0.0,0.6223365864011541,6.739336627357174,6.813967889112511,3.6375861597263857,2.6426833551103157
5.030437921392435,4.218503845663481,3.332204510175204,3.6996164634001816,0.6931471805599453,1.2414362106966426,0.6931471805599453,0.029775037093667647,5.697093486505405,5.832379088983403,0.0,0.0,6.75343791859778,6.968175682122767,3.6375861597263857,2.5176474549515944
5.087596335232384,4.536910336132612,3.332204510175204,3.189611243558871,0.6931471805599453,2.2600509278961445,0.6931471805599453,0.02615283990397771,5.6937321388027,5.2508169219193075,0.0,2.6591786754514266,6.759255270663693,6.739524891123573,3.713572066704308,3.001652887493604
