S1213_Actual,S1213_Simulated,RedundantThrowsDeclarationCheck_Actual,RedundantThrowsDeclarationCheck_Simulated,S1488_Actual,S1488_Simulated,S1905_Actual,S1905_Simulated,DuplicatedBlocks_Actual,DuplicatedBlocks_Simulated,S1226_Actual,S1226_Simulated,S00112_Actual,S00112_Simulated,S1151_Actual,S1151_Simulated
5.003946305945459,4.544840046131564,3.332204510175204,3.6589403319833846,0.6931471805599453,1.69023413040792,0.6931471805599453,0.09356951724488577,5.69035945432406,5.678047592396958,0.0,2.5186291081753365,6.7339969528486705,6.65624499473925,3.6375861597263857,2.567614368012328
5.003946305945459,4.21997238532949,3.332204510175204,4.187244198659041,0.6931471805599453,1.7622708770692062,0.6931471805599453,0.0,5.683579767338681,5.7946774666412635,0.0,2.423855697207168,6.734591659972948,6.789026096823659,3.6375861597263857,2.5730695699253046
5.0106352940962555,4.3392437289088175,3.332204510175204,4.150355130064893,0.6931471805599453,2.5716376035172597,0.6931471805599453,0.05728760447574049,5.700443573390687,5.665772971216781,0.0,2.859543349685063,6.734591659972948,6.71762505105179,3.6375861597263857,2.3421030527463023
5.030437921392435,4.4680789210463265,3.332204510175204,3.632953599610893,0.6931471805599453,1.0601218252121005,0.6931471805599453,0.0,5.68697535633982,5.6227233258500755,0.0,3.671082656119505,6.739336627357174,6.458319159548173,3.6375861597263857,2.6624475616424337
5.030437921392435,4.729564395508344,3.332204510175204,3.710420894254847,0.6931471805599453,1.127926094387622,0.6931471805599453,0.0,5.697093486505405,5.98968403419139,0.0,4.845674773373368,6.75343791859778,6.642808334403641,3.6375861597263857,2.6596331126415214
5.087596335232384,4.501492714025078,3.332204510175204,3.941110267363985,0.6931471805599453,2.1565647886843173,0.6931471805599453,0.4913705025766468,5.6937321388027,5.665555237612942,0.0,0.40561139439707805,6.759255270663693,6.427760335393656,3.713572066704308,2.3827460641724065
