RedundantThrowsDeclarationCheck_Actual,RedundantThrowsDeclarationCheck_Simulated,S1488_Actual,S1488_Simulated,S1905_Actual,S1905_Simulated,UselessImportCheck_Actual,UselessImportCheck_Simulated,S00108_Actual,S00108_Simulated
4.6913478822291435,5.156074832496742,3.258096538021482,3.697697263544742,2.70805020110221,3.461420735491537,4.574710978503383,4.495037878812216,1.3862943611198906,1.6954226165372368
4.955827057601261,4.524078135972519,3.258096538021482,4.536479258812833,2.70805020110221,3.8983828650352543,3.970291913552122,4.421587279317691,1.3862943611198906,1.8967291595958828
4.969813299576001,4.802410966959648,3.258096538021482,3.7562182227936916,2.70805020110221,5.002632437821838,4.143134726391533,4.682892463475763,1.3862943611198906,1.6426155319453228
4.969813299576001,4.196406030599813,3.258096538021482,4.100078059570453,2.70805020110221,4.3713933792763715,4.127134385045092,4.693774758193282,1.3862943611198906,1.3960463926945135
4.962844630259907,5.360809717109889,3.5553480614894135,5.01591567598958,2.5649493574615367,2.958723392055632,4.248495242049359,4.2957049434693095,1.3862943611198906,1.919866872801673
4.962844630259907,5.177206660816281,3.5553480614894135,3.468770204608469,2.5649493574615367,3.8855874084307276,4.23410650459726,4.73607663297712,1.3862943611198906,1.8177038769764173
