RedundantThrowsDeclarationCheck_Actual,RedundantThrowsDeclarationCheck_Simulated,S1488_Actual,S1488_Simulated,S1905_Actual,S1905_Simulated,UselessImportCheck_Actual,UselessImportCheck_Simulated,S00108_Actual,S00108_Simulated
4.969813299576001,5.112958552709485,3.258096538021482,3.1324916786314416,2.70805020110221,2.842322744116647,4.127134385045092,3.9462715619334965,1.3862943611198906,1.0310430254238616
4.962844630259907,4.854788103366655,3.5553480614894135,4.231342735912549,2.5649493574615367,3.533056226375471,4.248495242049359,5.381916014125775,1.3862943611198906,0.26139612448099003
4.962844630259907,6.770451547846643,3.5553480614894135,1.6819938740374247,2.5649493574615367,4.835088328640974,4.23410650459726,5.3143235788605026,1.3862943611198906,0.524051401068835
