RedundantThrowsDeclarationCheck_Actual,RedundantThrowsDeclarationCheck_Simulated,S1488_Actual,S1488_Simulated,S1905_Actual,S1905_Simulated,UselessImportCheck_Actual,UselessImportCheck_Simulated,S00108_Actual,S00108_Simulated
4.6913478822291435,5.112958552709485,3.258096538021482,3.1324916786314416,2.70805020110221,2.842322744116647,4.574710978503383,3.9462715619334965,1.3862943611198906,1.0310430254238616
4.955827057601261,5.5895382843298975,3.258096538021482,2.213336904812608,2.70805020110221,0.0,3.970291913552122,5.252831595960237,1.3862943611198906,1.5446595214590766
4.969813299576001,4.420243218097997,3.258096538021482,5.363813369460124,2.70805020110221,4.251080493620497,4.143134726391533,4.506215791711044,1.3862943611198906,2.0229825011908296
4.969813299576001,4.387864808838462,3.258096538021482,2.6432826717227127,2.70805020110221,2.4952965649270116,4.127134385045092,4.342706070294726,1.3862943611198906,2.8074718456498093
4.962844630259907,4.758038812521507,3.5553480614894135,2.9337484685736253,2.5649493574615367,0.44367600110151484,4.248495242049359,2.7195285880821993,1.3862943611198906,0.4575662345668884
4.962844630259907,4.916089828685373,3.5553480614894135,4.920552577257782,2.5649493574615367,2.964647327132859,4.23410650459726,3.2666550778197005,1.3862943611198906,2.7854177784266962
