RedundantThrowsDeclarationCheck_Actual,RedundantThrowsDeclarationCheck_Simulated,S1488_Actual,S1488_Simulated,S1905_Actual,S1905_Simulated,UselessImportCheck_Actual,UselessImportCheck_Simulated,S00108_Actual,S00108_Simulated
4.969813299576001,5.112958552709485,3.258096538021482,3.1324916786314416,2.70805020110221,2.842322744116647,4.127134385045092,3.9462715619334965,1.3862943611198906,1.0310430254238616
4.962844630259907,5.661334051139927,3.5553480614894135,0.0,2.5649493574615367,0.0,4.248495242049359,3.6117860466806553,1.3862943611198906,0.2906076563151685
4.962844630259907,7.154195445793336,3.5553480614894135,2.9819216510716187,2.5649493574615367,5.200771777766999,4.23410650459726,5.623449727394598,1.3862943611198906,2.22716088477306
