RedundantThrowsDeclarationCheck_Actual,RedundantThrowsDeclarationCheck_Simulated,S00117_Actual,S00117_Simulated,UselessImportCheck_Actual,UselessImportCheck_Simulated,DuplicatedBlocks_Actual,DuplicatedBlocks_Simulated,S00112_Actual,S00112_Simulated,S1132_Actual,S1132_Simulated,S1481_Actual,S1481_Simulated
3.367295829986474,3.332192698719968,3.1354942159291497,2.9323272629177195,0.0,0.24500423701696514,3.784189633918261,3.676123727950596,5.181783550292085,4.49894425524749,3.044522437723423,2.962690728286328,0.0,0.09294902044915726
3.367295829986474,3.335484019806023,3.1354942159291497,2.5742067964069038,0.0,0.23389251750364204,3.784189633918261,3.592962664273162,5.181783550292085,4.117595682592493,3.044522437723423,3.063608418764262,0.0,0.0
3.367295829986474,3.307435388773597,3.1354942159291497,2.7850685166463065,0.0,0.48855436650550343,3.784189633918261,3.6142519121190677,5.181783550292085,3.9688176193410887,3.044522437723423,3.191352651833346,0.0,0.0
3.367295829986474,3.3232113151842793,3.1354942159291497,3.243996378051695,0.0,0.6142381707107372,3.784189633918261,3.725331277281088,5.181783550292085,5.335160753802064,3.044522437723423,2.8952117616388198,0.0,0.008246395923344682
3.367295829986474,3.314738268486304,3.1354942159291497,3.124282126549609,0.0,0.0,3.784189633918261,3.538751465575536,5.181783550292085,4.07162942239804,3.044522437723423,2.9363244746811303,0.0,0.6577943002542306
3.367295829986474,3.3335526190618476,3.1354942159291497,3.1611749542268184,0.0,0.4446099514776394,3.784189633918261,3.651596667240758,5.181783550292085,5.1499617215787525,3.044522437723423,2.988917615114169,0.0,0.021970724075145026
