RedundantThrowsDeclarationCheck_Actual,RedundantThrowsDeclarationCheck_Simulated,S00117_Actual,S00117_Simulated,UselessImportCheck_Actual,UselessImportCheck_Simulated,DuplicatedBlocks_Actual,DuplicatedBlocks_Simulated,S00112_Actual,S00112_Simulated,S1132_Actual,S1132_Simulated,S1481_Actual,S1481_Simulated
3.367295829986474,3.332192698719968,3.1354942159291497,2.9323272629177195,0.0,0.24500423701696514,3.784189633918261,3.676123727950596,5.181783550292085,4.49894425524749,3.044522437723423,2.962690728286328,0.0,0.09294902044915726
3.367295829986474,3.375438753865354,3.1354942159291497,3.001612682363871,0.0,0.2868324799917514,3.784189633918261,3.758609847425374,5.181783550292085,4.309447092698031,3.044522437723423,3.0666784360164336,0.0,0.4943182278608885
3.367295829986474,3.3182185862591433,3.1354942159291497,3.43865026062758,0.0,1.1013269052546164,3.784189633918261,3.60501814139246,5.181783550292085,4.2426144418358955,3.044522437723423,2.9547117944660055,0.0,0.3316688207757187
3.367295829986474,3.32137943579832,3.1354942159291497,2.937350484733643,0.0,0.6673211018066146,3.784189633918261,3.755341819581583,5.181783550292085,4.3463827697372714,3.044522437723423,2.7529094745557696,0.0,0.0
3.367295829986474,3.3504703764460357,3.1354942159291497,2.679090319268978,0.0,0.0,3.784189633918261,3.632938502500402,5.181783550292085,4.534279851580541,3.044522437723423,2.4609810469457107,0.0,0.0
3.367295829986474,3.322422217141896,3.1354942159291497,3.6631741349421025,0.0,0.0,3.784189633918261,3.7703964950779945,5.181783550292085,5.623646346659562,3.044522437723423,3.3025602823509277,0.0,0.5247027759754662
