,Actual_last_5_vals,Mean_Simulation,Simulated_11,Simulated_16,Simulated_3,Simulated_10,Simulated_21,Simulated_18,Simulated_29,Simulated_9,Simulated_19,Simulated_20,Simulated_12,Simulated_28,Simulated_6,Simulated_27,Simulated_15,Simulated_24,Simulated_22,Simulated_0,Simulated_14,Simulated_23,Simulated_5,Simulated_13,Simulated_26,Simulated_7,Simulated_17,Simulated_2,Simulated_1,Simulated_8,Simulated_25,Simulated_4
0,42899.57205240175,,,,,,,,,,,,,,,,,,,,,,,,,,,,,,,
1,42902.17903930131,,,,,,,,,,,,,,,,,,,,,,,,,,,,,,,
2,42904.78602620088,,,,,,,,,,,,,,,,,,,,,,,,,,,,,,,
3,42907.39301310044,,,,,,,,,,,,,,,,,,,,,,,,,,,,,,,
4,42910.0,,,,,,,,,,,,,,,,,,,,,,,,,,,,,,,
5,,46745.91,46745.91,46745.91,46745.91,46745.91,46745.91,46745.91,46745.91,46745.91,46745.91,46745.91,46745.91,46745.91,46745.91,46745.91,46745.91,46745.91,46745.91,46745.91,46745.91,46745.91,46745.91,46745.91,46745.91,46745.91,46745.91,46745.91,46745.91,46745.91,46745.91,46745.91
6,,47479.55,47575.02,47338.38,47632.48,46794.05,46757.49,46699.4,48355.12,46591.57,46434.89,48532.98,48628.55,48643.64,46003.54,45659.07,49399.01,49660.53,49833.03,49947.96,44928.97,50287.73,50597.02,44116.67,51332.32,51407.19,43545.71,51534.72,51553.68,42718.48,41019.9,40857.37
7,MAE,,47.73,70.59,76.47,342.75,361.03,390.08,437.78,443.99,522.33,526.72,574.5,582.04,738.01,910.24,959.73,1090.49,1176.74,1234.2,1275.29,1404.09,1558.73,1681.44,1926.38,1963.82,1966.92,2027.58,2037.06,2380.54,3229.83,3311.09
