RedundantThrowsDeclarationCheck_Actual,RedundantThrowsDeclarationCheck_Simulated,S00117_Actual,S00117_Simulated,S1488_Actual,S1488_Simulated,S1226_Actual,S1226_Simulated,S00112_Actual,S00112_Simulated,S1155_Actual,S1155_Simulated,S00108_Actual,S00108_Simulated,S1132_Actual,S1132_Simulated,S1481_Actual,S1481_Simulated
2.4849066497880004,2.4351529294238996,3.7376696182833684,3.6722441908396397,0.0,0.0,2.5649493574615367,2.5672529730537423,4.844187086458591,4.8074087568215615,0.0,0.40739436740944157,1.3862943611198906,0.6401965770877169,2.9444389791664403,2.944434154608274,1.0986122886681098,1.6906070759942677
2.4849066497880004,2.407083012563754,3.728100167267218,3.6867985540681683,0.0,0.0,2.5649493574615367,2.564777416278833,4.847331743138063,4.788456775796523,0.0,0.0,1.3862943611198906,0.6307622668502779,2.9444389791664403,2.944435405007512,1.0986122886681098,0.9708703691097296
2.4849066497880004,2.362969288314279,3.7184382563554808,3.6597464006245684,0.0,0.0,2.5649493574615367,2.5794374535523295,4.850466541943434,4.779590949892913,0.0,0.9500143295921772,1.3862943611198906,0.9151916791336041,2.9444389791664403,2.9444304126758594,1.0986122886681098,0.8864866707696548
2.4849066497880004,2.4419751431579697,3.708682081410116,3.6834041316620065,0.0,0.0,2.5649493574615367,2.5681491626363124,4.853591544486569,4.83483345100408,0.0,0.6507229967867143,1.3862943611198906,0.5796790448498996,2.9444389791664403,2.944432716076853,1.0986122886681098,1.8096381708004183
2.4849066497880004,2.43614962453613,3.6988297849671046,3.6697824084856334,0.0,0.0,2.5649493574615367,2.5765412574568867,4.856706811803519,4.759963341313551,0.0,0.6608651555068021,1.3862943611198906,0.19723676391991513,2.9444389791664403,2.9444351784013247,1.0986122886681098,1.7731950290410528
2.4849066497880004,2.4407432909503264,3.6888794541139363,3.672971481728741,0.0,0.0,2.5649493574615367,2.5711171799492987,4.859812404361672,4.780427840315474,0.0,0.36584354033408417,1.3862943611198906,0.2501026163999189,2.9444389791664403,2.944435812069326,1.0986122886681098,0.8674503289177334
