RedundantThrowsDeclarationCheck_Actual,RedundantThrowsDeclarationCheck_Simulated,S00117_Actual,S00117_Simulated,S1488_Actual,S1488_Simulated,S1226_Actual,S1226_Simulated,S00112_Actual,S00112_Simulated,S1155_Actual,S1155_Simulated,S00108_Actual,S00108_Simulated,S1132_Actual,S1132_Simulated,S1481_Actual,S1481_Simulated
2.4849066497880004,2.4351529294238996,3.7376696182833684,3.6722441908396397,0.0,0.0,2.5649493574615367,2.5672529730537423,4.844187086458591,4.8074087568215615,0.0,0.40739436740944157,1.3862943611198906,0.6401965770877169,2.9444389791664403,2.944434154608274,1.0986122886681098,1.6906070759942677
2.4849066497880004,2.3529094260455694,3.728100167267218,3.6695127757087214,0.0,0.0,2.5649493574615367,2.570959838298142,4.847331743138063,4.758378459204171,0.0,0.013208620770978063,1.3862943611198906,1.2638275458506558,2.9444389791664403,2.9444341673285357,1.0986122886681098,1.664296042843465
2.4849066497880004,2.4397535102142243,3.7184382563554808,3.661992546687496,0.0,0.0,2.5649493574615367,2.572938410176436,4.850466541943434,4.807749535089833,0.0,0.6432874189353079,1.3862943611198906,0.7711846754514746,2.9444389791664403,2.9444342600868745,1.0986122886681098,2.6437092942482088
2.4849066497880004,2.5006103585633874,3.708682081410116,3.674904425138599,0.0,0.0,2.5649493574615367,2.56845663483128,4.853591544486569,4.868385525649756,0.0,0.20456769335434047,1.3862943611198906,1.0817178723486456,2.9444389791664403,2.9444334462059105,1.0986122886681098,2.3082532716671587
2.4849066497880004,2.4118357728097934,3.6988297849671046,3.68358747637095,0.0,0.0,2.5649493574615367,2.556464656508436,4.856706811803519,4.832896732654642,0.0,0.0025738209430239967,1.3862943611198906,0.054570336119931784,2.9444389791664403,2.944431220537445,1.0986122886681098,1.8916700466493324
2.4849066497880004,2.45642968447962,3.6888794541139363,3.6826202748202155,0.0,0.0,2.5649493574615367,2.5637112846136527,4.859812404361672,4.789930395079739,0.0,0.4501964855982487,1.3862943611198906,0.028293853616233933,2.9444389791664403,2.944435858265294,1.0986122886681098,1.6212847173444571
