RedundantThrowsDeclarationCheck_Actual,RedundantThrowsDeclarationCheck_Simulated,S00117_Actual,S00117_Simulated,S1488_Actual,S1488_Simulated,S1226_Actual,S1226_Simulated,S00112_Actual,S00112_Simulated,S1155_Actual,S1155_Simulated,S00108_Actual,S00108_Simulated,S1132_Actual,S1132_Simulated,S1481_Actual,S1481_Simulated
2.4849066497880004,2.4351529294238996,3.7376696182833684,3.6722441908396397,0.0,0.0,2.5649493574615367,2.5672529730537423,4.844187086458591,4.8074087568215615,0.0,0.40739436740944157,1.3862943611198906,0.6401965770877169,2.9444389791664403,2.944434154608274,1.0986122886681098,1.6906070759942677
2.4849066497880004,2.4144266415158286,3.728100167267218,3.695589185273019,0.0,0.0,2.5649493574615367,2.5744874601419308,4.847331743138063,4.8106055241907475,0.0,0.35297255581396686,1.3862943611198906,0.6901980259412696,2.9444389791664403,2.9444327306294276,1.0986122886681098,2.174137906509641
2.4849066497880004,2.357851862974977,3.7184382563554808,3.699142098497428,0.0,0.0,2.5649493574615367,2.5775395350143877,4.850466541943434,4.777916851480899,0.0,0.22431364959128453,1.3862943611198906,0.5703535692220056,2.9444389791664403,2.9444322523314868,1.0986122886681098,1.7724195054091638
2.4849066497880004,2.4164729482765837,3.708682081410116,3.6722141314350707,0.0,0.0,2.5649493574615367,2.5355008873827534,4.853591544486569,4.837307691162454,0.0,0.44282338845643826,1.3862943611198906,0.10128005777894067,2.9444389791664403,2.9444307375097662,1.0986122886681098,1.004738225359771
2.4849066497880004,2.3804537212905625,3.6988297849671046,3.656754634689633,0.0,0.0,2.5649493574615367,2.580291467411543,4.856706811803519,4.822786225669233,0.0,1.0258562916958103,1.3862943611198906,0.4826962118592162,2.9444389791664403,2.9444357946505373,1.0986122886681098,2.003815777927234
2.4849066497880004,2.4704615461397057,3.6888794541139363,3.6477697672866443,0.0,0.0,2.5649493574615367,2.574416571475059,4.859812404361672,4.8037778740191905,0.0,0.2970510616359539,1.3862943611198906,0.0,2.9444389791664403,2.944435736236752,1.0986122886681098,1.7622363654161106
