RedundantThrowsDeclarationCheck_Actual,RedundantThrowsDeclarationCheck_Simulated,S00117_Actual,S00117_Simulated,S1488_Actual,S1488_Simulated,S1226_Actual,S1226_Simulated,S00112_Actual,S00112_Simulated,S1155_Actual,S1155_Simulated,S00108_Actual,S00108_Simulated,S1132_Actual,S1132_Simulated,S1481_Actual,S1481_Simulated
2.4849066497880004,2.4351529294238996,3.7376696182833684,3.6722441908396397,0.0,0.0,2.5649493574615367,2.5672529730537423,4.844187086458591,4.8074087568215615,0.0,0.40739436740944157,1.3862943611198906,0.6401965770877169,2.9444389791664403,2.944434154608274,1.0986122886681098,1.6906070759942677
2.4849066497880004,2.4308222886006146,3.728100167267218,3.6828409067085937,0.0,0.0,2.5649493574615367,2.556542834247449,4.847331743138063,4.784956149816262,0.0,0.18369974631826566,1.3862943611198906,0.5176203281562576,2.9444389791664403,2.9444360471292237,1.0986122886681098,1.781348258139464
2.4849066497880004,2.5015575046274527,3.7184382563554808,3.6710662896245783,0.0,6.74723242159193e-07,2.5649493574615367,2.568960291360596,4.850466541943434,4.789876862614428,0.0,0.8577295935921576,1.3862943611198906,0.9130375430101618,2.9444389791664403,2.9444316866914995,1.0986122886681098,1.3996884049310836
2.4849066497880004,2.4170539063659184,3.708682081410116,3.6699057587845414,0.0,0.0,2.5649493574615367,2.563513358334685,4.853591544486569,4.790703247240174,0.0,0.5364713338143743,1.3862943611198906,1.0436913339673972,2.9444389791664403,2.9444394369182736,1.0986122886681098,2.2759590369325076
2.4849066497880004,2.3727332937349086,3.6988297849671046,3.6983123233118187,0.0,0.0,2.5649493574615367,2.5505835856431203,4.856706811803519,4.820813690338523,0.0,0.0,1.3862943611198906,0.0,2.9444389791664403,2.9444306597191536,1.0986122886681098,1.2569803500073549
2.4849066497880004,2.4475111164532013,3.6888794541139363,3.6786629352142883,0.0,0.0,2.5649493574615367,2.5632820743683533,4.859812404361672,4.81128072331751,0.0,0.8387857954715103,1.3862943611198906,0.9711294652724574,2.9444389791664403,2.944433967559247,1.0986122886681098,1.668133756011762
