RedundantThrowsDeclarationCheck_Actual,RedundantThrowsDeclarationCheck_Simulated,S00117_Actual,S00117_Simulated,S00122_Actual,S00122_Simulated,S1488_Actual,S1488_Simulated,S1905_Actual,S1905_Simulated,UselessImportCheck_Actual,UselessImportCheck_Simulated,DuplicatedBlocks_Actual,DuplicatedBlocks_Simulated,S1226_Actual,S1226_Simulated,S00112_Actual,S00112_Simulated,S1155_Actual,S1155_Simulated,S00108_Actual,S00108_Simulated,S1151_Actual,S1151_Simulated
3.1354942159291497,3.1154436934636904,3.5553480614894135,3.5316078494608165,2.4849066497880004,2.5958009556627415,2.1972245773362196,2.208704914529119,0.6931471805599453,0.7615187572525577,0.0,0.12747038803022212,5.043425116919247,4.842170548552869,3.713572066704308,3.739451033174558,3.091042453358316,2.9460110672546125,3.5553480614894135,3.5766462599581423,5.82600010738045,5.781765676842,3.258096538021482,3.258091713463316
3.1354942159291497,3.1257873498193343,3.5553480614894135,3.5302376849935273,2.4849066497880004,2.4666619147241566,2.1972245773362196,2.3981811300158857,0.6931471805599453,0.8936387888118907,0.0,0.6050283744276498,5.043425116919247,5.071181009981369,3.713572066704308,3.9254431023611294,3.091042453358316,2.8774904114996995,3.5553480614894135,3.543498630726656,5.82600010738045,5.816731770682453,3.258096538021482,3.2580951545035837
