S1213_Actual,S1213_Simulated,RedundantThrowsDeclarationCheck_Actual,RedundantThrowsDeclarationCheck_Simulated,S00117_Actual,S00117_Simulated,S1488_Actual,S1488_Simulated,UselessImportCheck_Actual,UselessImportCheck_Simulated,DuplicatedBlocks_Actual,DuplicatedBlocks_Simulated,S00112_Actual,S00112_Simulated,S00108_Actual,S00108_Simulated,S1151_Actual,S1151_Simulated,S1481_Actual,S1481_Simulated
1.6094379124341003,1.5756497927369877,1.0608719606852626,0.25241187134073034,0.0,0.18529177914319295,0.6931471805599453,0.6743462050229961,0.0,1.1795748374291268,1.9459101490553132,2.628571057555208,4.243721963296702,3.400715103324849,1.0986122886681098,0.9743739085513304,1.6094379124341003,1.566371245538988,0.0,0.28515064114304844
1.6094379124341003,1.340277573771675,1.0685348334308318,0.07791937416290809,0.0,0.3127170034274108,0.6931471805599453,0.6945021775223308,0.0,1.7579927330021499,1.9459101490553132,2.2923179178371766,4.244678443522658,3.5909639415667445,1.0986122886681098,0.8833509599238576,1.6094379124341003,1.5541638532686257,0.0,0.4126952348361941
1.6094379124341003,1.5288975350522835,1.076139432816051,0.29306997079831587,0.0,0.1099025786416819,0.6931471805599453,0.5160866219801536,0.0,0.7292369440348501,1.9459101490553132,2.9213526604442697,4.2456340097683265,3.9758241778366656,1.0986122886681098,1.1039712333888327,1.6094379124341003,1.6032176036508314,0.0,0.05772432235377245
1.6094379124341003,1.369236497698426,1.083686638451434,0.3081070530239318,0.0,0.2773779719855243,0.6931471805599453,0.6980704472974668,0.0,1.7803578083954728,1.9459101490553132,2.8182923302450873,4.246588663778778,3.3868874444327792,1.0986122886681098,0.9314706236862572,1.6094379124341003,1.5998200334055186,0.0,0.0
1.6094379124341003,1.5553406663421538,1.0911773101805915,0.08550676616135564,0.0,0.1768359773808338,0.6931471805599453,0.7105821100057634,0.0,0.31088715850069104,1.9459101490553132,2.2679325194263034,4.2475424072940875,4.7557427960700895,1.0986122886681098,0.9748424598739454,1.6094379124341003,1.5490750366009145,0.0,0.6924149296748645
1.6094379124341003,1.780377962505122,1.0986122886681098,0.6934536483245266,0.0,0.5622964784891147,0.6931471805599453,0.6715390024051823,0.0,2.095452816562849,1.9459101490553132,2.5871286001026577,4.248495242049359,2.0099239660187482,1.0986122886681098,0.9606089526358546,1.6094379124341003,1.6162198417889426,0.0,0.0
