S1213_Actual,S1213_Simulated,RedundantThrowsDeclarationCheck_Actual,RedundantThrowsDeclarationCheck_Simulated,S1488_Actual,S1488_Simulated,S1905_Actual,S1905_Simulated,DuplicatedBlocks_Actual,DuplicatedBlocks_Simulated,S1226_Actual,S1226_Simulated,S00112_Actual,S00112_Simulated,S1151_Actual,S1151_Simulated,S1132_Actual,S1132_Simulated,S1481_Actual,S1481_Simulated
5.438079308923196,5.425730508958145,3.1354942159291497,3.2365448846109657,2.1972245773362196,2.0159361230436015,0.6931471805599453,1.376755179003092,5.043425116919247,4.730445849326865,3.713572066704308,3.9170163808967944,3.091042453358316,2.7867838940880456,3.258096538021482,3.258091713463316,3.5553480614894135,3.465422787294101,1.9459101490553132,2.150494143681375
5.438079308923196,5.379237928287218,3.1354942159291497,3.124918054280191,2.1972245773362196,1.249096343674738,0.6931471805599453,0.8153820427975758,5.043425116919247,4.895197440468032,3.713572066704308,4.277020938343127,3.091042453358316,2.676801607897965,3.258096538021482,3.258090749391839,3.5553480614894135,3.677802873877084,1.9459101490553132,2.273522380407234
5.438079308923196,5.5080627696414695,3.1354942159291497,3.429028277048314,2.1972245773362196,1.3529282801320388,0.6931471805599453,0.6850854886915461,5.043425116919247,4.706600825224055,3.713572066704308,3.9474769204999354,3.091042453358316,2.699066130713596,3.258096538021482,3.258089640716003,3.5553480614894135,3.3546786108674334,1.9459101490553132,1.854574016632234
