S1488_Actual,S1488_Simulated,UselessImportCheck_Actual,UselessImportCheck_Simulated,DuplicatedBlocks_Actual,DuplicatedBlocks_Simulated,S00112_Actual,S00112_Simulated,S1155_Actual,S1155_Simulated,S1132_Actual,S1132_Simulated,S1481_Actual,S1481_Simulated
1.0986122886681098,1.0077415013145123,0.6931471805599453,0.9610498910441571,1.8803128665695001,2.3875430850499346,3.332204510175204,1.6889869029199953,0.0,0.0,0.0,0.18393647179709674,0.44183275227903923,1.0812651235231558
1.0986122886681098,1.0592762112901206,0.6931471805599453,0.7838003932206353,1.8632184332102,2.280608898739844,3.332204510175204,1.179932339291186,0.0,1.2563661337486808e-06,0.0,0.004003448366266232,0.36772478012531734,1.3729694757713462
1.0986122886681098,1.018258556745861,0.6931471805599453,1.0805565294835062,1.8458266904983307,2.590899832303097,3.332204510175204,2.6996808036161877,0.0,0.0,0.0,0.0347378993919851,0.2876820724517809,0.7885092389219454
1.0986122886681098,0.8643100024366182,0.6931471805599453,0.022753326487125025,1.8281271133989299,2.111101573553859,3.332204510175204,1.1073243542091133,0.0,0.0,0.0,0.0,0.20067069546215122,0.6577447363816398
1.0986122886681098,1.23132815370176,0.6931471805599453,1.847631011208139,1.8101086078962514,2.8757198149780194,3.332204510175204,1.7398517478611222,0.0,0.0,0.0,0.0,0.1053605156578263,0.48600724501798265
1.0986122886681098,0.6677783733672472,0.6931471805599453,0.0,1.791759469228055,2.3497868846823833,3.332204510175204,1.616581646929171,0.0,0.0,0.0,0.0,0.0,1.7600861838292723
