S1213_Actual,S1213_Simulated,RedundantThrowsDeclarationCheck_Actual,RedundantThrowsDeclarationCheck_Simulated,S00117_Actual,S00117_Simulated,S00122_Actual,S00122_Simulated,S1488_Actual,S1488_Simulated,S1905_Actual,S1905_Simulated,DuplicatedBlocks_Actual,DuplicatedBlocks_Simulated,S1226_Actual,S1226_Simulated,S00112_Actual,S00112_Simulated,S1155_Actual,S1155_Simulated,S00108_Actual,S00108_Simulated,S1151_Actual,S1151_Simulated,S1132_Actual,S1132_Simulated,S1481_Actual,S1481_Simulated
5.043425116919247,4.98696277983771,2.772588722239781,2.523224370174143,2.0794415416798357,2.192246286688818,2.3978952727983707,2.8281600480032405,2.1972245773362196,1.7358608600617236,0.0,0.9213926515514955,3.828641396489095,3.701565418118755,4.248495242049359,4.140461665288957,4.1588830833596715,2.5010016100841277,0.6931471805599453,0.4619605043402298,1.3862943611198906,1.5502472928698183,0.0,0.0,3.4339872044851463,3.496338106951025,2.5649493574615367,3.0944630585136337
5.043425116919247,4.522927230274992,2.772588722239781,2.6133417552989258,2.0794415416798357,2.284634513440228,2.3978952727983707,4.225181115701847,2.1972245773362196,0.4575348642840087,0.0,0.5777294363217726,3.828641396489095,2.495860668751649,4.248495242049359,4.291450329441607,4.1588830833596715,1.7138741095156715,0.6931471805599453,0.49732734446206667,1.3862943611198906,1.3487735505050984,0.0,0.0,3.4339872044851463,3.4892210928408627,2.5649493574615367,2.9761755179450313
