S1213_Actual,S1213_Simulated,S1488_Actual,S1488_Simulated,S00112_Actual,S00112_Simulated,S1155_Actual,S1155_Simulated,S1151_Actual,S1151_Simulated,S1132_Actual,S1132_Simulated,S1481_Actual,S1481_Simulated
6.231355955723415,5.194460844659627,2.302585092994046,2.427345894429739,4.634728988229636,4.358025076129445,2.5649493574615367,2.5986783502196977,4.143134726391533,4.109089806957299,3.912023005428146,4.123671636980064,1.9459101490553132,2.6344328271877484
6.231574463317423,5.359181030170987,2.302585092994046,2.4785339357377194,4.634728988229636,4.3903736094791945,2.5649493574615367,2.6761524394059273,4.143134726391533,4.074707591975695,3.912023005428146,4.035859061005758,1.9459101490553132,2.4763175339208026
6.231792923176292,5.321378526300535,2.302585092994046,1.8815273802248322,4.634728988229636,4.552301756695174,2.5649493574615367,2.525724939684599,4.143134726391533,4.150000745394135,3.912023005428146,4.078442465914974,1.9459101490553132,2.437198756578292
6.232011335320876,5.808847246142518,2.302585092994046,2.716686330926125,4.634728988229636,4.579066922614189,2.5649493574615367,2.5468781452977103,4.143134726391533,4.093795612720944,3.912023005428146,4.044203388362861,1.9459101490553132,2.329207817795019
6.232229699772011,5.479176608188268,2.302585092994046,1.8772042189579388,4.634728988229636,4.6134977590099275,2.5649493574615367,2.6068551981590673,4.143134726391533,4.051177407390911,3.912023005428146,4.067651897934465,1.9459101490553132,2.0280505727247236
6.2324480165505225,5.593111676712665,2.302585092994046,2.719717582450053,4.634728988229636,4.450047353045361,2.5649493574615367,2.6513696259789947,4.143134726391533,4.071411249939541,3.912023005428146,4.455282468584719,1.9459101490553132,2.0382116468618325
