RedundantThrowsDeclarationCheck_Actual,RedundantThrowsDeclarationCheck_Simulated,S00117_Actual,S00117_Simulated,S1488_Actual,S1488_Simulated,S1226_Actual,S1226_Simulated,S1155_Actual,S1155_Simulated,S00108_Actual,S00108_Simulated,S1132_Actual,S1132_Simulated,S1481_Actual,S1481_Simulated
2.4849066497880004,3.5752879838039395,3.708682081410116,3.697392449979346,0.0,0.8754362755897771,2.5649493574615367,3.5879241157460826,0.0,1.7109182803350094,1.3862943611198906,0.5443390143275862,2.9444389791664403,4.1497156410950025,1.0986122886681098,3.437301328727192
2.4849066497880004,1.9003663384121374,3.6988297849671046,3.4678726473600916,0.0,0.0,2.5649493574615367,2.5998006068411956,0.0,1.504640294451298,1.3862943611198906,0.6482084693562384,2.9444389791664403,5.637315712772758,1.0986122886681098,4.424877700309904
2.4849066497880004,4.035681486211062,3.6888794541139363,3.9015311931554897,0.0,0.3992499104808365,2.5649493574615367,3.399571251514264,0.0,0.0,1.3862943611198906,0.6319533311940737,2.9444389791664403,4.2706810469117205,1.0986122886681098,5.48019688724518
