Steps,Total MAE
1,0.0
2,52512.23
6,85500.60999999997
12,88617.95
24,92274.30000000002
