S1226_Actual,S1226_Simulated,S00112_Actual,S00112_Simulated,S1155_Actual,S1155_Simulated,S1151_Actual,S1151_Simulated,S1132_Actual,S1132_Simulated,S1481_Actual,S1481_Simulated
4.110873864173311,3.914262237314307,2.538973871058276,2.363278455116825,1.3862943611198906,1.2938383108307667,2.0794415416798357,2.132264774171836,4.189654742026425,4.136555343838462,0.0,0.4362929003271627
4.110873864173311,3.62517716790859,2.54422322694442,1.9043595661473813,1.3862943611198906,1.1897763519357099,2.0794415416798357,2.3566839429261703,4.189654742026425,3.612954545339089,0.0,0.5201269838217113
4.110873864173311,2.3311622596772508,2.5494451709255714,2.232145146219673,1.3862943611198906,1.7087958953053888,2.0794415416798357,1.8918181095316446,4.189654742026425,4.272693297469945,0.0,0.0
4.110873864173311,4.352757572249489,2.5546399878026755,2.454265698171614,1.3862943611198906,0.9165227592772482,2.0794415416798357,2.155111293477884,4.189654742026425,4.2511484105687245,0.0,0.5283983908419776
4.110873864173311,4.4044660687632655,2.559807957961118,2.626745485384511,1.3862943611198906,1.2597559730836838,2.0794415416798357,2.328939003437973,4.189654742026425,4.690735829357673,0.0,1.3199148256219395
4.110873864173311,3.3691191901448363,2.5649493574615367,2.4324261393187205,1.3862943611198906,1.0129656112534904,2.0794415416798357,2.139318601035318,4.189654742026425,4.355878128088207,0.0,0.08261282323527241
