RedundantThrowsDeclarationCheck_Actual,RedundantThrowsDeclarationCheck_Simulated,S00117_Actual,S00117_Simulated,S00122_Actual,S00122_Simulated,S1905_Actual,S1905_Simulated,UselessImportCheck_Actual,UselessImportCheck_Simulated,DuplicatedBlocks_Actual,DuplicatedBlocks_Simulated,S1155_Actual,S1155_Simulated
5.733341276897746,5.406354149356674,5.811140992976701,5.623524564790877,6.298949246855942,6.198847681621536,1.791759469228055,2.218394196647229,2.772588722239781,3.5535918260069694,5.66988092298052,5.778379256897303,4.23410650459726,3.9342304055250064
5.703782474656201,5.674751317925901,5.808142489980444,6.296407326252224,6.278521424165844,5.749958441337557,1.791759469228055,2.9179472094019965,2.302585092994046,3.4032545948403814,5.6131281063880705,5.603390422176842,4.23410650459726,3.8469295916820014
5.717027701406222,6.0358173933509285,5.808142489980444,5.636317228117477,6.278521424165844,6.463670274896166,1.791759469228055,2.107459712834344,2.4849066497880004,3.0132131084163247,5.616771097666572,6.428477917591685,4.23410650459726,3.565435058253287
5.71042701737487,5.65641431597329,5.808142489980444,5.48711815648944,6.2878585601617845,5.794740644259738,1.791759469228055,0.8816925629446799,2.302585092994046,4.697397450049057,5.616771097666572,6.086039520128492,4.23410650459726,3.8012814528329666
5.707110264748875,5.352942552403369,5.755742213586912,6.318161409636308,6.3080984415095305,5.816930613164314,1.791759469228055,1.9171723380956087,2.3978952727983707,3.6956629138972312,5.66988092298052,5.0265847479958765,4.23410650459726,3.834603478457349
5.707110264748875,5.631900387900964,5.755742213586912,5.772644835497222,6.3080984415095305,6.672067411775078,1.791759469228055,2.8034054015741123,2.302585092994046,3.2063885654403825,5.66988092298052,6.4799170313493235,4.23410650459726,4.411991423448788
