RedundantThrowsDeclarationCheck_Actual,RedundantThrowsDeclarationCheck_Simulated,S1488_Actual,S1488_Simulated,S1905_Actual,S1905_Simulated,UselessImportCheck_Actual,UselessImportCheck_Simulated,S00108_Actual,S00108_Simulated
4.969813299576001,4.655671289770463,3.258096538021482,3.1813631040037174,2.70805020110221,2.690157466591367,4.127134385045092,4.364224721413837,1.3862943611198906,1.3862895365617247
4.962844630259907,4.816996426467337,3.5553480614894135,3.4631425453408418,2.5649493574615367,2.7980855414936356,4.248495242049359,4.288965850938391,1.3862943611198906,1.3862866776441125
4.962844630259907,4.418327283235979,3.5553480614894135,3.1916374147135462,2.5649493574615367,2.6579305321141007,4.23410650459726,4.191431299817803,1.3862943611198906,1.386293771916421
