RedundantThrowsDeclarationCheck_Actual,RedundantThrowsDeclarationCheck_Simulated,S1488_Actual,S1488_Simulated,S1905_Actual,S1905_Simulated,UselessImportCheck_Actual,UselessImportCheck_Simulated,S00108_Actual,S00108_Simulated
4.6913478822291435,4.655671289770463,3.258096538021482,3.1813631040037174,2.70805020110221,2.690157466591367,4.574710978503383,4.364224721413837,1.3862943611198906,1.3862895365617247
4.955827057601261,4.843716731569487,3.258096538021482,3.0137490627307346,2.70805020110221,2.6869321459128006,3.970291913552122,4.55739497303058,1.3862943611198906,1.3862883346414312
4.969813299576001,4.540164198251285,3.258096538021482,3.1135702945317134,2.70805020110221,2.6931179100681018,4.143134726391533,4.694334030481904,1.3862943611198906,1.386288449235443
4.969813299576001,4.750659849235421,3.258096538021482,3.208719927607217,2.70805020110221,2.6589841929997213,4.127134385045092,4.228124309895607,1.3862943611198906,1.3862935000585352
4.962844630259907,4.60666868216777,3.5553480614894135,3.158286066741066,2.5649493574615367,2.7103885564775325,4.248495242049359,4.534099448585016,1.3862943611198906,1.3862896866926224
4.962844630259907,4.676459960514964,3.5553480614894135,3.433313121874642,2.5649493574615367,2.7061487067881775,4.23410650459726,4.526849440545772,1.3862943611198906,1.3862922059114473
