S1213_Actual,S1213_Simulated,RedundantThrowsDeclarationCheck_Actual,RedundantThrowsDeclarationCheck_Simulated,S00117_Actual,S00117_Simulated,S00122_Actual,S00122_Simulated,S1905_Actual,S1905_Simulated,UselessImportCheck_Actual,UselessImportCheck_Simulated,S1226_Actual,S1226_Simulated,S00112_Actual,S00112_Simulated,S00108_Actual,S00108_Simulated,S1151_Actual,S1151_Simulated,S1481_Actual,S1481_Simulated
4.465908118654584,2.999826586366925,1.791759469228055,1.3145347176935454,3.332204510175204,3.0269541224917087,1.0986122886681098,0.664494912609079,0.0,0.3594804897243226,0.0,0.045143420275289774,4.770684624465665,4.506338197135906,4.996729531780326,4.339183241919254,0.0,0.1303948359032745,2.302585092994046,1.5851806544732807,0.6567795363890704,0.4960677056471013
4.465908118654584,3.3159832558489066,1.791759469228055,1.0434633929642598,3.332204510175204,2.7220493673539936,1.0986122886681098,0.3641370154522238,0.0,0.40267482352595757,0.0,0.0,4.770684624465665,4.46382000189201,4.997212273764115,5.149228075869837,0.0,0.535921736878146,2.302585092994046,1.6533674103277567,0.6931471805599453,0.3224133569826538
