,Actual_last_5_vals,Simulated_0,Simulated_1,Simulated_2,Simulated_3,Simulated_4,Simulated_5,Simulated_6,Simulated_7,Simulated_8,Simulated_9,Simulated_10,Simulated_11,Simulated_12,Simulated_13,Simulated_14,Simulated_15,Simulated_16,Simulated_17,Simulated_18,Simulated_19,Simulated_20,Simulated_21,Simulated_22,Simulated_23,Simulated_24,Simulated_25,Simulated_26,Simulated_27,Simulated_28,Simulated_29
41,281882.0,,,,,,,,,,,,,,,,,,,,,,,,,,,,,,
42,279997.0,,,,,,,,,,,,,,,,,,,,,,,,,,,,,,
43,281688.0,,,,,,,,,,,,,,,,,,,,,,,,,,,,,,
44,280192.0,,,,,,,,,,,,,,,,,,,,,,,,,,,,,,
45,282280.0,,,,,,,,,,,,,,,,,,,,,,,,,,,,,,
46,,255717.31795603334,255717.31795603334,255717.31795603334,255717.31795603334,255717.31795603334,255717.31795603334,255717.31795603334,255717.31795603334,255717.31795603334,255717.31795603334,255717.31795603334,255717.31795603334,255717.31795603334,255717.31795603334,255717.31795603334,255717.31795603334,255717.31795603334,255717.31795603334,255717.31795603334,255717.31795603334,255717.31795603334,255717.31795603334,255717.31795603334,255717.31795603334,255717.31795603334,255717.31795603334,255717.31795603334,255717.31795603334,255717.31795603334,255717.31795603334
47,,310686.51654111326,229956.49240064144,276336.0225197921,170242.0175391116,195512.1850089234,352638.79980418354,298757.8552538691,239910.64115262532,307184.3261732162,232424.76021268475,316319.6098523337,240143.91896724768,209355.4513154569,278587.8158082721,301910.11851050926,305557.1599460001,274063.83885566314,197027.21295833917,292371.40581165976,204945.47054886486,347505.5214804132,307618.6047461703,266205.2134483814,325963.63650849496,295061.1410814524,225109.34214486193,389501.44098800106,214843.6614427345,209817.3681446791,270280.7207455306
48,,306747.4337602302,224887.33671606221,250232.84341089518,274146.14005963376,214613.02272886987,228430.01884660096,264053.7057022041,262965.5823888937,288897.96005133115,233749.14169060925,214129.95157026363,197979.06450460537,246074.70708084048,203121.44869704172,206463.57249562917,305486.8230117734,243893.8213436105,328330.0687890346,263756.28229359933,312387.702307862,347478.6332712031,248838.11616386622,257935.52165522758,227883.00796817223,295925.123042994,285577.5042516555,253546.84113499758,274032.52577249974,232788.23632618747,236639.72496657056
