S1905_Actual,S1905_Simulated,S1226_Actual,S1226_Simulated,S00112_Actual,S00112_Simulated,S00108_Actual,S00108_Simulated,S1481_Actual,S1481_Simulated
0.0,0.9071098113340569,4.248495242049359,4.134769788868201,4.1588830833596715,2.499131140053135,1.3862943611198906,1.5415685703871407,2.538973871058276,3.085545834700197
0.0,0.0,4.248495242049359,4.2444929533047295,4.1588830833596715,1.7858382191332396,1.3862943611198906,1.518549492225788,2.5520459526256287,2.8147948680714427
0.0,1.5369624756270732,4.248495242049359,4.020578079832986,4.1588830833596715,1.566338997659467,1.3862943611198906,1.9334488817356272,2.5649493574615367,2.397479004944158
0.0,2.406344056063251,4.248495242049359,4.360177635421038,4.1588830833596715,2.520565639806448,1.3862943611198906,2.487558127089463,2.5649493574615367,3.1949041151254707
0.0,2.9643708568744986,4.248495242049359,4.1359134775322355,4.1588830833596715,2.2051115460794097,1.3862943611198906,1.191693549307053,2.5649493574615367,3.109445328494105
0.0,0.526991355241126,4.248495242049359,4.082063276344095,4.1588830833596715,1.2932120478842526,1.3862943611198906,1.555826749542969,2.5649493574615367,3.340092777617153
