S00117_Actual,S00117_Simulated,S1226_Actual,S1226_Simulated,S00112_Actual,S00112_Simulated,S1155_Actual,S1155_Simulated,S1132_Actual,S1132_Simulated,S1481_Actual,S1481_Simulated
0.6931471805599453,0.7474193044501546,4.110873864173311,3.914262237314307,2.5546399878026755,2.363278455116825,1.3862943611198906,1.2938383108307667,4.189654742026425,4.136555343838462,0.0,0.4362929003271627
0.6931471805599453,0.6541909231644354,4.110873864173311,3.6276510083452456,2.559807957961118,2.3658491906019683,1.3862943611198906,1.020214053950716,4.189654742026425,3.6433563865773952,0.0,0.3298664131120619
0.6931471805599453,0.23589415236062827,4.110873864173311,4.0230813653417705,2.5649493574615367,2.282078686833906,1.3862943611198906,1.083156434690581,4.189654742026425,4.1336693566938685,0.0,0.6621627771826463
