S00117_Actual,S00117_Simulated,S1226_Actual,S1226_Simulated,S00112_Actual,S00112_Simulated,S1155_Actual,S1155_Simulated,S1132_Actual,S1132_Simulated,S1481_Actual,S1481_Simulated
0.6931471805599453,0.7474193044501546,4.110873864173311,3.914262237314307,2.5546399878026755,2.363278455116825,1.3862943611198906,1.2938383108307667,4.189654742026425,4.136555343838462,0.0,0.4362929003271627
0.6931471805599453,0.5071425841395852,4.110873864173311,3.459805308202476,2.559807957961118,2.000386119682145,1.3862943611198906,1.014047498860565,4.189654742026425,4.008651430790618,0.0,0.765717867223221
0.6931471805599453,0.1797079376273113,4.110873864173311,3.737395754553318,2.5649493574615367,1.990110235475355,1.3862943611198906,1.3000163960557112,4.189654742026425,4.080026274043391,0.0,0.4504559554794602
