S1488_Actual,S1488_Simulated,S1905_Actual,S1905_Simulated,DuplicatedBlocks_Actual,DuplicatedBlocks_Simulated,S00112_Actual,S00112_Simulated,S1155_Actual,S1155_Simulated,S1132_Actual,S1132_Simulated,S1481_Actual,S1481_Simulated
1.0986122886681098,1.0077415013145123,0.0,1.571048938306501,1.8803128665695001,2.3875430850499346,3.332204510175204,1.6889869029199953,0.0,0.0,0.0,0.18393647179709674,0.44183275227903923,1.0812651235231558
1.0986122886681098,0.8410186131595284,0.0,1.7990239080236894,1.8632184332102,1.3302953901752124,3.332204510175204,2.2066274667001715,0.0,0.0,0.0,0.15319404556797706,0.36772478012531734,0.27734861999476457
1.0986122886681098,1.1041935833514063,0.0,2.3187407234666635,1.8458266904983307,0.7765581201366174,3.332204510175204,0.8834362405050924,0.0,0.0,0.0,0.0,0.2876820724517809,1.5284926345304446
1.0986122886681098,0.9169034436193203,0.0,0.8310674729218587,1.8281271133989299,2.1355460027524122,3.332204510175204,1.00430113786119,0.0,0.0,0.0,0.06093434069425706,0.20067069546215122,0.9314183653339957
1.0986122886681098,1.2864494876825512,0.0,1.029175558792951,1.8101086078962514,1.905702164518694,3.332204510175204,1.5889493944130457,0.0,0.0,0.0,0.06215829627737496,0.1053605156578263,0.965321651811266
1.0986122886681098,1.5053453777139836,0.0,0.8658825561134018,1.791759469228055,2.0515933013745884,3.332204510175204,0.28103543408365494,0.0,0.0,0.0,0.0,0.0,0.8478291115150154
