S1213_Actual,S1213_Simulated,RedundantThrowsDeclarationCheck_Actual,RedundantThrowsDeclarationCheck_Simulated,S1488_Actual,S1488_Simulated,DuplicatedBlocks_Actual,DuplicatedBlocks_Simulated,S1226_Actual,S1226_Simulated,S00112_Actual,S00112_Simulated,S1151_Actual,S1151_Simulated,S1132_Actual,S1132_Simulated,S1481_Actual,S1481_Simulated
5.438079308923196,5.315746943612542,3.1354942159291497,3.5351683455796343,2.1972245773362196,2.3448650609869333,5.043425116919247,4.510972925856334,3.713572066704308,3.8233103768142858,3.091042453358316,2.431549945789797,3.258096538021482,2.7244619324435924,3.5553480614894135,3.4205118984428196,1.9459101490553132,3.001156803470868
5.438079308923196,6.211902237330508,3.1354942159291497,3.450354379583001,2.1972245773362196,3.2254717261720547,5.043425116919247,5.0487672539064,3.713572066704308,4.565537995780759,3.091042453358316,0.9561895333183286,3.258096538021482,2.5578948271471393,3.5553480614894135,2.8895244088908187,1.9459101490553132,3.310146191728767
5.438079308923196,5.125100653252585,3.1354942159291497,3.4111112147210543,2.1972245773362196,2.5400011970700307,5.043425116919247,4.815926777915836,3.713572066704308,4.1694570718292345,3.091042453358316,2.9875415366451987,3.258096538021482,1.8084888374470667,3.5553480614894135,3.481390345962867,1.9459101490553132,2.3422646464534793
