RedundantThrowsDeclarationCheck_Actual,RedundantThrowsDeclarationCheck_Simulated,S00117_Actual,S00117_Simulated,S00122_Actual,S00122_Simulated,S1488_Actual,S1488_Simulated,S1905_Actual,S1905_Simulated,UselessImportCheck_Actual,UselessImportCheck_Simulated,DuplicatedBlocks_Actual,DuplicatedBlocks_Simulated,S1226_Actual,S1226_Simulated,S00112_Actual,S00112_Simulated,S1155_Actual,S1155_Simulated,S00108_Actual,S00108_Simulated,S1151_Actual,S1151_Simulated,S1132_Actual,S1132_Simulated,S1481_Actual,S1481_Simulated
2.772588722239781,2.523224370174143,2.0794415416798357,2.192246286688818,2.3978952727983707,2.8281600480032405,2.1972245773362196,1.7358608600617236,0.0,0.9213926515514955,0.6931471805599453,1.5749249081075742,3.828641396489095,3.701565418118755,4.248495242049359,4.140461665288957,4.1588830833596715,2.5010016100841277,0.6931471805599453,0.4619605043402298,1.3862943611198906,1.5502472928698183,0.0,0.0,3.4339872044851463,3.496338106951025,2.5649493574615367,3.0944630585136337
2.772588722239781,3.0248990312332324,2.0794415416798357,1.755848055425421,2.3978952727983707,1.6395580521480841,2.1972245773362196,0.9654566123905645,0.0,0.7503225610080662,0.6931471805599453,2.8643167720152816,3.828641396489095,4.500100647797011,4.248495242049359,3.842253982504489,4.1588830833596715,0.3462655546840785,0.6931471805599453,0.8627794441704586,1.3862943611198906,1.7671474331410126,0.0,0.0,3.4339872044851463,3.8502497815969354,2.5649493574615367,2.7126991247461523
