S00117_Actual,S00117_Simulated,S00112_Actual,S00112_Simulated,S00108_Actual,S00108_Simulated,S1151_Actual,S1151_Simulated,S1132_Actual,S1132_Simulated
5.811140992976701,5.634506233527824,5.739792912179234,5.480459152123185,4.356708826689592,4.348547832773054,4.663439094112067,4.783498160118609,6.289715570908998,6.054502525136856
5.808142489980444,4.999281209593085,5.726847747587197,5.43577105279025,4.356708826689592,4.846552179546059,4.663439094112067,5.1598973689991885,6.289715570908998,5.835492403872579
5.755742213586912,5.943288096285069,5.755742213586912,5.693051531058297,4.343805421853684,5.462386084647763,4.672828834461906,4.507565205433594,6.293419278846481,5.690397863102883
