S1213_Actual,S1213_Simulated,RedundantThrowsDeclarationCheck_Actual,RedundantThrowsDeclarationCheck_Simulated,S1488_Actual,S1488_Simulated,S1905_Actual,S1905_Simulated,S1226_Actual,S1226_Simulated,S00112_Actual,S00112_Simulated,S1151_Actual,S1151_Simulated,S1132_Actual,S1132_Simulated,S1481_Actual,S1481_Simulated
5.438079308923196,5.315746943612542,3.1354942159291497,3.5351683455796343,2.1972245773362196,2.3448650609869333,0.6931471805599453,2.6336389706392938,3.713572066704308,3.8233103768142858,3.091042453358316,2.431549945789797,3.258096538021482,2.7244619324435924,3.5553480614894135,3.4205118984428196,1.9459101490553132,3.001156803470868
5.438079308923196,5.2574455121020875,3.1354942159291497,3.568491539638005,2.1972245773362196,2.7519182859433062,0.6931471805599453,2.8193549852361306,3.713572066704308,2.3803138747387798,3.091042453358316,2.385260923605108,3.258096538021482,1.7769297180264179,3.5553480614894135,3.9379484400218017,1.9459101490553132,3.76315387844633
5.438079308923196,3.386378851932711,3.1354942159291497,4.240862753856667,2.1972245773362196,1.947292058677013,0.6931471805599453,4.056835805337601,3.713572066704308,3.0920119205863443,3.091042453358316,2.719673157031948,3.258096538021482,5.328138009947369,3.5553480614894135,3.7477530279736997,1.9459101490553132,2.6900744187716428
