RedundantThrowsDeclarationCheck_Actual,RedundantThrowsDeclarationCheck_Simulated,S00117_Actual,S00117_Simulated,S00112_Actual,S00112_Simulated,S00108_Actual,S00108_Simulated,S1151_Actual,S1151_Simulated,S1132_Actual,S1132_Simulated
0.0,0.0,1.0986122886681098,0.747335632553444,3.332204510175204,1.6889869029199953,0.0,0.0,0.0,0.0,0.0,0.18393647179709674
0.0,0.0,1.0986122886681098,0.0,3.332204510175204,2.2885190093568193,0.0,0.0,0.0,0.0,0.0,0.009201154286238411
0.0,0.0,1.0986122886681098,0.3108870392220031,3.332204510175204,0.454078357701174,0.0,0.0,0.0,0.0,0.0,0.49336310042837983
0.0,0.0,1.0986122886681098,0.26025388693222656,3.332204510175204,1.7525986707373096,0.0,0.0,0.0,0.0,0.0,0.5632967799262195
0.0,0.0,1.0986122886681098,1.2888755664664524,3.332204510175204,2.6718758601118617,0.0,0.0,0.0,0.0,0.0,0.0
0.0,0.0,1.0986122886681098,1.3687593263955735,3.332204510175204,2.3631703674087197,0.0,0.0,0.0,0.0,0.0,0.45877291521129704
