S1213_Actual,S1213_Simulated,RedundantThrowsDeclarationCheck_Actual,RedundantThrowsDeclarationCheck_Simulated,S00117_Actual,S00117_Simulated,S00122_Actual,S00122_Simulated,DuplicatedBlocks_Actual,DuplicatedBlocks_Simulated,S00112_Actual,S00112_Simulated,S1155_Actual,S1155_Simulated,S00108_Actual,S00108_Simulated,S1132_Actual,S1132_Simulated
4.442651256490317,3.9736462603351703,1.0986122886681098,0.7506859406485378,1.791759469228055,1.3000568012839122,2.5649493574615367,2.9404301144203595,3.295836866004329,2.3621206429605626,3.6635616461296463,3.4455535302596,0.0,0.00845563664876762,1.6094379124341003,0.8320702696305738,1.6094379124341003,1.0863350080236112
4.454347296253507,4.505885947788441,1.0986122886681098,1.1352601656731998,1.791759469228055,1.2621141285021316,2.5649493574615367,3.1106040874548455,3.295836866004329,2.0094696342135347,3.7612001156935624,1.8142850169254834,0.0,0.0,1.6094379124341003,1.6297406477932137,1.6094379124341003,0.7464592557435428
4.465908118654584,3.5186767712996128,1.0986122886681098,0.27892348921895466,1.791759469228055,0.9655037797408661,2.5649493574615367,6.801962754550873,3.295836866004329,2.037755483739829,3.7612001156935624,3.5319929002209656,0.0,0.0,1.6094379124341003,1.045985459926301,1.6094379124341003,1.090886426746058
4.473541743509655,2.993701375889978,1.0986122886681098,0.9385135167018628,1.8458266904983307,0.5723628009916343,2.5649493574615367,4.643532960752358,3.295836866004329,1.368448708972005,3.784189633918261,3.5355784999248114,0.0,0.0,1.6094379124341003,1.0725980266040314,1.6094379124341003,0.0
4.481117537318112,3.8541847807277376,1.0986122886681098,0.476915037740541,1.8971199848858813,1.015418294055071,2.5649493574615367,1.881296208912794,3.295836866004329,1.820707603156192,3.8066624897703196,4.004468673190324,0.0,0.0,1.6094379124341003,1.2412121412319594,1.6094379124341003,1.9170650774849927
4.48863636973214,4.77021663994632,1.0986122886681098,0.8092389020011364,1.9459101490553132,1.4321713753156695,2.5649493574615367,8.887773951570956,3.295836866004329,1.4766928511949522,3.828641396489095,3.3451916636900108,0.0,0.05970411944739456,1.6094379124341003,0.36262632670895734,1.6094379124341003,1.070774444936877
