S1213_Actual,S1213_Simulated,RedundantThrowsDeclarationCheck_Actual,RedundantThrowsDeclarationCheck_Simulated,S00117_Actual,S00117_Simulated,S00122_Actual,S00122_Simulated,DuplicatedBlocks_Actual,DuplicatedBlocks_Simulated,S00112_Actual,S00112_Simulated,S1155_Actual,S1155_Simulated,S00108_Actual,S00108_Simulated,S1132_Actual,S1132_Simulated
4.442651256490317,3.9736462603351703,1.0986122886681098,0.7506859406485378,1.791759469228055,1.3000568012839122,2.5649493574615367,2.9404301144203595,3.295836866004329,2.3621206429605626,3.6635616461296463,3.4455535302596,0.0,0.00845563664876762,1.6094379124341003,0.8320702696305738,1.6094379124341003,1.0863350080236112
4.454347296253507,4.220611380118379,1.0986122886681098,0.8677977985434716,1.791759469228055,1.4479538611830198,2.5649493574615367,2.0453208485384304,3.295836866004329,2.22690775446324,3.7612001156935624,3.3712556693730167,0.0,0.0,1.6094379124341003,1.7097280478208967,1.6094379124341003,0.8348767109548354
4.465908118654584,3.854273893513589,1.0986122886681098,1.324485690605606,1.791759469228055,1.3648450858221641,2.5649493574615367,6.279388911990647,3.295836866004329,1.250054573341138,3.7612001156935624,3.1056847211321283,0.0,0.17205061557979467,1.6094379124341003,0.3897078342324108,1.6094379124341003,0.9262475059151919
4.473541743509655,4.6010472169302075,1.0986122886681098,0.0,1.8458266904983307,1.7804769594053185,2.5649493574615367,5.929316394030739,3.295836866004329,3.364118249621849,3.784189633918261,4.456809120197834,0.0,0.0,1.6094379124341003,0.14607462725063058,1.6094379124341003,1.7325379483444228
4.481117537318112,5.482832410537872,1.0986122886681098,0.7932331074001023,1.8971199848858813,0.9758912204085664,2.5649493574615367,7.227705089417287,3.295836866004329,1.5484092311654434,3.8066624897703196,3.474100621629941,0.0,0.11912267297799321,1.6094379124341003,0.9588519719796337,1.6094379124341003,0.5892831994279337
4.48863636973214,4.199751547387005,1.0986122886681098,0.3999024262637954,1.9459101490553132,0.7893528870519825,2.5649493574615367,3.533992703656622,3.295836866004329,3.804638848819523,3.828641396489095,3.702410035350071,0.0,0.05064194079021554,1.6094379124341003,0.13287117813739324,1.6094379124341003,1.2005176013210481
