RedundantThrowsDeclarationCheck_Actual,RedundantThrowsDeclarationCheck_Simulated,S00122_Actual,S00122_Simulated,S1905_Actual,S1905_Simulated,DuplicatedBlocks_Actual,DuplicatedBlocks_Simulated,S1226_Actual,S1226_Simulated,S1155_Actual,S1155_Simulated,S1151_Actual,S1151_Simulated,S1132_Actual,S1132_Simulated,S1481_Actual,S1481_Simulated
0.0,0.13061218153693147,0.0,0.19903756679548096,0.0,0.0627247989161265,0.0,0.4722537343060408,0.0,0.11086315715662766,0.0,0.05140755755911177,0.00435730536895569,0.6143608525794846,0.0,0.5357143502130369,0.00435730536895569,0.794859720905366
0.0,0.0,0.0,0.09078418746636663,0.0,0.4618897753431753,0.0,1.3855831238690217,0.0,0.06025083485513484,0.0,0.0,0.0,0.5100294822738829,0.0,0.0,0.0,0.8568887765514995
