RedundantThrowsDeclarationCheck_Actual,RedundantThrowsDeclarationCheck_Simulated,S1488_Actual,S1488_Simulated,S1905_Actual,S1905_Simulated,S00108_Actual,S00108_Simulated
4.969813299576001,5.112958552709485,3.258096538021482,3.1324916786314416,2.70805020110221,2.842322744116647,1.3862943611198906,1.0310430254238616
4.962844630259907,6.63821970929466,3.5553480614894135,5.652707654094086,2.5649493574615367,1.2744487459615657,1.3862943611198906,0.0
4.962844630259907,5.899747839157499,3.5553480614894135,3.766389408935765,2.5649493574615367,6.04715417309643,1.3862943611198906,2.4397243126348065
