S1905_Actual,S1905_Simulated
0.0,1.528042598680665
0.0,0.8226881262112202
0.0,1.162031542930256
0.0,2.055966043036545
0.0,2.437261317333755
0.0,1.5429916275009583
0.0,1.8146763200046987
0.0,1.916250820499509
0.0,1.6861167356364657
0.0,1.6229116424418024
0.0,0.8607766053025213
0.0,1.6532872179504567
