S1905_Actual,S1905_Simulated
0.0,1.528042598680665
0.0,1.7369712406624402
0.0,0.5581272612083126
0.0,3.478334489362271
0.0,0.15083833291255244
0.0,0.5478471958254341
0.0,1.6829725673376716
0.0,0.0
0.0,2.055774755196812
0.0,1.0679885626513617
0.0,1.598166409907646
0.0,1.9921983494979587
