S00117_Actual,S00117_Simulated
2.0794415416798357,2.636680193993027
2.0794415416798357,5.518332304098806
2.1972245773362196,1.4222930427495148
2.1972245773362196,2.6736656094673807
2.1972245773362196,2.5771215426683796
2.1972245773362196,3.3821992531671254
