RedundantThrowsDeclarationCheck_Actual,RedundantThrowsDeclarationCheck_Simulated,S00117_Actual,S00117_Simulated,UselessImportCheck_Actual,UselessImportCheck_Simulated,DuplicatedBlocks_Actual,DuplicatedBlocks_Simulated,S00112_Actual,S00112_Simulated,S1132_Actual,S1132_Simulated,S1481_Actual,S1481_Simulated
3.367295829986474,3.31695088660872,3.1354942159291497,2.6946121812230817,0.0,0.7893147425628948,3.784189633918261,3.528979766831879,5.181783550292085,3.94246832610678,3.044522437723423,2.6250128598946776,0.0,0.8939853899748136
3.367295829986474,3.289332117939041,3.1354942159291497,2.8372021153112885,0.0,0.0,3.784189633918261,3.743089269632243,5.181783550292085,4.120247434788489,3.044522437723423,2.6885116895191254,0.0,2.2855646724292997
3.367295829986474,3.299045068076892,3.1354942159291497,2.8621744821801394,0.0,0.0,3.784189633918261,3.679796343912022,5.181783550292085,2.2203536260862924,3.044522437723423,2.328643810716345,0.0,0.38124066579503724
3.367295829986474,3.3177513140779906,3.1354942159291497,2.2107050332293063,0.0,0.768158322855749,3.784189633918261,3.5214016396719847,5.181783550292085,2.7096689221106134,3.044522437723423,3.042173174069912,0.0,0.0
3.367295829986474,3.3594947693252264,3.1354942159291497,2.5578906215318966,0.0,0.42630665304798365,3.784189633918261,2.9030829556698983,5.181783550292085,3.9400687395088583,3.044522437723423,2.827258501447759,0.0,1.0751857717958642
3.367295829986474,3.2399302502774305,3.1354942159291497,2.5894680456235726,0.0,1.08132070254144,3.784189633918261,3.3816867760028244,5.181783550292085,5.458467249236603,3.044522437723423,1.9612800636358023,0.0,0.0
