S1213_Actual,S1213_Simulated,S00117_Actual,S00117_Simulated,S00122_Actual,S00122_Simulated,S1488_Actual,S1488_Simulated,S1905_Actual,S1905_Simulated,UselessImportCheck_Actual,UselessImportCheck_Simulated,DuplicatedBlocks_Actual,DuplicatedBlocks_Simulated,S1226_Actual,S1226_Simulated,S00112_Actual,S00112_Simulated,S1155_Actual,S1155_Simulated,S00108_Actual,S00108_Simulated,S1151_Actual,S1151_Simulated,S1132_Actual,S1132_Simulated,S1481_Actual,S1481_Simulated
5.043425116919247,4.98696277983771,2.0794415416798357,2.192246286688818,2.3978952727983707,2.8281600480032405,2.1972245773362196,1.7358608600617236,0.0,0.9213926515514955,0.6931471805599453,1.5749249081075742,3.828641396489095,3.701565418118755,4.248495242049359,4.140461665288957,4.1588830833596715,2.5010016100841277,0.6931471805599453,0.4619605043402298,1.3862943611198906,1.5502472928698183,0.0,0.0,3.4339872044851463,3.496338106951025,2.5649493574615367,3.0944630585136337
5.043425116919247,4.916439616719868,2.0794415416798357,1.7540891726221726,2.3978952727983707,2.537909534413676,2.1972245773362196,0.9377292077852981,0.0,0.27716124536909126,0.6931471805599453,1.0380552738139195,3.828641396489095,3.080321684160931,4.248495242049359,3.8852278530116475,4.1588830833596715,2.6856901715063044,0.6931471805599453,0.3568532909029388,1.3862943611198906,1.5781924799373668,0.0,0.0,3.4339872044851463,3.363178337378713,2.5649493574615367,3.0979308294488566
