RedundantThrowsDeclarationCheck_Actual,RedundantThrowsDeclarationCheck_Simulated,S00117_Actual,S00117_Simulated,S1488_Actual,S1488_Simulated,S00112_Actual,S00112_Simulated
3.258096538021482,3.3944648510557793,2.772588722239781,1.8846891797460226,1.3862943611198906,1.539752183574873,7.00397413672268,5.996123387695626
3.332204510175204,4.1145369123611335,2.6390573296152584,2.6746985934722876,0.6931471805599453,1.6203007952843353,6.760414691083428,5.542269880712526
3.332204510175204,3.007085974208095,2.6390573296152584,1.8903943746920686,0.6931471805599453,1.5456257737926924,6.7357800142423265,5.75935172067347
3.332204510175204,2.9843733291934176,2.6390573296152584,1.2955093195592329,0.6931471805599453,1.224692637107836,6.734591659972948,5.8206196973784055
3.332204510175204,4.534866731146613,2.6390573296152584,2.1929123188612047,0.6931471805599453,2.5453001797452455,6.738152494595957,6.469643859192121
3.332204510175204,3.218404277021242,2.6390573296152584,1.5030660041218464,0.6931471805599453,1.8330831683635753,6.7580945044277305,6.341771683258361
