RedundantThrowsDeclarationCheck_Actual,RedundantThrowsDeclarationCheck_Simulated,S00117_Actual,S00117_Simulated,S1488_Actual,S1488_Simulated,S00112_Actual,S00112_Simulated
3.332204510175204,3.3944648510557793,2.6390573296152584,1.8846891797460226,0.6931471805599453,1.539752183574873,6.734591659972948,5.996123387695626
3.332204510175204,3.584958081088828,2.6390573296152584,2.9495447062022047,0.6931471805599453,2.7004669338362017,6.738152494595957,5.950862241535488
3.332204510175204,2.3420010275051744,2.6390573296152584,1.3029268385685504,0.6931471805599453,1.7132408726549557,6.7580945044277305,7.236021457919728
