S1488_Actual,S1488_Simulated,S1905_Actual,S1905_Simulated,UselessImportCheck_Actual,UselessImportCheck_Simulated,DuplicatedBlocks_Actual,DuplicatedBlocks_Simulated,S00112_Actual,S00112_Simulated,S1155_Actual,S1155_Simulated,S1132_Actual,S1132_Simulated,S1481_Actual,S1481_Simulated
1.0986122886681098,1.0077415013145123,0.0,1.571048938306501,0.6931471805599453,0.9610498910441571,1.8803128665695001,2.3875430850499346,3.332204510175204,1.6889869029199953,0.0,0.0,0.0,0.18393647179709674,0.44183275227903923,1.0812651235231558
1.0986122886681098,0.7604453461798778,0.0,1.5359547695406344,0.6931471805599453,0.6762165324396703,1.8632184332102,2.460682836580265,3.332204510175204,0.31155875347679274,0.0,0.0,0.0,0.1732446722387099,0.36772478012531734,1.179268810123733
1.0986122886681098,0.7322896455704475,0.0,0.28792639617100124,0.6931471805599453,0.5856864344982395,1.8458266904983307,2.7039637165352337,3.332204510175204,0.2023048827261924,0.0,0.0,0.0,0.0,0.2876820724517809,0.011385134792665674
1.0986122886681098,1.1566860602574809,0.0,0.4805781096678057,0.6931471805599453,1.4019419711492944,1.8281271133989299,1.1152884246676378,3.332204510175204,1.2650412212001556,0.0,0.0,0.0,0.49709033231675137,0.20067069546215122,1.2760699698393299
1.0986122886681098,1.1192113452183465,0.0,2.5968506237662172,0.6931471805599453,0.711981289338118,1.8101086078962514,2.159220506045204,3.332204510175204,1.7186777053109363,0.0,0.0,0.0,0.8694513058552399,0.1053605156578263,1.0611749657864076
1.0986122886681098,0.9316098540432364,0.0,3.2311932858603205,0.6931471805599453,0.9845917868727512,1.791759469228055,2.6947486191723318,3.332204510175204,1.638363246143148,0.0,0.0,0.0,0.0,0.0,1.4318122495151724
