S1488_Actual,S1488_Simulated,S1905_Actual,S1905_Simulated,UselessImportCheck_Actual,UselessImportCheck_Simulated,DuplicatedBlocks_Actual,DuplicatedBlocks_Simulated,S00112_Actual,S00112_Simulated,S1155_Actual,S1155_Simulated,S1132_Actual,S1132_Simulated,S1481_Actual,S1481_Simulated
1.0986122886681098,1.0077415013145123,0.0,1.571048938306501,0.6931471805599453,0.9610498910441571,1.8803128665695001,2.3875430850499346,3.332204510175204,1.6889869029199953,0.0,0.0,0.0,0.18393647179709674,0.44183275227903923,1.0812651235231558
1.0986122886681098,1.2076613002887615,0.0,1.8632636085792311,0.6931471805599453,1.7642896045719971,1.8632184332102,1.4865291637688856,3.332204510175204,1.6359904417195295,0.0,0.0,0.0,0.1606073951689515,0.36772478012531734,0.9120213522489018
1.0986122886681098,0.825424049515061,0.0,1.249134032455199,0.6931471805599453,1.4409186090882455,1.8458266904983307,2.6687253935818083,3.332204510175204,1.3683320418459604,0.0,0.0,0.0,0.0,0.2876820724517809,1.10705605983818
1.0986122886681098,0.6234982546730545,0.0,2.601595959764858,0.6931471805599453,0.563920651146226,1.8281271133989299,2.247716089420956,3.332204510175204,2.3327387606549865,0.0,0.0,0.0,0.7111843517386751,0.20067069546215122,1.090288572249737
1.0986122886681098,1.2972503751940452,0.0,2.1379183053424216,0.6931471805599453,0.8813600213890086,1.8101086078962514,2.0852340808648715,3.332204510175204,2.1778512073793914,0.0,0.0,0.0,0.18174871235948076,0.1053605156578263,1.5206669764215752
1.0986122886681098,1.2145186798125736,0.0,0.8874061611883419,0.6931471805599453,1.1484367702520624,1.791759469228055,2.8069711487923117,3.332204510175204,1.8396660755830332,0.0,0.0,0.0,0.03272538324625757,0.0,0.6044747547451172
