S1488_Actual,S1488_Simulated,S1905_Actual,S1905_Simulated,UselessImportCheck_Actual,UselessImportCheck_Simulated,DuplicatedBlocks_Actual,DuplicatedBlocks_Simulated,S00112_Actual,S00112_Simulated,S1155_Actual,S1155_Simulated,S1132_Actual,S1132_Simulated,S1481_Actual,S1481_Simulated
1.0986122886681098,1.0077415013145123,0.0,1.571048938306501,0.6931471805599453,0.9610498910441571,1.8281271133989299,2.3875430850499346,3.332204510175204,1.6889869029199953,0.0,0.0,0.0,0.18393647179709674,0.20067069546215122,1.0812651235231558
1.0986122886681098,1.0475967791700147,0.0,0.7597155845037983,0.6931471805599453,0.8645634151440318,1.8101086078962514,2.1637449085424647,3.332204510175204,2.331654179857175,0.0,0.0,0.0,0.3503470176518618,0.1053605156578263,0.6955900507916544
1.0986122886681098,0.3391875270505197,0.0,2.481741275622643,0.6931471805599453,1.3687121700258376,1.791759469228055,2.7010808978761394,3.332204510175204,2.9945042863271,0.0,0.0,0.0,0.2691928766566903,0.0,1.0887765534094593
