S1488_Actual,S1488_Simulated,S1905_Actual,S1905_Simulated,UselessImportCheck_Actual,UselessImportCheck_Simulated,DuplicatedBlocks_Actual,DuplicatedBlocks_Simulated,S00112_Actual,S00112_Simulated,S1155_Actual,S1155_Simulated,S1132_Actual,S1132_Simulated,S1481_Actual,S1481_Simulated
1.0986122886681098,1.0077415013145123,0.0,1.571048938306501,0.6931471805599453,0.9610498910441571,1.8803128665695001,2.3875430850499346,3.332204510175204,1.6889869029199953,0.0,0.0,0.0,0.18393647179709674,0.44183275227903923,1.0812651235231558
1.0986122886681098,1.092559846814004,0.0,2.681884298724754,0.6931471805599453,0.9890151543723876,1.8632184332102,2.464445604350541,3.332204510175204,1.424003902189444,0.0,0.0,0.0,0.3556053499097348,0.36772478012531734,1.141277618644622
1.0986122886681098,1.0733540733831188,0.0,0.43138307329679026,0.6931471805599453,1.373758077841649,1.8458266904983307,2.6397251413385026,3.332204510175204,0.5238427273456703,0.0,0.0,0.0,0.10066876436120416,0.2876820724517809,0.37946772285952235
1.0986122886681098,0.915329531247552,0.0,1.4625932359398721,0.6931471805599453,1.0170591944104308,1.8281271133989299,2.3351384653813154,3.332204510175204,2.784786344633999,0.0,0.0,0.0,0.8788593001111101,0.20067069546215122,1.4820085742129283
1.0986122886681098,1.2839383291346744,0.0,2.1288375242346946,0.6931471805599453,0.4084515592209761,1.8101086078962514,2.0736365141300657,3.332204510175204,2.162561109051314,0.0,0.0,0.0,0.10557232060614759,0.1053605156578263,0.8769570706369839
1.0986122886681098,1.2234074245134572,0.0,1.5060082230779357,0.6931471805599453,0.7485659628603301,1.791759469228055,2.242046123573882,3.332204510175204,2.13096392806022,0.0,0.0,0.0,0.0,0.0,1.4390094393539998
