S1488_Actual,S1488_Simulated,S1905_Actual,S1905_Simulated,UselessImportCheck_Actual,UselessImportCheck_Simulated,DuplicatedBlocks_Actual,DuplicatedBlocks_Simulated,S00112_Actual,S00112_Simulated,S1155_Actual,S1155_Simulated,S1132_Actual,S1132_Simulated,S1481_Actual,S1481_Simulated
1.0986122886681098,1.0077415013145123,0.0,1.571048938306501,0.6931471805599453,0.9610498910441571,1.8803128665695001,2.3875430850499346,3.332204510175204,1.6889869029199953,0.0,0.0,0.0,0.18393647179709674,0.44183275227903923,1.0812651235231558
1.0986122886681098,1.013670441193903,0.0,0.7626912883311728,0.6931471805599453,0.6250583678787871,1.8632184332102,1.9191939304826977,3.332204510175204,1.8281386627533631,0.0,0.0,0.0,0.304174015789323,0.36772478012531734,0.5689140655980306
1.0986122886681098,0.9229781598904584,0.0,1.3059557574821,0.6931471805599453,0.4730249271225554,1.8458266904983307,2.4895692668958658,3.332204510175204,1.6137363726579301,0.0,0.0,0.0,0.0,0.2876820724517809,1.3178326240255842
1.0986122886681098,0.7223397020192479,0.0,2.1906531051309326,0.6931471805599453,0.4202299476693826,1.8281271133989299,3.4111693378989187,3.332204510175204,2.4847318114521983,0.0,0.0,0.0,0.5438179773651826,0.20067069546215122,0.4699886672633625
1.0986122886681098,1.0450398342117506,0.0,0.6809024298078582,0.6931471805599453,1.487876449050221,1.8101086078962514,1.0738255246097885,3.332204510175204,1.7229199409599998,0.0,0.0,0.0,0.20230319718735806,0.1053605156578263,1.5346452364527046
1.0986122886681098,0.859172248092143,0.0,0.0,0.6931471805599453,0.8584732828140509,1.791759469228055,2.7530770695732873,3.332204510175204,1.183936472630132,0.0,0.0,0.0,0.5828573651584505,0.0,1.2718018829600488
