RedundantThrowsDeclarationCheck_Actual,RedundantThrowsDeclarationCheck_Simulated,S00117_Actual,S00117_Simulated,S1488_Actual,S1488_Simulated,S1226_Actual,S1226_Simulated,S00112_Actual,S00112_Simulated,S1155_Actual,S1155_Simulated,S00108_Actual,S00108_Simulated,S1132_Actual,S1132_Simulated,S1481_Actual,S1481_Simulated
2.4849066497880004,3.5752879838039395,3.708682081410116,3.697392449979346,0.0,0.8754362755897771,2.5649493574615367,3.5879241157460826,4.853591544486569,4.276680021083757,0.0,1.7109182803350094,1.3862943611198906,0.5443390143275862,2.9444389791664403,4.1497156410950025,1.0986122886681098,3.437301328727192
2.4849066497880004,5.645596972958073,3.6988297849671046,4.247493969105351,0.0,0.7006349328876884,2.5649493574615367,2.8909506055626,4.856706811803519,5.358994245075014,0.0,0.0,1.3862943611198906,0.862485966112666,2.9444389791664403,4.656459659323547,1.0986122886681098,2.811220586695487
2.4849066497880004,3.352793353539053,3.6888794541139363,3.692729166283563,0.0,0.48804666175360595,2.5649493574615367,3.884700387120702,4.859812404361672,4.246215092621714,0.0,0.22019902579880712,1.3862943611198906,0.0,2.9444389791664403,3.786636631778232,1.0986122886681098,1.221751790840706
