RedundantThrowsDeclarationCheck_Actual,RedundantThrowsDeclarationCheck_Simulated,S00117_Actual,S00117_Simulated,S1488_Actual,S1488_Simulated,S1226_Actual,S1226_Simulated,S00112_Actual,S00112_Simulated,S1155_Actual,S1155_Simulated,S00108_Actual,S00108_Simulated,S1132_Actual,S1132_Simulated,S1481_Actual,S1481_Simulated
2.4849066497880004,3.5752879838039395,3.7376696182833684,3.697392449979346,0.0,0.8754362755897771,2.5649493574615367,3.5879241157460826,4.844187086458591,4.276680021083757,0.0,1.7109182803350094,1.3862943611198906,0.5443390143275862,2.9444389791664403,4.1497156410950025,1.0986122886681098,3.437301328727192
2.4849066497880004,3.182765991281859,3.728100167267218,5.020030147081673,0.0,1.3832695361626355,2.5649493574615367,2.5889982677876144,4.847331743138063,2.3071011657234353,0.0,2.30915656375484,1.3862943611198906,0.2897125408885954,2.9444389791664403,2.616515635255383,1.0986122886681098,3.2160587848192925
2.4849066497880004,1.6775541044248996,3.7184382563554808,2.014086388776276,0.0,0.49978553473041853,2.5649493574615367,3.9446201129753886,4.850466541943434,4.2488010730518715,0.0,1.7247801696961296,1.3862943611198906,0.0,2.9444389791664403,2.3163052000303788,1.0986122886681098,4.608584493794854
2.4849066497880004,2.7190543514513257,3.708682081410116,3.2518140440789907,0.0,0.0,2.5649493574615367,3.3560146759115597,4.853591544486569,4.394637815076856,0.0,1.049470603843988,1.3862943611198906,0.4041858539457812,2.9444389791664403,6.439320577076737,1.0986122886681098,2.8460068426917577
2.4849066497880004,1.6024904082289662,3.6988297849671046,3.8895604734075877,0.0,1.4660885364918643,2.5649493574615367,3.1566267491875393,4.856706811803519,5.19230264329499,0.0,1.9384847010892468,1.3862943611198906,0.8273921501031778,2.9444389791664403,2.974086305198221,1.0986122886681098,1.401603214845946
2.4849066497880004,3.0634088634311487,3.6888794541139363,4.539374018738275,0.0,1.2992275384077614,2.5649493574615367,3.0072362561216597,4.859812404361672,4.022861893438931,0.0,0.9918314519891849,1.3862943611198906,0.0,2.9444389791664403,1.3082705320587005,1.0986122886681098,1.1809195216503015
