RedundantThrowsDeclarationCheck_Actual,RedundantThrowsDeclarationCheck_Simulated,S00117_Actual,S00117_Simulated,S1488_Actual,S1488_Simulated,S1226_Actual,S1226_Simulated,S00112_Actual,S00112_Simulated,S1155_Actual,S1155_Simulated,S00108_Actual,S00108_Simulated,S1132_Actual,S1132_Simulated,S1481_Actual,S1481_Simulated
2.4849066497880004,3.5752879838039395,3.7376696182833684,3.697392449979346,0.0,0.8754362755897771,2.5649493574615367,3.5879241157460826,4.844187086458591,4.276680021083757,0.0,1.7109182803350094,1.3862943611198906,0.5443390143275862,2.9444389791664403,4.1497156410950025,1.0986122886681098,3.437301328727192
2.4849066497880004,2.408444604583438,3.728100167267218,2.1709401665645376,0.0,0.0,2.5649493574615367,1.3417561610330604,4.847331743138063,3.673628235155713,0.0,1.681250828530241,1.3862943611198906,0.4712196765513733,2.9444389791664403,4.4325360638451805,1.0986122886681098,0.22335483333981854
2.4849066497880004,0.8950841137505527,3.7184382563554808,3.2471765985949452,0.0,0.8720376992798038,2.5649493574615367,3.5595935769882856,4.850466541943434,3.8453773901168447,0.0,4.814603915449846,1.3862943611198906,0.39562243475734404,2.9444389791664403,6.727604698402379,1.0986122886681098,3.359022394632612
2.4849066497880004,3.2739897804837863,3.708682081410116,3.8298550607802313,0.0,0.7837708211073471,2.5649493574615367,3.1378112256297612,4.853591544486569,3.5601120575396257,0.0,3.600705151115278,1.3862943611198906,0.5100235595851383,2.9444389791664403,4.976815633531593,1.0986122886681098,3.556141881523156
2.4849066497880004,2.992649321921583,3.6988297849671046,2.8379844814205906,0.0,1.653980727397691,2.5649493574615367,5.097182432186413,4.856706811803519,5.840304456119682,0.0,2.280757876482087,1.3862943611198906,0.0454304652627161,2.9444389791664403,2.417225982983374,1.0986122886681098,2.3159144512060257
2.4849066497880004,3.616733073060427,3.6888794541139363,4.1634466920453495,0.0,0.0,2.5649493574615367,4.37273387693258,4.859812404361672,3.386921189701664,0.0,2.286303067781131,1.3862943611198906,1.5210336144151873,2.9444389791664403,5.091205143890971,1.0986122886681098,0.33617478708851456
