RedundantThrowsDeclarationCheck_Actual,RedundantThrowsDeclarationCheck_Simulated,S00117_Actual,S00117_Simulated,S1488_Actual,S1488_Simulated,S1226_Actual,S1226_Simulated,S00112_Actual,S00112_Simulated,S1155_Actual,S1155_Simulated,S00108_Actual,S00108_Simulated,S1132_Actual,S1132_Simulated,S1481_Actual,S1481_Simulated
2.4849066497880004,3.5752879838039395,3.7376696182833684,3.697392449979346,0.0,0.8754362755897771,2.5649493574615367,3.5879241157460826,4.844187086458591,4.276680021083757,0.0,1.7109182803350094,1.3862943611198906,0.5443390143275862,2.9444389791664403,4.1497156410950025,1.0986122886681098,3.437301328727192
2.4849066497880004,4.049623686170072,3.728100167267218,2.901015369775078,0.0,2.8238481538037683,2.5649493574615367,1.8115996661087002,4.847331743138063,4.27245349261644,0.0,3.0582826498387163,1.3862943611198906,0.47747200438607323,2.9444389791664403,5.843267203170524,1.0986122886681098,5.085019499989089
2.4849066497880004,2.515212616895816,3.7184382563554808,5.371804388705259,0.0,1.157735279711967,2.5649493574615367,1.0874528362824583,4.850466541943434,3.4309344610502146,0.0,1.80670253196215,1.3862943611198906,1.0109596877032896,2.9444389791664403,1.9151967379213923,1.0986122886681098,3.522791771605446
2.4849066497880004,4.493969568107794,3.708682081410116,2.3607089978891596,0.0,0.16975311985021657,2.5649493574615367,2.3988145940918555,4.853591544486569,3.3676059128455775,0.0,3.1150048848974725,1.3862943611198906,0.6594277263067921,2.9444389791664403,1.8718488236079702,1.0986122886681098,3.1574126193639174
2.4849066497880004,4.729617870046753,3.6988297849671046,3.356981555142751,0.0,1.8259539346713236,2.5649493574615367,4.3256838929532035,4.856706811803519,3.5410583309040318,0.0,0.0,1.3862943611198906,0.5828696607880649,2.9444389791664403,7.021695940326289,1.0986122886681098,0.5351553139724112
2.4849066497880004,3.974229616360736,3.6888794541139363,2.9902241055718495,0.0,1.401044674868578,2.5649493574615367,3.860676630599718,4.859812404361672,4.699914155999395,0.0,0.0,1.3862943611198906,0.0,2.9444389791664403,4.230215128092001,1.0986122886681098,6.052564711160983
