RedundantThrowsDeclarationCheck_Actual,RedundantThrowsDeclarationCheck_Simulated,S00122_Actual,S00122_Simulated,UselessImportCheck_Actual,UselessImportCheck_Simulated,DuplicatedBlocks_Actual,DuplicatedBlocks_Simulated,S00112_Actual,S00112_Simulated,S1155_Actual,S1155_Simulated,S1151_Actual,S1151_Simulated,S1132_Actual,S1132_Simulated,S1481_Actual,S1481_Simulated
3.367295829986474,3.182826244321462,0.0,0.17804065448848427,0.0,1.0120744067826586,3.784189633918261,3.1131672510296626,5.181783550292085,3.495480419818657,1.3862943611198906,1.4002786624897638,0.6931471805599453,0.3168034653383228,3.044522437723423,2.3619558113018173,0.0,1.1044258036092558
3.367295829986474,3.625727203540503,0.0,0.0,0.0,0.0,3.784189633918261,3.330756609801353,5.181783550292085,1.5425074509410954,1.3862943611198906,0.48274762967109597,0.6931471805599453,0.028739393273095604,3.044522437723423,2.360804042835464,0.0,2.316105507154257
3.367295829986474,3.0365863218756424,0.0,0.6049044983269604,0.0,1.0632915667842806,3.784189633918261,4.508812232504106,5.181783550292085,1.8069486633912852,1.3862943611198906,1.1476697289204605,0.6931471805599453,0.6383833327224301,3.044522437723423,2.36101154269907,0.0,1.6904199970963907
3.367295829986474,2.9474225656799873,0.0,0.0,0.0,0.0,3.784189633918261,3.425488002962437,5.181783550292085,2.4583867892197997,1.3862943611198906,0.7856476370427061,0.6931471805599453,0.6098866698999225,3.044522437723423,1.8853023834465377,0.0,0.3919892903286949
3.367295829986474,3.009950998488814,0.0,0.9335221307871845,0.0,0.07398483488123675,3.784189633918261,4.153840429237441,5.181783550292085,4.80733053006016,1.3862943611198906,0.968664573828856,0.6931471805599453,0.5177833742168975,3.044522437723423,1.8352280310850975,0.0,0.4980437686515562
3.367295829986474,3.4673544862987367,0.0,0.43485961851942684,0.0,0.6140844732198861,3.784189633918261,3.0809463243744677,5.181783550292085,1.841239051225674,1.3862943611198906,1.3563431786384101,0.6931471805599453,0.0,3.044522437723423,1.9546474460148868,0.0,1.5624121825749633
