RedundantThrowsDeclarationCheck_Actual,RedundantThrowsDeclarationCheck_Simulated,S00122_Actual,S00122_Simulated,UselessImportCheck_Actual,UselessImportCheck_Simulated,DuplicatedBlocks_Actual,DuplicatedBlocks_Simulated,S00112_Actual,S00112_Simulated,S1155_Actual,S1155_Simulated,S1151_Actual,S1151_Simulated,S1132_Actual,S1132_Simulated,S1481_Actual,S1481_Simulated
3.367295829986474,3.182826244321462,0.0,0.17804065448848427,0.0,1.0120744067826586,3.784189633918261,3.1131672510296626,5.181783550292085,3.495480419818657,1.3862943611198906,1.4002786624897638,0.6931471805599453,0.3168034653383228,3.044522437723423,2.3619558113018173,0.0,1.1044258036092558
3.367295829986474,4.188998653224738,0.0,0.0,0.0,0.23022724023686658,3.784189633918261,2.7928429817962193,5.181783550292085,4.548777770747751,1.3862943611198906,0.6859526719251883,0.6931471805599453,0.15214513908085067,3.044522437723423,2.8170856546720158,0.0,0.0
3.367295829986474,3.42038581948776,0.0,0.0,0.0,1.5097840315684372,3.784189633918261,1.7933449964423123,5.181783550292085,1.199663279386869,1.3862943611198906,2.5679618467238963,0.6931471805599453,0.20164035446297582,3.044522437723423,2.512108822065245,0.0,1.7058346025142206
3.367295829986474,2.764775572884653,0.0,0.6902164563814439,0.0,1.4479743819833417,3.784189633918261,4.300784622771744,5.181783550292085,4.599421121247859,1.3862943611198906,1.0789448770255807,0.6931471805599453,0.0,3.044522437723423,3.2260921156633833,0.0,0.7566393977414073
3.367295829986474,2.866142726352871,0.0,0.9330869659830664,0.0,2.337727292896193,3.784189633918261,4.575370740281607,5.181783550292085,1.6853808487917579,1.3862943611198906,1.0934315742712344,0.6931471805599453,0.11314761542303925,3.044522437723423,1.6934563513070189,0.0,0.6762800884441125
3.367295829986474,2.421878824189551,0.0,0.5189386148192523,0.0,2.390018013824662,3.784189633918261,1.4264804580440935,5.181783550292085,4.949620520346103,1.3862943611198906,0.4759254152793002,0.6931471805599453,0.5357571056453629,3.044522437723423,2.310884371496508,0.0,3.4803334494975555
