S1213_Actual,S1213_Simulated,RedundantThrowsDeclarationCheck_Actual,RedundantThrowsDeclarationCheck_Simulated,S1488_Actual,S1488_Simulated,S1905_Actual,S1905_Simulated,DuplicatedBlocks_Actual,DuplicatedBlocks_Simulated,S1226_Actual,S1226_Simulated,S00112_Actual,S00112_Simulated
5.030437921392435,4.189295074572902,3.332204510175204,3.411590488688553,0.6931471805599453,1.5414280278559198,0.6931471805599453,0.08546578921313353,5.697093486505405,5.00170704510986,0.0,3.0021800730187986,6.75343791859778,6.007955147221165
5.087596335232384,3.8234219240271807,3.332204510175204,3.197803473666836,0.6931471805599453,2.080521736568466,0.6931471805599453,0.6726279704859986,5.6937321388027,4.475341822612313,0.0,0.7008490941545666,6.759255270663693,6.402068418283653
