S1213_Actual,S1213_Simulated,S00122_Actual,S00122_Simulated,S1488_Actual,S1488_Simulated,DuplicatedBlocks_Actual,DuplicatedBlocks_Simulated,S1226_Actual,S1226_Simulated,S00112_Actual,S00112_Simulated,S00108_Actual,S00108_Simulated,S1151_Actual,S1151_Simulated,S1132_Actual,S1132_Simulated
0.0367013668504281,0.8654164806904682,0.0,0.19170098661429782,0.0,0.051733357324998425,0.0,0.46172097945521134,0.0,0.11196008221551346,0.018519047767237597,0.46128570284664755,0.0,0.19702941544705932,0.018519047767237597,0.6025512276968152,0.0,0.5169270278182613
0.018519047767237697,1.5132264164626403,0.0,0.0,0.0,0.04933594693144421,0.0,0.4631938796755661,0.0,0.3871979819116427,0.009302392662313554,1.4291405370750192,0.0,0.611539925184189,0.009302392662313554,0.8601375629633816,0.0,0.0
0.0,1.1697874693673112,0.0,0.0,0.0,0.282591427230788,0.0,0.9290444337348334,0.0,0.11337165681041919,0.0,0.663906218050824,0.0,0.4230519003952417,0.0,0.760111493511008,0.0,2.25215158628818
