RedundantThrowsDeclarationCheck_Actual,RedundantThrowsDeclarationCheck_Simulated,S00122_Actual,S00122_Simulated,UselessImportCheck_Actual,UselessImportCheck_Simulated,DuplicatedBlocks_Actual,DuplicatedBlocks_Simulated,S00112_Actual,S00112_Simulated,S1155_Actual,S1155_Simulated,S00108_Actual,S00108_Simulated,S1151_Actual,S1151_Simulated,S1481_Actual,S1481_Simulated
3.367295829986474,3.182826244321462,0.0,0.17804065448848427,0.0,1.0120744067826586,3.784189633918261,3.1131672510296626,5.181783550292085,3.495480419818657,1.3862943611198906,1.4002786624897638,4.844187086458591,4.465479026967496,0.6931471805599453,0.3168034653383228,0.0,1.1044258036092558
3.367295829986474,1.8934990898896766,0.0,0.0,0.0,0.8900767323750365,3.784189633918261,3.1164398962039863,5.181783550292085,2.4943741171135425,1.3862943611198906,0.5376008797558053,4.844187086458591,3.6817553592694954,0.6931471805599453,0.42311534125560546,0.0,1.318634076714634
3.367295829986474,2.7377849426020413,0.0,0.0,0.0,0.7445003714889991,3.784189633918261,3.345907536983646,5.181783550292085,2.638309698846658,1.3862943611198906,2.2988596273120567,4.844187086458591,4.156184582901289,0.6931471805599453,0.0,0.0,0.5229720336814567
3.367295829986474,3.49607038948169,0.0,0.7630457799534864,0.0,0.9571606436324218,3.784189633918261,3.7504067080779144,5.181783550292085,4.399685705030219,1.3862943611198906,0.694434076462631,4.844187086458591,4.750496529192782,0.6931471805599453,0.0,0.0,0.0
3.367295829986474,2.984735731151234,0.0,0.7959660988488214,0.0,0.3097376138943472,3.784189633918261,3.992713543169847,5.181783550292085,1.9222062339627366,1.3862943611198906,0.8878761391762229,4.844187086458591,4.062678338309314,0.6931471805599453,1.0044719457622424,0.0,1.8047003794674805
3.367295829986474,3.234504985178416,0.0,0.6528931146095855,0.0,0.39495763089297176,3.784189633918261,2.695739087577129,5.181783550292085,2.8539789551993513,1.3862943611198906,0.5397137719479693,4.844187086458591,5.8580590649390745,0.6931471805599453,0.03550074256227104,0.0,0.24943177975740227
