RedundantThrowsDeclarationCheck_Actual,RedundantThrowsDeclarationCheck_Simulated,S00122_Actual,S00122_Simulated,UselessImportCheck_Actual,UselessImportCheck_Simulated,DuplicatedBlocks_Actual,DuplicatedBlocks_Simulated,S00112_Actual,S00112_Simulated,S1155_Actual,S1155_Simulated,S00108_Actual,S00108_Simulated,S1151_Actual,S1151_Simulated,S1481_Actual,S1481_Simulated
3.367295829986474,3.182826244321462,0.0,0.17804065448848427,0.0,1.0120744067826586,3.784189633918261,3.1131672510296626,5.181783550292085,3.495480419818657,1.3862943611198906,1.4002786624897638,4.844187086458591,4.465479026967496,0.6931471805599453,0.3168034653383228,0.0,1.1044258036092558
3.367295829986474,3.2551403937576238,0.0,0.48963816810680216,0.0,1.1327961084684701,3.784189633918261,3.6032888588877685,5.181783550292085,4.084879844993989,1.3862943611198906,2.191257151447051,4.844187086458591,4.755788620412997,0.6931471805599453,0.0,0.0,0.08938325541651615
3.367295829986474,2.2263244820026507,0.0,0.3344479504770188,0.0,2.397846480269717,3.784189633918261,3.104931752337317,5.181783550292085,3.612389107605567,1.3862943611198906,0.670403079658137,4.844187086458591,4.1276386919932255,0.6931471805599453,0.2906111461539931,0.0,1.3784359033640121
3.367295829986474,3.6268808768871645,0.0,0.5831222630867865,0.0,1.3498138305214875,3.784189633918261,4.164570409033989,5.181783550292085,5.009144901499502,1.3862943611198906,0.319070068203815,4.844187086458591,5.101211950856743,0.6931471805599453,0.4755544485373553,0.0,2.153164107813984
3.367295829986474,3.196545281313862,0.0,0.2263949781659763,0.0,0.8469316676862044,3.784189633918261,3.688528371134134,5.181783550292085,2.4692453090409265,1.3862943611198906,1.6456757653899419,4.844187086458591,4.829154059875386,0.6931471805599453,0.6057323085853848,0.0,1.8235872422159671
3.367295829986474,3.6636832529795837,0.0,0.0,0.0,0.0,3.784189633918261,4.85788467890641,5.181783550292085,4.04527194942651,1.3862943611198906,1.6317516595551675,4.844187086458591,5.173745866092567,0.6931471805599453,0.5679527188841519,0.0,2.4007202619134245
