RedundantThrowsDeclarationCheck_Actual,RedundantThrowsDeclarationCheck_Simulated,S00117_Actual,S00117_Simulated,S1226_Actual,S1226_Simulated,S1155_Actual,S1155_Simulated,S1132_Actual,S1132_Simulated
0.0,1.6070859231539256,0.0,1.0042869273197643,0.0,1.4892505708600041,0.0,1.2255437662349544,0.0,0.8147718711559766
0.0,0.1023873403760307,0.0,1.1871775713251167,0.0,3.3599663717044796,0.0,3.202099677386892,0.0,0.522158249680234
0.0,1.3455240624358198,0.0,1.7100760609373973,0.0,0.0,0.0,3.6711192840311293,0.0,0.6086269933751223
