RedundantThrowsDeclarationCheck_Actual,RedundantThrowsDeclarationCheck_Simulated,S00117_Actual,S00117_Simulated,S1226_Actual,S1226_Simulated,S1155_Actual,S1155_Simulated,S1132_Actual,S1132_Simulated
0.0,1.6070859231539256,0.0,1.0042869273197643,0.0,1.4892505708600041,0.0,1.2255437662349544,0.0,0.8147718711559766
0.0,2.3029902233434107,0.0,0.627912716182077,0.0,0.0,0.0,1.1151868865056367,0.0,1.6861375828116036
0.0,2.406122014530765,0.0,1.6298101788136985,0.0,0.6399827817654247,0.0,1.293333471407407,0.0,1.465607359825948
