S1213_Actual,S1213_Simulated,RedundantThrowsDeclarationCheck_Actual,RedundantThrowsDeclarationCheck_Simulated,S00117_Actual,S00117_Simulated,S00122_Actual,S00122_Simulated,DuplicatedBlocks_Actual,DuplicatedBlocks_Simulated,S1226_Actual,S1226_Simulated,S00112_Actual,S00112_Simulated,S1155_Actual,S1155_Simulated,S00108_Actual,S00108_Simulated,S1132_Actual,S1132_Simulated
4.442651256490317,3.9736462603351703,1.0986122886681098,0.7506859406485378,1.791759469228055,1.3000568012839122,2.5649493574615367,2.9404301144203595,3.295836866004329,2.3621206429605626,3.7612001156935624,2.945350239029016,3.6635616461296463,3.4455535302596,0.0,0.00845563664876762,1.6094379124341003,0.8320702696305738,1.6094379124341003,1.0863350080236112
4.454347296253507,4.200167945091277,1.0986122886681098,0.49996630905147277,1.791759469228055,1.3997105183007923,2.5649493574615367,0.5627545746520664,3.295836866004329,2.8879480844316356,3.7612001156935624,1.9188956827305146,3.7612001156935624,2.0751990765001036,0.0,0.004436652532608746,1.6094379124341003,0.4789586738929918,1.6094379124341003,1.2826712992807374
4.465908118654584,3.7853921807774964,1.0986122886681098,0.0,1.791759469228055,2.2640457284762694,2.5649493574615367,5.000222141136481,3.295836866004329,0.2520651074124669,3.7612001156935624,2.9217652614946092,3.7612001156935624,4.485491432281833,0.0,0.10900630269799688,1.6094379124341003,0.8537116540047925,1.6094379124341003,1.7242127543139543
4.473541743509655,3.355539179109381,1.0986122886681098,1.3551767792084268,1.8458266904983307,2.3530037882545134,2.5649493574615367,0.0,3.295836866004329,1.4063790716726245,3.7689221617874726,3.193008152103942,3.784189633918261,3.610594640561998,0.0,0.021357983518847982,1.6094379124341003,0.9523684440246275,1.6094379124341003,0.5302438590116331
4.481117537318112,3.974921234384307,1.0986122886681098,0.4123480866580677,1.8971199848858813,2.6042647893144766,2.5649493574615367,0.04548903987113562,3.295836866004329,1.9702668986835197,3.7765850345330416,4.330209393033119,3.8066624897703196,2.9003098526903583,0.0,0.15038127795591888,1.6094379124341003,1.1951190315913525,1.6094379124341003,1.458855508563865
4.48863636973214,4.650537088778174,1.0986122886681098,0.46730552219670635,1.9459101490553132,2.030144480079718,2.5649493574615367,4.077238655177313,3.295836866004329,3.379544502703915,3.784189633918261,2.86277492060512,3.828641396489095,2.799590816995777,0.0,0.0,1.6094379124341003,1.0887555798086046,1.6094379124341003,1.1550425859578357
