RedundantThrowsDeclarationCheck_Actual,RedundantThrowsDeclarationCheck_Simulated,S00117_Actual,S00117_Simulated,S1488_Actual,S1488_Simulated,S1226_Actual,S1226_Simulated,S00112_Actual,S00112_Simulated,S1155_Actual,S1155_Simulated,S00108_Actual,S00108_Simulated,S1132_Actual,S1132_Simulated,S1481_Actual,S1481_Simulated
2.4849066497880004,2.4351529294238996,3.7376696182833684,3.6722441908396397,0.0,0.0,2.5649493574615367,2.5672529730537423,4.844187086458591,4.8074087568215615,0.0,0.40739436740944157,1.3862943611198906,0.6401965770877169,2.9444389791664403,2.944434154608274,1.0986122886681098,1.6906070759942677
2.4849066497880004,2.3891119737634616,3.728100167267218,3.661665640647308,0.0,0.0,2.5649493574615367,2.5666145687774753,4.847331743138063,4.822375407393272,0.0,0.3442928717365015,1.3862943611198906,0.9078662980140338,2.9444389791664403,2.9444373145694174,1.0986122886681098,1.6359170734343043
2.4849066497880004,2.488514220896242,3.7184382563554808,3.662050685309953,0.0,0.0,2.5649493574615367,2.5632468157091033,4.850466541943434,4.814352081279467,0.0,0.3995347345152046,1.3862943611198906,1.1650329976963256,2.9444389791664403,2.94443433102269,1.0986122886681098,2.446284928232627
2.4849066497880004,2.3776218713886297,3.708682081410116,3.678340344447425,0.0,0.0,2.5649493574615367,2.557504351881958,4.853591544486569,4.79870364506263,0.0,0.6428129486204064,1.3862943611198906,0.02507071164837693,2.9444389791664403,2.944430246455811,1.0986122886681098,2.19260661057015
2.4849066497880004,2.405420139527685,3.6988297849671046,3.665654255559549,0.0,0.0,2.5649493574615367,2.573676484077596,4.856706811803519,4.818111724777266,0.0,0.09759085536326301,1.3862943611198906,0.33495293063382153,2.9444389791664403,2.944433382088974,1.0986122886681098,1.2449272200588657
2.4849066497880004,2.428521556854108,3.6888794541139363,3.666588553440356,0.0,0.0,2.5649493574615367,2.5879391614590044,4.859812404361672,4.803228456891606,0.0,0.18922288122339456,1.3862943611198906,0.9179025574142816,2.9444389791664403,2.944439466818378,1.0986122886681098,1.2114045397979036
