S1213_Actual,S1213_Simulated,RedundantThrowsDeclarationCheck_Actual,RedundantThrowsDeclarationCheck_Simulated,S00117_Actual,S00117_Simulated,S1488_Actual,S1488_Simulated,UselessImportCheck_Actual,UselessImportCheck_Simulated,S00112_Actual,S00112_Simulated,S00108_Actual,S00108_Simulated,S1151_Actual,S1151_Simulated,S1132_Actual,S1132_Simulated,S1481_Actual,S1481_Simulated
1.6094379124341003,1.5756497927369877,1.0608719606852626,0.25241187134073034,0.0,0.18529177914319295,0.6931471805599453,0.6743462050229961,0.0,1.1795748374291268,4.243721963296702,3.400715103324849,1.0986122886681098,0.9743739085513304,1.6094379124341003,1.566371245538988,1.0986122886681098,1.0986074641099446,0.0,0.28515064114304844
1.6094379124341003,1.3566881262642874,1.0685348334308318,0.003834771295319672,0.0,0.1102737586296456,0.6931471805599453,0.6158470970785378,0.0,1.0000614469824955,4.244678443522658,3.462084441580871,1.0986122886681098,0.8494452778031658,1.6094379124341003,1.6319304789365026,1.0986122886681098,1.098607782832444,0.0,0.2491990312553177
1.6094379124341003,1.4188826716655365,1.076139432816051,0.2292963651151134,0.0,0.6457555157243331,0.6931471805599453,0.7082229675968913,0.0,0.0,4.2456340097683265,2.606328939506742,1.0986122886681098,1.1257845069838173,1.6094379124341003,1.6642215360380903,1.0986122886681098,1.0986122663282725,0.0,0.0
1.6094379124341003,1.503048265766643,1.083686638451434,0.38357688686113967,0.0,0.13575243509294868,0.6931471805599453,0.7050567294251582,0.0,1.4090824705007032,4.246588663778778,4.068763250369335,1.0986122886681098,0.898345614557908,1.6094379124341003,1.53260020063268,1.0986122886681098,1.0986110360210568,0.0,0.0
1.6094379124341003,1.2686654539200095,1.0911773101805915,0.0,0.0,0.2343651357004103,0.6931471805599453,0.6784296278793758,0.0,1.8098253562407578,4.2475424072940875,3.466565936292144,1.0986122886681098,1.0000750007726886,1.6094379124341003,1.4821117419330947,1.0986122886681098,1.0986127679408826,0.0,0.0
1.6094379124341003,2.07199717704315,1.0986122886681098,0.2849840477887321,0.0,0.405976854044366,0.6931471805599453,0.6109016101246835,0.0,0.5113775912650254,4.248495242049359,1.4238415524049126,1.0986122886681098,1.090629127771286,1.6094379124341003,1.4665261667547438,1.0986122886681098,1.098607357447617,0.0,0.0
