S1213_Actual,S1213_Simulated,RedundantThrowsDeclarationCheck_Actual,RedundantThrowsDeclarationCheck_Simulated,S00117_Actual,S00117_Simulated,S1488_Actual,S1488_Simulated,UselessImportCheck_Actual,UselessImportCheck_Simulated,S00112_Actual,S00112_Simulated,S00108_Actual,S00108_Simulated,S1151_Actual,S1151_Simulated,S1132_Actual,S1132_Simulated,S1481_Actual,S1481_Simulated
1.6094379124341003,1.5756497927369877,1.0608719606852626,0.25241187134073034,0.0,0.18529177914319295,0.6931471805599453,0.6743462050229961,0.0,1.1795748374291268,4.243721963296702,3.400715103324849,1.0986122886681098,0.9743739085513304,1.6094379124341003,1.566371245538988,1.0986122886681098,1.0986074641099446,0.0,0.28515064114304844
1.6094379124341003,1.509399159711995,1.0685348334308318,0.0,0.0,0.4510485992753986,0.6931471805599453,0.7150866134759275,0.0,0.0,4.244678443522658,3.8202613269050185,1.0986122886681098,0.9812150725284045,1.6094379124341003,1.4824388913131445,1.0986122886681098,1.098602319503542,0.0,0.3308990927266049
1.6094379124341003,1.9602151687498144,1.076139432816051,0.0,0.0,0.2755274933017414,0.6931471805599453,0.7304189455196595,0.0,0.8872532680724718,4.2456340097683265,4.880741229046892,1.0986122886681098,0.9740203002413428,1.6094379124341003,1.5533792113659013,1.0986122886681098,1.0986019479681466,0.0,0.1862353746927558
1.6094379124341003,1.6334740385695286,1.083686638451434,0.8236200368708797,0.0,0.14884456361772347,0.6931471805599453,0.5946300118590647,0.0,2.489625729907286,4.246588663778778,2.5258573810500047,1.0986122886681098,1.3161995128523167,1.6094379124341003,1.4678506041950525,1.0986122886681098,1.0986110386929842,0.0,0.9343042139432916
1.6094379124341003,1.6879708211657096,1.0911773101805915,0.0,0.0,0.007819295302240958,0.6931471805599453,0.6894372271328677,0.0,0.46631106049216176,4.2475424072940875,2.3583271280805924,1.0986122886681098,1.012495958209529,1.6094379124341003,1.7577650833560403,1.0986122886681098,1.0986095471024513,0.0,1.3879121890244166
1.6094379124341003,1.547414153991653,1.0986122886681098,0.29377013228825055,0.0,0.0,0.6931471805599453,0.49747060644410535,0.0,1.7048042119124616,4.248495242049359,4.297044188397554,1.0986122886681098,0.8849483549820967,1.6094379124341003,1.6321307882645977,1.0986122886681098,1.0986032378880402,0.0,0.4917157691429458
