S00117_Actual,S00117_Simulated,UselessImportCheck_Actual,UselessImportCheck_Simulated,DuplicatedBlocks_Actual,DuplicatedBlocks_Simulated,S00112_Actual,S00112_Simulated,S1132_Actual,S1132_Simulated,S1481_Actual,S1481_Simulated
3.1354942159291497,2.5303576481378562,0.0,0.9905216270195651,3.784189633918261,3.1506115414840274,5.181783550292085,3.5229343997453917,3.044522437723423,2.3890504800855394,0.0,1.1165674294446044
3.1354942159291497,2.2117146973400867,0.0,0.0,3.784189633918261,5.410336371881643,5.181783550292085,3.972078817091219,3.044522437723423,3.069504856458503,0.0,1.931759967703516
3.1354942159291497,1.7665606501540099,0.0,1.026319676873114,3.784189633918261,1.8203519358406717,5.181783550292085,3.904023323983863,3.044522437723423,2.7732682670539788,0.0,3.0460062162780264
3.1354942159291497,2.9856359684720863,0.0,1.0287042113782083,3.784189633918261,4.178918129360925,5.181783550292085,2.809091855078434,3.044522437723423,2.420394504773821,0.0,1.467723130485067
3.1354942159291497,1.9303387838265837,0.0,2.0495539161738527,3.784189633918261,2.6190030235358983,5.181783550292085,3.921142301380322,3.044522437723423,1.992326572095445,0.0,1.1599887711347565
3.1354942159291497,2.656839443675447,0.0,0.2969350107474159,3.784189633918261,3.2415102502820137,5.181783550292085,3.086011040981532,3.044522437723423,2.194656738455839,0.0,0.0
