S00117_Actual,S00117_Simulated,UselessImportCheck_Actual,UselessImportCheck_Simulated,DuplicatedBlocks_Actual,DuplicatedBlocks_Simulated,S00112_Actual,S00112_Simulated,S1132_Actual,S1132_Simulated,S1481_Actual,S1481_Simulated
3.1354942159291497,2.5303576481378562,0.0,0.9905216270195651,3.784189633918261,3.1506115414840274,5.181783550292085,3.5229343997453917,3.044522437723423,2.3890504800855394,0.0,1.1165674294446044
3.1354942159291497,1.861926673125943,0.0,2.6604495842699794,3.784189633918261,2.316021424372649,5.181783550292085,2.9332457636982365,3.044522437723423,2.7782826673528884,0.0,0.0
3.1354942159291497,2.256166782370565,0.0,0.35671550283591014,3.784189633918261,3.4654513304441643,5.181783550292085,4.40603198109121,3.044522437723423,2.8523956390364957,0.0,2.6044498817213166
3.1354942159291497,2.927066527635943,0.0,1.259054660288967,3.784189633918261,2.4479673491297262,5.181783550292085,2.476576256831092,3.044522437723423,2.5328813459149897,0.0,1.1635233363529496
3.1354942159291497,2.2278179572753065,0.0,1.4554167115206211,3.784189633918261,4.175792251840601,5.181783550292085,4.071274711605209,3.044522437723423,2.466174332618237,0.0,0.0
3.1354942159291497,2.7931533842899245,0.0,0.4499315548126429,3.784189633918261,3.0541416250912956,5.181783550292085,3.840281247048981,3.044522437723423,2.8164925511696137,0.0,1.0441411107906013
