,Actual_last_5_vals,Simulated_0,Simulated_1,Simulated_2,Simulated_3,Simulated_4,Simulated_5,Simulated_6,Simulated_7,Simulated_8,Simulated_9,Simulated_10,Simulated_11,Simulated_12,Simulated_13,Simulated_14,Simulated_15,Simulated_16,Simulated_17,Simulated_18,Simulated_19,Simulated_20,Simulated_21,Simulated_22,Simulated_23,Simulated_24,Simulated_25,Simulated_26,Simulated_27,Simulated_28,Simulated_29
360,17359.285714285714,,,,,,,,,,,,,,,,,,,,,,,,,,,,,,
361,17360.714285714286,,,,,,,,,,,,,,,,,,,,,,,,,,,,,,
362,17362.14285714286,,,,,,,,,,,,,,,,,,,,,,,,,,,,,,
363,17363.571428571428,,,,,,,,,,,,,,,,,,,,,,,,,,,,,,
364,17365.0,,,,,,,,,,,,,,,,,,,,,,,,,,,,,,
365,,15134.087174913207,15134.087174913207,15134.087174913207,15134.087174913207,15134.087174913207,15134.087174913207,15134.087174913207,15134.087174913207,15134.087174913207,15134.087174913207,15134.087174913207,15134.087174913207,15134.087174913207,15134.087174913207,15134.087174913207,15134.087174913207,15134.087174913207,15134.087174913207,15134.087174913207,15134.087174913207,15134.087174913207,15134.087174913207,15134.087174913207,15134.087174913207,15134.087174913207,15134.087174913207,15134.087174913207,15134.087174913207,15134.087174913207,15134.087174913207
366,,12084.133420491311,13712.346126829134,15167.307184205103,14934.887527761199,15136.85404464907,18381.52834614012,16139.426820939025,16898.035288811636,15575.954433293773,15035.760564133972,15680.372003277946,14778.13650750905,10714.186703341315,12022.204132626257,12673.632439826744,14860.300509162682,13559.226903081775,14288.994852631136,14957.025948251532,13088.674317669105,15402.21690021935,11924.572917206511,13986.020635647752,16172.606754405162,15669.96017754137,15892.844218647891,14374.269566008034,15906.712073011908,14170.388391240249,16553.551311087176
