S1488_Actual,S1488_Simulated,S1905_Actual,S1905_Simulated,UselessImportCheck_Actual,UselessImportCheck_Simulated,DuplicatedBlocks_Actual,DuplicatedBlocks_Simulated,S00112_Actual,S00112_Simulated,S1155_Actual,S1155_Simulated,S1132_Actual,S1132_Simulated
1.0986122886681098,1.0077415013145123,0.0,1.571048938306501,0.6931471805599453,0.9610498910441571,1.8281271133989299,2.3875430850499346,3.332204510175204,1.6889869029199953,0.0,0.0,0.0,0.18393647179709674
1.0986122886681098,1.0213200821807773,0.0,1.1651496765508456,0.6931471805599453,1.1178344691810729,1.8101086078962514,2.082934576369678,3.332204510175204,2.197299066334523,0.0,0.0,0.0,0.0
1.0986122886681098,0.5309352273967692,0.0,0.9960596182989924,0.6931471805599453,1.1935971826589462,1.791759469228055,2.1655090103636963,3.332204510175204,1.9053758652640578,0.0,1.6626739974360676e-06,0.0,0.0
