S1488_Actual,S1488_Simulated,S1905_Actual,S1905_Simulated,UselessImportCheck_Actual,UselessImportCheck_Simulated,DuplicatedBlocks_Actual,DuplicatedBlocks_Simulated,S00112_Actual,S00112_Simulated,S1155_Actual,S1155_Simulated,S1132_Actual,S1132_Simulated
1.0986122886681098,1.0077415013145123,0.0,1.571048938306501,0.6931471805599453,0.9610498910441571,1.8803128665695001,2.3875430850499346,3.332204510175204,1.6889869029199953,0.0,0.0,0.0,0.18393647179709674
1.0986122886681098,0.8894208986297356,0.0,1.3460959729551014,0.6931471805599453,1.7050456661976336,1.8632184332102,3.1648308128357625,3.332204510175204,1.9989645433801797,0.0,0.0,0.0,0.43356616226780836
1.0986122886681098,0.5520308685839308,0.0,2.177421169769042,0.6931471805599453,1.1164578285045441,1.8458266904983307,2.1294132828907237,3.332204510175204,1.107076333811446,0.0,0.0,0.0,0.38249652136903356
1.0986122886681098,1.0282186577313996,0.0,0.03792594129169835,0.6931471805599453,0.9304427702572386,1.8281271133989299,1.4880751630516,3.332204510175204,1.1470636085477413,0.0,0.0,0.0,0.0
1.0986122886681098,1.293912772123719,0.0,2.860272941971048,0.6931471805599453,0.323975646163866,1.8101086078962514,1.0396647980735303,3.332204510175204,1.9554294598810698,0.0,0.0,0.0,0.3437578509432101
1.0986122886681098,1.1677910053885363,0.0,2.156429191780439,0.6931471805599453,0.2892262362321749,1.791759469228055,1.835565935260469,3.332204510175204,1.1559325149538,0.0,0.0,0.0,0.04192273031489413
