S1905_Actual,S1905_Simulated,DuplicatedBlocks_Actual,DuplicatedBlocks_Simulated,S1481_Actual,S1481_Simulated
0.0,0.0725638327081034,3.258096538021482,3.057278452488752,0.5108256237659906,0.21901812498572973
0.0,0.09557124609667465,3.258096538021482,2.683781562522657,0.6061358035703155,0.7376257917774616
0.0,0.0,3.258096538021482,2.9019329323456247,0.6931471805599453,0.042839004882319315
