S1905_Actual,S1905_Simulated,DuplicatedBlocks_Actual,DuplicatedBlocks_Simulated,S1481_Actual,S1481_Simulated
0.0,0.0725638327081034,3.258096538021482,3.057278452488752,0.15415067982725825,0.21901812498572973
0.0,0.0,3.258096538021482,2.847442647578081,0.2876820724517809,0.026516629035243794
0.0,0.16022685729355732,3.258096538021482,2.992518216288631,0.4054651081081644,0.682972225763963
0.0,0.11994082542001225,3.258096538021482,3.0489173222991894,0.5108256237659906,0.0
0.0,0.15002650996852984,3.258096538021482,3.087414216633598,0.6061358035703155,0.621992847449565
0.0,0.0,3.258096538021482,3.4015064422256174,0.6931471805599453,0.3748319335413072
