S1905_Actual,S1905_Simulated,DuplicatedBlocks_Actual,DuplicatedBlocks_Simulated,S1481_Actual,S1481_Simulated
0.0,0.0725638327081034,3.258096538021482,3.057278452488752,0.5108256237659906,0.21901812498572973
0.0,0.20519172237770247,3.258096538021482,3.1843136262666434,0.6061358035703155,0.5208164601075655
0.0,0.17855263113499423,3.258096538021482,3.071351151099113,0.6931471805599453,0.0
