S1213_Actual,S1213_Simulated,S1488_Actual,S1488_Simulated,S1226_Actual,S1226_Simulated,S1155_Actual,S1155_Simulated,S1151_Actual,S1151_Simulated,S1132_Actual,S1132_Simulated,S1481_Actual,S1481_Simulated
6.231355955723415,5.194460844659627,2.302585092994046,2.427345894429739,3.713572066704308,3.595057177045192,2.5649493574615367,2.5986783502196977,4.143134726391533,4.109089806957299,3.912023005428146,4.123671636980064,1.9459101490553132,2.6344328271877484
6.231574463317423,4.777285929175832,2.302585092994046,2.4231927065081917,3.713572066704308,3.630065079220102,2.5649493574615367,2.538236355738323,4.143134726391533,4.1071932203379315,3.912023005428146,4.177805998247527,1.9459101490553132,2.085070659871792
6.231792923176292,3.962379922387587,2.302585092994046,2.370437843413254,3.713572066704308,3.531516332796067,2.5649493574615367,2.682000424275612,4.143134726391533,4.125771004433236,3.912023005428146,4.14923486835627,1.9459101490553132,3.1436527687073275
6.232011335320876,4.404246677555797,2.302585092994046,1.5935795237778625,3.713572066704308,3.610544519374319,2.5649493574615367,2.5981699043696187,4.143134726391533,4.10117752782812,3.912023005428146,4.112586082739824,1.9459101490553132,3.035568081792228
6.232229699772011,5.811172385730917,2.302585092994046,2.158395990596007,3.713572066704308,3.563605115925891,2.5649493574615367,2.6556340337022863,4.143134726391533,4.132037637291881,3.912023005428146,4.105361413254406,1.9459101490553132,3.346837179852244
6.2324480165505225,4.9325745719349285,2.302585092994046,2.582634552622691,3.713572066704308,3.5552976556243325,2.5649493574615367,2.5886711794003516,4.143134726391533,4.10937445840477,3.912023005428146,4.1309385677040815,1.9459101490553132,2.0942341581878807
