S1213_Actual,S1213_Simulated,S1488_Actual,S1488_Simulated,S1226_Actual,S1226_Simulated,S1155_Actual,S1155_Simulated,S1151_Actual,S1151_Simulated,S1132_Actual,S1132_Simulated,S1481_Actual,S1481_Simulated
6.231355955723415,5.194460844659627,2.302585092994046,2.427345894429739,3.713572066704308,3.595057177045192,2.5649493574615367,2.5986783502196977,4.143134726391533,4.109089806957299,3.912023005428146,4.123671636980064,1.9459101490553132,2.6344328271877484
6.231574463317423,5.746499624418815,2.302585092994046,2.6355288502679644,3.713572066704308,3.6046334670588167,2.5649493574615367,2.562528981038204,4.143134726391533,4.0729084017957895,3.912023005428146,3.9065867686020517,1.9459101490553132,2.7424825964203072
6.231792923176292,5.5335378715960255,2.302585092994046,2.227910269365298,3.713572066704308,3.6404906052505583,2.5649493574615367,2.606877851393579,4.143134726391533,4.0197284176240045,3.912023005428146,4.2104298451267494,1.9459101490553132,1.9915581975951282
6.232011335320876,5.240166162349775,2.302585092994046,2.32514681616086,3.713572066704308,3.5007450831767715,2.5649493574615367,2.6111794529335968,4.143134726391533,4.095386714642448,3.912023005428146,4.2465398389122715,1.9459101490553132,3.3417121360495265
6.232229699772011,4.6322622190831,2.302585092994046,2.614584012957157,3.713572066704308,3.594720087606123,2.5649493574615367,2.660303989514351,4.143134726391533,4.141090039172655,3.912023005428146,4.051982072386719,1.9459101490553132,0.9639461450282283
6.2324480165505225,5.777302503189778,2.302585092994046,2.537756105630206,3.713572066704308,3.579846519636535,2.5649493574615367,2.6939178900032976,4.143134726391533,4.130728751101099,3.912023005428146,4.124195017202577,1.9459101490553132,2.0555123692587554
