S00117_Actual,S00117_Simulated,S1151_Actual,S1151_Simulated
1.791759469228055,1.781611849603637,2.3978952727983707,2.2821398388678324
1.8718021769015913,1.4672218101134495,2.3978952727983707,2.430096488725791
1.9459101490553132,2.2245064774835503,2.3978952727983707,2.2749451121029542
