S00117_Actual,S00117_Simulated,S1151_Actual,S1151_Simulated
1.791759469228055,1.781611849603637,2.3978952727983707,2.2821398388678324
1.791759469228055,1.0619968439119964,2.3978952727983707,2.292004530153298
1.791759469228055,1.2419383612787223,2.3978952727983707,2.312815471383785
1.791759469228055,1.725435997646066,2.3978952727983707,2.4951566097240834
1.8718021769015913,1.1231116945652573,2.3978952727983707,2.4967921676699762
1.9459101490553132,0.9540222936433427,2.3978952727983707,2.195184535403389
