S00117_Actual,S00117_Simulated,S1151_Actual,S1151_Simulated
1.791759469228055,1.3003772873935853,2.3978952727983707,3.1027931111671934
1.8718021769015913,0.7935196263617296,2.3978952727983707,2.8101260941107493
1.9459101490553132,2.348766912929328,2.3978952727983707,4.691939322395244
