S00117_Actual,S00117_Simulated,S1151_Actual,S1151_Simulated
1.791759469228055,1.781611849603637,2.3978952727983707,2.2821398388678324
1.8718021769015913,2.4455856935873665,2.3978952727983707,2.5984507816936526
1.9459101490553132,2.0771033780283776,2.3978952727983707,2.3272811376136677
