S1151_Actual,S1151_Simulated
2.3978952727983707,3.1027931111671934
2.3978952727983707,2.509942180480245
2.3978952727983707,2.1472710692104258
2.3978952727983707,4.528636600263503
2.3978952727983707,3.5668684007971563
2.3978952727983707,3.748138730200716
2.3978952727983707,4.0746436977961835
2.3978952727983707,2.007371141143597
2.3978952727983707,1.728062514301568
2.3978952727983707,3.071254832101009
2.3978952727983707,3.0084727400860336
2.3978952727983707,3.51893784152173
