S1905_Actual,S1905_Simulated,S1226_Actual,S1226_Simulated,S00108_Actual,S00108_Simulated,S1481_Actual,S1481_Simulated
0.0,0.9071098113340569,4.248495242049359,4.134769788868201,1.3862943611198906,1.5415685703871407,2.5649493574615367,3.085545834700197
0.0,1.2183658081051507,4.248495242049359,4.298200771875583,1.3862943611198906,1.7116760390743306,2.5649493574615367,2.771646395507252
0.0,0.6311200957285747,4.248495242049359,4.124448038728868,1.3862943611198906,1.639332298984138,2.5649493574615367,3.443988608466591
