S1151_Actual,S1151_Simulated
2.3978952727983707,3.1027931111671934
2.3978952727983707,2.7547909490701175
2.3978952727983707,3.794438227970331
