S1151_Actual,S1151_Simulated
2.3978952727983707,3.1027931111671934
2.3978952727983707,3.7405171887569524
2.3978952727983707,5.022109340464094
