S1213_Actual,S1213_Simulated,RedundantThrowsDeclarationCheck_Actual,RedundantThrowsDeclarationCheck_Simulated,S00117_Actual,S00117_Simulated,S1488_Actual,S1488_Simulated,UselessImportCheck_Actual,UselessImportCheck_Simulated,DuplicatedBlocks_Actual,DuplicatedBlocks_Simulated,S00112_Actual,S00112_Simulated,S00108_Actual,S00108_Simulated,S1151_Actual,S1151_Simulated,S1132_Actual,S1132_Simulated,S1481_Actual,S1481_Simulated
1.6094379124341003,1.6094330878759344,1.0608719606852626,0.823934510775538,0.0,0.0,0.6931471805599453,0.6931423560017793,0.0,0.0,1.9459101490553132,1.9459053244971471,4.243721963296702,4.214363101707152,1.0986122886681098,1.0986074641099437,1.6094379124341003,1.6094330878759344,1.0986122886681098,1.0986074641099437,0.0,0.0
1.6094379124341003,1.6094345534326273,1.0685348334308318,0.6191253578115383,0.0,0.0,0.6931471805599453,0.6931443899709463,0.0,0.0,1.9459101490553132,1.9459047204449489,4.244678443522658,4.205560904647419,1.0986122886681098,1.098606062433224,1.6094379124341003,1.6094290608284967,1.0986122886681098,1.098604895364834,0.0,0.0
1.6094379124341003,1.609434978065457,1.076139432816051,0.6554146955589016,0.0,0.0,0.6931471805599453,0.6931446571642962,0.0,0.0,1.9459101490553132,1.945901962345996,4.2456340097683265,4.200283078336817,1.0986122886681098,1.0986099166372074,1.6094379124341003,1.6094320239626185,1.0986122886681098,1.0986069056838912,0.0,0.0
1.6094379124341003,1.6094356601997892,1.083686638451434,0.9950992810717073,0.0,0.0,0.6931471805599453,0.6931459431953573,0.0,0.0,1.9459101490553132,1.9458995028656647,4.246588663778778,4.215717273441008,1.0986122886681098,1.098612760207806,1.6094379124341003,1.6094286605428378,1.0986122886681098,1.0986070440606157,0.0,0.0
1.6094379124341003,1.6094360041136897,1.0911773101805915,0.730791097317072,0.0,0.0,0.6931471805599453,0.693146068190489,0.0,0.0,1.9459101490553132,1.9459048566827282,4.2475424072940875,4.219484392616803,1.0986122886681098,1.0986082203148537,1.6094379124341003,1.6094343834113334,1.0986122886681098,1.0986058162393626,0.0,0.0
1.6094379124341003,1.6094320925387564,1.0986122886681098,0.6321170202729898,0.0,0.0,0.6931471805599453,0.693137849315423,0.0,0.0,1.9459101490553132,1.945909632858079,4.248495242049359,4.207909621031182,1.0986122886681098,1.0986113152218717,1.6094379124341003,1.6094324704151908,1.0986122886681098,1.0986089296283013,0.0,0.0
