S1213_Actual,S1213_Simulated,RedundantThrowsDeclarationCheck_Actual,RedundantThrowsDeclarationCheck_Simulated,S00117_Actual,S00117_Simulated,S1488_Actual,S1488_Simulated,UselessImportCheck_Actual,UselessImportCheck_Simulated,DuplicatedBlocks_Actual,DuplicatedBlocks_Simulated,S00112_Actual,S00112_Simulated,S00108_Actual,S00108_Simulated,S1151_Actual,S1151_Simulated,S1132_Actual,S1132_Simulated,S1481_Actual,S1481_Simulated
1.6094379124341003,1.6094330878759344,1.0608719606852626,0.823934510775538,0.0,0.0,0.6931471805599453,0.6931423560017793,0.0,0.0,1.9459101490553132,1.9459053244971471,4.243721963296702,4.214363101707152,1.0986122886681098,1.0986074641099437,1.6094379124341003,1.6094330878759344,1.0986122886681098,1.0986074641099437,0.0,0.0
1.6094379124341003,1.609435939006664,1.0685348334308318,0.9452195344611687,0.0,7.498821679151434e-06,0.6931471805599453,0.693139150272925,0.0,0.0,1.9459101490553132,1.9459064066268013,4.244678443522658,4.238935169637953,1.0986122886681098,1.098611157450478,1.6094379124341003,1.6094291417469693,1.0986122886681098,1.09861178256317,0.0,0.0
1.6094379124341003,1.60943989473927,1.076139432816051,0.7664550528129324,0.0,0.0,0.6931471805599453,0.693137084885229,0.0,0.0,1.9459101490553132,1.9459018818759377,4.2456340097683265,4.207937605590594,1.0986122886681098,1.0986078849878538,1.6094379124341003,1.609427291850344,1.0986122886681098,1.0986058943309291,0.0,0.0
1.6094379124341003,1.609434939659715,1.083686638451434,0.8477168815102883,0.0,0.0,0.6931471805599453,0.6931473779587904,0.0,0.0,1.9459101490553132,1.945902447338253,4.246588663778778,4.202699525442951,1.0986122886681098,1.0986085776681296,1.6094379124341003,1.6094315219446726,1.0986122886681098,1.09860690341262,0.0,0.0
1.6094379124341003,1.6094336130493103,1.0911773101805915,0.9390252344554374,0.0,1.3147356645773936e-06,0.6931471805599453,0.6931419273164698,0.0,0.0,1.9459101490553132,1.9459083811097664,4.2475424072940875,4.198342552375401,1.0986122886681098,1.098607750708174,1.6094379124341003,1.609435509330601,1.0986122886681098,1.0986047583239456,0.0,0.0
1.6094379124341003,1.6094364638819958,1.0986122886681098,0.8678172817906249,0.0,0.0,0.6931471805599453,0.6931427892169781,0.0,0.0,1.9459101490553132,1.9459052471585003,4.248495242049359,4.206702138705234,1.0986122886681098,1.0986080854364482,1.6094379124341003,1.6094310380243908,1.0986122886681098,1.0986033330931537,0.0,0.0
