S1488_Actual,S1488_Simulated,S1905_Actual,S1905_Simulated,UselessImportCheck_Actual,UselessImportCheck_Simulated,DuplicatedBlocks_Actual,DuplicatedBlocks_Simulated,S00112_Actual,S00112_Simulated,S1155_Actual,S1155_Simulated,S1132_Actual,S1132_Simulated,S1481_Actual,S1481_Simulated
1.0986122886681098,1.098607464109944,0.0,1.6673150755118407,0.6931471805599453,1.1056266642274308,1.8281271133989299,2.612788774682368,3.332204510175204,2.0494519355260974,0.0,0.0,0.0,0.0,0.20067069546215122,0.9118090976275225
1.0986122886681098,1.0986141851569158,0.0,1.638795493150489,0.6931471805599453,1.12526065399461,1.8101086078962514,3.1658200048382903,3.332204510175204,3.6289440918145948,0.0,0.0,0.0,0.0,0.1053605156578263,1.4041275447228814
1.0986122886681098,1.0986075900843533,0.0,2.1086716678830264,0.6931471805599453,0.8672509186324694,1.791759469228055,2.4775530986276784,3.332204510175204,2.7880749393258193,0.0,0.0,0.0,0.0,0.0,1.1233168173236834
