S1488_Actual,S1488_Simulated,S1905_Actual,S1905_Simulated,UselessImportCheck_Actual,UselessImportCheck_Simulated,DuplicatedBlocks_Actual,DuplicatedBlocks_Simulated,S00112_Actual,S00112_Simulated,S1155_Actual,S1155_Simulated,S1132_Actual,S1132_Simulated,S1481_Actual,S1481_Simulated
1.0986122886681098,1.098607464109944,0.0,1.6673150755118407,0.6931471805599453,1.1056266642274308,1.8803128665695001,2.612788774682368,3.332204510175204,2.0494519355260974,0.0,0.0,0.0,0.0,0.44183275227903923,0.9118090976275225
1.0986122886681098,1.0986115610925584,0.0,2.2709531798761162,0.6931471805599453,1.4903470074859135,1.8632184332102,3.0539586653874493,3.332204510175204,2.1196717371893947,0.0,0.0,0.0,0.0,0.36772478012531734,0.36512673481309943
1.0986122886681098,1.0986083769124209,0.0,2.3937861862623295,0.6931471805599453,1.2690925028987903,1.8458266904983307,2.172153185550066,3.332204510175204,2.409930202505214,0.0,0.0,0.0,0.0,0.2876820724517809,1.2557423539446948
1.0986122886681098,1.0986064016195052,0.0,0.8196685196743269,0.6931471805599453,1.156228321634584,1.8281271133989299,2.4698207829919614,3.332204510175204,1.3256068760614976,0.0,0.0,0.0,0.0,0.20067069546215122,0.8035412881657166
1.0986122886681098,1.0986076822700015,0.0,0.5324126387202885,0.6931471805599453,1.2444692275872256,1.8101086078962514,2.5980460101515557,3.332204510175204,2.16794348381232,0.0,0.0,0.0,0.0,0.1053605156578263,0.8801627187439975
1.0986122886681098,1.0985994436665982,0.0,1.3861700845106688,0.6931471805599453,0.5657628196641581,1.791759469228055,2.505685159998405,3.332204510175204,2.1564083120609037,0.0,0.0,0.0,0.0,0.0,0.00638527984953019
