RedundantThrowsDeclarationCheck_Actual,RedundantThrowsDeclarationCheck_Simulated,S00117_Actual,S00117_Simulated,S1488_Actual,S1488_Simulated,S00112_Actual,S00112_Simulated,S1155_Actual,S1155_Simulated,S00108_Actual,S00108_Simulated,S1132_Actual,S1132_Simulated,S1481_Actual,S1481_Simulated
2.4849066497880004,3.5752879838039395,3.7376696182833684,3.697392449979346,0.0,0.8754362755897771,4.844187086458591,4.276680021083757,0.0,1.7109182803350094,1.3862943611198906,0.5443390143275862,2.9444389791664403,4.1497156410950025,1.0986122886681098,3.437301328727192
2.4849066497880004,3.5358923790653085,3.728100167267218,4.905146239020963,0.0,0.0,4.847331743138063,3.802703690763223,0.0,0.0,1.3862943611198906,0.093013530668975,2.9444389791664403,3.809626997147637,1.0986122886681098,1.7319235352431475
2.4849066497880004,1.8147418502906854,3.7184382563554808,4.485737305007209,0.0,1.6146262088529295,4.850466541943434,4.42898673303604,0.0,4.761738963993391,1.3862943611198906,0.9490768449199658,2.9444389791664403,4.063940788946182,1.0986122886681098,2.8869320065599364
2.4849066497880004,3.788885247977227,3.708682081410116,4.134410653841247,0.0,0.2349994012564628,4.853591544486569,5.625149438856674,0.0,4.155383890033358,1.3862943611198906,0.2649678425812212,2.9444389791664403,3.671902625193886,1.0986122886681098,0.6080664079480913
2.4849066497880004,3.147173640638212,3.6988297849671046,4.168341411475045,0.0,0.8292217921463586,4.856706811803519,2.9179316801394912,0.0,2.9004084065665197,1.3862943611198906,0.0,2.9444389791664403,3.6601003633462126,1.0986122886681098,3.614582630844865
2.4849066497880004,3.735709929920773,3.6888794541139363,3.0190671591898153,0.0,0.0,4.859812404361672,3.2232208801353046,0.0,2.6602787262750978,1.3862943611198906,0.0,2.9444389791664403,4.38463573496491,1.0986122886681098,5.1939895597953
