S1213_Actual,S1213_Simulated,S1488_Actual,S1488_Simulated,S00112_Actual,S00112_Simulated,S1155_Actual,S1155_Simulated,S1151_Actual,S1151_Simulated,S1132_Actual,S1132_Simulated,S1481_Actual,S1481_Simulated
6.231355955723415,5.194460844659627,2.302585092994046,2.427345894429739,4.634728988229636,4.358025076129445,2.5649493574615367,2.5986783502196977,4.143134726391533,4.109089806957299,3.912023005428146,4.123671636980064,1.9459101490553132,2.6344328271877484
6.231574463317423,4.855561033569098,2.302585092994046,3.15578245476435,4.634728988229636,4.506096706956906,2.5649493574615367,2.5215036467761665,4.143134726391533,4.1330697635166525,3.912023005428146,4.165648973481067,1.9459101490553132,2.240812525248784
6.231792923176292,6.354105244431726,2.302585092994046,1.6659652583415723,4.634728988229636,4.104761900677828,2.5649493574615367,2.5350537002638434,4.143134726391533,4.1338993033052,3.912023005428146,4.104211112436807,1.9459101490553132,3.243213979142849
6.232011335320876,4.53392570257789,2.302585092994046,2.2245559048529793,4.634728988229636,4.1851172730080455,2.5649493574615367,2.5691009906568625,4.143134726391533,4.126594632641149,3.912023005428146,4.218147650508953,1.9459101490553132,3.676156362738438
6.232229699772011,5.1631340569022015,2.302585092994046,2.135155215948262,4.634728988229636,4.377435555586114,2.5649493574615367,2.598311764548156,4.143134726391533,3.97699915601749,3.912023005428146,4.129150544056168,1.9459101490553132,2.2258327092129786
6.2324480165505225,5.236786918286563,2.302585092994046,2.5749427279388373,4.634728988229636,4.660573970745945,2.5649493574615367,2.6797521323694227,4.143134726391533,4.1076195903495645,3.912023005428146,4.086250942937889,1.9459101490553132,2.8110581987258607
