RedundantThrowsDeclarationCheck_Actual,RedundantThrowsDeclarationCheck_Simulated,S00117_Actual,S00117_Simulated,S1488_Actual,S1488_Simulated,S1226_Actual,S1226_Simulated,S00112_Actual,S00112_Simulated,S1155_Actual,S1155_Simulated,S1132_Actual,S1132_Simulated,S1481_Actual,S1481_Simulated
2.4849066497880004,3.5752879838039395,3.708682081410116,3.697392449979346,0.0,0.8754362755897771,2.5649493574615367,3.5879241157460826,4.853591544486569,4.276680021083757,0.0,1.7109182803350094,2.9444389791664403,4.1497156410950025,1.0986122886681098,3.437301328727192
2.4849066497880004,3.2293485800710933,3.6988297849671046,4.657059206900785,0.0,0.40571368860803875,2.5649493574615367,2.698742927828399,4.856706811803519,2.9606851279716713,0.0,3.1729050283971887,2.9444389791664403,3.430534908193301,1.0986122886681098,3.706825328291105
2.4849066497880004,2.8128964058332016,3.6888794541139363,4.213252844370249,0.0,0.09691591674365818,2.5649493574615367,3.0152326841733723,4.859812404361672,4.650668771030616,0.0,2.146198576073867,2.9444389791664403,6.635945253192638,1.0986122886681098,5.254907997761
