S1905_Actual,S1905_Simulated,DuplicatedBlocks_Actual,DuplicatedBlocks_Simulated
0.0,0.36172044398760594,3.258096538021482,2.5129296442372437
0.0,0.3490541429728364,3.258096538021482,2.3312169868780748
0.0,0.5184598104885803,3.258096538021482,3.703336975506157
