RedundantThrowsDeclarationCheck_Actual,RedundantThrowsDeclarationCheck_Simulated,S1905_Actual,S1905_Simulated,UselessImportCheck_Actual,UselessImportCheck_Simulated,DuplicatedBlocks_Actual,DuplicatedBlocks_Simulated,S1226_Actual,S1226_Simulated,S1155_Actual,S1155_Simulated,S1151_Actual,S1151_Simulated,S1132_Actual,S1132_Simulated,S1481_Actual,S1481_Simulated
0.0,0.13061218153693147,0.0,0.0627247989161265,0.23270468455819335,2.067760709232467,0.0,0.4722537343060408,0.0,0.11086315715662766,0.0,0.05140755755911177,0.021599111803461798,0.6143608525794846,0.0,0.5357143502130369,0.021599111803461798,0.794859720905366
0.0,0.17098172413838095,0.0,0.1558936525190358,0.19029550263309924,1.1284690917375038,0.0,2.5323229663697893,0.0,0.0,0.0,0.0,0.017316450011460875,0.8650803954282387,0.0,0.47140410803095284,0.017316450011460875,1.543093829418063
0.0,0.2800147983909216,0.0,0.0,0.1460078224319825,1.8033348433189518,0.0,1.3165392302384997,0.0,0.0,0.0,0.0,0.0130153681120703,0.0,0.0,1.9059197342825764,0.0130153681120703,1.5785244305906592
0.0,0.0,0.0,0.07234649338155649,0.09966748517328153,2.131360884062704,0.0,0.0,0.0,0.35367661898411784,0.0,0.11775325517590449,0.008695706967553821,0.8508521788055703,0.0,0.0,0.008695706967553821,1.785695424914295
0.0,0.1925345708000056,0.0,0.0,0.05107492993641579,2.28886921779704,0.0,0.0,0.0,0.0626739355469114,0.0,0.05483153911036458,0.00435730536895569,1.0039051995788546,0.0,0.0,0.00435730536895569,0.2705290091078063
0.0,0.8127020432316646,0.0,0.0,0.0,2.2636358157159906,0.0,0.0,0.0,0.2191828570839024,0.0,0.008947192002282688,0.0,0.7840570096793303,0.0,0.0,0.0,1.3698036482073763
