RedundantThrowsDeclarationCheck_Actual,RedundantThrowsDeclarationCheck_Simulated,S1488_Actual,S1488_Simulated,S1905_Actual,S1905_Simulated,UselessImportCheck_Actual,UselessImportCheck_Simulated,S00108_Actual,S00108_Simulated
4.969813299576001,5.112958552709485,3.258096538021482,3.1324916786314416,2.70805020110221,2.842322744116647,4.127134385045092,3.9462715619334965,1.3862943611198906,1.0310430254238616
4.962844630259907,6.193508317801135,3.5553480614894135,2.520397439838854,2.5649493574615367,4.617928585075955,4.248495242049359,2.490085425162812,1.3862943611198906,2.050438613523473
4.962844630259907,7.548459132338461,3.5553480614894135,1.310858850826589,2.5649493574615367,0.0,4.23410650459726,5.259910833598468,1.3862943611198906,0.9978325165311626
