RedundantThrowsDeclarationCheck_Actual,RedundantThrowsDeclarationCheck_Simulated,S00117_Actual,S00117_Simulated,S1488_Actual,S1488_Simulated,S00112_Actual,S00112_Simulated,S1155_Actual,S1155_Simulated,S1132_Actual,S1132_Simulated,S1481_Actual,S1481_Simulated
1.0663514264498883,0.26424494468692766,0.0,0.18857179510065186,0.6931471805599453,0.6742804700449279,4.244405256797834,3.4160510287931776,1.0986122886681098,1.1085934909171022,1.0986122886681098,1.098607464109944,0.0,0.2632049367457456
1.0826119473216684,0.06910845701007118,0.0,0.28252255798980735,0.6931471805599453,0.5757211517651999,4.246452340419559,2.0901575384118187,1.0986122886681098,1.1177827894566408,1.0986122886681098,1.0986034616843234,0.0,0.0017726567768127643
1.0986122886681098,0.46840951940647535,0.0,0.0,0.6931471805599453,0.6937290874368389,4.248495242049359,1.5111977471151676,1.0986122886681098,1.080590322647591,1.0986122886681098,1.098607392945494,0.0,0.0
