RedundantThrowsDeclarationCheck_Actual,RedundantThrowsDeclarationCheck_Simulated,S00117_Actual,S00117_Simulated,S1488_Actual,S1488_Simulated,S00112_Actual,S00112_Simulated,S1155_Actual,S1155_Simulated,S1132_Actual,S1132_Simulated,S1481_Actual,S1481_Simulated
1.0663514264498883,0.26424494468692766,0.0,0.18857179510065186,0.6931471805599453,0.6742804700449279,4.244405256797834,3.4160510287931776,1.0986122886681098,1.1085934909171022,1.0986122886681098,1.098607464109944,0.0,0.2632049367457456
1.0826119473216684,0.0,0.0,0.0,0.6931471805599453,0.7649832732001328,4.246452340419559,2.4476197947068328,1.0986122886681098,1.1106525509541316,1.0986122886681098,1.0986024159214305,0.0,0.0
1.0986122886681098,0.41840276093555456,0.0,0.09991277485067857,0.6931471805599453,0.7326404170551191,4.248495242049359,3.4318285036822345,1.0986122886681098,1.0781855852342694,1.0986122886681098,1.0986034722664784,0.0,0.04942991719992931
