RedundantThrowsDeclarationCheck_Actual,RedundantThrowsDeclarationCheck_Simulated,S00117_Actual,S00117_Simulated,S1488_Actual,S1488_Simulated,S00112_Actual,S00112_Simulated,S1155_Actual,S1155_Simulated,S1132_Actual,S1132_Simulated,S1481_Actual,S1481_Simulated
1.0159205728229963,0.26424494468692766,0.0,0.18857179510065186,0.6931471805599453,0.6742804700449279,4.23823874188217,3.4160510287931776,1.0986122886681098,1.1085934909171022,1.0986122886681098,1.098607464109944,0.0,0.2632049367457456
1.0330150061822962,1.003571090768209,0.0,0.4275764779473863,0.6931471805599453,0.6396053967245807,4.24029847484518,3.01246940990713,1.0986122886681098,1.0989131401236556,1.0986122886681098,1.0986000287449478,0.0,1.1608742596109969
1.0498221244986776,0.32691732045208666,0.0,0.6101897107334346,0.6931471805599453,0.5547514604739865,4.242353974027276,3.1260373960307426,1.0986122886681098,1.1893907620485509,1.0986122886681098,1.0986071322576683,0.0,0.6461963271009432
1.0663514264498883,0.5882912336819491,0.0,0.0,0.6931471805599453,0.835280084745855,4.244405256797834,5.460405925068583,1.0986122886681098,1.0770278440400305,1.0986122886681098,1.098614336204922,0.0,1.1049320306721206
1.0826119473216684,0.07258974104119317,0.0,0.058494914071700155,0.6931471805599453,0.5057016145439532,4.246452340419559,3.584432878946167,1.0986122886681098,1.1737495503100912,1.0986122886681098,1.0985970068453623,0.0,2.0380601477705205
1.0986122886681098,0.0,0.0,0.0,0.6931471805599453,0.7798944399182036,4.248495242049359,2.50938324593676,1.0986122886681098,1.1035731898976515,1.0986122886681098,1.0986077906301344,0.0,0.22462314163333166
