,Actual_last_5_vals,Simulated_0,Simulated_1,Simulated_2,Simulated_3,Simulated_4,Simulated_5,Simulated_6,Simulated_7,Simulated_8,Simulated_9,Simulated_10,Simulated_11,Simulated_12,Simulated_13,Simulated_14,Simulated_15,Simulated_16,Simulated_17,Simulated_18,Simulated_19,Simulated_20,Simulated_21,Simulated_22,Simulated_23,Simulated_24,Simulated_25,Simulated_26,Simulated_27,Simulated_28,Simulated_29
389,42899.57205240175,,,,,,,,,,,,,,,,,,,,,,,,,,,,,,
390,42902.17903930131,,,,,,,,,,,,,,,,,,,,,,,,,,,,,,
391,42904.78602620088,,,,,,,,,,,,,,,,,,,,,,,,,,,,,,
392,42907.39301310044,,,,,,,,,,,,,,,,,,,,,,,,,,,,,,
393,42910.0,,,,,,,,,,,,,,,,,,,,,,,,,,,,,,
394,,45311.61211877226,45311.61211877226,45311.61211877226,45311.61211877226,45311.61211877226,45311.61211877226,45311.61211877226,45311.61211877226,45311.61211877226,45311.61211877226,45311.61211877226,45311.61211877226,45311.61211877226,45311.61211877226,45311.61211877226,45311.61211877226,45311.61211877226,45311.61211877226,45311.61211877226,45311.61211877226,45311.61211877226,45311.61211877226,45311.61211877226,45311.61211877226,45311.61211877226,45311.61211877226,45311.61211877226,45311.61211877226,45311.61211877226,45311.61211877226
395,,45541.49343882407,44434.034900985214,52184.99537308055,46898.16657810098,43425.43396621797,48292.566458339876,49089.069604064476,44141.782049496534,45283.87230571751,47522.08725825577,48704.697990132656,44260.75712874847,46934.529770127236,47653.081622370664,46735.38268728584,45511.725943966725,47203.35175298054,42438.49370631064,50845.85497362025,45820.30903500236,46936.796009839316,47707.70883288129,47066.892430756554,47042.12240279722,45860.108557559026,44418.37523307675,42441.64356609509,44164.76398345497,46620.08165295461,44287.2927895985
