S1905_Actual,S1905_Simulated,DuplicatedBlocks_Actual,DuplicatedBlocks_Simulated,S1481_Actual,S1481_Simulated
0.0,0.0725638327081034,3.258096538021482,3.057278452488752,0.15415067982725825,0.21901812498572973
0.0,0.17168085099660607,3.258096538021482,2.999030619775751,0.2876820724517809,0.0
0.0,0.0,3.258096538021482,2.94664070735011,0.4054651081081644,0.0
0.0,0.38766680260461994,3.258096538021482,2.9770032535938267,0.5108256237659906,0.0
0.0,0.019793619827121918,3.258096538021482,2.8860039731129947,0.6061358035703155,0.10169698153639535
0.0,0.0,3.258096538021482,3.5079767626365608,0.6931471805599453,0.0
