,Actual_last_5_vals,Simulated_0,Simulated_1,Simulated_2,Simulated_3,Simulated_4,Simulated_5,Simulated_6,Simulated_7,Simulated_8,Simulated_9,Simulated_10,Simulated_11,Simulated_12,Simulated_13,Simulated_14,Simulated_15,Simulated_16,Simulated_17,Simulated_18,Simulated_19,Simulated_20,Simulated_21,Simulated_22,Simulated_23,Simulated_24,Simulated_25,Simulated_26,Simulated_27,Simulated_28,Simulated_29
422,57596.857142857145,,,,,,,,,,,,,,,,,,,,,,,,,,,,,,
423,57733.142857142855,,,,,,,,,,,,,,,,,,,,,,,,,,,,,,
424,57869.42857142857,,,,,,,,,,,,,,,,,,,,,,,,,,,,,,
425,58005.71428571428,,,,,,,,,,,,,,,,,,,,,,,,,,,,,,
426,58142.0,,,,,,,,,,,,,,,,,,,,,,,,,,,,,,
427,,52093.93243819451,52093.93243819451,52093.93243819451,52093.93243819451,52093.93243819451,52093.93243819451,52093.93243819451,52093.93243819451,52093.93243819451,52093.93243819451,52093.93243819451,52093.93243819451,52093.93243819451,52093.93243819451,52093.93243819451,52093.93243819451,52093.93243819451,52093.93243819451,52093.93243819451,52093.93243819451,52093.93243819451,52093.93243819451,52093.93243819451,52093.93243819451,52093.93243819451,52093.93243819451,52093.93243819451,52093.93243819451,52093.93243819451,52093.93243819451
428,,48986.502378497156,53611.309780670825,49231.52535292083,51143.07947720353,44016.923104896734,49636.45746252674,48912.547197190856,40256.442760465965,59111.910147504954,58120.15113138355,55685.21145179665,47651.336021900264,53523.867382114884,55309.33536658634,48977.08781935314,53637.90520565481,48511.5947073806,51760.89935852877,54001.30979349632,54110.42251389363,43675.23350081463,44760.94908781256,56209.065306500954,46408.22733092116,55806.64123798016,50995.83382102847,56987.0959828699,52066.13279817085,49403.05221288344,55509.47262509276
