S1213_Actual,S1213_Simulated,S00122_Actual,S00122_Simulated,S1488_Actual,S1488_Simulated,S1226_Actual,S1226_Simulated,S00112_Actual,S00112_Simulated,S1155_Actual,S1155_Simulated,S00108_Actual,S00108_Simulated,S1151_Actual,S1151_Simulated,S1132_Actual,S1132_Simulated
0.0367013668504281,0.8654164806904682,0.0,0.19170098661429782,0.0,0.051733357324998425,0.0,0.11196008221551346,0.018519047767237597,0.46128570284664755,0.0,0.046991420998253174,0.0,0.19702941544705932,0.018519047767237597,0.6025512276968152,0.0,0.5169270278182613
0.018519047767237697,0.4544275590778728,0.0,0.13271159278052894,0.0,0.24695826064995952,0.0,0.23100633052908415,0.009302392662313554,0.8428925313595872,0.0,0.26633951133051026,0.0,0.0,0.009302392662313554,0.6981106937126659,0.0,0.2665012051084226
0.0,0.5719213829790732,0.0,0.052997484200708184,0.0,0.0,0.0,0.27880871398778884,0.0,2.284031165233416,0.0,0.0,0.0,0.2098806616036976,0.0,0.9744870598160126,0.0,2.543815719100494
