S1213_Actual,S1213_Simulated,RedundantThrowsDeclarationCheck_Actual,RedundantThrowsDeclarationCheck_Simulated,S1488_Actual,S1488_Simulated,UselessImportCheck_Actual,UselessImportCheck_Simulated,DuplicatedBlocks_Actual,DuplicatedBlocks_Simulated,S00112_Actual,S00112_Simulated,S00108_Actual,S00108_Simulated,S1151_Actual,S1151_Simulated,S1132_Actual,S1132_Simulated,S1481_Actual,S1481_Simulated
1.6094379124341003,1.5756497927369877,1.0608719606852626,0.25241187134073034,0.6931471805599453,0.6743462050229961,0.0,1.1795748374291268,1.9459101490553132,2.628571057555208,4.243721963296702,3.400715103324849,1.0986122886681098,0.9743739085513304,1.6094379124341003,1.566371245538988,1.0986122886681098,1.0986074641099446,0.0,0.28515064114304844
1.6094379124341003,1.6161857477235455,1.0685348334308318,0.3123724248916012,0.6931471805599453,0.7723948133439674,0.0,1.8239046306733644,1.9459101490553132,2.8858606082513085,4.244678443522658,2.381458443682157,1.0986122886681098,1.3035509821289017,1.6094379124341003,1.6516006147985942,1.0986122886681098,1.0986050709667108,0.0,0.7292102890423721
1.6094379124341003,1.2522112722952734,1.076139432816051,0.04561856857895866,0.6931471805599453,0.681580215907453,0.0,0.3882891905298834,1.9459101490553132,3.0183281021587955,4.2456340097683265,4.244266238799489,1.0986122886681098,1.057668591995847,1.6094379124341003,1.3955906821022555,1.0986122886681098,1.0986037122597263,0.0,0.4074858079957423
1.6094379124341003,1.6727778875886414,1.083686638451434,0.5910480813051983,0.6931471805599453,0.6124146640473562,0.0,1.7663086316925243,1.9459101490553132,2.6020910544288323,4.246588663778778,3.1419594243802322,1.0986122886681098,0.8190908691400816,1.6094379124341003,1.719312291947587,1.0986122886681098,1.098604814767804,0.0,0.02246802214652166
1.6094379124341003,1.8516706406432992,1.0911773101805915,0.7005952578861445,0.6931471805599453,0.6691445256945975,0.0,2.026602372229865,1.9459101490553132,2.8392265032943196,4.2475424072940875,3.952500096876977,1.0986122886681098,1.0920145587286583,1.6094379124341003,1.526932447027168,1.0986122886681098,1.098603748244517,0.0,0.0
1.6094379124341003,1.6898955582043418,1.0986122886681098,0.26135640358128165,0.6931471805599453,0.6761950609388148,0.0,3.160964611606035,1.9459101490553132,2.190581828316977,4.248495242049359,3.826987453283714,1.0986122886681098,0.9119754085051007,1.6094379124341003,1.4892780030510424,1.0986122886681098,1.098612345703986,0.0,0.8791668564421015
