S1905_Actual,S1905_Simulated,S1226_Actual,S1226_Simulated,S00112_Actual,S00112_Simulated,S00108_Actual,S00108_Simulated,S1481_Actual,S1481_Simulated
0.0,0.9071098113340569,4.248495242049359,4.134769788868201,4.1588830833596715,2.499131140053135,1.3862943611198906,1.5415685703871407,2.538973871058276,3.085545834700197
0.0,1.763328574857343,4.248495242049359,3.765910370109477,4.1588830833596715,2.1133840156260435,1.3862943611198906,1.7371356627805596,2.5520459526256287,2.495691302541119
0.0,2.3965187992439123,4.248495242049359,4.446677974138894,4.1588830833596715,1.646277774295974,1.3862943611198906,1.5022138202177768,2.5649493574615367,3.6059346756575814
0.0,1.9133705148046505,4.248495242049359,3.7668074944272454,4.1588830833596715,1.860829774485338,1.3862943611198906,1.1787246128993734,2.5649493574615367,2.1176697258021355
0.0,0.3355947064437659,4.248495242049359,4.329316479657109,4.1588830833596715,0.5128291165023944,1.3862943611198906,1.7890793630099089,2.5649493574615367,3.8807660004469176
0.0,0.0,4.248495242049359,4.658218384027986,4.1588830833596715,1.8624173788913283,1.3862943611198906,1.1725348606381591,2.5649493574615367,2.206899089437235
