S1905_Actual,S1905_Simulated,S1226_Actual,S1226_Simulated,S00112_Actual,S00112_Simulated,S00108_Actual,S00108_Simulated,S1481_Actual,S1481_Simulated
0.0,0.9071098113340569,4.248495242049359,4.134769788868201,4.1588830833596715,2.499131140053135,1.3862943611198906,1.5415685703871407,2.5649493574615367,3.085545834700197
0.0,0.4871812789614029,4.248495242049359,4.384002749044203,4.1588830833596715,3.1485386652220297,1.3862943611198906,1.6397266076129091,2.5649493574615367,3.88554686191871
0.0,2.37352309432665,4.248495242049359,4.474772780219048,4.1588830833596715,1.858330255289684,1.3862943611198906,1.7141209510883977,2.5649493574615367,2.559535326597193
