S00117_Actual,S00117_Simulated,S00112_Actual,S00112_Simulated,S1155_Actual,S1155_Simulated,S1151_Actual,S1151_Simulated,S1132_Actual,S1132_Simulated,S1481_Actual,S1481_Simulated
6.697034247666484,6.544627715346055,4.634728988229636,4.355698515707799,2.5649493574615367,2.599013406349761,4.143134726391533,4.108846500182435,3.912023005428146,4.124104547864934,1.9459101490553132,2.6237983037050836
6.697651341175731,6.530583337740452,4.634728988229636,4.205958869913056,2.5649493574615367,2.6131912955952026,4.143134726391533,4.106387604695269,3.912023005428146,4.020517005715562,1.9459101490553132,1.9141563161902575
6.698268054115413,6.589288604886201,4.634728988229636,4.554117380866068,2.5649493574615367,2.679982759012323,4.143134726391533,4.196011963261804,3.912023005428146,3.994228333723039,1.9459101490553132,3.018471194247306
