S00117_Actual,S00117_Simulated,S00112_Actual,S00112_Simulated,S1155_Actual,S1155_Simulated,S1151_Actual,S1151_Simulated,S1132_Actual,S1132_Simulated,S1481_Actual,S1481_Simulated
6.695798917058491,6.544627715346055,4.634728988229636,4.355698515707799,2.5649493574615367,2.599013406349761,4.143134726391533,4.108846500182435,3.912023005428146,4.124104547864934,1.791759469228055,2.6237983037050836
6.695798917058491,6.604690645522311,4.634728988229636,4.379092030815578,2.5649493574615367,2.6396802127350343,4.143134726391533,4.0946219346745005,3.912023005428146,4.054833968456038,1.9459101490553132,2.330902472208101
6.69641677311769,6.526120111186609,4.634728988229636,4.352040111242785,2.5649493574615367,2.550158317950977,4.143134726391533,4.100349582391003,3.912023005428146,4.12102189101992,1.9459101490553132,2.7636027673773134
6.697034247666484,6.535176215541047,4.634728988229636,4.003289506654623,2.5649493574615367,2.529034035265722,4.143134726391533,4.205623655209577,3.912023005428146,4.283234539686713,1.9459101490553132,2.6021855452733496
6.697651341175731,6.735806026879524,4.634728988229636,4.733363992419259,2.5649493574615367,2.6384928267765013,4.143134726391533,4.117738390513831,3.912023005428146,4.214165456696912,1.9459101490553132,3.0300492072036262
6.698268054115413,6.4746555314708525,4.634728988229636,4.017679844579329,2.5649493574615367,2.4914013839849987,4.143134726391533,4.057220863965768,3.912023005428146,4.012322354363785,1.9459101490553132,1.5394620521872575
