S00117_Actual,S00117_Simulated,S00112_Actual,S00112_Simulated,S1155_Actual,S1155_Simulated,S1151_Actual,S1151_Simulated,S1132_Actual,S1132_Simulated,S1481_Actual,S1481_Simulated
6.695798917058491,6.544627715346055,4.634728988229636,4.355698515707799,2.5649493574615367,2.599013406349761,4.143134726391533,4.108846500182435,3.912023005428146,4.124104547864934,1.791759469228055,2.6237983037050836
6.695798917058491,6.574521424846807,4.634728988229636,4.399868304487444,2.5649493574615367,2.548345865461526,4.143134726391533,4.079136011792048,3.912023005428146,4.149399178780579,1.9459101490553132,1.744091933413443
6.69641677311769,6.656121437316497,4.634728988229636,4.7977437318493585,2.5649493574615367,2.569444557003002,4.143134726391533,4.136364142143904,3.912023005428146,4.290022030953878,1.9459101490553132,1.5197957929964911
6.697034247666484,6.513758973844571,4.634728988229636,4.591710172984981,2.5649493574615367,2.685459387306361,4.143134726391533,4.073349314781468,3.912023005428146,4.14410521106733,1.9459101490553132,2.522544982299747
6.697651341175731,6.690358907039915,4.634728988229636,4.215013263086493,2.5649493574615367,2.6164042417253275,4.143134726391533,4.123291040007593,3.912023005428146,3.9380789982040247,1.9459101490553132,1.504753419628836
6.698268054115413,6.513659138492484,4.634728988229636,4.195079612598689,2.5649493574615367,2.51755436670537,4.143134726391533,4.109777385866035,3.912023005428146,4.292148417018667,1.9459101490553132,2.774278474614956
