RedundantThrowsDeclarationCheck_Actual,RedundantThrowsDeclarationCheck_Simulated,S00122_Actual,S00122_Simulated,UselessImportCheck_Actual,UselessImportCheck_Simulated,DuplicatedBlocks_Actual,DuplicatedBlocks_Simulated,S00112_Actual,S00112_Simulated,S1155_Actual,S1155_Simulated,S00108_Actual,S00108_Simulated,S1151_Actual,S1151_Simulated,S1132_Actual,S1132_Simulated,S1481_Actual,S1481_Simulated
3.367295829986474,3.3331252332484014,0.0,0.08304238131212635,0.0,0.25552243955118464,3.784189633918261,3.677693041393701,5.181783550292085,4.506015685221908,1.3862943611198906,1.5126584539233403,4.844187086458591,4.951048185017842,0.6931471805599453,0.5891701679370687,3.044522437723423,2.9667565766053383,0.0,0.08795534274398453
3.367295829986474,3.3546157401361887,0.0,0.015869636260115783,0.0,0.6204049425428665,3.784189633918261,3.5494923735370465,5.181783550292085,3.7328261231051596,1.3862943611198906,1.5202067535798296,4.844187086458591,4.927879533038912,0.6931471805599453,0.5661689213169255,3.044522437723423,2.7100180839477503,0.0,0.5084157642256073
3.367295829986474,3.3471803623633,0.0,0.1032890454601015,0.0,0.28543651082784066,3.784189633918261,3.599790905247877,5.181783550292085,4.201481504491552,1.3862943611198906,1.9634786443716143,4.844187086458591,5.000894736700197,0.6931471805599453,0.434150312572984,3.044522437723423,3.290474329158199,0.0,0.7267216689386607
3.367295829986474,3.3060025515030866,0.0,0.0,0.0,0.0,3.784189633918261,3.789427721394112,5.181783550292085,5.3214259443568706,1.3862943611198906,1.4825531762030315,4.844187086458591,4.942992674978468,0.6931471805599453,0.0788789106257598,3.044522437723423,3.0369134293176065,0.0,0.0
3.367295829986474,3.3135778571710004,0.0,0.0,0.0,0.4914731423138514,3.784189633918261,3.7149623442051696,5.181783550292085,5.620334388819951,1.3862943611198906,1.3606224911728082,4.844187086458591,4.88908875679911,0.6931471805599453,0.7823776359561035,3.044522437723423,2.6685322108328915,0.0,0.0
3.367295829986474,3.3674488380061836,0.0,0.008522778823915084,0.0,0.02878182129572393,3.784189633918261,3.543038531923016,5.181783550292085,4.363517363064723,1.3862943611198906,0.9726877997116605,4.844187086458591,4.967984508675858,0.6931471805599453,0.27378946964167267,3.044522437723423,2.7844599003555524,0.0,0.0
