RedundantThrowsDeclarationCheck_Actual,RedundantThrowsDeclarationCheck_Simulated,S00122_Actual,S00122_Simulated,UselessImportCheck_Actual,UselessImportCheck_Simulated,DuplicatedBlocks_Actual,DuplicatedBlocks_Simulated,S00112_Actual,S00112_Simulated,S1155_Actual,S1155_Simulated,S00108_Actual,S00108_Simulated,S1151_Actual,S1151_Simulated,S1132_Actual,S1132_Simulated,S1481_Actual,S1481_Simulated
3.367295829986474,3.3331252332484014,0.0,0.08304238131212635,0.0,0.25552243955118464,3.784189633918261,3.677693041393701,5.181783550292085,4.506015685221908,1.3862943611198906,1.5126584539233403,4.844187086458591,4.951048185017842,0.6931471805599453,0.5891701679370687,3.044522437723423,2.9667565766053383,0.0,0.08795534274398453
3.367295829986474,3.325100295622952,0.0,0.1706651692589865,0.0,0.06274112913666086,3.784189633918261,3.8671128969781847,5.181783550292085,4.927536052784958,1.3862943611198906,1.0909128049713206,4.844187086458591,4.906402653553578,0.6931471805599453,0.7157474611393209,3.044522437723423,2.8408790160645636,0.0,0.1957885233336199
3.367295829986474,3.2951111148075523,0.0,0.0,0.0,0.0,3.784189633918261,3.643049291254396,5.181783550292085,4.655857413811146,1.3862943611198906,1.67054060495325,4.844187086458591,4.964555598546515,0.6931471805599453,0.6521799187119841,3.044522437723423,2.9904283442464887,0.0,0.0255047565988228
3.367295829986474,3.3330645062899897,0.0,0.010844780721637526,0.0,0.0,3.784189633918261,3.6530326294893096,5.181783550292085,4.657962162239985,1.3862943611198906,1.2718375059415037,4.844187086458591,4.844614572077364,0.6931471805599453,0.044635834999399826,3.044522437723423,3.1564932806688346,0.0,0.0
3.367295829986474,3.337829754242124,0.0,0.2891852695508962,0.0,0.0,3.784189633918261,3.6773938738501486,5.181783550292085,4.358899790634543,1.3862943611198906,1.1421876070433117,4.844187086458591,5.01014776921648,0.6931471805599453,0.25435822512270473,3.044522437723423,2.8974262495681407,0.0,0.0
3.367295829986474,3.3066895124044344,0.0,0.2383329826972179,0.0,0.8326594385490351,3.784189633918261,3.6348533185713454,5.181783550292085,4.128130855736501,1.3862943611198906,0.8782536403336492,4.844187086458591,4.986987299490661,0.6931471805599453,0.4762204290609838,3.044522437723423,2.9385905843253286,0.0,0.0
