S00117_Actual,S00117_Simulated,S1226_Actual,S1226_Simulated,S00112_Actual,S00112_Simulated,S1155_Actual,S1155_Simulated,S1151_Actual,S1151_Simulated,S1132_Actual,S1132_Simulated,S1481_Actual,S1481_Simulated
0.6931471805599453,0.7474193044501546,4.110873864173311,3.914262237314307,2.538973871058276,2.363278455116825,1.3862943611198906,1.2938383108307667,2.0794415416798357,2.132264774171836,4.189654742026425,4.136555343838462,0.0,0.4362929003271627
0.6931471805599453,1.1583551092010191,4.110873864173311,3.8320084102985534,2.54422322694442,2.651929485604991,1.3862943611198906,1.5217195616271124,2.0794415416798357,1.9300442288201958,4.189654742026425,4.2576449245934676,0.0,0.06289361202757554
0.6931471805599453,0.6698530215151898,4.110873864173311,4.029297666760217,2.5494451709255714,2.467239343660934,1.3862943611198906,1.3200383799714899,2.0794415416798357,2.365873410186021,4.189654742026425,3.8241989749483842,0.0,1.1955662012551045
0.6931471805599453,0.36941422224154163,4.110873864173311,4.4668197725484875,2.5546399878026755,2.8212309973433176,1.3862943611198906,2.0480349106478943,2.0794415416798357,2.207710016127704,4.189654742026425,3.815154591924692,0.0,0.23769797740846
0.6931471805599453,0.22876900018907187,4.110873864173311,4.308480558933545,2.559807957961118,2.0778434561153247,1.3862943611198906,1.3282235659590846,2.0794415416798357,2.1999713655960953,4.189654742026425,4.0237750091932645,0.0,0.7743439066630673
0.6931471805599453,0.7322595301459528,4.110873864173311,4.664755352814371,2.5649493574615367,2.1446889757731555,1.3862943611198906,1.3410406400690957,2.0794415416798357,1.7858569953507677,4.189654742026425,4.390015795502936,0.0,0.7173583367504588
