S00117_Actual,S00117_Simulated,S1226_Actual,S1226_Simulated,S00112_Actual,S00112_Simulated,S1155_Actual,S1155_Simulated,S1151_Actual,S1151_Simulated,S1132_Actual,S1132_Simulated,S1481_Actual,S1481_Simulated
0.6931471805599453,0.7474193044501546,4.110873864173311,3.914262237314307,2.538973871058276,2.363278455116825,1.3862943611198906,1.2938383108307667,2.0794415416798357,2.132264774171836,4.189654742026425,4.136555343838462,0.0,0.4362929003271627
0.6931471805599453,1.2816309504539802,4.110873864173311,3.826201774811987,2.54422322694442,2.0184543572326725,1.3862943611198906,0.6807678618882154,2.0794415416798357,2.3662022984686226,4.189654742026425,3.8760092305915985,0.0,0.20331569874412397
0.6931471805599453,0.8543343480550516,4.110873864173311,3.8650087124686427,2.5494451709255714,2.4738591422737937,1.3862943611198906,1.5422138428126222,2.0794415416798357,1.9403471130169174,4.189654742026425,4.313398020080441,0.0,0.08893263467705342
0.6931471805599453,0.5877131297453706,4.110873864173311,4.048721187518005,2.5546399878026755,2.0321736334306175,1.3862943611198906,1.385810346736583,2.0794415416798357,2.018064151472803,4.189654742026425,4.532011872945821,0.0,0.3042467369587399
0.6931471805599453,0.8311487529595367,4.110873864173311,3.99693887466529,2.559807957961118,2.2300022491294085,1.3862943611198906,1.3996780517656966,2.0794415416798357,1.8345973561575157,4.189654742026425,3.79786524150466,0.0,0.7022131293922657
0.6931471805599453,0.5605039093597487,4.110873864173311,3.787150365845698,2.5649493574615367,2.3457969338868083,1.3862943611198906,1.5011014146966741,2.0794415416798357,2.027163962165604,4.189654742026425,4.224276552458593,0.0,0.5532865020049978
