S1213_Actual,S1213_Simulated,RedundantThrowsDeclarationCheck_Actual,RedundantThrowsDeclarationCheck_Simulated,S00117_Actual,S00117_Simulated,S1488_Actual,S1488_Simulated,UselessImportCheck_Actual,UselessImportCheck_Simulated,S00112_Actual,S00112_Simulated,S00108_Actual,S00108_Simulated,S1151_Actual,S1151_Simulated,S1132_Actual,S1132_Simulated,S1481_Actual,S1481_Simulated
1.6094379124341003,1.5756497927369877,1.0608719606852626,0.25241187134073034,0.0,0.18529177914319295,0.6931471805599453,0.6743462050229961,0.0,1.1795748374291268,4.243721963296702,3.400715103324849,1.0986122886681098,0.9743739085513304,1.6094379124341003,1.566371245538988,1.0986122886681098,1.0986074641099446,0.0,0.28515064114304844
1.6094379124341003,1.3429974377342648,1.0685348334308318,0.48050192846574613,0.0,0.09995532504526201,0.6931471805599453,0.6099207074539045,0.0,1.2784095757247185,4.244678443522658,3.7442434062215435,1.0986122886681098,1.235320484511856,1.6094379124341003,1.7006546554561521,1.0986122886681098,1.0986105834204272,0.0,0.0
1.6094379124341003,1.4372368448160964,1.076139432816051,0.0,0.0,0.44187561757410615,0.6931471805599453,0.676454650256003,0.0,0.0,4.2456340097683265,3.0652400684912684,1.0986122886681098,0.9029923428528795,1.6094379124341003,1.6369874926736017,1.0986122886681098,1.0986099468563062,0.0,0.0
1.6094379124341003,1.6066599928067702,1.083686638451434,0.26399916992016254,0.0,0.21077478900727398,0.6931471805599453,0.6845717247795317,0.0,3.0656391337464344,4.246588663778778,2.621871256918733,1.0986122886681098,0.9589004349019635,1.6094379124341003,1.5086127650799854,1.0986122886681098,1.0986109472859775,0.0,0.6623798162659114
1.6094379124341003,1.3342597268646785,1.0911773101805915,0.0,0.0,0.0,0.6931471805599453,0.8136621182285135,0.0,2.0986514862842185,4.2475424072940875,2.386892512852474,1.0986122886681098,1.2115396264868772,1.6094379124341003,1.5508796051316682,1.0986122886681098,1.098609459021762,0.0,0.41108857904199747
1.6094379124341003,1.4896337104521842,1.0986122886681098,0.3224378766113187,0.0,0.10063661488474314,0.6931471805599453,0.6585761104422357,0.0,2.611339317629491,4.248495242049359,2.011197338763476,1.0986122886681098,0.9410199593969868,1.6094379124341003,1.595434951359073,1.0986122886681098,1.0986144913165934,0.0,1.1446348424683923
