S00117_Actual,S00117_Simulated,S1151_Actual,S1151_Simulated
1.791759469228055,1.781611849603637,2.3978952727983707,2.2821398388678324
1.791759469228055,1.8050172351630747,2.3978952727983707,2.0347351657015773
1.791759469228055,1.1689448725159048,2.3978952727983707,2.147514094482772
1.791759469228055,1.932879429555783,2.3978952727983707,2.166083475334289
1.8718021769015913,1.445306327725445,2.3978952727983707,2.1474199097145954
1.9459101490553132,1.8403481699592952,2.3978952727983707,2.4763750835367735
