S00108_Actual,S00108_Simulated
1.3862943611198906,1.0166596193930002
1.3862943611198906,1.4630702596443523
1.3862943611198906,0.5575342711614216
1.3862943611198906,0.5753172352064813
1.3862943611198906,0.10822338519750885
1.3862943611198906,1.4410829553113675
