S1213_Actual,S1213_Simulated,RedundantThrowsDeclarationCheck_Actual,RedundantThrowsDeclarationCheck_Simulated,S1488_Actual,S1488_Simulated,UselessImportCheck_Actual,UselessImportCheck_Simulated,DuplicatedBlocks_Actual,DuplicatedBlocks_Simulated,S00112_Actual,S00112_Simulated,S00108_Actual,S00108_Simulated,S1151_Actual,S1151_Simulated,S1132_Actual,S1132_Simulated,S1481_Actual,S1481_Simulated
1.6094379124341003,1.5756497927369877,1.0911773101805915,0.25241187134073034,0.6931471805599453,0.6743462050229961,0.0,1.1795748374291268,1.9459101490553132,2.628571057555208,4.2475424072940875,3.400715103324849,1.0986122886681098,0.9743739085513304,1.6094379124341003,1.566371245538988,1.0986122886681098,1.0986074641099446,0.0,0.28515064114304844
1.6094379124341003,1.4182330383621322,1.0986122886681098,1.186401098401482,0.6931471805599453,0.7660420650934061,0.0,0.3661247634384742,1.9459101490553132,3.23178917919068,4.248495242049359,1.8343167182498092,1.0986122886681098,0.7285035758294698,1.6094379124341003,1.5308186681673706,1.0986122886681098,1.0986093095379743,0.0,0.0
