S00117_Actual,S00117_Simulated,S1226_Actual,S1226_Simulated,S00112_Actual,S00112_Simulated,S1155_Actual,S1155_Simulated,S1151_Actual,S1151_Simulated,S1132_Actual,S1132_Simulated,S1481_Actual,S1481_Simulated
0.6931471805599453,0.7474193044501546,4.110873864173311,3.914262237314307,2.5546399878026755,2.363278455116825,1.3862943611198906,1.2938383108307667,2.0794415416798357,2.132264774171836,4.189654742026425,4.136555343838462,0.0,0.4362929003271627
0.6931471805599453,0.48904522029300584,4.110873864173311,4.115645500552555,2.559807957961118,2.470032996387717,1.3862943611198906,1.2007290596822602,2.0794415416798357,1.9745040023920237,4.189654742026425,4.839735257664205,0.0,0.1803231275024904
0.6931471805599453,0.6657436237729415,4.110873864173311,3.5118365181088222,2.5649493574615367,2.3973287322968226,1.3862943611198906,0.6917750908559684,2.0794415416798357,2.005569999882727,4.189654742026425,4.375397678572432,0.0,0.0
