RedundantThrowsDeclarationCheck_Actual,RedundantThrowsDeclarationCheck_Simulated,S00117_Actual,S00117_Simulated,S1905_Actual,S1905_Simulated,S1488_Actual,S1488_Simulated
0.0,0.5727973749538712,0.0,0.40055451451781227,0.0,0.30292891362959246,0.0,0.2853084155855916
0.0,0.0,0.0,0.0,0.0,0.18388451158648011,0.0,1.395878872084764
0.0,2.381940408924868,0.0,0.31820178941551575,0.0,0.4846459713537066,0.0,0.5926846289084239
0.0,0.6750315424814113,0.0,0.8174680110435928,0.0,0.0,0.0,0.0
0.0,0.0,0.0,1.1251241444011468,0.0,0.18466545204207363,0.0,0.0
0.0,0.0,0.0,2.1126914722186614,0.0,1.2298913024871088,0.0,0.5966273797148798
