S1213_Actual,S1213_Simulated,RedundantThrowsDeclarationCheck_Actual,RedundantThrowsDeclarationCheck_Simulated,S1488_Actual,S1488_Simulated,S1905_Actual,S1905_Simulated,DuplicatedBlocks_Actual,DuplicatedBlocks_Simulated,S1226_Actual,S1226_Simulated,S1151_Actual,S1151_Simulated
5.003946305945459,4.189295074572902,3.332204510175204,3.411590488688553,0.6931471805599453,1.5414280278559198,0.6931471805599453,0.08546578921313353,5.69035945432406,5.00170704510986,0.0,3.0021800730187986,3.6375861597263857,2.133853788746623
5.003946305945459,4.704955094748632,3.332204510175204,3.8804373781721537,0.6931471805599453,2.460954839030063,0.6931471805599453,0.0,5.683579767338681,5.8112350852000505,0.0,7.003247104576879,3.6375861597263857,2.7844203395427276
5.0106352940962555,3.8607416064648876,3.332204510175204,4.739429491485499,0.6931471805599453,1.9941006780698278,0.6931471805599453,0.0,5.700443573390687,4.324430074458213,0.0,3.1924935966588843,3.6375861597263857,1.6581220093142441
5.030437921392435,3.7425570616807025,3.332204510175204,3.5908777644556746,0.6931471805599453,2.6852501595318747,0.6931471805599453,0.11304936336711302,5.68697535633982,4.276947754227375,0.0,4.055363110767382,3.6375861597263857,1.8512257760431068
5.030437921392435,3.5910335002758877,3.332204510175204,3.441051006671128,0.6931471805599453,1.373137984000318,0.6931471805599453,0.0,5.697093486505405,5.730343223809388,0.0,3.4482813400274765,3.6375861597263857,2.0291511885089744
5.087596335232384,3.9222945578124726,3.332204510175204,2.2398182813097596,0.6931471805599453,1.7893604492519426,0.6931471805599453,0.3186520665510346,5.6937321388027,4.124808147109,0.0,4.974704207691785,3.713572066704308,1.4694257570229694
