RedundantThrowsDeclarationCheck_Actual,RedundantThrowsDeclarationCheck_Simulated,S00117_Actual,S00117_Simulated,UselessImportCheck_Actual,UselessImportCheck_Simulated,DuplicatedBlocks_Actual,DuplicatedBlocks_Simulated,S00112_Actual,S00112_Simulated,S1132_Actual,S1132_Simulated,S1481_Actual,S1481_Simulated
3.367295829986474,3.3468541260680866,3.1354942159291497,3.113034389996305,0.0,0.0,3.784189633918261,3.750351277067083,5.181783550292085,4.9139817855414,3.044522437723423,3.0445176131652567,0.0,0.0
3.367295829986474,3.3402288870168477,3.1354942159291497,3.1008364182885653,0.0,0.0,3.784189633918261,3.6870765563092025,5.181783550292085,4.996173616411375,3.044522437723423,3.0445142578180286,0.0,0.0
3.367295829986474,3.32445757980891,3.1354942159291497,3.1404230542512206,0.0,0.0,3.784189633918261,3.706743514219328,5.181783550292085,5.076130363613891,3.044522437723423,3.0445165405733663,0.0,0.0
3.367295829986474,3.3366505487725657,3.1354942159291497,3.0816576242026157,0.0,0.0,3.784189633918261,3.654743554189286,5.181783550292085,5.0775715294589086,3.044522437723423,3.044517779949552,0.0,0.0
3.367295829986474,3.3529890631680255,3.1354942159291497,3.089716931768179,0.0,0.0,3.784189633918261,3.731657582219748,5.181783550292085,4.966427925169138,3.044522437723423,3.044516270438325,0.0,0.0
3.367295829986474,3.3304444333615377,3.1354942159291497,3.126051313207898,0.0,2.840017060493319e-06,3.784189633918261,3.833469771817417,5.181783550292085,5.093843730539883,3.044522437723423,3.0445143138286426,0.0,0.0
