S1213_Actual,S1213_Simulated,RedundantThrowsDeclarationCheck_Actual,RedundantThrowsDeclarationCheck_Simulated,S00117_Actual,S00117_Simulated,S00122_Actual,S00122_Simulated,S1905_Actual,S1905_Simulated,DuplicatedBlocks_Actual,DuplicatedBlocks_Simulated,S1155_Actual,S1155_Simulated
5.765191102784844,5.905965091877481,5.733341276897746,5.406354149356674,5.811140992976701,5.623524564790877,6.298949246855942,6.198847681621536,1.791759469228055,2.218394196647229,5.66988092298052,5.778379256897303,4.23410650459726,3.9342304055250064
5.75890177387728,6.340382303847593,5.703782474656201,4.87479049741901,5.808142489980444,5.424358769916203,6.278521424165844,5.810909129394405,1.791759469228055,2.689411663874469,5.6131281063880705,5.94068183997918,4.23410650459726,3.8318234522089334
5.7745515455444085,4.8306680500263415,5.717027701406222,4.722064295385221,5.808142489980444,4.96246310050333,6.278521424165844,5.891010613535943,1.791759469228055,0.8643964308027698,5.616771097666572,5.90866894545874,4.23410650459726,4.241761559646994
5.765191102784844,6.3431557070827616,5.71042701737487,4.811056215050588,5.808142489980444,5.487094422172446,6.2878585601617845,5.032708221966644,1.791759469228055,4.166395077252994,5.616771097666572,5.715085506517815,4.23410650459726,3.655000108279369
5.777652323222656,5.49450244419051,5.707110264748875,5.435160060184865,5.755742213586912,6.288646843634995,6.3080984415095305,6.048375646039054,1.791759469228055,1.8126691630271878,5.66988092298052,6.632617529662062,4.23410650459726,3.963058621227713
5.777652323222656,6.56800512740359,5.707110264748875,5.351170679134668,5.755742213586912,6.204683304323504,6.3080984415095305,5.904386291054202,1.791759469228055,1.2283899346872904,5.66988092298052,5.7882422477106354,4.23410650459726,4.0662182730307554
