S1213_Actual,S1213_Simulated,RedundantThrowsDeclarationCheck_Actual,RedundantThrowsDeclarationCheck_Simulated,S00117_Actual,S00117_Simulated,S00122_Actual,S00122_Simulated,S1905_Actual,S1905_Simulated,DuplicatedBlocks_Actual,DuplicatedBlocks_Simulated,S1155_Actual,S1155_Simulated
5.765191102784844,5.905965091877481,5.733341276897746,5.406354149356674,5.811140992976701,5.623524564790877,6.298949246855942,6.198847681621536,1.791759469228055,2.218394196647229,5.66988092298052,5.778379256897303,4.23410650459726,3.9342304055250064
5.75890177387728,5.568961579457581,5.703782474656201,5.576586029781053,5.808142489980444,5.9343416028278195,6.278521424165844,6.7717631689420035,1.791759469228055,1.488850676141673,5.6131281063880705,6.2420843747400605,4.23410650459726,3.64130306030995
5.7745515455444085,5.904915319104415,5.717027701406222,5.495606508677329,5.808142489980444,5.699483211646086,6.278521424165844,6.226370644708096,1.791759469228055,2.0531449392732126,5.616771097666572,5.610199021486347,4.23410650459726,4.020218050047771
5.765191102784844,5.216306204320482,5.71042701737487,5.267098049135884,5.808142489980444,5.298671651402172,6.2878585601617845,5.783944300198519,1.791759469228055,3.407938071232242,5.616771097666572,5.373704001431099,4.23410650459726,3.8022122907742735
5.777652323222656,6.045545047129993,5.707110264748875,5.350690774890189,5.755742213586912,6.154626526924245,6.3080984415095305,6.130988842558695,1.791759469228055,1.1221447660716852,5.66988092298052,6.01723474063092,4.23410650459726,3.749790619087634
5.777652323222656,5.847334105746246,5.707110264748875,5.08391180823062,5.755742213586912,4.962302561460988,6.3080984415095305,6.046539928443984,1.791759469228055,1.0175830203565868,5.66988092298052,5.912433108744292,4.23410650459726,4.0895806412140105
