S1213_Actual,S1213_Simulated,RedundantThrowsDeclarationCheck_Actual,RedundantThrowsDeclarationCheck_Simulated,S00117_Actual,S00117_Simulated,S00122_Actual,S00122_Simulated,S1905_Actual,S1905_Simulated,DuplicatedBlocks_Actual,DuplicatedBlocks_Simulated,S1155_Actual,S1155_Simulated
5.765191102784844,5.905965091877481,5.733341276897746,5.406354149356674,5.811140992976701,5.623524564790877,6.298949246855942,6.198847681621536,1.791759469228055,2.218394196647229,5.66988092298052,5.778379256897303,4.23410650459726,3.9342304055250064
5.75890177387728,6.036495301425402,5.703782474656201,5.664101074664998,5.808142489980444,6.109431552113859,6.278521424165844,6.132709550023082,1.791759469228055,2.319476760522483,5.6131281063880705,5.929997987593225,4.23410650459726,4.803140617856086
5.7745515455444085,6.867896384196395,5.717027701406222,5.453342892248589,5.808142489980444,5.871000592229282,6.278521424165844,6.634084661459035,1.791759469228055,2.2781957740910963,5.616771097666572,5.745424020126201,4.23410650459726,4.061722854647402
5.765191102784844,6.882276324684696,5.71042701737487,6.24812425938198,5.808142489980444,6.26343472742935,6.2878585601617845,6.595991385510232,1.791759469228055,2.377758591350687,5.616771097666572,5.158577872591097,4.23410650459726,3.8618413771374986
5.777652323222656,5.951118865267581,5.707110264748875,5.4317234878088305,5.755742213586912,5.237383769995174,6.3080984415095305,5.70887639940776,1.791759469228055,2.192518179822624,5.66988092298052,6.1504618405361855,4.23410650459726,4.137843394860269
5.777652323222656,5.914298785500859,5.707110264748875,6.007034928904197,5.755742213586912,5.911268464970164,6.3080984415095305,6.049857832573812,1.791759469228055,1.3039307236114048,5.66988092298052,5.130624019915802,4.23410650459726,4.30177085982666
