S1905_Actual,S1905_Simulated,DuplicatedBlocks_Actual,DuplicatedBlocks_Simulated,S1481_Actual,S1481_Simulated
0.0,0.0725638327081034,3.258096538021482,3.057278452488752,0.15415067982725825,0.21901812498572973
0.0,0.0,3.258096538021482,3.0757419633078316,0.2876820724517809,0.28419132917918316
0.0,0.33719881346483405,3.258096538021482,2.8838801573942012,0.4054651081081644,0.0
0.0,0.0,3.258096538021482,2.8966640729755553,0.5108256237659906,0.15991905937231532
0.0,0.0,3.258096538021482,3.050828452255289,0.6061358035703155,0.7724564226650014
0.0,0.18172993213252508,3.258096538021482,3.2286546199554644,0.6931471805599453,0.8193239857164214
