RedundantThrowsDeclarationCheck_Actual,RedundantThrowsDeclarationCheck_Simulated,S00117_Actual,S00117_Simulated,S00122_Actual,S00122_Simulated,S1488_Actual,S1488_Simulated,S1905_Actual,S1905_Simulated,UselessImportCheck_Actual,UselessImportCheck_Simulated,DuplicatedBlocks_Actual,DuplicatedBlocks_Simulated,S00112_Actual,S00112_Simulated,S1155_Actual,S1155_Simulated,S00108_Actual,S00108_Simulated,S1151_Actual,S1151_Simulated
3.1354942159291497,3.5257771575512358,3.5553480614894135,3.3241618483350153,2.4849066497880004,4.288801949621111,2.1972245773362196,2.328170097005313,0.6931471805599453,2.599355956726943,0.0,1.2264470614375145,5.043425116919247,4.534028144429186,3.091042453358316,2.4454143792319614,3.5553480614894135,3.375888409448223,5.82600010738045,5.475244663983493,3.258096538021482,2.7747795250883027
3.1354942159291497,2.617577415407624,3.5553480614894135,2.5694371617090384,2.4849066497880004,4.934288427240047,2.1972245773362196,1.8291920437704046,0.6931471805599453,4.16072727548322,0.0,1.7855802944132986,5.043425116919247,4.337773846538819,3.091042453358316,2.2605312090773095,3.5553480614894135,3.9800913604892085,5.82600010738045,4.330778350454883,3.258096538021482,2.6389035236210874
