S1213_Actual,S1213_Simulated,RedundantThrowsDeclarationCheck_Actual,RedundantThrowsDeclarationCheck_Simulated,S00117_Actual,S00117_Simulated,S1488_Actual,S1488_Simulated,DuplicatedBlocks_Actual,DuplicatedBlocks_Simulated,S00112_Actual,S00112_Simulated,S00108_Actual,S00108_Simulated,S1151_Actual,S1151_Simulated,S1132_Actual,S1132_Simulated,S1481_Actual,S1481_Simulated
1.6094379124341003,1.5756497927369877,1.0608719606852626,0.25241187134073034,0.0,0.18529177914319295,0.6931471805599453,0.6743462050229961,1.9459101490553132,2.628571057555208,4.243721963296702,3.400715103324849,1.0986122886681098,0.9743739085513304,1.6094379124341003,1.566371245538988,1.0986122886681098,1.0986074641099446,0.0,0.28515064114304844
1.6094379124341003,1.327565613024554,1.0685348334308318,0.19440656597824385,0.0,0.22752629276485023,0.6931471805599453,0.6397349440146374,1.9459101490553132,3.184743315597917,4.244678443522658,3.764388981520854,1.0986122886681098,1.180717969143343,1.6094379124341003,1.404695477811512,1.0986122886681098,1.0986075948119693,0.0,0.0
1.6094379124341003,1.520838349370467,1.076139432816051,1.2154146020552665,0.0,0.0,0.6931471805599453,0.5934648264360192,1.9459101490553132,2.2407671763616817,4.2456340097683265,2.4346210258925085,1.0986122886681098,1.0809997923053647,1.6094379124341003,1.4780508072461669,1.0986122886681098,1.0986065404394243,0.0,0.5368687034765598
1.6094379124341003,1.8918224631913738,1.083686638451434,0.0,0.0,0.5546891477785468,0.6931471805599453,0.5737519841947205,1.9459101490553132,2.671077946351932,4.246588663778778,2.316912353815095,1.0986122886681098,1.1767289561380019,1.6094379124341003,1.6791716794398621,1.0986122886681098,1.0986024879889567,0.0,0.0
1.6094379124341003,1.3847672699888782,1.0911773101805915,0.0,0.0,0.3160654956747024,0.6931471805599453,0.5804689629771449,1.9459101490553132,2.6393037991035824,4.2475424072940875,1.0916344508597948,1.0986122886681098,0.9264418221379266,1.6094379124341003,1.5018486034963436,1.0986122886681098,1.0986003364287895,0.0,0.0
1.6094379124341003,1.0465938742083067,1.0986122886681098,0.45753727170521774,0.0,0.0,0.6931471805599453,0.6824390390437718,1.9459101490553132,2.276700316787201,4.248495242049359,3.4024375246733185,1.0986122886681098,1.0648199863310697,1.6094379124341003,1.5000582583208213,1.0986122886681098,1.0986153924208915,0.0,0.0
