S1905_Actual,S1905_Simulated,UselessImportCheck_Actual,UselessImportCheck_Simulated
0.0,1.5915743540760907,0.6931471805599453,1.0867097726923818
0.0,0.7709941472038958,0.6931471805599453,1.1735223153685654
0.0,1.235036647067308,0.6931471805599453,0.7738049307863232
0.0,2.581551027185749,0.6931471805599453,0.8312964656923458
0.0,2.9738054683540875,0.6931471805599453,1.0906051012236282
0.0,2.8688175507738505,0.0,1.2284492929984674
