S1905_Actual,S1905_Simulated,UselessImportCheck_Actual,UselessImportCheck_Simulated
0.0,1.5915743540760907,0.6931471805599453,1.0867097726923818
0.0,3.1758688067029284,0.6931471805599453,0.8025034920694445
0.0,3.0218310908078823,0.6931471805599453,1.2026929183422248
0.0,0.0,0.6931471805599453,0.8567283918359578
0.0,2.48422947452252,0.6931471805599453,0.9434679818387366
0.0,1.7201611448295284,0.0,1.429026916682888
