S1488_Actual,S1488_Simulated,S1905_Actual,S1905_Simulated,UselessImportCheck_Actual,UselessImportCheck_Simulated,DuplicatedBlocks_Actual,DuplicatedBlocks_Simulated,S00112_Actual,S00112_Simulated,S1155_Actual,S1155_Simulated,S1132_Actual,S1132_Simulated,S1481_Actual,S1481_Simulated
1.0986122886681098,1.0077415013145123,0.0,1.571048938306501,0.6931471805599453,0.9610498910441571,1.8803128665695001,2.3875430850499346,3.332204510175204,1.6889869029199953,0.0,0.0,0.0,0.18393647179709674,0.44183275227903923,1.0812651235231558
1.0986122886681098,1.4421198883543322,0.0,1.5303707339328898,0.6931471805599453,1.6365992188761447,1.8632184332102,3.8837948105803104,3.332204510175204,1.5216533362720783,0.0,0.0,0.0,0.8337809566376334,0.36772478012531734,0.9622587060372623
1.0986122886681098,0.6875111719732381,0.0,1.3806782703377103,0.6931471805599453,1.633706401977213,1.8458266904983307,3.166404918344958,3.332204510175204,1.535385776646948,0.0,0.0,0.0,0.0,0.2876820724517809,1.5954657655337519
1.0986122886681098,1.072861841578713,0.0,0.38840340186856137,0.6931471805599453,0.7248310391548292,1.8281271133989299,2.132270654365804,3.332204510175204,1.0526465591174428,0.0,0.0,0.0,0.6651511727156677,0.20067069546215122,0.3754632791703273
1.0986122886681098,1.3008385776008164,0.0,2.463799250500471,0.6931471805599453,1.1043997400957022,1.8101086078962514,3.0778075466867367,3.332204510175204,0.8425941970324711,0.0,0.0,0.0,0.10826887283379462,0.1053605156578263,0.13517176727935487
1.0986122886681098,1.3129013325841399,0.0,1.379451885518788,0.6931471805599453,1.7538393196688022,1.791759469228055,1.9130260748624017,3.332204510175204,2.6805387567258885,0.0,0.0,0.0,0.19982103116917144,0.0,0.6404324450263977
