S1488_Actual,S1488_Simulated,S1905_Actual,S1905_Simulated,UselessImportCheck_Actual,UselessImportCheck_Simulated,DuplicatedBlocks_Actual,DuplicatedBlocks_Simulated,S00112_Actual,S00112_Simulated,S1155_Actual,S1155_Simulated,S1132_Actual,S1132_Simulated,S1481_Actual,S1481_Simulated
1.0986122886681098,1.098607464109944,0.0,1.6673150755118407,0.6931471805599453,1.1056266642274308,1.8281271133989299,2.612788774682368,3.332204510175204,2.0494519355260974,0.0,0.0,0.0,0.0,0.20067069546215122,0.9118090976275225
1.0986122886681098,1.0986139181982142,0.0,1.3334630835991965,0.6931471805599453,0.7357052235269218,1.8101086078962514,2.9205265105620093,3.332204510175204,1.477665860175592,0.0,0.0,0.0,0.0,0.1053605156578263,1.0366752282378051
1.0986122886681098,1.0986067164584163,0.0,1.0165123655320887,0.6931471805599453,1.15080735108526,1.791759469228055,2.559386680771349,3.332204510175204,2.6915795576936494,0.0,0.0,0.0,0.0,0.0,0.6801006153248494
