S1488_Actual,S1488_Simulated,S1905_Actual,S1905_Simulated,UselessImportCheck_Actual,UselessImportCheck_Simulated,DuplicatedBlocks_Actual,DuplicatedBlocks_Simulated,S00112_Actual,S00112_Simulated,S1155_Actual,S1155_Simulated,S1132_Actual,S1132_Simulated,S1481_Actual,S1481_Simulated
1.0986122886681098,1.0077415013145123,0.0,1.571048938306501,0.6931471805599453,0.9610498910441571,1.8281271133989299,2.3875430850499346,3.332204510175204,1.6889869029199953,0.0,0.0,0.0,0.18393647179709674,0.20067069546215122,1.0812651235231558
1.0986122886681098,0.6487675282067904,0.0,3.3847040851928103,0.6931471805599453,1.5588669383253015,1.8101086078962514,2.1709756798462627,3.332204510175204,0.8408536585955508,0.0,0.0,0.0,0.07303964379766145,0.1053605156578263,0.9010870869027721
1.0986122886681098,1.0469374516943475,0.0,2.917607682350433,0.6931471805599453,0.7657035560561374,1.791759469228055,1.6166465574991102,3.332204510175204,2.4027215540331763,0.0,0.0,0.0,0.5905783106025384,0.0,0.44191504676142945
