S1488_Actual,S1488_Simulated,S1905_Actual,S1905_Simulated,UselessImportCheck_Actual,UselessImportCheck_Simulated,DuplicatedBlocks_Actual,DuplicatedBlocks_Simulated,S00112_Actual,S00112_Simulated,S1155_Actual,S1155_Simulated,S1132_Actual,S1132_Simulated,S1481_Actual,S1481_Simulated
1.0986122886681098,1.098607464109944,0.0,1.6673150755118407,0.6931471805599453,1.1056266642274308,1.8281271133989299,2.612788774682368,3.332204510175204,2.0494519355260974,0.0,0.0,0.0,0.0,0.20067069546215122,0.9118090976275225
1.0986122886681098,1.0986054505975615,0.0,1.80057645240971,0.6931471805599453,1.0232361007417612,1.8101086078962514,3.048469923603196,3.332204510175204,1.6207761307587585,0.0,0.0,0.0,0.0,0.1053605156578263,0.6604517917844576
1.0986122886681098,1.0986089613411976,0.0,1.3837761615600292,0.6931471805599453,1.272109661438054,1.791759469228055,2.481419651044255,3.332204510175204,1.5516642980576363,0.0,8.95921931337736e-07,0.0,0.0,0.0,0.9365303594209804
