RedundantThrowsDeclarationCheck_Actual,RedundantThrowsDeclarationCheck_Simulated,S00117_Actual,S00117_Simulated,S1488_Actual,S1488_Simulated,S1226_Actual,S1226_Simulated,S00112_Actual,S00112_Simulated,S1155_Actual,S1155_Simulated,S1481_Actual,S1481_Simulated
1.0663514264498883,0.26424494468692766,0.0,0.18857179510065186,0.6931471805599453,0.6742804700449279,0.0,0.0,4.244405256797834,3.4160510287931776,1.0986122886681098,1.1085934909171022,0.0,0.2632049367457456
1.0826119473216684,0.3554514116580497,0.0,0.03404763470370967,0.6931471805599453,0.6615486169239669,0.0,0.0,4.246452340419559,3.6055285907718964,1.0986122886681098,1.0843747287118422,0.0,0.0
1.0986122886681098,0.0,0.0,0.29631863661064345,0.6931471805599453,0.6599058702389545,0.0,0.0,4.248495242049359,3.7701714277760168,1.0986122886681098,1.1079702067784494,0.0,0.07765011359073568
