RedundantThrowsDeclarationCheck_Actual,RedundantThrowsDeclarationCheck_Simulated,S00117_Actual,S00117_Simulated,S1488_Actual,S1488_Simulated,S1226_Actual,S1226_Simulated,S00112_Actual,S00112_Simulated,S1155_Actual,S1155_Simulated,S1481_Actual,S1481_Simulated
1.0159205728229963,0.26424494468692766,0.0,0.18857179510065186,0.6931471805599453,0.6742804700449279,0.0,0.0,4.23823874188217,3.4160510287931776,1.0986122886681098,1.1085934909171022,0.0,0.2632049367457456
1.0330150061822962,0.11545644548447745,0.0,0.42766992145562777,0.6931471805599453,0.6505947971223189,0.0,0.0,4.24029847484518,3.274420363619479,1.0986122886681098,1.1001525886957624,0.0,0.4403029531591118
1.0498221244986776,0.0,0.0,0.1281519764293281,0.6931471805599453,0.6611759555511207,0.0,0.0,4.242353974027276,4.904770347428537,1.0986122886681098,1.0775324638234722,0.0,1.326969570531701
1.0663514264498883,0.0,0.0,0.23724183964776285,0.6931471805599453,0.5371180844770859,0.0,0.0,4.244405256797834,3.188142079947414,1.0986122886681098,1.0021551653528442,0.0,0.0
1.0826119473216684,0.9521841693986965,0.0,0.18540444816210197,0.6931471805599453,0.771020529926904,0.0,0.0,4.246452340419559,2.054487199584261,1.0986122886681098,1.0682396887197911,0.0,0.11948714582752773
1.0986122886681098,0.752660782258778,0.0,0.2982989055643792,0.6931471805599453,0.6954897602642933,0.0,0.0,4.248495242049359,1.3444773535759027,1.0986122886681098,1.1229869732017017,0.0,0.0
