S1213_Actual,S1213_Simulated,RedundantThrowsDeclarationCheck_Actual,RedundantThrowsDeclarationCheck_Simulated,S1905_Actual,S1905_Simulated,DuplicatedBlocks_Actual,DuplicatedBlocks_Simulated,S1226_Actual,S1226_Simulated,S00112_Actual,S00112_Simulated,S1151_Actual,S1151_Simulated,S1132_Actual,S1132_Simulated,S1481_Actual,S1481_Simulated
5.448173122092414,5.315746943612542,3.1354942159291497,3.5351683455796343,0.6931471805599453,2.6336389706392938,5.015069891164122,4.510972925856334,3.721669276936927,3.8233103768142858,3.091042453358316,2.431549945789797,3.258096538021482,2.7244619324435924,3.5553480614894135,3.4205118984428196,1.9459101490553132,3.001156803470868
5.438079308923196,5.1465343241520936,3.1354942159291497,3.758180213818804,0.6931471805599453,2.4425022996960215,5.043425116919247,4.2948170244075685,3.713572066704308,2.096191272044151,3.091042453358316,2.0321552167788957,3.258096538021482,2.429620098406466,3.5553480614894135,3.690091124082766,1.9459101490553132,4.045005555439669
5.438079308923196,3.6469456557861766,3.1354942159291497,3.1300567158691854,0.6931471805599453,2.8037035903755285,5.043425116919247,3.9401735725096603,3.713572066704308,3.3012142532881095,3.091042453358316,1.5096998226841447,3.258096538021482,1.0952045412867586,3.5553480614894135,3.204352256477663,1.9459101490553132,1.811132010971372
5.438079308923196,5.711772071001354,3.1354942159291497,3.594879937099122,0.6931471805599453,3.4904600018116767,5.043425116919247,4.920258223910724,3.713572066704308,3.2918014280839634,3.091042453358316,1.287224172297326,3.258096538021482,2.846309962773049,3.5553480614894135,3.4308947925858178,1.9459101490553132,2.428451429487121
5.438079308923196,5.918930068785332,3.1354942159291497,3.61364589911039,0.6931471805599453,1.2239742566611032,5.043425116919247,4.079872809001564,3.713572066704308,4.595259409228611,3.091042453358316,2.4459869357520434,3.258096538021482,1.5944489732671854,3.5553480614894135,3.6234436184535497,1.9459101490553132,4.483186125260307
5.438079308923196,5.086785973602387,3.1354942159291497,3.496773150496916,0.6931471805599453,3.275631126469159,5.043425116919247,4.885711092569405,3.713572066704308,3.494617230177519,3.091042453358316,1.7555186807273615,3.258096538021482,3.7135541606061553,3.5553480614894135,2.792028744558111,1.9459101490553132,3.019200969098343
