S1213_Actual,S1213_Simulated,RedundantThrowsDeclarationCheck_Actual,RedundantThrowsDeclarationCheck_Simulated,S1905_Actual,S1905_Simulated,DuplicatedBlocks_Actual,DuplicatedBlocks_Simulated,S1226_Actual,S1226_Simulated,S00112_Actual,S00112_Simulated,S1151_Actual,S1151_Simulated,S1132_Actual,S1132_Simulated,S1481_Actual,S1481_Simulated
5.448173122092414,5.315746943612542,3.1354942159291497,3.5351683455796343,0.6931471805599453,2.6336389706392938,5.015069891164122,4.510972925856334,3.721669276936927,3.8233103768142858,3.091042453358316,2.431549945789797,3.258096538021482,2.7244619324435924,3.5553480614894135,3.4205118984428196,1.9459101490553132,3.001156803470868
5.438079308923196,4.328959652310213,3.1354942159291497,3.2648525458318005,0.6931471805599453,4.073558722847496,5.043425116919247,4.061874027634188,3.713572066704308,3.012211339723558,3.091042453358316,3.2388599284440662,3.258096538021482,1.618044807089434,3.5553480614894135,3.8056871729964223,1.9459101490553132,1.6891678780909245
5.438079308923196,4.4963536354780755,3.1354942159291497,3.7648584342893128,0.6931471805599453,2.369385361379882,5.043425116919247,3.2401952668336547,3.713572066704308,3.9325558694456837,3.091042453358316,1.864239774107494,3.258096538021482,2.961640962216024,3.5553480614894135,4.0406801180940635,1.9459101490553132,5.451874575499362
5.438079308923196,5.281843434527239,3.1354942159291497,3.100701493037467,0.6931471805599453,1.392224556259243,5.043425116919247,4.732495162502306,3.713572066704308,3.548336224101815,3.091042453358316,2.3451903599198634,3.258096538021482,2.4883779208603887,3.5553480614894135,3.1578605703957283,1.9459101490553132,1.4585389265966817
5.438079308923196,5.665069201755398,3.1354942159291497,3.1677729897883653,0.6931471805599453,1.511149798278081,5.043425116919247,5.82271741105059,3.713572066704308,2.9553602690919343,3.091042453358316,2.3955278553240946,3.258096538021482,2.5800606760381575,3.5553480614894135,3.153949480474928,1.9459101490553132,1.5937441987190017
5.438079308923196,6.260937640734792,3.1354942159291497,3.0883326997626503,0.6931471805599453,2.642312250474038,5.043425116919247,4.073037284644222,3.713572066704308,3.868783447769931,3.091042453358316,2.6939104596375683,3.258096538021482,2.3624922640213786,3.5553480614894135,3.773913729099293,1.9459101490553132,3.192734815756667
