S1213_Actual,S1213_Simulated,RedundantThrowsDeclarationCheck_Actual,RedundantThrowsDeclarationCheck_Simulated,S1905_Actual,S1905_Simulated,DuplicatedBlocks_Actual,DuplicatedBlocks_Simulated,S1226_Actual,S1226_Simulated,S00112_Actual,S00112_Simulated,S1151_Actual,S1151_Simulated,S1132_Actual,S1132_Simulated,S1481_Actual,S1481_Simulated
5.448173122092414,5.315746943612542,3.1354942159291497,3.5351683455796343,0.6931471805599453,2.6336389706392938,5.015069891164122,4.510972925856334,3.721669276936927,3.8233103768142858,3.091042453358316,2.431549945789797,3.258096538021482,2.7244619324435924,3.5553480614894135,3.4205118984428196,1.9459101490553132,3.001156803470868
5.438079308923196,6.09441977448187,3.1354942159291497,3.0565974849997644,0.6931471805599453,3.841414213859549,5.043425116919247,5.481579427037258,3.713572066704308,3.9278485369076277,3.091042453358316,3.8501495832917305,3.258096538021482,1.8995579459330476,3.5553480614894135,2.996654686663709,1.9459101490553132,4.04895495386217
5.438079308923196,5.061218798539979,3.1354942159291497,4.081319103208889,0.6931471805599453,2.269975248190895,5.043425116919247,5.912539648295445,3.713572066704308,3.4962548290910838,3.091042453358316,1.4761239132704151,3.258096538021482,3.0891554974678685,3.5553480614894135,3.548857739753163,1.9459101490553132,2.4654609346930205
5.438079308923196,4.99630393381508,3.1354942159291497,3.320317532816248,0.6931471805599453,0.5505446032444037,5.043425116919247,4.973512915403637,3.713572066704308,3.811737997813004,3.091042453358316,3.16586757582877,3.258096538021482,2.2286574139448927,3.5553480614894135,3.003618924266186,1.9459101490553132,3.3768097916720317
5.438079308923196,5.909376064075161,3.1354942159291497,3.8279953011587655,0.6931471805599453,1.2580752015017362,5.043425116919247,4.754325138833851,3.713572066704308,3.2808908133091745,3.091042453358316,2.030141722277005,3.258096538021482,2.1464017901155508,3.5553480614894135,3.5064072125689827,1.9459101490553132,4.242906177076585
5.438079308923196,5.301305185299754,3.1354942159291497,3.097756419114295,0.6931471805599453,3.117064753892802,5.043425116919247,4.710833498819091,3.713572066704308,3.9302784311551533,3.091042453358316,2.7447451494224704,3.258096538021482,3.9475430831558462,3.5553480614894135,3.5304807440672445,1.9459101490553132,0.2947775816913625
