RedundantThrowsDeclarationCheck_Actual,RedundantThrowsDeclarationCheck_Simulated,S00122_Actual,S00122_Simulated,S1905_Actual,S1905_Simulated,UselessImportCheck_Actual,UselessImportCheck_Simulated,DuplicatedBlocks_Actual,DuplicatedBlocks_Simulated,S1155_Actual,S1155_Simulated,S1151_Actual,S1151_Simulated,S1132_Actual,S1132_Simulated,S1481_Actual,S1481_Simulated
0.0,0.13061218153693147,0.0,0.19903756679548096,0.0,0.0627247989161265,0.23270468455819335,2.067760709232467,0.0,0.4722537343060408,0.0,0.05140755755911177,0.021599111803461798,0.6143608525794846,0.0,0.5357143502130369,0.021599111803461798,0.794859720905366
0.0,0.20065247241559675,0.0,0.0,0.0,0.306270053109184,0.19029550263309924,3.8065709481676846,0.0,1.1177006555815194,0.0,0.10662605808287283,0.017316450011460875,0.029436399394336732,0.0,0.0,0.017316450011460875,0.2846186229298969
0.0,0.1960638985761513,0.0,0.0,0.0,0.21404873445486847,0.1460078224319825,1.9959606805638406,0.0,1.2835025718588542,0.0,0.1304091336563409,0.0130153681120703,0.910746835783166,0.0,0.03392539268501149,0.0130153681120703,1.5942132827264104
0.0,0.0,0.0,0.461522497787162,0.0,0.0,0.09966748517328153,2.575141494917473,0.0,2.631408985592306,0.0,0.18575085004142727,0.008695706967553821,1.2466343474608277,0.0,0.004099795336657497,0.008695706967553821,1.3126277740565355
0.0,0.0,0.0,0.39835244459498975,0.0,0.0,0.05107492993641579,1.6336424353637042,0.0,0.0,0.0,0.09561477004117291,0.00435730536895569,1.3139827921789768,0.0,0.3062313241492637,0.00435730536895569,1.3146143985846517
0.0,0.0,0.0,0.6044744453445856,0.0,0.0,0.0,2.03393621143397,0.0,1.2572461255377143,0.0,0.0,0.0,0.09499645451298488,0.0,0.3349096083993453,0.0,1.5740789515394238
