S1488_Actual,S1488_Simulated,DuplicatedBlocks_Actual,DuplicatedBlocks_Simulated,S00112_Actual,S00112_Simulated,S1132_Actual,S1132_Simulated
0.0,0.0,2.302585092994046,2.157542452532808,4.855928904335275,4.807352905542267,2.9444389791664403,2.944434154608275
0.0,0.0,2.302585092994046,2.2025349114257047,4.857225080796721,4.7634591240328055,2.9444389791664403,2.944441649131815
0.0,0.0,2.302585092994046,2.1680020739892494,4.858519579359367,4.863244162859127,2.9444389791664403,2.94443244414291
0.0,0.0,2.302585092994046,2.2072896563622315,4.859812404361672,4.806541222991393,2.9444389791664403,2.944430593906792
0.0,0.0,2.302585092994046,2.0554143106811154,4.90527477843843,4.81353800011923,2.9444389791664403,2.9444313727227276
0.0,0.0,2.302585092994046,2.0673521961866927,4.948759890378168,4.829416427281096,2.9444389791664403,2.9444295115682886
