S1213_Actual,S1213_Simulated,RedundantThrowsDeclarationCheck_Actual,RedundantThrowsDeclarationCheck_Simulated,S00117_Actual,S00117_Simulated,S00122_Actual,S00122_Simulated,DuplicatedBlocks_Actual,DuplicatedBlocks_Simulated,S00112_Actual,S00112_Simulated,S1155_Actual,S1155_Simulated,S00108_Actual,S00108_Simulated,S1132_Actual,S1132_Simulated
4.442651256490317,3.9736462603351703,1.0986122886681098,0.7506859406485378,1.791759469228055,1.3000568012839122,2.5649493574615367,2.9404301144203595,3.295836866004329,2.3621206429605626,3.6635616461296463,3.4455535302596,0.0,0.00845563664876762,1.6094379124341003,0.8320702696305738,1.6094379124341003,1.0863350080236112
4.454347296253507,2.9009163143390113,1.0986122886681098,0.0,1.791759469228055,0.9362022305501965,2.5649493574615367,2.749919307477803,3.295836866004329,2.231614429292209,3.7612001156935624,4.293386919592833,0.0,0.0364054519350778,1.6094379124341003,0.8860738857739525,1.6094379124341003,0.0
4.465908118654584,3.4536658245565954,1.0986122886681098,0.15997442879806234,1.791759469228055,1.8781888261967623,2.5649493574615367,2.567679228912578,3.295836866004329,2.362229103829745,3.7612001156935624,2.0388120139574255,0.0,0.0,1.6094379124341003,0.39975870303620764,1.6094379124341003,1.8696678095090014
4.473541743509655,4.106287363947182,1.0986122886681098,0.5287700763342877,1.8458266904983307,1.1556271025990499,2.5649493574615367,2.0013146480524275,3.295836866004329,2.2337342498764876,3.784189633918261,3.964756646603203,0.0,0.0,1.6094379124341003,1.0909736590176888,1.6094379124341003,1.4023441018774576
4.481117537318112,2.652620317425961,1.0986122886681098,1.1546686906854793,1.8971199848858813,1.2550818397627017,2.5649493574615367,6.915827999782758,3.295836866004329,2.3745532246495813,3.8066624897703196,3.7132776190121706,0.0,0.0,1.6094379124341003,0.5141968241386072,1.6094379124341003,0.8427268913964578
4.48863636973214,3.179244376754157,1.0986122886681098,1.6234700017429153,1.9459101490553132,2.294326010023465,2.5649493574615367,4.062615678012517,3.295836866004329,2.6454287797102696,3.828641396489095,4.0506424632633795,0.0,0.0,1.6094379124341003,0.8000216279175436,1.6094379124341003,1.3697918874551975
