RedundantThrowsDeclarationCheck_Actual,RedundantThrowsDeclarationCheck_Simulated,S00122_Actual,S00122_Simulated,UselessImportCheck_Actual,UselessImportCheck_Simulated,DuplicatedBlocks_Actual,DuplicatedBlocks_Simulated,S00112_Actual,S00112_Simulated,S1155_Actual,S1155_Simulated,S00108_Actual,S00108_Simulated,S1151_Actual,S1151_Simulated,S1132_Actual,S1132_Simulated,S1481_Actual,S1481_Simulated
3.367295829986474,3.182826244321462,0.0,0.17804065448848427,0.0,1.0120744067826586,3.784189633918261,3.1131672510296626,5.181783550292085,3.495480419818657,1.3862943611198906,1.4002786624897638,4.844187086458591,4.465479026967496,0.6931471805599453,0.3168034653383228,3.044522437723423,2.3619558113018173,0.0,1.1044258036092558
3.367295829986474,2.356246089980184,0.0,0.250412169445884,0.0,0.6383931054089009,3.784189633918261,4.020260693058636,5.181783550292085,2.648826590162982,1.3862943611198906,2.071142153036826,4.844187086458591,1.8648153788082618,0.6931471805599453,0.03960139070173052,3.044522437723423,3.4209939877074014,0.0,0.7690271303943561
3.367295829986474,3.3586535739380046,0.0,0.5057078930235696,0.0,0.2799438829919517,3.784189633918261,2.560834029516136,5.181783550292085,1.7552336438079013,1.3862943611198906,0.949880949205183,4.844187086458591,5.160540889776777,0.6931471805599453,0.1651144224458863,3.044522437723423,3.0237897050729323,0.0,1.766515920647612
3.367295829986474,3.0059763345100587,0.0,0.19912162901354422,0.0,1.0755185334625983,3.784189633918261,3.9237596774593433,5.181783550292085,3.0553997503393875,1.3862943611198906,2.3402471423258158,4.844187086458591,4.053390977521629,0.6931471805599453,0.6869835485111143,3.044522437723423,2.481824943581031,0.0,2.201889975946011
3.367295829986474,3.1042316226542277,0.0,0.6712722123550794,0.0,0.0,3.784189633918261,2.5811544224926553,5.181783550292085,3.8191047354285366,1.3862943611198906,1.706853675847102,4.844187086458591,3.316508765840142,0.6931471805599453,0.5380296603332979,3.044522437723423,2.4105986362336376,0.0,0.45040544054181997
3.367295829986474,3.4162002451608426,0.0,0.0,0.0,0.5991748748906486,3.784189633918261,3.389009183389547,5.181783550292085,4.525100413795178,1.3862943611198906,1.6334388129373405,4.844187086458591,3.9728556210345234,0.6931471805599453,0.6497439986106248,3.044522437723423,0.7380698668261543,0.0,3.1885235972843304
