Steps,Total MAE
1,0.0
3,334576.8499999999
6,431567.07999999996
12,596361.9499999998
