S1213_Actual,S1213_Simulated,RedundantThrowsDeclarationCheck_Actual,RedundantThrowsDeclarationCheck_Simulated,S00117_Actual,S00117_Simulated,S00122_Actual,S00122_Simulated,S1905_Actual,S1905_Simulated,UselessImportCheck_Actual,UselessImportCheck_Simulated,DuplicatedBlocks_Actual,DuplicatedBlocks_Simulated,S1155_Actual,S1155_Simulated
5.765191102784844,5.838279315717641,5.733341276897746,5.327647526730385,5.811140992976701,5.543792954251299,6.298949246855942,6.106110015416523,1.791759469228055,1.8837506097673702,2.772588722239781,3.267928771273048,5.66988092298052,5.853141988774267,4.23410650459726,3.9414172092587876
5.75890177387728,6.154434546152106,5.703782474656201,5.6454578426716395,5.808142489980444,5.652316031874266,6.278521424165844,5.151431403739962,1.791759469228055,2.5534368297145114,2.302585092994046,4.202277077093378,5.6131281063880705,5.9711631424453495,4.23410650459726,3.3274872182081214
5.7745515455444085,6.5462992437733725,5.717027701406222,5.182359435609439,5.808142489980444,5.888686203312687,6.278521424165844,6.035983091919856,1.791759469228055,3.00457550310721,2.4849066497880004,3.9065343235900327,5.616771097666572,5.984874881683303,4.23410650459726,3.8070664936242853
5.765191102784844,5.720121479018916,5.71042701737487,4.300129723792129,5.808142489980444,5.855928302738229,6.2878585601617845,4.493233869051666,1.791759469228055,1.3534842882237998,2.302585092994046,3.958674582612237,5.616771097666572,5.224825164290185,4.23410650459726,4.050632678772632
5.777652323222656,6.361596871585309,5.707110264748875,6.0477280416894486,5.755742213586912,5.871081920550242,6.3080984415095305,6.405363878319534,1.791759469228055,1.6280174571547572,2.3978952727983707,2.87718323333799,5.66988092298052,6.3321073441390325,4.23410650459726,3.9051409339109564
5.777652323222656,5.719647571646498,5.707110264748875,5.406221418385692,5.755742213586912,5.559411540526343,6.3080984415095305,5.204330805836969,1.791759469228055,2.468846004945879,2.302585092994046,3.0571591323220306,5.66988092298052,5.872398164722319,4.23410650459726,3.5582122746071176
