RedundantThrowsDeclarationCheck_Actual,RedundantThrowsDeclarationCheck_Simulated,S00117_Actual,S00117_Simulated,S1488_Actual,S1488_Simulated,DuplicatedBlocks_Actual,DuplicatedBlocks_Simulated,S00112_Actual,S00112_Simulated
3.258096538021482,3.682677344927075,2.772588722239781,2.238541097877218,1.3862943611198906,1.7757493002292488,6.016157159698354,5.426481897654738,7.00397413672268,6.420681856052822
3.332204510175204,3.9470268904437074,2.6390573296152584,1.7945746477303295,0.6931471805599453,1.3594302577352435,5.713732805509369,5.250373468627311,6.760414691083428,6.291782173343697
3.332204510175204,3.5174102102739346,2.6390573296152584,2.153081150529175,0.6931471805599453,1.9079661239602423,5.71042701737487,6.259899867782697,6.7357800142423265,6.1982287990058955
3.332204510175204,4.017617412241966,2.6390573296152584,2.1735312340676467,0.6931471805599453,1.4348057124829556,5.683579767338681,4.83510195921662,6.734591659972948,6.493534978415768
3.332204510175204,4.289183707066872,2.6390573296152584,2.3236142545579836,0.6931471805599453,2.000312151117264,5.69035945432406,4.243688362639333,6.738152494595957,6.828833771831139
3.332204510175204,3.726029032168693,2.6390573296152584,1.6326727536006294,0.6931471805599453,1.7606599793555548,5.697093486505405,5.17021246711443,6.7580945044277305,6.8079795761538
