RedundantThrowsDeclarationCheck_Actual,RedundantThrowsDeclarationCheck_Simulated,S00122_Actual,S00122_Simulated,DuplicatedBlocks_Actual,DuplicatedBlocks_Simulated,S00112_Actual,S00112_Simulated,S1155_Actual,S1155_Simulated,S00108_Actual,S00108_Simulated,S1151_Actual,S1151_Simulated,S1132_Actual,S1132_Simulated,S1481_Actual,S1481_Simulated
3.367295829986474,3.182826244321462,0.0,0.17804065448848427,3.784189633918261,3.1131672510296626,5.181783550292085,3.495480419818657,1.3862943611198906,1.4002786624897638,4.844187086458591,4.465479026967496,0.6931471805599453,0.3168034653383228,3.044522437723423,2.3619558113018173,0.0,1.1044258036092558
3.367295829986474,3.5867140381934526,0.0,0.14857068168183699,3.784189633918261,3.1633822171555575,5.181783550292085,2.573335724635946,1.3862943611198906,1.2016747468487412,4.844187086458591,4.29927932198652,0.6931471805599453,0.09384566037922767,3.044522437723423,2.716588167308183,0.0,3.993329006027622
3.367295829986474,3.828657642716987,0.0,0.0,3.784189633918261,2.2499518895448087,5.181783550292085,2.9323911880438254,1.3862943611198906,1.4604190898957283,4.844187086458591,3.8247784860738503,0.6931471805599453,0.011794857632774325,3.044522437723423,2.545215005188744,0.0,0.0
3.367295829986474,3.3006975900061652,0.0,1.0228191969218974,3.784189633918261,3.9994649638071182,5.181783550292085,2.9611482302274372,1.3862943611198906,0.3956476028610669,4.844187086458591,5.360758042352688,0.6931471805599453,0.184372879530379,3.044522437723423,2.6800099043362215,0.0,0.0
3.367295829986474,3.841825522929969,0.0,0.0,3.784189633918261,3.0356246360705503,5.181783550292085,5.0528974695968225,1.3862943611198906,1.488030313896218,4.844187086458591,5.14771508249296,0.6931471805599453,0.16123007094054276,3.044522437723423,3.0916427358800544,0.0,2.4606226182456856
3.367295829986474,2.641033965175228,0.0,0.2799628862661877,3.784189633918261,2.631195538801223,5.181783550292085,3.0432141823823278,1.3862943611198906,0.5904789232394168,4.844187086458591,5.0061208640633055,0.6931471805599453,0.42851730695539025,3.044522437723423,2.054322284728682,0.0,0.526914824955531
