RedundantThrowsDeclarationCheck_Actual,RedundantThrowsDeclarationCheck_Simulated,S00122_Actual,S00122_Simulated,DuplicatedBlocks_Actual,DuplicatedBlocks_Simulated,S00112_Actual,S00112_Simulated,S1155_Actual,S1155_Simulated,S00108_Actual,S00108_Simulated,S1151_Actual,S1151_Simulated,S1132_Actual,S1132_Simulated,S1481_Actual,S1481_Simulated
3.367295829986474,3.182826244321462,0.0,0.17804065448848427,3.784189633918261,3.1131672510296626,5.181783550292085,3.495480419818657,1.3862943611198906,1.4002786624897638,4.844187086458591,4.465479026967496,0.6931471805599453,0.3168034653383228,3.044522437723423,2.3619558113018173,0.0,1.1044258036092558
3.367295829986474,4.314053443569448,0.0,0.0,3.784189633918261,4.711985404859585,5.181783550292085,2.4067619942323297,1.3862943611198906,0.0,4.844187086458591,5.065991410565825,0.6931471805599453,0.2525263136411455,3.044522437723423,3.0484984786097336,0.0,2.937852764713937
3.367295829986474,2.7252190884661203,0.0,0.5676315343411034,3.784189633918261,3.575815535676778,5.181783550292085,1.8846852115931918,1.3862943611198906,2.5804461048719336,4.844187086458591,3.449787835601329,0.6931471805599453,0.0,3.044522437723423,2.427559426333809,0.0,2.4983935789995395
