RedundantThrowsDeclarationCheck_Actual,RedundantThrowsDeclarationCheck_Simulated,S00117_Actual,S00117_Simulated,UselessImportCheck_Actual,UselessImportCheck_Simulated,DuplicatedBlocks_Actual,DuplicatedBlocks_Simulated,S00112_Actual,S00112_Simulated,S1132_Actual,S1132_Simulated
3.367295829986474,3.2213065757711092,3.1354942159291497,2.5303576481378562,0.0,0.9905216270195651,3.784189633918261,3.1506115414840274,5.181783550292085,3.5229343997453917,3.044522437723423,2.3890504800855394
3.367295829986474,3.187095555716793,3.1354942159291497,3.1688849182187147,0.0,2.214982226221159,3.784189633918261,1.4874530385990525,5.181783550292085,3.4802246175716327,3.044522437723423,3.673695982792216
3.367295829986474,3.0669786502347685,3.1354942159291497,2.574011732451715,0.0,0.3638052023944267,3.784189633918261,5.198848106518865,5.181783550292085,3.864265961032366,3.044522437723423,2.167009526207738
3.367295829986474,2.95053670719106,3.1354942159291497,1.9513246711278054,0.0,1.1600006980532618,3.784189633918261,3.5772769214918756,5.181783550292085,3.9909312418431333,3.044522437723423,1.2086835586332625
3.367295829986474,2.8326238008345337,3.1354942159291497,1.8048909627408913,0.0,0.0008072014773429226,3.784189633918261,3.0328236566316407,5.181783550292085,1.2233868578192797,3.044522437723423,3.4518947627175542
3.367295829986474,3.414935350789483,3.1354942159291497,1.9482517070490843,0.0,0.2637546538579566,3.784189633918261,3.1414842002505043,5.181783550292085,3.8457664782111727,3.044522437723423,3.0510126777263644
