RedundantThrowsDeclarationCheck_Actual,RedundantThrowsDeclarationCheck_Simulated,S00117_Actual,S00117_Simulated,S00112_Actual,S00112_Simulated,S1151_Actual,S1151_Simulated,S1132_Actual,S1132_Simulated
0.0,0.0,1.0986122886681098,0.747335632553444,3.332204510175204,1.6889869029199953,0.0,0.0,0.0,0.18393647179709674
0.0,0.0,1.0986122886681098,0.12790268649451086,3.332204510175204,1.082327403606967,0.0,0.0,0.0,0.042502607603228465
0.0,0.0,1.0986122886681098,1.025526136921246,3.332204510175204,2.6899346853233492,0.0,1.5322871041205645e-06,0.0,0.5748088499475771
0.0,0.0,1.0986122886681098,1.2663505295054218,3.332204510175204,1.775430243805206,0.0,0.0,0.0,0.0
0.0,0.0,1.0986122886681098,1.5463470237858399,3.332204510175204,1.173441515131881,0.0,0.0,0.0,0.0
0.0,0.0,1.0986122886681098,0.4456393398863064,3.332204510175204,1.5017142871785116,0.0,0.0,0.0,0.20744681990544975
