RedundantThrowsDeclarationCheck_Actual,RedundantThrowsDeclarationCheck_Simulated,S00117_Actual,S00117_Simulated,S00112_Actual,S00112_Simulated,S1151_Actual,S1151_Simulated,S1132_Actual,S1132_Simulated
0.0,0.0,1.0986122886681098,0.747335632553444,3.332204510175204,1.6889869029199953,0.0,0.0,0.0,0.18393647179709674
0.0,0.0,1.0986122886681098,0.9468650594143888,3.332204510175204,2.451886720237279,0.0,0.0,0.0,0.2796318598053912
0.0,0.0,1.0986122886681098,1.0679114028067835,3.332204510175204,2.5276761284006772,0.0,0.0,0.0,0.10911919715633016
0.0,0.0,1.0986122886681098,2.017674451065751,3.332204510175204,1.9934035432740598,0.0,0.0,0.0,0.19994114094919732
0.0,0.0,1.0986122886681098,0.1608203781656974,3.332204510175204,0.9846829724966577,0.0,0.0,0.0,0.0
0.0,0.0,1.0986122886681098,0.7895852024747863,3.332204510175204,2.567554804179707,0.0,0.0,0.0,0.19110857157946268
