RedundantThrowsDeclarationCheck_Actual,RedundantThrowsDeclarationCheck_Simulated,S00117_Actual,S00117_Simulated,S00112_Actual,S00112_Simulated,S1151_Actual,S1151_Simulated,S1132_Actual,S1132_Simulated
0.0,0.0,1.0986122886681098,0.747335632553444,3.332204510175204,1.6889869029199953,0.0,0.0,0.0,0.18393647179709674
0.0,4.832974163722478e-06,1.0986122886681098,0.16631282187304963,3.332204510175204,1.540959990966105,0.0,0.0,0.0,0.5767247864189821
0.0,0.0,1.0986122886681098,0.5301382966139473,3.332204510175204,2.1161477400378357,0.0,0.0,0.0,0.15092784367869672
