RedundantThrowsDeclarationCheck_Actual,RedundantThrowsDeclarationCheck_Simulated,S00117_Actual,S00117_Simulated,S00112_Actual,S00112_Simulated,S1151_Actual,S1151_Simulated,S1132_Actual,S1132_Simulated
0.0,0.0,1.0986122886681098,0.747335632553444,3.332204510175204,1.6889869029199953,0.0,0.0,0.0,0.18393647179709674
0.0,0.0,1.0986122886681098,1.1745360921833106,3.332204510175204,1.6985743322759728,0.0,0.0,0.0,0.13701174037677438
0.0,4.310541190313329e-06,1.0986122886681098,1.2125122956417465,3.332204510175204,1.435234860629448,0.0,0.0,0.0,0.339785097470231
0.0,0.0,1.0986122886681098,0.9032106662993615,3.332204510175204,1.8159902394018674,0.0,0.0,0.0,0.7103719568092017
0.0,0.0,1.0986122886681098,0.0,3.332204510175204,1.6935727738525912,0.0,7.551186377220322e-06,0.0,0.11050166502644886
0.0,0.0,1.0986122886681098,1.3191853497864678,3.332204510175204,1.5064817612559385,0.0,0.0,0.0,0.2752043899120002
