RedundantThrowsDeclarationCheck_Actual,RedundantThrowsDeclarationCheck_Simulated,S1488_Actual,S1488_Simulated,UselessImportCheck_Actual,UselessImportCheck_Simulated,S00108_Actual,S00108_Simulated
4.6913478822291435,5.156074832496742,3.258096538021482,3.697697263544742,4.574710978503383,4.495037878812216,1.3862943611198906,1.6954226165372368
4.955827057601261,5.435704660119453,3.258096538021482,1.8743871696410284,3.970291913552122,4.618255855676613,1.3862943611198906,1.3885465485506114
4.969813299576001,4.90980058645865,3.258096538021482,3.5469761178365533,4.143134726391533,4.57323816679744,1.3862943611198906,2.1781603986553577
4.969813299576001,2.9370133844790045,3.258096538021482,2.561898413290101,4.127134385045092,4.336413759046559,1.3862943611198906,1.9433464006172685
4.962844630259907,4.786126034303508,3.5553480614894135,3.9662983251408304,4.248495242049359,4.4682547187283745,1.3862943611198906,1.9562887610071136
4.962844630259907,6.52159868933246,3.5553480614894135,4.236018892425275,4.23410650459726,4.854955245809563,1.3862943611198906,1.7416536732217778
