RedundantThrowsDeclarationCheck_Actual,RedundantThrowsDeclarationCheck_Simulated,S1488_Actual,S1488_Simulated,UselessImportCheck_Actual,UselessImportCheck_Simulated,S00108_Actual,S00108_Simulated
4.969813299576001,5.112958552709485,3.258096538021482,3.1324916786314416,4.127134385045092,3.9462715619334965,1.3862943611198906,1.0310430254238616
4.962844630259907,6.354844204144789,3.5553480614894135,4.058371074583595,4.248495242049359,5.152802275465467,1.3862943611198906,1.0221847332262792
4.962844630259907,6.513651639601793,3.5553480614894135,3.4532185335438608,4.23410650459726,3.8160023863487424,1.3862943611198906,1.3892143277679194
