RedundantThrowsDeclarationCheck_Actual,RedundantThrowsDeclarationCheck_Simulated,S1488_Actual,S1488_Simulated,UselessImportCheck_Actual,UselessImportCheck_Simulated,S00108_Actual,S00108_Simulated
4.969813299576001,5.156074832496742,3.258096538021482,3.697697263544742,4.127134385045092,4.495037878812216,1.3862943611198906,1.6954226165372368
4.962844630259907,5.3606082345672,3.5553480614894135,2.7210157101918413,4.248495242049359,4.739786963687777,1.3862943611198906,2.2379291591010877
4.962844630259907,5.116077939954815,3.5553480614894135,3.252566533506103,4.23410650459726,4.2613665656547335,1.3862943611198906,0.7280237509583328
