RedundantThrowsDeclarationCheck_Actual,RedundantThrowsDeclarationCheck_Simulated,S1488_Actual,S1488_Simulated,UselessImportCheck_Actual,UselessImportCheck_Simulated,S00108_Actual,S00108_Simulated
4.969813299576001,5.156074832496742,3.258096538021482,3.697697263544742,4.127134385045092,4.495037878812216,1.3862943611198906,1.6954226165372368
4.962844630259907,4.061048577098781,3.5553480614894135,2.9188143693625745,4.248495242049359,4.872775807741471,1.3862943611198906,2.026579850462398
4.962844630259907,5.160916866143457,3.5553480614894135,4.152918575484305,4.23410650459726,4.805220533868092,1.3862943611198906,1.5903300018402906
