RedundantThrowsDeclarationCheck_Actual,RedundantThrowsDeclarationCheck_Simulated,S1488_Actual,S1488_Simulated,UselessImportCheck_Actual,UselessImportCheck_Simulated,S00108_Actual,S00108_Simulated
4.969813299576001,5.112958552709485,3.258096538021482,3.1324916786314416,4.127134385045092,3.9462715619334965,1.3862943611198906,1.0310430254238616
4.962844630259907,7.287971456073787,3.5553480614894135,1.8163232884581246,4.248495242049359,3.4167270670271197,1.3862943611198906,0.7637870623749516
4.962844630259907,6.040457424539021,3.5553480614894135,2.299999290591768,4.23410650459726,5.7010922208798105,1.3862943611198906,1.6021853902801073
