RedundantThrowsDeclarationCheck_Actual,RedundantThrowsDeclarationCheck_Simulated,S1488_Actual,S1488_Simulated,UselessImportCheck_Actual,UselessImportCheck_Simulated,S00108_Actual,S00108_Simulated
4.6913478822291435,5.156074832496742,3.258096538021482,3.697697263544742,4.574710978503383,4.495037878812216,1.3862943611198906,1.6954226165372368
4.955827057601261,4.824974874142626,3.258096538021482,4.9718487197703265,3.970291913552122,4.355445028479699,1.3862943611198906,1.6100509826712213
4.969813299576001,5.346867800672072,3.258096538021482,3.320295115409463,4.143134726391533,4.484590859152791,1.3862943611198906,1.8381961668878768
4.969813299576001,2.976709488250876,3.258096538021482,3.5025763555737766,4.127134385045092,4.46296417682135,1.3862943611198906,1.4132418561294198
4.962844630259907,5.529409258529824,3.5553480614894135,3.544573375722293,4.248495242049359,4.422948898474694,1.3862943611198906,1.688152305034027
4.962844630259907,6.140518750551922,3.5553480614894135,3.6329291244171085,4.23410650459726,4.606436764530933,1.3862943611198906,2.2848342055676296
