RedundantThrowsDeclarationCheck_Actual,RedundantThrowsDeclarationCheck_Simulated,S1488_Actual,S1488_Simulated,UselessImportCheck_Actual,UselessImportCheck_Simulated,S00108_Actual,S00108_Simulated
4.6913478822291435,5.112958552709485,3.258096538021482,3.1324916786314416,4.574710978503383,3.9462715619334965,1.3862943611198906,1.0310430254238616
4.955827057601261,5.501584259682721,3.258096538021482,4.189724852684873,3.970291913552122,4.588526796095367,1.3862943611198906,1.5250126199283174
4.969813299576001,7.261222980783784,3.258096538021482,0.9871088277720936,4.143134726391533,4.563770716336462,1.3862943611198906,0.7146270972729027
4.969813299576001,3.42904032691647,3.258096538021482,4.5431889390964235,4.127134385045092,5.229366188382567,1.3862943611198906,1.324203025896863
4.962844630259907,5.200880358351284,3.5553480614894135,5.783925227340285,4.248495242049359,4.610735875783552,1.3862943611198906,1.0094790148067188
4.962844630259907,3.0377438818686326,3.5553480614894135,4.660695758718557,4.23410650459726,3.8887974647214363,1.3862943611198906,0.0
