RedundantThrowsDeclarationCheck_Actual,RedundantThrowsDeclarationCheck_Simulated,S1488_Actual,S1488_Simulated,UselessImportCheck_Actual,UselessImportCheck_Simulated,S00108_Actual,S00108_Simulated
4.969813299576001,5.112958552709485,3.258096538021482,3.1324916786314416,4.127134385045092,3.9462715619334965,1.3862943611198906,1.0310430254238616
4.962844630259907,3.2758882627079533,3.5553480614894135,4.387964225069239,4.248495242049359,2.745890619038444,1.3862943611198906,2.7128751972891307
4.962844630259907,6.50804865719637,3.5553480614894135,3.372584751419063,4.23410650459726,2.568411872451941,1.3862943611198906,0.5338940433403041
