S1488_Actual,S1488_Simulated,S1905_Actual,S1905_Simulated,UselessImportCheck_Actual,UselessImportCheck_Simulated,DuplicatedBlocks_Actual,DuplicatedBlocks_Simulated,S00112_Actual,S00112_Simulated,S1155_Actual,S1155_Simulated,S1132_Actual,S1132_Simulated
1.0986122886681098,1.0077415013145123,0.0,1.571048938306501,0.6931471805599453,0.9610498910441571,1.8803128665695001,2.3875430850499346,3.332204510175204,1.6889869029199953,0.0,0.0,0.0,0.18393647179709674
1.0986122886681098,1.1236063226850135,0.0,1.896087369448069,0.6931471805599453,1.4492635141721857,1.8632184332102,2.583060096956048,3.332204510175204,0.6282863191152621,0.0,0.0,0.0,0.17107266604493584
1.0986122886681098,0.8521225161571861,0.0,0.6386647415399865,0.6931471805599453,0.34013153509248173,1.8458266904983307,3.745986475133132,3.332204510175204,1.280562533744821,0.0,0.0,0.0,0.0
1.0986122886681098,1.3790893016030672,0.0,0.30957560616451185,0.6931471805599453,0.22543989260575736,1.8281271133989299,2.46138636903263,3.332204510175204,1.2286661041830766,0.0,0.0,0.0,0.3052847498414327
1.0986122886681098,1.3522311512180614,0.0,1.8268157897397441,0.6931471805599453,1.221410608114618,1.8101086078962514,2.8707505008334615,3.332204510175204,1.56785103988748,0.0,0.0,0.0,0.5036293423589946
1.0986122886681098,1.4791189458643477,0.0,0.15686025862060893,0.6931471805599453,0.5884351701395896,1.791759469228055,2.1064747104416024,3.332204510175204,1.3637494038400546,0.0,0.0,0.0,0.03496188762067237
