RedundantThrowsDeclarationCheck_Actual,RedundantThrowsDeclarationCheck_Simulated,S00117_Actual,S00117_Simulated,S1488_Actual,S1488_Simulated,S1226_Actual,S1226_Simulated,S1155_Actual,S1155_Simulated,S1132_Actual,S1132_Simulated,S1481_Actual,S1481_Simulated
1.0663514264498883,0.26424494468692766,0.0,0.18857179510065186,0.6931471805599453,0.6742804700449279,0.0,0.0,1.0986122886681098,1.1085934909171022,1.0986122886681098,1.098607464109944,0.0,0.2632049367457456
1.0826119473216684,0.05237497937877847,0.0,0.047945252231478525,0.6931471805599453,0.7810934114359851,0.0,0.0,1.0986122886681098,1.1436263194956584,1.0986122886681098,1.0986014998484517,0.0,0.3913136923218046
1.0986122886681098,0.3651940257845108,0.0,0.6251024322768155,0.6931471805599453,0.7678448409362704,0.0,0.0,1.0986122886681098,1.1073866590946984,1.0986122886681098,1.098604549462665,0.0,0.8913112727567423
