RedundantThrowsDeclarationCheck_Actual,RedundantThrowsDeclarationCheck_Simulated,S00117_Actual,S00117_Simulated,S1488_Actual,S1488_Simulated,S1226_Actual,S1226_Simulated,S1155_Actual,S1155_Simulated,S1132_Actual,S1132_Simulated,S1481_Actual,S1481_Simulated
1.0663514264498883,0.26424494468692766,0.0,0.18857179510065186,0.6931471805599453,0.6742804700449279,0.0,0.0,1.0986122886681098,1.1085934909171022,1.0986122886681098,1.098607464109944,0.0,0.2632049367457456
1.0826119473216684,0.47292864175636606,0.0,0.3055302969639362,0.6931471805599453,0.644334130361477,0.0,0.0,1.0986122886681098,1.0831551665403387,1.0986122886681098,1.098607871921583,0.0,0.45408221055016385
1.0986122886681098,0.14035166868284332,0.0,0.12732368074302103,0.6931471805599453,0.6612677731897786,0.0,0.0,1.0986122886681098,1.1383692057610757,1.0986122886681098,1.0986045090199927,0.0,1.4818818036123074
