S1213_Actual,S1213_Simulated,S00122_Actual,S00122_Simulated,S1488_Actual,S1488_Simulated,DuplicatedBlocks_Actual,DuplicatedBlocks_Simulated,S1226_Actual,S1226_Simulated,S00112_Actual,S00112_Simulated,S00108_Actual,S00108_Simulated,S1151_Actual,S1151_Simulated,S1132_Actual,S1132_Simulated
0.0367013668504281,0.8654164806904682,0.0,0.19170098661429782,0.0,0.051733357324998425,0.0,0.46172097945521134,0.0,0.11196008221551346,0.018519047767237597,0.46128570284664755,0.0,0.19702941544705932,0.018519047767237597,0.6025512276968152,0.0,0.5169270278182613
0.018519047767237697,0.13672921663914084,0.0,0.6274782924177775,0.0,0.16449606619511198,0.0,0.0,0.0,0.0644183253988572,0.009302392662313554,0.7086225496065139,0.0,0.0,0.009302392662313554,0.5785031424201843,0.0,0.6760067781635923
0.0,1.2830386352770957,0.0,0.0936452210159521,0.0,0.6532067715655826,0.0,1.7182608885360782,0.0,0.024365901954676236,0.0,1.6698159328470703,0.0,0.23967468932721728,0.0,0.20415341012697436,0.0,0.8115588685161804
