S1213_Actual,S1213_Simulated,RedundantThrowsDeclarationCheck_Actual,RedundantThrowsDeclarationCheck_Simulated,S00117_Actual,S00117_Simulated,S00122_Actual,S00122_Simulated,S1488_Actual,S1488_Simulated,S1905_Actual,S1905_Simulated,DuplicatedBlocks_Actual,DuplicatedBlocks_Simulated,S1226_Actual,S1226_Simulated,S00112_Actual,S00112_Simulated,S1155_Actual,S1155_Simulated,S00108_Actual,S00108_Simulated,S1151_Actual,S1151_Simulated,S1132_Actual,S1132_Simulated,S1481_Actual,S1481_Simulated
5.043425116919247,4.98696277983771,2.772588722239781,2.523224370174143,2.0794415416798357,2.192246286688818,2.3978952727983707,2.8281600480032405,2.1972245773362196,1.7358608600617236,0.0,0.9213926515514955,3.828641396489095,3.701565418118755,4.248495242049359,4.140461665288957,4.1588830833596715,2.5010016100841277,0.6931471805599453,0.4619605043402298,1.3862943611198906,1.5502472928698183,0.0,0.0,3.4339872044851463,3.496338106951025,2.5649493574615367,3.0944630585136337
5.043425116919247,4.2281561414685305,2.772588722239781,3.9165806824012375,2.0794415416798357,2.380217069301996,2.3978952727983707,4.580359080667428,2.1972245773362196,3.1351866234598686,0.0,0.0,3.828641396489095,4.045406374292378,4.248495242049359,3.8256489148427857,4.1588830833596715,1.5183648114386097,0.6931471805599453,0.5581111531343911,1.3862943611198906,1.5320013531180203,0.0,0.0,3.4339872044851463,3.707275181016924,2.5649493574615367,2.687034023284789
