S1213_Actual,S1213_Simulated,RedundantThrowsDeclarationCheck_Actual,RedundantThrowsDeclarationCheck_Simulated,S1488_Actual,S1488_Simulated,S1905_Actual,S1905_Simulated,DuplicatedBlocks_Actual,DuplicatedBlocks_Simulated,S1226_Actual,S1226_Simulated,S00112_Actual,S00112_Simulated
5.003946305945459,4.189295074572902,3.332204510175204,3.411590488688553,0.6931471805599453,1.5414280278559198,0.6931471805599453,0.08546578921313353,5.69035945432406,5.00170704510986,0.0,3.0021800730187986,6.7339969528486705,6.007955147221165
5.003946305945459,4.2925136343773715,3.332204510175204,3.324460426967004,0.6931471805599453,0.8520391562698739,0.6931471805599453,0.26305479350050975,5.683579767338681,5.047051463309624,0.0,6.693487322200706,6.734591659972948,6.002285669561356
5.0106352940962555,4.6029866151942205,3.332204510175204,3.861262995312188,0.6931471805599453,0.0,0.6931471805599453,0.16336904320916087,5.700443573390687,3.7494983808242863,0.0,5.599576154284607,6.734591659972948,4.17123281476867
5.030437921392435,3.9308385586167134,3.332204510175204,2.4886139786219292,0.6931471805599453,1.9337978336840593,0.6931471805599453,0.1527972725677209,5.68697535633982,6.105748705455241,0.0,1.052171826917698,6.739336627357174,5.472939832096532
5.030437921392435,3.9209666150147813,3.332204510175204,3.1935325086907076,0.6931471805599453,2.2524518640236266,0.6931471805599453,0.09136408846324526,5.697093486505405,6.190898822006865,0.0,3.636012975633278,6.75343791859778,6.165994782283062
5.087596335232384,4.114576453097573,3.332204510175204,3.114330887985361,0.6931471805599453,2.298523539323586,0.6931471805599453,0.09832714023369743,5.6937321388027,3.050195646218638,0.0,2.984237922625924,6.759255270663693,6.07230911874763
