S1213_Actual,S1213_Simulated,RedundantThrowsDeclarationCheck_Actual,RedundantThrowsDeclarationCheck_Simulated,S1488_Actual,S1488_Simulated,S1905_Actual,S1905_Simulated,S1226_Actual,S1226_Simulated,S00112_Actual,S00112_Simulated,S1151_Actual,S1151_Simulated,S1132_Actual,S1132_Simulated,S1481_Actual,S1481_Simulated
5.448173122092414,5.315746943612542,3.1354942159291497,3.5351683455796343,2.268683541318364,2.3448650609869333,0.6931471805599453,2.6336389706392938,3.721669276936927,3.8233103768142858,3.091042453358316,2.431549945789797,3.258096538021482,2.7244619324435924,3.5553480614894135,3.4205118984428196,1.9459101490553132,3.001156803470868
5.438079308923196,5.331008652444723,3.1354942159291497,4.175560159799865,2.1972245773362196,2.6706564735339673,0.6931471805599453,1.6364887010765075,3.713572066704308,3.0632136559631804,3.091042453358316,2.3866605145087316,3.258096538021482,2.440252171129662,3.5553480614894135,3.4983475343152257,1.9459101490553132,1.3380837384974065
5.438079308923196,5.412319793877393,3.1354942159291497,2.7991487774831034,2.1972245773362196,2.1765456215675822,0.6931471805599453,2.589087972023012,3.713572066704308,3.907677080377956,3.091042453358316,3.3592132688497123,3.258096538021482,3.5567643530850446,3.5553480614894135,3.549796811531687,1.9459101490553132,3.29518143691283
5.438079308923196,5.940176695378443,3.1354942159291497,3.5122018689076233,2.1972245773362196,2.425585041267341,0.6931471805599453,2.682241487601888,3.713572066704308,4.442523888273102,3.091042453358316,2.0128878647051045,3.258096538021482,2.5438675775009316,3.5553480614894135,3.259651584621418,1.9459101490553132,3.931964817760864
5.438079308923196,5.700828529175332,3.1354942159291497,3.534299529993822,2.1972245773362196,2.7253899839323665,0.6931471805599453,4.163294417251851,3.713572066704308,3.3838728537254292,3.091042453358316,1.0906051229981115,3.258096538021482,0.5044933952304631,3.5553480614894135,3.4208171643546734,1.9459101490553132,3.0480767148585937
5.438079308923196,6.583761952226969,3.1354942159291497,3.7239405455008,2.1972245773362196,2.8557615327750234,0.6931471805599453,2.5589542279205877,3.713572066704308,4.47410139423276,3.091042453358316,1.8577441047267982,3.258096538021482,2.3387945779415515,3.5553480614894135,3.7173939897397004,1.9459101490553132,1.8539375832229192
