S1213_Actual,S1213_Simulated,RedundantThrowsDeclarationCheck_Actual,RedundantThrowsDeclarationCheck_Simulated,S00117_Actual,S00117_Simulated,S00122_Actual,S00122_Simulated,S1905_Actual,S1905_Simulated,UselessImportCheck_Actual,UselessImportCheck_Simulated,S1155_Actual,S1155_Simulated
5.765191102784844,5.905965091877481,5.733341276897746,5.406354149356674,5.811140992976701,5.623524564790877,6.298949246855942,6.198847681621536,1.791759469228055,2.218394196647229,2.772588722239781,3.5535918260069694,4.23410650459726,3.9342304055250064
5.75890177387728,6.11096968012982,5.703782474656201,5.042417015271359,5.808142489980444,5.419722428858122,6.278521424165844,5.441229452088153,1.791759469228055,1.7570596601164081,2.302585092994046,3.79245877986044,4.23410650459726,3.781260510713494
5.7745515455444085,5.491901853322833,5.717027701406222,5.576950287176796,5.808142489980444,5.637090399426791,6.278521424165844,6.653187935979597,1.791759469228055,2.473710078076885,2.4849066497880004,4.374008213564252,4.23410650459726,4.3030148667359445
5.765191102784844,6.170795770815316,5.71042701737487,5.630248450951935,5.808142489980444,5.659144781831367,6.2878585601617845,6.180540842137115,1.791759469228055,3.9981099953956587,2.302585092994046,2.4094759781439548,4.23410650459726,3.995595038228666
5.777652323222656,6.097932877431086,5.707110264748875,5.355676379892704,5.755742213586912,5.544791821461867,6.3080984415095305,6.742738185216097,1.791759469228055,0.8419381228834015,2.3978952727983707,2.7009315933781717,4.23410650459726,3.7013174115478438
5.777652323222656,6.503582509501086,5.707110264748875,4.828444234543544,5.755742213586912,6.281285608094641,6.3080984415095305,7.160118511775082,1.791759469228055,1.4694155153843635,2.302585092994046,3.4224688984668186,4.23410650459726,3.670622626685814
