S1488_Actual,S1488_Simulated,S1905_Actual,S1905_Simulated,UselessImportCheck_Actual,UselessImportCheck_Simulated,DuplicatedBlocks_Actual,DuplicatedBlocks_Simulated,S00112_Actual,S00112_Simulated,S1132_Actual,S1132_Simulated,S1481_Actual,S1481_Simulated
1.0986122886681098,1.0077415013145123,0.0,1.571048938306501,0.6931471805599453,0.9610498910441571,1.8803128665695001,2.3875430850499346,3.332204510175204,1.6889869029199953,0.0,0.18393647179709674,0.44183275227903923,1.0812651235231558
1.0986122886681098,0.9214051393413433,0.0,1.1716687256807818,0.6931471805599453,0.3134576799806249,1.8632184332102,2.234954170741916,3.332204510175204,1.1671327878900608,0.0,0.7583649778743349,0.36772478012531734,1.0293584324121068
1.0986122886681098,0.985916824649109,0.0,0.2899496645629238,0.6931471805599453,0.926081765741561,1.8458266904983307,3.588561019114307,3.332204510175204,2.3468137032048797,0.0,0.25945163478735733,0.2876820724517809,1.1118327680114646
1.0986122886681098,1.0020937100362457,0.0,0.0,0.6931471805599453,1.4949153694961848,1.8281271133989299,2.356742237347374,3.332204510175204,0.5592990011055312,0.0,0.0,0.20067069546215122,1.2155762635861038
1.0986122886681098,0.8087067040553554,0.0,1.4164277415977309,0.6931471805599453,1.2793164918105056,1.8101086078962514,1.9897830782428398,3.332204510175204,1.1841035200529606,0.0,0.17863814014675328,0.1053605156578263,1.065231175573429
1.0986122886681098,0.5215267374833084,0.0,1.6665539016700428,0.6931471805599453,1.1560381982719152,1.791759469228055,1.6624918459485944,3.332204510175204,1.6512474562794095,0.0,0.2274707660599391,0.0,0.6796737641514676
