S00122_Actual,S00122_Simulated,UselessImportCheck_Actual,UselessImportCheck_Simulated,DuplicatedBlocks_Actual,DuplicatedBlocks_Simulated,S00112_Actual,S00112_Simulated,S1155_Actual,S1155_Simulated,S00108_Actual,S00108_Simulated,S1151_Actual,S1151_Simulated,S1132_Actual,S1132_Simulated,S1481_Actual,S1481_Simulated
0.0,0.17804065448848427,0.0,1.0120744067826586,3.784189633918261,3.1131672510296626,5.181783550292085,3.495480419818657,1.3862943611198906,1.4002786624897638,4.844187086458591,4.465479026967496,0.6931471805599453,0.3168034653383228,3.044522437723423,2.3619558113018173,0.0,1.1044258036092558
0.0,0.4178108345885573,0.0,1.9367687960621782,3.784189633918261,2.9282091139909423,5.181783550292085,3.3838836527093394,1.3862943611198906,0.9562232366868739,4.844187086458591,5.763296274563876,0.6931471805599453,0.41063312245080924,3.044522437723423,3.3788009336031974,0.0,0.12566936225911918
0.0,0.8635422346656528,0.0,2.118603514513481,3.784189633918261,2.4862448892832814,5.181783550292085,2.6540974706514646,1.3862943611198906,2.0539703204690944,4.844187086458591,3.565000533618911,0.6931471805599453,0.30302478137817285,3.044522437723423,2.591955051773294,0.0,0.7493252380516118
0.0,0.0,0.0,0.36617495465117555,3.784189633918261,3.5710347973328993,5.181783550292085,3.18423946959935,1.3862943611198906,1.5866798869914256,4.844187086458591,4.0762632768776905,0.6931471805599453,0.2566004749283866,3.044522437723423,1.9497073563119156,0.0,1.4892362313157244
0.0,0.4836186689337382,0.0,2.3205323311313815,3.784189633918261,1.7959555260280489,5.181783550292085,3.54293178795676,1.3862943611198906,2.7021635789926353,4.844187086458591,2.406668417815917,0.6931471805599453,0.5142837915157403,3.044522437723423,2.7553232083758106,0.0,0.8632506593997047
0.0,1.5084305389144166,0.0,0.30894894469622036,3.784189633918261,3.7291912555056195,5.181783550292085,1.2340692634611994,1.3862943611198906,0.0,4.844187086458591,4.113508308892883,0.6931471805599453,0.0837715900249533,3.044522437723423,1.8748166061178524,0.0,2.112843968409135
