Steps,Total MAE
1,0.0
2,59975.0
6,87361.43
12,115876.02999999998
24,128924.68000000002
