RedundantThrowsDeclarationCheck_Actual,RedundantThrowsDeclarationCheck_Simulated,S00117_Actual,S00117_Simulated,S1488_Actual,S1488_Simulated,S1226_Actual,S1226_Simulated,S1155_Actual,S1155_Simulated,S00108_Actual,S00108_Simulated,S1132_Actual,S1132_Simulated,S1481_Actual,S1481_Simulated
2.4849066497880004,3.5752879838039395,3.7376696182833684,3.697392449979346,0.0,0.8754362755897771,2.5649493574615367,3.5879241157460826,0.0,1.7109182803350094,1.3862943611198906,0.5443390143275862,2.9444389791664403,4.1497156410950025,1.0986122886681098,3.437301328727192
2.4849066497880004,4.081204982318228,3.728100167267218,4.496758776201929,0.0,1.6491799758772223,2.5649493574615367,3.3370322694367522,0.0,4.379281938547285,1.3862943611198906,0.5522724291131471,2.9444389791664403,5.253611528013655,1.0986122886681098,3.463260761370433
2.4849066497880004,3.332354310617156,3.7184382563554808,5.206102332766968,0.0,0.11091922560170853,2.5649493574615367,1.442455277130425,0.0,1.5657181522122767,1.3862943611198906,0.9117605173389998,2.9444389791664403,4.045254922920737,1.0986122886681098,1.5387654935946575
2.4849066497880004,3.5431559318517367,3.708682081410116,4.5038097973041005,0.0,0.8951762031502292,2.5649493574615367,1.6131241828491831,0.0,4.817148475022932,1.3862943611198906,0.6487606580776906,2.9444389791664403,3.2096080365767143,1.0986122886681098,2.4404185567390253
2.4849066497880004,5.815164968407671,3.6988297849671046,2.7712426105272234,0.0,0.6825198600133333,2.5649493574615367,3.1165596992166313,0.0,1.466729963157698,1.3862943611198906,0.6231129998341693,2.9444389791664403,5.434852830164482,1.0986122886681098,2.075140679818272
2.4849066497880004,3.386214955431639,3.6888794541139363,3.326230792549939,0.0,2.588921521669608,2.5649493574615367,4.839296979272645,0.0,4.061583518492251,1.3862943611198906,0.9358169609001508,2.9444389791664403,3.00018480018909,1.0986122886681098,3.658679087224737
