RedundantThrowsDeclarationCheck_Actual,RedundantThrowsDeclarationCheck_Simulated,S00117_Actual,S00117_Simulated,S00112_Actual,S00112_Simulated,S00108_Actual,S00108_Simulated,S1151_Actual,S1151_Simulated,S1132_Actual,S1132_Simulated
5.726847747587197,5.629409930457004,5.823045895483019,5.701999860068226,5.968707559985366,5.826041211366268,4.406719247264253,4.293049414162629,4.663439094112067,4.6303318982698585,6.315358001522335,6.221414289355624
5.720311776607412,5.677593458900782,5.811140992976701,5.142830910067103,5.983936280687191,5.789685835879755,4.382026634673881,4.631539832675708,4.663439094112067,4.64366128027323,6.311734809152915,6.068390458787527
5.707110264748875,5.669217812686987,5.811140992976701,5.2693131431198035,5.726847747587197,5.935388694377176,4.356708826689592,4.214921892709799,4.663439094112067,4.69980174586075,6.2878585601617845,6.18453240822048
5.733341276897746,5.748408646440066,5.811140992976701,5.898641974647415,5.739792912179234,5.721523449143133,4.356708826689592,4.176969533093876,4.663439094112067,4.573839360296746,6.289715570908998,6.253523000277148
5.717027701406222,5.5628329699333605,5.808142489980444,5.802578866665386,5.726847747587197,5.872998779604783,4.356708826689592,4.287204511235983,4.663439094112067,4.798112432927187,6.289715570908998,6.1899725742382845
5.707110264748875,5.7030145403201065,5.755742213586912,6.015211830469537,5.755742213586912,5.7291360705381775,4.343805421853684,4.353004653197103,4.672828834461906,4.809100189957754,6.293419278846481,6.339699543943127
