RedundantThrowsDeclarationCheck_Actual,RedundantThrowsDeclarationCheck_Simulated,S00117_Actual,S00117_Simulated,S00112_Actual,S00112_Simulated,S00108_Actual,S00108_Simulated,S1151_Actual,S1151_Simulated,S1132_Actual,S1132_Simulated
5.726847747587197,5.629409930457004,5.823045895483019,5.701999860068226,5.968707559985366,5.826041211366268,4.406719247264253,4.293049414162629,4.663439094112067,4.6303318982698585,6.315358001522335,6.221414289355624
5.720311776607412,5.469367564498982,5.811140992976701,5.256621536936263,5.983936280687191,5.864728013546757,4.382026634673881,4.3812931500746695,4.663439094112067,4.5776530639980075,6.311734809152915,5.96882193258475
5.707110264748875,5.678950652057114,5.811140992976701,5.845917689521249,5.726847747587197,5.751228220772406,4.356708826689592,4.134592237782731,4.663439094112067,4.694087498825476,6.2878585601617845,6.151155678898076
5.733341276897746,5.479305030010088,5.811140992976701,5.756700197537286,5.739792912179234,5.967232740637951,4.356708826689592,4.432415910133202,4.663439094112067,4.534388088166211,6.289715570908998,6.2384467930434955
5.717027701406222,5.75376073113259,5.808142489980444,5.649795650690776,5.726847747587197,5.68885078110612,4.356708826689592,4.084888789609345,4.663439094112067,4.650446987979518,6.289715570908998,6.486048832443267
5.707110264748875,5.5209534978341095,5.755742213586912,5.60523771032346,5.755742213586912,5.926956232338208,4.343805421853684,3.973303279144078,4.672828834461906,4.617662247352655,6.293419278846481,6.266421147352575
