RedundantThrowsDeclarationCheck_Actual,RedundantThrowsDeclarationCheck_Simulated,S00117_Actual,S00117_Simulated,S00112_Actual,S00112_Simulated,S00108_Actual,S00108_Simulated,S1151_Actual,S1151_Simulated,S1132_Actual,S1132_Simulated
5.726847747587197,5.629409930457004,5.823045895483019,5.701999860068226,5.968707559985366,5.826041211366268,4.406719247264253,4.293049414162629,4.663439094112067,4.6303318982698585,6.315358001522335,6.221414289355624
5.720311776607412,5.551301961014228,5.811140992976701,5.555666231861883,5.983936280687191,5.927168212815407,4.382026634673881,5.129120195278956,4.663439094112067,4.651681658366929,6.311734809152915,6.1569415939493695
5.707110264748875,5.595434501555079,5.811140992976701,5.837611035356404,5.726847747587197,5.600575673757931,4.356708826689592,3.8743161610678136,4.663439094112067,4.619934470582307,6.2878585601617845,6.318071172317543
5.733341276897746,5.451991080943291,5.811140992976701,5.593354322215684,5.739792912179234,5.589524265585875,4.356708826689592,4.656930294787312,4.663439094112067,4.487089124571957,6.289715570908998,6.3983046087203705
5.717027701406222,5.453768983519671,5.808142489980444,5.65834876732356,5.726847747587197,6.114027473984548,4.356708826689592,4.301130520702684,4.663439094112067,4.550785365486762,6.289715570908998,6.406422501633571
5.707110264748875,5.466844946395759,5.755742213586912,5.6521602790987995,5.755742213586912,5.908110329950186,4.343805421853684,4.247731267725682,4.672828834461906,4.661294101509779,6.293419278846481,6.027970657218802
