RedundantThrowsDeclarationCheck_Actual,RedundantThrowsDeclarationCheck_Simulated,S00117_Actual,S00117_Simulated,S00122_Actual,S00122_Simulated,S1488_Actual,S1488_Simulated,S1905_Actual,S1905_Simulated,UselessImportCheck_Actual,UselessImportCheck_Simulated,DuplicatedBlocks_Actual,DuplicatedBlocks_Simulated,S1226_Actual,S1226_Simulated,S00112_Actual,S00112_Simulated,S1155_Actual,S1155_Simulated,S00108_Actual,S00108_Simulated,S1151_Actual,S1151_Simulated
3.1354942159291497,3.219198814254028,3.5553480614894135,3.5139549959212406,2.4849066497880004,3.789732905192669,2.1972245773362196,1.97209686466783,0.6931471805599453,1.3213067190212273,0.0,0.8186711608840408,5.043425116919247,4.72132680195055,3.713572066704308,3.9101014582667135,3.091042453358316,2.7911305751320348,3.5553480614894135,3.5096940578936695,5.82600010738045,5.757978371308049,3.258096538021482,3.2580917134633163
3.1354942159291497,3.4391289668331906,3.5553480614894135,3.537220695794894,2.4849066497880004,3.8036599346437105,2.1972245773362196,1.7912225992710882,0.6931471805599453,2.6700839992195387,0.0,0.6499292814454956,5.043425116919247,4.8032660873315045,3.713572066704308,3.8911481400562087,3.091042453358316,2.6144983763008285,3.5553480614894135,3.394372859196891,5.82600010738045,5.724213995827337,3.258096538021482,3.258093929015399
