S1213_Actual,S1213_Simulated,RedundantThrowsDeclarationCheck_Actual,RedundantThrowsDeclarationCheck_Simulated,S00117_Actual,S00117_Simulated,DuplicatedBlocks_Actual,DuplicatedBlocks_Simulated,S1226_Actual,S1226_Simulated,S00112_Actual,S00112_Simulated,S1155_Actual,S1155_Simulated,S00108_Actual,S00108_Simulated,S1132_Actual,S1132_Simulated
4.442651256490317,3.9736462603351703,1.0986122886681098,0.7506859406485378,1.791759469228055,1.3000568012839122,3.295836866004329,2.3621206429605626,3.7612001156935624,2.945350239029016,3.6635616461296463,3.4455535302596,0.0,0.00845563664876762,1.6094379124341003,0.8320702696305738,1.6094379124341003,1.0863350080236112
4.454347296253507,4.058317870879157,1.0986122886681098,0.31258016434864644,1.791759469228055,2.0358317828230605,3.295836866004329,2.126286135947127,3.7612001156935624,4.683756637052049,3.7612001156935624,4.345833220365916,0.0,0.0,1.6094379124341003,2.106140151396496,1.6094379124341003,1.4900932299704246
4.465908118654584,3.2077813133175526,1.0986122886681098,0.28653998222628874,1.791759469228055,1.6329109494267025,3.295836866004329,2.2686288641661965,3.7612001156935624,2.7631574102210923,3.7612001156935624,4.132314908849872,0.0,0.0,1.6094379124341003,1.034325464803217,1.6094379124341003,0.0
4.473541743509655,4.846848094977997,1.0986122886681098,0.8457861383259034,1.8458266904983307,3.458525571041852,3.295836866004329,0.9350975694949297,3.7689221617874726,2.9714175618010925,3.784189633918261,2.889119571482082,0.0,0.015952618105688564,1.6094379124341003,0.9365779325938075,1.6094379124341003,0.23999047476134872
4.481117537318112,4.615471234870979,1.0986122886681098,1.069666956106647,1.8971199848858813,0.8556057879242225,3.295836866004329,2.3339752232158673,3.7765850345330416,2.7374385321692456,3.8066624897703196,2.163065550197314,0.0,0.0,1.6094379124341003,1.427370128628508,1.6094379124341003,1.0120319445753732
4.48863636973214,4.02496558143608,1.0986122886681098,0.26976206323081914,1.9459101490553132,0.5265717596858395,3.295836866004329,3.1917813493894274,3.784189633918261,2.6527350502498104,3.828641396489095,1.896849283424624,0.0,0.0,1.6094379124341003,1.1640014369843312,1.6094379124341003,2.503133220248879
