S00122_Actual,S00122_Simulated,S1488_Actual,S1488_Simulated,DuplicatedBlocks_Actual,DuplicatedBlocks_Simulated,S1226_Actual,S1226_Simulated,S00112_Actual,S00112_Simulated,S1155_Actual,S1155_Simulated,S00108_Actual,S00108_Simulated,S1151_Actual,S1151_Simulated,S1132_Actual,S1132_Simulated
0.0,0.19170098661429782,0.0,0.051733357324998425,0.0,0.46172097945521134,0.0,0.11196008221551346,0.018519047767237597,0.46128570284664755,0.0,0.046991420998253174,0.0,0.19702941544705932,0.018519047767237597,0.6025512276968152,0.0,0.5169270278182613
0.0,0.20955256933532315,0.0,0.232658214504747,0.0,0.3555942388202028,0.0,0.23653386543662708,0.009302392662313554,0.1323291637400693,0.0,0.0,0.0,0.09525507572111686,0.009302392662313554,0.26096604517890154,0.0,2.3318489843747634
0.0,0.6329532443525685,0.0,0.014041083597744065,0.0,0.5360521794569866,0.0,0.2995212786273921,0.0,0.6310823112422935,0.0,0.16149173847342774,0.0,0.20119170214521018,0.0,0.6907408279531415,0.0,1.8359915239300864
