RedundantThrowsDeclarationCheck_Actual,RedundantThrowsDeclarationCheck_Simulated,S1488_Actual,S1488_Simulated,S1226_Actual,S1226_Simulated,S00112_Actual,S00112_Simulated,S1155_Actual,S1155_Simulated,S00108_Actual,S00108_Simulated,S1132_Actual,S1132_Simulated,S1481_Actual,S1481_Simulated
2.4849066497880004,3.5752879838039395,0.0,0.8754362755897771,2.5649493574615367,3.5879241157460826,4.853591544486569,4.276680021083757,0.0,1.7109182803350094,1.3862943611198906,0.5443390143275862,2.9444389791664403,4.1497156410950025,1.0986122886681098,3.437301328727192
2.4849066497880004,2.8277595869334435,0.0,0.0,2.5649493574615367,4.366156918652541,4.856706811803519,4.026510349790116,0.0,0.0,1.3862943611198906,0.0,2.9444389791664403,5.680723475802727,1.0986122886681098,4.794657161284321
2.4849066497880004,5.052183014613643,0.0,0.4540715920027722,2.5649493574615367,5.9673253334109635,4.859812404361672,3.788279971856754,0.0,4.865801489774137,1.3862943611198906,0.7604266311665719,2.9444389791664403,3.732067586931985,1.0986122886681098,1.7579961507958424
