S1213_Actual,S1213_Simulated,RedundantThrowsDeclarationCheck_Actual,RedundantThrowsDeclarationCheck_Simulated,S00117_Actual,S00117_Simulated,S1488_Actual,S1488_Simulated,UselessImportCheck_Actual,UselessImportCheck_Simulated,DuplicatedBlocks_Actual,DuplicatedBlocks_Simulated,S00112_Actual,S00112_Simulated,S00108_Actual,S00108_Simulated,S1132_Actual,S1132_Simulated,S1481_Actual,S1481_Simulated
1.6094379124341003,1.5756497927369877,1.0608719606852626,0.25241187134073034,0.0,0.18529177914319295,0.6931471805599453,0.6743462050229961,0.0,1.1795748374291268,1.9459101490553132,2.628571057555208,4.243721963296702,3.400715103324849,1.0986122886681098,0.9743739085513304,1.0986122886681098,1.0986074641099446,0.0,0.28515064114304844
1.6094379124341003,1.329313485497287,1.0685348334308318,0.40660064738663304,0.0,0.16320129835990346,0.6931471805599453,0.6349034289219206,0.0,1.3044761741218438,1.9459101490553132,2.658292665318985,4.244678443522658,4.160498358724052,1.0986122886681098,1.19677089145272,1.0986122886681098,1.098606943019707,0.0,1.0891303197883464
1.6094379124341003,1.59537605792483,1.076139432816051,0.0,0.0,0.8930313372870394,0.6931471805599453,0.7336481765979921,0.0,0.9920592088451743,1.9459101490553132,2.2985594078967186,4.2456340097683265,5.15225663612396,1.0986122886681098,1.12984846738874,1.0986122886681098,1.0986071582811747,0.0,0.0
1.6094379124341003,1.874439687248011,1.083686638451434,0.2681593830592789,0.0,0.0,0.6931471805599453,0.6663076748295349,0.0,0.972618108728839,1.9459101490553132,1.6973558079183864,4.246588663778778,2.969440586797084,1.0986122886681098,1.399722754072155,1.0986122886681098,1.0986071149108996,0.0,0.0
1.6094379124341003,1.4921969357365015,1.0911773101805915,0.391311263247325,0.0,0.2061590686273691,0.6931471805599453,0.5660590193814966,0.0,1.0513376413393054,1.9459101490553132,2.521179968961892,4.2475424072940875,3.3031544366657837,1.0986122886681098,1.3254470431265495,1.0986122886681098,1.0986059123308844,0.0,0.0
1.6094379124341003,1.3630372550431469,1.0986122886681098,0.5010462849667064,0.0,0.28494644956139203,0.6931471805599453,0.6363615027421667,0.0,0.09736862651801292,1.9459101490553132,2.418225536582087,4.248495242049359,3.913824524783082,1.0986122886681098,0.9205699246194656,1.0986122886681098,1.0986029857084183,0.0,0.5583019905035689
