S1213_Actual,S1213_Simulated,RedundantThrowsDeclarationCheck_Actual,RedundantThrowsDeclarationCheck_Simulated,S00117_Actual,S00117_Simulated,S1488_Actual,S1488_Simulated,UselessImportCheck_Actual,UselessImportCheck_Simulated,DuplicatedBlocks_Actual,DuplicatedBlocks_Simulated,S00112_Actual,S00112_Simulated,S00108_Actual,S00108_Simulated,S1132_Actual,S1132_Simulated,S1481_Actual,S1481_Simulated
1.6094379124341003,1.5756497927369877,1.0608719606852626,0.25241187134073034,0.0,0.18529177914319295,0.6931471805599453,0.6743462050229961,0.0,1.1795748374291268,1.9459101490553132,2.628571057555208,4.243721963296702,3.400715103324849,1.0986122886681098,0.9743739085513304,1.0986122886681098,1.0986074641099446,0.0,0.28515064114304844
1.6094379124341003,1.5055381857307328,1.0685348334308318,0.2114059209839237,0.0,0.4690018772910986,0.6931471805599453,0.49194286476942106,0.0,0.9400056406701293,1.9459101490553132,3.1660783145591678,4.244678443522658,4.151070347566359,1.0986122886681098,0.8062377118499129,1.0986122886681098,1.098609059589558,0.0,0.0
1.6094379124341003,1.6325786962800635,1.076139432816051,0.3300249229122876,0.0,0.13743842501818426,0.6931471805599453,0.6631206526996164,0.0,1.2317810025397335,1.9459101490553132,2.00619544843615,4.2456340097683265,1.0058659019950245,1.0986122886681098,0.9348388800879585,1.0986122886681098,1.0986068912978209,0.0,0.2736929044399622
1.6094379124341003,1.2740178552233257,1.083686638451434,0.3400759958717734,0.0,0.10615982401077015,0.6931471805599453,0.5267746426588327,0.0,0.9196537574917001,1.9459101490553132,2.4505335975175107,4.246588663778778,2.3172342814032083,1.0986122886681098,0.7173464658279712,1.0986122886681098,1.0986091057737133,0.0,0.35909708174247656
1.6094379124341003,1.6514400655308603,1.0911773101805915,0.2815853681563749,0.0,0.28665945175959495,0.6931471805599453,0.6465955737628363,0.0,2.248152233125375,1.9459101490553132,2.5068005476958772,4.2475424072940875,3.546964257675042,1.0986122886681098,0.7938477903552184,1.0986122886681098,1.0986082724508814,0.0,0.0
1.6094379124341003,1.5518213894874333,1.0986122886681098,0.0,0.0,0.4215541804693813,0.6931471805599453,0.9011712109340455,0.0,1.3037520402981375,1.9459101490553132,2.957277162933034,4.248495242049359,2.074936387926428,1.0986122886681098,0.6891347833662217,1.0986122886681098,1.0986113042353467,0.0,0.0
