S1213_Actual,S1213_Simulated,RedundantThrowsDeclarationCheck_Actual,RedundantThrowsDeclarationCheck_Simulated,S00117_Actual,S00117_Simulated,S1488_Actual,S1488_Simulated,UselessImportCheck_Actual,UselessImportCheck_Simulated,DuplicatedBlocks_Actual,DuplicatedBlocks_Simulated,S00112_Actual,S00112_Simulated,S00108_Actual,S00108_Simulated,S1132_Actual,S1132_Simulated,S1481_Actual,S1481_Simulated
1.6094379124341003,1.5756497927369877,1.0608719606852626,0.25241187134073034,0.0,0.18529177914319295,0.6931471805599453,0.6743462050229961,0.0,1.1795748374291268,1.9459101490553132,2.628571057555208,4.243721963296702,3.400715103324849,1.0986122886681098,0.9743739085513304,1.0986122886681098,1.0986074641099446,0.0,0.28515064114304844
1.6094379124341003,1.5369314381966406,1.0685348334308318,0.0,0.0,0.0,0.6931471805599453,0.44057350458352096,0.0,0.5340779543313051,1.9459101490553132,2.3625646629187966,4.244678443522658,2.4643338204608183,1.0986122886681098,1.0458370413397668,1.0986122886681098,1.0986143208502763,0.0,0.27069309168284095
1.6094379124341003,1.6247597219312646,1.076139432816051,0.46204400436403453,0.0,0.032742774500059496,0.6931471805599453,0.5673778515677474,0.0,0.8906399510948626,1.9459101490553132,2.4419750007068415,4.2456340097683265,2.177600513376297,1.0986122886681098,0.6859518305417366,1.0986122886681098,1.0986123054347376,0.0,0.14188886658365768
1.6094379124341003,1.5424417885892268,1.083686638451434,0.29751445769328094,0.0,0.3636661594062429,0.6931471805599453,0.7332541134513973,0.0,1.2507478741614804,1.9459101490553132,2.463886902299161,4.246588663778778,4.372553700618666,1.0986122886681098,1.22705950768922,1.0986122886681098,1.098606034792081,0.0,0.5038958851257105
1.6094379124341003,1.3457505389242113,1.0911773101805915,0.19869411947940416,0.0,0.0,0.6931471805599453,0.7040496003497632,0.0,0.2788815857708853,1.9459101490553132,3.289713253581188,4.2475424072940875,3.2068645471071258,1.0986122886681098,1.123976317630371,1.0986122886681098,1.098604193184111,0.0,0.0
1.6094379124341003,1.6593584847318257,1.0986122886681098,0.6251782760758632,0.0,0.3527704992707148,0.6931471805599453,0.7572533912124433,0.0,0.0,1.9459101490553132,1.9796422114934227,4.248495242049359,3.041052933360395,1.0986122886681098,0.7155577420947434,1.0986122886681098,1.0986096801400618,0.0,0.0
