S00117_Actual,S00117_Simulated,S1488_Actual,S1488_Simulated,DuplicatedBlocks_Actual,DuplicatedBlocks_Simulated,S00112_Actual,S00112_Simulated
2.6390573296152584,1.8846891797460226,0.6931471805599453,1.539752183574873,5.683579767338681,4.9970275798126575,6.734591659972948,5.996123387695626
2.6390573296152584,1.8806954893513697,0.6931471805599453,1.9374695546051313,5.69035945432406,5.2200672724862205,6.738152494595957,6.285099226925217
2.6390573296152584,1.9182962884203016,0.6931471805599453,0.9753397500624397,5.697093486505405,5.034523223052867,6.7580945044277305,5.939715633745175
