S1905_Actual,S1905_Simulated,UselessImportCheck_Actual,UselessImportCheck_Simulated,DuplicatedBlocks_Actual,DuplicatedBlocks_Simulated,S00112_Actual,S00112_Simulated,S1155_Actual,S1155_Simulated,S1132_Actual,S1132_Simulated,S1481_Actual,S1481_Simulated
0.0,1.571048938306501,0.6931471805599453,0.9610498910441571,1.8803128665695001,2.3875430850499346,3.332204510175204,1.6889869029199953,0.0,0.0,0.0,0.18393647179709674,0.44183275227903923,1.0812651235231558
0.0,1.8788755777475332,0.6931471805599453,1.0315582952918587,1.8632184332102,1.5582043380917066,3.332204510175204,2.228418632407343,0.0,0.0,0.0,0.6432016134528308,0.36772478012531734,1.5540080231113578
0.0,3.065518046715522,0.6931471805599453,0.14657035562846676,1.8458266904983307,1.1590319674403262,3.332204510175204,1.7323484186931233,0.0,0.0,0.0,0.0,0.2876820724517809,0.4568327463495847
0.0,1.179517852152958,0.6931471805599453,0.4608342730883751,1.8281271133989299,2.9264525721450734,3.332204510175204,1.7522422920065694,0.0,0.0,0.0,0.583990896679875,0.20067069546215122,0.8997227629214908
0.0,1.7746546406122474,0.6931471805599453,1.3429935793069256,1.8101086078962514,2.9565442005735703,3.332204510175204,1.7061643242518405,0.0,0.0,0.0,0.05204791886304258,0.1053605156578263,0.9702813873116368
0.0,1.7892338221932622,0.6931471805599453,0.6794263324635763,1.791759469228055,2.466331882687168,3.332204510175204,1.1927508349654234,0.0,0.0,0.0,0.7203640493275953,0.0,1.5356870514501135
