S1905_Actual,S1905_Simulated,UselessImportCheck_Actual,UselessImportCheck_Simulated,DuplicatedBlocks_Actual,DuplicatedBlocks_Simulated,S00112_Actual,S00112_Simulated,S1155_Actual,S1155_Simulated,S1132_Actual,S1132_Simulated,S1481_Actual,S1481_Simulated
0.0,1.571048938306501,0.6931471805599453,0.9610498910441571,1.8803128665695001,2.3875430850499346,3.332204510175204,1.6889869029199953,0.0,0.0,0.0,0.18393647179709674,0.44183275227903923,1.0812651235231558
0.0,1.959867339363102,0.6931471805599453,0.2897133629972253,1.8632184332102,2.110433692168659,3.332204510175204,2.5897573797516698,0.0,0.0,0.0,0.11567120785025192,0.36772478012531734,1.1580206922342997
0.0,0.88518056082374,0.6931471805599453,0.0,1.8458266904983307,2.4421701983118274,3.332204510175204,1.5839444676093608,0.0,0.0,0.0,0.04374414452789133,0.2876820724517809,0.7344617375213862
0.0,2.698538936755606,0.6931471805599453,1.4300748677696244,1.8281271133989299,3.4487846528591595,3.332204510175204,1.2777432559606572,0.0,0.0,0.0,0.0,0.20067069546215122,1.0115607232264825
0.0,2.550586807012852,0.6931471805599453,1.1710646220219911,1.8101086078962514,2.4983453670631914,3.332204510175204,1.811873861781301,0.0,0.0,0.0,0.24057235238266544,0.1053605156578263,1.2105715432387605
0.0,1.8647786748647108,0.6931471805599453,0.5088435594767751,1.791759469228055,1.9039259521611938,3.332204510175204,1.1669405415811307,0.0,0.0,0.0,0.037790373580639414,0.0,1.1206262766446862
