S1905_Actual,S1905_Simulated
0.0,1.528042598680665
0.0,1.293671091124405
0.0,2.521550358948848
0.0,1.1466698042568413
0.0,2.3232517270173543
0.0,0.7581935547096469
0.0,3.020273605578761
0.0,1.9789102270734018
0.0,2.4287850831156463
0.0,2.639537041337811
0.0,0.4249835931400572
0.0,3.2004660704864185
