S1905_Actual,S1905_Simulated
0.0,1.528042598680665
0.0,2.523691280219106
0.0,0.8331235012784105
0.0,0.5258245707569764
0.0,2.036425773201444
0.0,0.8696740147610768
