RedundantThrowsDeclarationCheck_Actual,RedundantThrowsDeclarationCheck_Simulated,S00122_Actual,S00122_Simulated,UselessImportCheck_Actual,UselessImportCheck_Simulated,DuplicatedBlocks_Actual,DuplicatedBlocks_Simulated,S00112_Actual,S00112_Simulated,S1155_Actual,S1155_Simulated,S00108_Actual,S00108_Simulated,S1151_Actual,S1151_Simulated,S1132_Actual,S1132_Simulated
3.367295829986474,3.182826244321462,0.0,0.17804065448848427,0.0,1.0120744067826586,3.784189633918261,3.1131672510296626,5.181783550292085,3.495480419818657,1.3862943611198906,1.4002786624897638,4.844187086458591,4.465479026967496,0.6931471805599453,0.3168034653383228,3.044522437723423,2.3619558113018173
3.367295829986474,2.3811581889919218,0.0,0.0,0.0,0.4578803660335813,3.784189633918261,1.7694345445729307,5.181783550292085,4.405604342697918,1.3862943611198906,2.485192324802272,4.844187086458591,4.784524825184425,0.6931471805599453,0.0,3.044522437723423,3.3760523402971305
3.367295829986474,3.5974993547785665,0.0,0.18126258316415644,0.0,0.9600889931983126,3.784189633918261,2.770918656537755,5.181783550292085,2.0919299829259708,1.3862943611198906,1.720576922846237,4.844187086458591,3.734146277437667,0.6931471805599453,0.29695114033814507,3.044522437723423,2.600903171760466
