RedundantThrowsDeclarationCheck_Actual,RedundantThrowsDeclarationCheck_Simulated,S00122_Actual,S00122_Simulated,UselessImportCheck_Actual,UselessImportCheck_Simulated,DuplicatedBlocks_Actual,DuplicatedBlocks_Simulated,S00112_Actual,S00112_Simulated,S1155_Actual,S1155_Simulated,S00108_Actual,S00108_Simulated,S1151_Actual,S1151_Simulated,S1132_Actual,S1132_Simulated
3.367295829986474,3.182826244321462,0.0,0.17804065448848427,0.0,1.0120744067826586,3.784189633918261,3.1131672510296626,5.181783550292085,3.495480419818657,1.3862943611198906,1.4002786624897638,4.844187086458591,4.465479026967496,0.6931471805599453,0.3168034653383228,3.044522437723423,2.3619558113018173
3.367295829986474,3.1275186305890266,0.0,0.8341971629645957,0.0,0.7416769480721895,3.784189633918261,3.4615025176173733,5.181783550292085,5.688397188176351,1.3862943611198906,1.5106687073438958,4.844187086458591,6.494540430925799,0.6931471805599453,0.31438178191095184,3.044522437723423,2.9789184142629432
3.367295829986474,3.452307980851781,0.0,0.568053669392268,0.0,0.43824743149958556,3.784189633918261,3.1149423494173702,5.181783550292085,3.5880517780873573,1.3862943611198906,2.6520179801170802,4.844187086458591,4.331598033657982,0.6931471805599453,0.3307770608954178,3.044522437723423,3.0985095775266487
3.367295829986474,3.7325682307583175,0.0,0.39809056999003334,0.0,1.3608721805544512,3.784189633918261,2.9478239152997565,5.181783550292085,3.477967832269022,1.3862943611198906,0.2393819768118126,4.844187086458591,4.68243072079621,0.6931471805599453,0.1927624114187044,3.044522437723423,2.143417417157865
3.367295829986474,2.8929937339396776,0.0,0.0,0.0,1.293358072066881,3.784189633918261,2.762558075895147,5.181783550292085,1.729798428349754,1.3862943611198906,0.0,4.844187086458591,4.6865213317086125,0.6931471805599453,0.2983494871678673,3.044522437723423,1.7701275496779707
3.367295829986474,2.934844346239907,0.0,0.4563659251855451,0.0,1.25477448849751,3.784189633918261,2.1256843956773164,5.181783550292085,2.2885666286587485,1.3862943611198906,1.1712162803286292,4.844187086458591,5.307991588571297,0.6931471805599453,0.7663762439480248,3.044522437723423,4.227142165817887
