RedundantThrowsDeclarationCheck_Actual,RedundantThrowsDeclarationCheck_Simulated,S00117_Actual,S00117_Simulated,S1488_Actual,S1488_Simulated,DuplicatedBlocks_Actual,DuplicatedBlocks_Simulated,S00112_Actual,S00112_Simulated
3.258096538021482,3.6619585318568726,2.772588722239781,2.245027567455372,1.3862943611198906,1.6966205738580606,6.016157159698354,5.6825339219172015,7.00397413672268,6.661096925366259
3.332204510175204,3.5585891259431683,2.6390573296152584,2.3688748373519863,0.6931471805599453,0.9452076531468926,5.713732805509369,5.83698297513621,6.760414691083428,6.752534320806932
3.332204510175204,3.905886644517507,2.6390573296152584,2.312583991371119,0.6931471805599453,0.672925630623185,5.71042701737487,5.7278862910777075,6.7357800142423265,6.726243811216286
3.332204510175204,3.364052033432711,2.6390573296152584,2.4126489472376873,0.6931471805599453,0.7208657166648507,5.683579767338681,5.636367543340707,6.734591659972948,6.853201581107998
3.332204510175204,3.8870910392268607,2.6390573296152584,2.314401363685099,0.6931471805599453,1.8670352895758704,5.69035945432406,5.615710682856346,6.738152494595957,6.530113863213504
3.332204510175204,3.5399840735898587,2.6390573296152584,2.232119973292021,0.6931471805599453,2.0765318280556517,5.697093486505405,5.327510798776938,6.7580945044277305,6.86802532355448
