RedundantThrowsDeclarationCheck_Actual,RedundantThrowsDeclarationCheck_Simulated,S00117_Actual,S00117_Simulated,S1488_Actual,S1488_Simulated,DuplicatedBlocks_Actual,DuplicatedBlocks_Simulated,S00112_Actual,S00112_Simulated
3.332204510175204,3.6619585318568726,2.6390573296152584,2.245027567455372,0.6931471805599453,1.6966205738580606,5.683579767338681,5.6825339219172015,6.734591659972948,6.661096925366259
3.332204510175204,3.9847413876740614,2.6390573296152584,2.087441103873946,0.6931471805599453,1.9980739829588834,5.69035945432406,5.900754038747021,6.738152494595957,6.661026644969948
3.332204510175204,3.2956029677901815,2.6390573296152584,2.2794452454969787,0.6931471805599453,1.9688885228794322,5.697093486505405,5.408411253108909,6.7580945044277305,6.795040422350431
