RedundantThrowsDeclarationCheck_Actual,RedundantThrowsDeclarationCheck_Simulated,S00117_Actual,S00117_Simulated,S1488_Actual,S1488_Simulated,DuplicatedBlocks_Actual,DuplicatedBlocks_Simulated,S00112_Actual,S00112_Simulated
3.332204510175204,3.6619585318568726,2.6390573296152584,2.245027567455372,0.6931471805599453,1.6966205738580606,5.683579767338681,5.6825339219172015,6.734591659972948,6.661096925366259
3.332204510175204,3.427451282610171,2.6390573296152584,2.6979219506691092,0.6931471805599453,0.9522241586199044,5.69035945432406,5.754395493987776,6.738152494595957,6.536750696255744
3.332204510175204,3.7342779139138145,2.6390573296152584,2.1897538068789997,0.6931471805599453,1.983886205709995,5.697093486505405,5.626639081750781,6.7580945044277305,6.944239000236466
