RedundantThrowsDeclarationCheck_Actual,RedundantThrowsDeclarationCheck_Simulated,S00117_Actual,S00117_Simulated,S1488_Actual,S1488_Simulated,DuplicatedBlocks_Actual,DuplicatedBlocks_Simulated,S00112_Actual,S00112_Simulated
3.332204510175204,3.3944648510557793,2.6390573296152584,1.8846891797460226,0.6931471805599453,1.539752183574873,5.683579767338681,4.9970275798126575,6.734591659972948,5.996123387695626
3.332204510175204,2.4530049114864565,2.6390573296152584,0.8665833650907362,0.6931471805599453,0.32532956436321925,5.69035945432406,5.2028685239571075,6.738152494595957,5.111630968153704
3.332204510175204,4.083699044787878,2.6390573296152584,1.896118591082314,0.6931471805599453,2.270274153262735,5.697093486505405,4.197371502281311,6.7580945044277305,5.831036346561992
