RedundantThrowsDeclarationCheck_Actual,RedundantThrowsDeclarationCheck_Simulated,S00117_Actual,S00117_Simulated,S1488_Actual,S1488_Simulated,DuplicatedBlocks_Actual,DuplicatedBlocks_Simulated,S00112_Actual,S00112_Simulated
3.332204510175204,3.3944648510557793,2.6390573296152584,1.8846891797460226,0.6931471805599453,1.539752183574873,5.683579767338681,4.9970275798126575,6.734591659972948,5.996123387695626
3.332204510175204,3.9819258429717395,2.6390573296152584,1.3438868189982573,0.6931471805599453,1.2464791074327093,5.69035945432406,4.620558720042547,6.738152494595957,5.663668654411537
3.332204510175204,2.5776462115757317,2.6390573296152584,1.7895563311914235,0.6931471805599453,1.0659778772927073,5.697093486505405,4.891795246547839,6.7580945044277305,5.8423616078600205
