RedundantThrowsDeclarationCheck_Actual,RedundantThrowsDeclarationCheck_Simulated,S00117_Actual,S00117_Simulated,S00112_Actual,S00112_Simulated,S00108_Actual,S00108_Simulated,S1151_Actual,S1151_Simulated,S1132_Actual,S1132_Simulated
5.726847747587197,5.201489016465883,5.823045895483019,5.3697148959676095,5.968707559985366,5.359716958139057,4.406719247264253,3.9062712683878256,4.663439094112067,4.333938571671718,6.315358001522335,5.774400498626462
5.720311776607412,4.77655477944245,5.811140992976701,5.28980403745898,5.983936280687191,5.567372472114887,4.382026634673881,4.040313256337372,4.663439094112067,3.7447785102488815,6.311734809152915,5.57357018567651
5.707110264748875,5.581422447450994,5.811140992976701,4.9471974534942165,5.726847747587197,5.319745563840572,4.356708826689592,4.222379106903191,4.663439094112067,4.337759628336091,6.2878585601617845,5.710259959716337
5.733341276897746,3.98747678386634,5.811140992976701,5.472651073049112,5.739792912179234,5.196892076002637,4.356708826689592,3.8362603725870716,4.663439094112067,4.5070294424553206,6.289715570908998,5.078912863679375
5.717027701406222,5.054707412657122,5.808142489980444,4.86178566184622,5.726847747587197,5.654529471749589,4.356708826689592,3.9179354573746012,4.663439094112067,4.963944608673982,6.289715570908998,6.405177399083875
5.707110264748875,5.024678905618633,5.755742213586912,5.352573986604363,5.755742213586912,5.665309308634956,4.343805421853684,3.403180344163301,4.672828834461906,4.637950679193429,6.293419278846481,5.664808860603958
