RedundantThrowsDeclarationCheck_Actual,RedundantThrowsDeclarationCheck_Simulated,S00117_Actual,S00117_Simulated,S00112_Actual,S00112_Simulated,S00108_Actual,S00108_Simulated,S1151_Actual,S1151_Simulated,S1132_Actual,S1132_Simulated
5.733341276897746,5.201489016465883,5.811140992976701,5.3697148959676095,5.739792912179234,5.359716958139057,4.356708826689592,3.9062712683878256,4.663439094112067,4.333938571671718,6.289715570908998,5.774400498626462
5.717027701406222,5.6053793386446245,5.808142489980444,5.814161150622217,5.726847747587197,5.626601790748684,4.356708826689592,4.554622199837136,4.663439094112067,4.679019553804472,6.289715570908998,5.431025854777086
5.707110264748875,4.282744108233935,5.755742213586912,4.407512465394721,5.755742213586912,5.893160232835934,4.343805421853684,4.632109480932684,4.672828834461906,4.629257719101572,6.293419278846481,5.577578172868938
