RedundantThrowsDeclarationCheck_Actual,RedundantThrowsDeclarationCheck_Simulated,S00117_Actual,S00117_Simulated,UselessImportCheck_Actual,UselessImportCheck_Simulated,DuplicatedBlocks_Actual,DuplicatedBlocks_Simulated,S00112_Actual,S00112_Simulated,S1481_Actual,S1481_Simulated
3.367295829986474,3.2213065757711092,3.1354942159291497,2.5303576481378562,0.0,0.9905216270195651,3.784189633918261,3.1506115414840274,5.181783550292085,3.5229343997453917,0.0,1.1165674294446044
3.367295829986474,2.961101557607017,3.1354942159291497,2.3048084849003967,0.0,0.0,3.784189633918261,2.0907983866146385,5.181783550292085,1.7284588979589228,0.0,0.3721367712822038
