S00117_Actual,S00117_Simulated,S1226_Actual,S1226_Simulated,S00112_Actual,S00112_Simulated,S1155_Actual,S1155_Simulated,S1151_Actual,S1151_Simulated,S1132_Actual,S1132_Simulated,S1481_Actual,S1481_Simulated
6.697034247666484,6.586562460316259,3.713572066704308,3.6002636883348504,4.634728988229636,4.470513039408297,2.5649493574615367,2.604572279522802,4.143134726391533,4.130553423405633,3.912023005428146,4.1635931852595975,1.9459101490553132,2.3170608236106673
6.697651341175731,6.592942987612733,3.713572066704308,3.6136518359004874,4.634728988229636,4.460100859000519,2.5649493574615367,2.6419864139542764,4.143134726391533,4.12356939915842,3.912023005428146,4.169902989413301,1.9459101490553132,2.8306601873878154
6.698268054115413,6.616851748430931,3.713572066704308,3.589704690753735,4.634728988229636,4.4943420677093275,2.5649493574615367,2.6156050787465657,4.143134726391533,4.149526131246243,3.912023005428146,4.089595292847362,1.9459101490553132,2.2267441421923313
