RedundantThrowsDeclarationCheck_Actual,RedundantThrowsDeclarationCheck_Simulated,S00117_Actual,S00117_Simulated,S1488_Actual,S1488_Simulated,DuplicatedBlocks_Actual,DuplicatedBlocks_Simulated,S00112_Actual,S00112_Simulated
3.332204510175204,3.3944648510557793,2.6390573296152584,1.8846891797460226,0.6931471805599453,1.539752183574873,5.683579767338681,4.9970275798126575,6.734591659972948,5.996123387695626
3.332204510175204,1.4537722618741997,2.6390573296152584,3.143055268087466,0.6931471805599453,2.6694863484707785,5.69035945432406,5.991434857268301,6.738152494595957,5.092086840758826
3.332204510175204,3.515713261415091,2.6390573296152584,2.478702937716468,0.6931471805599453,2.105407555587906,5.697093486505405,5.578808339951119,6.7580945044277305,7.049222374672827
