RedundantThrowsDeclarationCheck_Actual,RedundantThrowsDeclarationCheck_Simulated,S00117_Actual,S00117_Simulated,S1488_Actual,S1488_Simulated,DuplicatedBlocks_Actual,DuplicatedBlocks_Simulated,S00112_Actual,S00112_Simulated
3.258096538021482,3.3944648510557793,2.772588722239781,1.8846891797460226,1.3862943611198906,1.539752183574873,6.016157159698354,4.9970275798126575,7.00397413672268,5.996123387695626
3.332204510175204,3.6094746969063114,2.6390573296152584,2.4981553287976346,0.6931471805599453,0.825244404399348,5.713732805509369,3.6211731956531423,6.760414691083428,6.433534913715548
3.332204510175204,4.234672007716411,2.6390573296152584,1.5732067200527797,0.6931471805599453,1.114886365720882,5.71042701737487,6.389182957959083,6.7357800142423265,6.185309954430572
3.332204510175204,3.3400809577730453,2.6390573296152584,2.501409880472038,0.6931471805599453,1.4743459335205926,5.683579767338681,6.895872077361345,6.734591659972948,5.317179511950267
3.332204510175204,4.516573562170131,2.6390573296152584,2.9117637511875465,0.6931471805599453,1.6740528599351214,5.69035945432406,4.855844673006317,6.738152494595957,5.187810370137365
3.332204510175204,4.059774761711108,2.6390573296152584,1.5877293999839273,0.6931471805599453,0.8393014750498374,5.697093486505405,5.952969631498798,6.7580945044277305,4.578682498126615
