RedundantThrowsDeclarationCheck_Actual,RedundantThrowsDeclarationCheck_Simulated,S00117_Actual,S00117_Simulated,S1488_Actual,S1488_Simulated,DuplicatedBlocks_Actual,DuplicatedBlocks_Simulated,S00112_Actual,S00112_Simulated
3.332204510175204,3.3944648510557793,2.6390573296152584,1.8846891797460226,0.6931471805599453,1.539752183574873,5.683579767338681,4.9970275798126575,6.734591659972948,5.996123387695626
3.332204510175204,3.7431131763281056,2.6390573296152584,1.5110858513616245,0.6931471805599453,1.095065410439128,5.69035945432406,6.463638292733811,6.738152494595957,5.144868861834834
3.332204510175204,1.8311309099756936,2.6390573296152584,2.131032976367082,0.6931471805599453,1.4424923485943904,5.697093486505405,4.015789249582757,6.7580945044277305,4.876442225714288
