S1905_Actual,S1905_Simulated,DuplicatedBlocks_Actual,DuplicatedBlocks_Simulated,S1481_Actual,S1481_Simulated
0.0,0.36172044398760594,3.258096538021482,2.5129296442372437,0.15415067982725825,0.502759145915681
0.0,0.658283389937951,3.258096538021482,2.453939396206593,0.2876820724517809,0.6158021884473263
0.0,0.6895571302294619,3.258096538021482,2.92890518922329,0.4054651081081644,0.872790227550984
0.0,0.3500238720457801,3.258096538021482,4.081274421141506,0.5108256237659906,0.12905455092391188
0.0,0.0,3.258096538021482,3.3031274361761,0.6061358035703155,0.4448393367760888
0.0,0.017388110053419614,3.258096538021482,1.8175804705936636,0.6931471805599453,0.5849718072105897
