S1905_Actual,S1905_Simulated,DuplicatedBlocks_Actual,DuplicatedBlocks_Simulated,S1481_Actual,S1481_Simulated
0.0,0.36172044398760594,3.258096538021482,2.5129296442372437,0.5108256237659906,0.502759145915681
0.0,0.6518393792530501,3.258096538021482,1.825386458427858,0.6061358035703155,0.6643934397800075
0.0,0.4574510178513709,3.258096538021482,2.6816139314384277,0.6931471805599453,0.6667675168905838
