S1905_Actual,S1905_Simulated,DuplicatedBlocks_Actual,DuplicatedBlocks_Simulated,S1481_Actual,S1481_Simulated
0.0,0.36172044398760594,3.258096538021482,2.5129296442372437,0.5108256237659906,0.502759145915681
0.0,0.5463831756289883,3.258096538021482,3.2725161428279392,0.6061358035703155,0.4291022486116201
0.0,0.02625074558302326,3.258096538021482,2.5796636120215846,0.6931471805599453,1.0043703946036993
