S1213_Actual,S1213_Simulated,S1488_Actual,S1488_Simulated,S1226_Actual,S1226_Simulated,S1155_Actual,S1155_Simulated,S1151_Actual,S1151_Simulated,S1132_Actual,S1132_Simulated,S1481_Actual,S1481_Simulated
6.231355955723415,5.194460844659627,2.302585092994046,2.427345894429739,3.713572066704308,3.595057177045192,2.5649493574615367,2.5986783502196977,4.143134726391533,4.109089806957299,3.912023005428146,4.123671636980064,1.9459101490553132,2.6344328271877484
6.231574463317423,5.411761447629489,2.302585092994046,2.1316685320984226,3.713572066704308,3.6118804228981043,2.5649493574615367,2.643957089965495,4.143134726391533,4.06044103864176,3.912023005428146,4.144649312618571,1.9459101490553132,2.2027148091252933
6.231792923176292,6.171307928529198,2.302585092994046,2.8122799807735848,3.713572066704308,3.6061625698632316,2.5649493574615367,2.612491449303223,4.143134726391533,4.072403779934294,3.912023005428146,4.1651400028272985,1.9459101490553132,2.869278416472322
6.232011335320876,5.144384902116557,2.302585092994046,2.957579451818125,3.713572066704308,3.6080402001586043,2.5649493574615367,2.644018134575809,4.143134726391533,4.0987042554419935,3.912023005428146,4.280584007690841,1.9459101490553132,2.1611394515977196
6.232229699772011,5.368422650127462,2.302585092994046,2.6283824950766794,3.713572066704308,3.6335278487528044,2.5649493574615367,2.5955721396458125,4.143134726391533,4.140845365714434,3.912023005428146,4.082354251738326,1.9459101490553132,1.2366666411309597
6.2324480165505225,4.974152550749856,2.302585092994046,2.0635666861330724,3.713572066704308,3.4691927327808467,2.5649493574615367,2.6057243037052618,4.143134726391533,4.1193767406812025,3.912023005428146,4.165970384586785,1.9459101490553132,2.0847060076341917
