S1213_Actual,S1213_Simulated,S1488_Actual,S1488_Simulated,S1226_Actual,S1226_Simulated,S1155_Actual,S1155_Simulated,S1151_Actual,S1151_Simulated,S1132_Actual,S1132_Simulated,S1481_Actual,S1481_Simulated
6.231355955723415,5.194460844659627,2.302585092994046,2.427345894429739,3.713572066704308,3.595057177045192,2.5649493574615367,2.5986783502196977,4.143134726391533,4.109089806957299,3.912023005428146,4.123671636980064,1.9459101490553132,2.6344328271877484
6.231574463317423,5.573685384390984,2.302585092994046,2.3173143155221365,3.713572066704308,3.571616244982521,2.5649493574615367,2.695897586428136,4.143134726391533,4.236725495834342,3.912023005428146,4.23133623983083,1.9459101490553132,4.304029313623966
6.231792923176292,5.137760048197555,2.302585092994046,2.3140555817602966,3.713572066704308,3.637659793174334,2.5649493574615367,2.5477701712473855,4.143134726391533,4.1600702217706225,3.912023005428146,4.142922588701033,1.9459101490553132,3.1203405383144043
6.232011335320876,5.096798771543085,2.302585092994046,2.139806910067819,3.713572066704308,3.6506178929468076,2.5649493574615367,2.5999737579932303,4.143134726391533,4.095088194637094,3.912023005428146,4.192695723760891,1.9459101490553132,2.209330647892146
6.232229699772011,4.438626693716367,2.302585092994046,2.31032149483928,3.713572066704308,3.6595339243375613,2.5649493574615367,2.502565059241512,4.143134726391533,4.119145144332868,3.912023005428146,4.228375981387991,1.9459101490553132,3.268677232334393
6.2324480165505225,4.5766748878834225,2.302585092994046,2.268819520703168,3.713572066704308,3.534769182558034,2.5649493574615367,2.456086454677507,4.143134726391533,4.166508919689687,3.912023005428146,4.352771989187529,1.9459101490553132,2.376330766343806
