S1905_Actual,S1905_Simulated,S1481_Actual,S1481_Simulated
0.0,0.36172044398760594,0.5108256237659906,0.502759145915681
0.0,0.11505876632394485,0.6061358035703155,0.5668977438117918
0.0,0.03947184318977748,0.6931471805599453,0.2160881811396158
