S1213_Actual,S1213_Simulated,RedundantThrowsDeclarationCheck_Actual,RedundantThrowsDeclarationCheck_Simulated,S1488_Actual,S1488_Simulated,DuplicatedBlocks_Actual,DuplicatedBlocks_Simulated,S1226_Actual,S1226_Simulated,S00112_Actual,S00112_Simulated,S1151_Actual,S1151_Simulated
5.030437921392435,4.189295074572902,3.332204510175204,3.411590488688553,0.6931471805599453,1.5414280278559198,5.697093486505405,5.00170704510986,0.0,3.0021800730187986,6.75343791859778,6.007955147221165,3.6375861597263857,2.133853788746623
5.087596335232384,3.6644635612279046,3.332204510175204,2.8423970170068875,0.6931471805599453,0.9500370561798158,5.6937321388027,5.252008159093736,0.0,2.5277552232620306,6.759255270663693,4.726222353641554,3.713572066704308,2.441910959469716
