S00117_Actual,S00117_Simulated,S1488_Actual,S1488_Simulated,S1226_Actual,S1226_Simulated,S00112_Actual,S00112_Simulated,S1155_Actual,S1155_Simulated,S00108_Actual,S00108_Simulated,S1132_Actual,S1132_Simulated,S1481_Actual,S1481_Simulated
3.708682081410116,3.697392449979346,0.0,0.8754362755897771,2.5649493574615367,3.5879241157460826,4.853591544486569,4.276680021083757,0.0,1.7109182803350094,1.3862943611198906,0.5443390143275862,2.9444389791664403,4.1497156410950025,1.0986122886681098,3.437301328727192
3.6988297849671046,3.5122654525117802,0.0,0.0012714830102343866,2.5649493574615367,3.8198655001154513,4.856706811803519,3.0163374344946687,0.0,3.286724880145534,1.3862943611198906,1.1210908266419248,2.9444389791664403,3.2889236409478295,1.0986122886681098,5.2609479762593505
3.6888794541139363,4.49112050696313,0.0,0.937523223215127,2.5649493574615367,4.818115906853507,4.859812404361672,4.719096450567776,0.0,0.5968151589626729,1.3862943611198906,0.5320682986729215,2.9444389791664403,6.283030915740602,1.0986122886681098,2.761211221534393
