S1213_Actual,S1213_Simulated,RedundantThrowsDeclarationCheck_Actual,RedundantThrowsDeclarationCheck_Simulated,S1488_Actual,S1488_Simulated,DuplicatedBlocks_Actual,DuplicatedBlocks_Simulated,S1226_Actual,S1226_Simulated,S00112_Actual,S00112_Simulated,S1151_Actual,S1151_Simulated,S1132_Actual,S1132_Simulated,S1481_Actual,S1481_Simulated
5.438079308923196,5.315746943612542,3.1354942159291497,3.5351683455796343,2.1972245773362196,2.3448650609869333,5.043425116919247,4.510972925856334,3.713572066704308,3.8233103768142858,3.091042453358316,2.431549945789797,3.258096538021482,2.7244619324435924,3.5553480614894135,3.4205118984428196,1.9459101490553132,3.001156803470868
5.438079308923196,5.720560205079441,3.1354942159291497,3.9648829845735434,2.1972245773362196,2.324960701583919,5.043425116919247,5.117096086845303,3.713572066704308,3.9408912278131303,3.091042453358316,2.2688128218312196,3.258096538021482,4.3897500564350675,3.5553480614894135,3.94035619647187,1.9459101490553132,2.902641043515307
5.438079308923196,5.804242542071481,3.1354942159291497,2.7686821291192527,2.1972245773362196,2.029397647973269,5.043425116919247,5.415846523108151,3.713572066704308,3.6055015623208075,3.091042453358316,1.1943234107278893,3.258096538021482,3.6619541738349146,3.5553480614894135,3.524808876791844,1.9459101490553132,3.5716441083803097
