S00117_Actual,S00117_Simulated,S1151_Actual,S1151_Simulated
1.791759469228055,1.3003772873935853,2.3978952727983707,3.1027931111671934
1.791759469228055,2.0158526345104812,2.3978952727983707,4.1904839977826835
1.791759469228055,2.2627126134767694,2.3978952727983707,3.1241687532724334
1.791759469228055,2.2423173307039614,2.3978952727983707,3.061996492017788
1.8718021769015913,0.0,2.3978952727983707,3.3942465093568757
1.9459101490553132,1.370857770804993,2.3978952727983707,2.7048099620129626
