S00117_Actual,S00117_Simulated,S1151_Actual,S1151_Simulated
1.791759469228055,1.3003772873935853,2.3978952727983707,3.1027931111671934
1.8718021769015913,1.2859491954967748,2.3978952727983707,2.122434710349262
1.9459101490553132,0.6838559696048557,2.3978952727983707,1.8493169206826512
