S00117_Actual,S00117_Simulated,S1151_Actual,S1151_Simulated
1.791759469228055,1.3003772873935853,2.3978952727983707,3.1027931111671934
1.791759469228055,1.3684891213455552,2.3978952727983707,2.5693997457997466
1.791759469228055,1.6526728343763846,2.3978952727983707,1.4254584244785893
1.791759469228055,0.0,2.3978952727983707,2.224648144205172
1.8718021769015913,1.586922887005851,2.3978952727983707,3.4178074659221624
1.9459101490553132,0.44594627028956746,2.3978952727983707,2.6976672888204845
