S1488_Actual,S1488_Simulated,S1905_Actual,S1905_Simulated,UselessImportCheck_Actual,UselessImportCheck_Simulated,S00108_Actual,S00108_Simulated
3.5553480614894135,3.6392436171574167,2.5649493574615367,3.3928598908698673,4.2626798770413155,4.451906016607533,1.3862943611198906,1.6701743144112084
3.5553480614894135,3.7453819039972545,2.5649493574615367,3.248544385662606,4.248495242049359,4.248547082006662,1.3862943611198906,2.07593059721796
