S1213_Actual,S1213_Simulated,S1488_Actual,S1488_Simulated,S1226_Actual,S1226_Simulated,S00112_Actual,S00112_Simulated,S1155_Actual,S1155_Simulated,S1151_Actual,S1151_Simulated,S1132_Actual,S1132_Simulated,S1481_Actual,S1481_Simulated
6.231355955723415,5.832544900256322,2.302585092994046,2.4183113517375956,3.713572066704308,3.642199275588672,4.634728988229636,4.5861501896523835,2.5649493574615367,2.564944532903371,4.143134726391533,4.145216305477002,3.912023005428146,4.063322905614243,1.9459101490553132,1.7850121840998805
6.231574463317423,6.183758504042997,2.302585092994046,2.6565403318125145,3.713572066704308,3.645149362398562,4.634728988229636,4.650171930001777,2.5649493574615367,2.5649416461859413,4.143134726391533,4.142265735610385,3.912023005428146,4.191208364472308,1.9459101490553132,2.0549127507462273
6.231792923176292,6.928553845740587,2.302585092994046,2.438773684732089,3.713572066704308,3.5577414555089,4.634728988229636,4.615332214824507,2.5649493574615367,2.5649386511047645,4.143134726391533,4.148288950514021,3.912023005428146,4.154616526108536,1.9459101490553132,1.8851323620052907
6.232011335320876,4.947339475423267,2.302585092994046,2.114945625922227,3.713572066704308,3.65349146316837,4.634728988229636,4.533774195674679,2.5649493574615367,2.5649463008036806,4.143134726391533,4.1378854163357355,3.912023005428146,3.967373391216897,1.9459101490553132,2.018087736731293
6.232229699772011,5.910502882274405,2.302585092994046,2.453533527238093,3.713572066704308,3.6234665684140777,4.634728988229636,4.600336197550603,2.5649493574615367,2.5649454132532363,4.143134726391533,4.1532940685532465,3.912023005428146,4.033608197941139,1.9459101490553132,1.4891299654470243
6.2324480165505225,6.774276801771917,2.302585092994046,2.4599769631215294,3.713572066704308,3.6595345044971745,4.634728988229636,4.567328288354415,2.5649493574615367,2.564943160291308,4.143134726391533,4.136319173204899,3.912023005428146,4.216618094572256,1.9459101490553132,2.0425737716313406
