,Actual_last_5_vals,Simulated_0,Simulated_1,Simulated_2,Simulated_3,Simulated_4,Simulated_5,Simulated_6,Simulated_7,Simulated_8,Simulated_9,Simulated_10,Simulated_11,Simulated_12,Simulated_13,Simulated_14,Simulated_15,Simulated_16,Simulated_17,Simulated_18,Simulated_19,Simulated_20,Simulated_21,Simulated_22,Simulated_23,Simulated_24,Simulated_25,Simulated_26,Simulated_27,Simulated_28,Simulated_29
344,55539.6,,,,,,,,,,,,,,,,,,,,,,,,,,,,,,
345,55547.2,,,,,,,,,,,,,,,,,,,,,,,,,,,,,,
346,55554.8,,,,,,,,,,,,,,,,,,,,,,,,,,,,,,
347,55562.4,,,,,,,,,,,,,,,,,,,,,,,,,,,,,,
348,55570.0,,,,,,,,,,,,,,,,,,,,,,,,,,,,,,
349,,49060.40815475513,49060.40815475513,49060.40815475513,49060.40815475513,49060.40815475513,49060.40815475513,49060.40815475513,49060.40815475513,49060.40815475513,49060.40815475513,49060.40815475513,49060.40815475513,49060.40815475513,49060.40815475513,49060.40815475513,49060.40815475513,49060.40815475513,49060.40815475513,49060.40815475513,49060.40815475513,49060.40815475513,49060.40815475513,49060.40815475513,49060.40815475513,49060.40815475513,49060.40815475513,49060.40815475513,49060.40815475513,49060.40815475513,49060.40815475513
350,,41992.190845313206,53809.59954708454,56156.11759237292,56379.77246996447,42405.980433932746,35280.34350559772,55528.2022295357,81749.10161294187,15753.745716430229,67864.8146349043,50107.55056353565,36170.129785059944,39957.28520555176,26969.588388353906,72303.9756799072,49190.30341538083,40794.96239479881,48652.56158803299,41469.07797380847,48881.658661635076,45234.9723736628,52038.69773961316,63306.38215790816,68983.25022103632,34847.24103640771,68342.19137340192,34811.99746133184,60486.82736107252,52282.45778810441,66517.10805644619
