S00117_Actual,S00117_Simulated,S00108_Actual,S00108_Simulated
2.0794415416798357,2.636680193993027,1.3862943611198906,1.0166596193930002
2.0794415416798357,2.6883671944586087,1.3862943611198906,2.086022838533225
2.1972245773362196,2.4030019778516127,1.3862943611198906,1.463178223362005
2.1972245773362196,4.218748140638258,1.3862943611198906,0.16937827568215302
2.1972245773362196,4.317395538113471,1.3862943611198906,0.36290917302105397
2.1972245773362196,2.7073677899263306,1.3862943611198906,1.0856591830539222
