S1213_Actual,S1213_Simulated,RedundantThrowsDeclarationCheck_Actual,RedundantThrowsDeclarationCheck_Simulated,S00117_Actual,S00117_Simulated,S1488_Actual,S1488_Simulated,UselessImportCheck_Actual,UselessImportCheck_Simulated,DuplicatedBlocks_Actual,DuplicatedBlocks_Simulated,S00112_Actual,S00112_Simulated,S00108_Actual,S00108_Simulated,S1132_Actual,S1132_Simulated,S1481_Actual,S1481_Simulated
1.6094379124341003,1.5756497927369877,1.0608719606852626,0.25241187134073034,0.0,0.18529177914319295,0.6931471805599453,0.6743462050229961,0.0,1.1795748374291268,1.9459101490553132,2.628571057555208,4.243721963296702,3.400715103324849,1.0986122886681098,0.9743739085513304,1.0986122886681098,1.0986074641099446,0.0,0.28515064114304844
1.6094379124341003,1.3052727634016477,1.0685348334308318,1.1212884147460456,0.0,0.0,0.6931471805599453,0.7372874165608818,0.0,0.0,1.9459101490553132,2.13784590414015,4.244678443522658,3.2297111740575324,1.0986122886681098,0.6941828887266075,1.0986122886681098,1.0986050955253792,0.0,0.3116815609389697
1.6094379124341003,1.5578612447775735,1.076139432816051,0.502047969493783,0.0,0.0,0.6931471805599453,0.6661522645508705,0.0,1.9795281975144103,1.9459101490553132,2.6510282990195715,4.2456340097683265,4.253667762879681,1.0986122886681098,0.9753829282751719,1.0986122886681098,1.098605202416195,0.0,0.0
1.6094379124341003,1.6659858920381667,1.083686638451434,0.43740366639363476,0.0,0.20100548710779212,0.6931471805599453,0.7075657465126537,0.0,0.0,1.9459101490553132,3.00188686116763,4.246588663778778,3.7874515830465096,1.0986122886681098,0.927202363959172,1.0986122886681098,1.0986084211543552,0.0,0.34619341887578353
1.6094379124341003,1.3441682776789527,1.0911773101805915,0.7114763468496036,0.0,0.572491482586998,0.6931471805599453,0.7428600420795796,0.0,0.8491197426691739,1.9459101490553132,2.4699936853942717,4.2475424072940875,3.147853938261508,1.0986122886681098,1.0945437549616992,1.0986122886681098,1.0986086056991164,0.0,0.38050067780125957
1.6094379124341003,1.7089499994010098,1.0986122886681098,0.0,0.0,0.1361475376283712,0.6931471805599453,0.7778788397876627,0.0,0.8581144801003069,1.9459101490553132,2.5272108018031387,4.248495242049359,3.585166039165724,1.0986122886681098,1.1016442450497959,1.0986122886681098,1.0986004549474666,0.0,0.0
