S1213_Actual,S1213_Simulated,S00122_Actual,S00122_Simulated,S1488_Actual,S1488_Simulated,DuplicatedBlocks_Actual,DuplicatedBlocks_Simulated,S1226_Actual,S1226_Simulated,S1155_Actual,S1155_Simulated,S00108_Actual,S00108_Simulated,S1151_Actual,S1151_Simulated,S1132_Actual,S1132_Simulated
0.0367013668504281,0.8654164806904682,0.0,0.19170098661429782,0.0,0.051733357324998425,0.0,0.46172097945521134,0.0,0.11196008221551346,0.0,0.046991420998253174,0.0,0.19702941544705932,0.018519047767237597,0.6025512276968152,0.0,0.5169270278182613
0.018519047767237697,0.6417417761017616,0.0,0.13354737260315336,0.0,0.0,0.0,0.0,0.0,0.09475109866187405,0.0,0.15550476593517756,0.0,0.7157662426103029,0.009302392662313554,0.2539137171311202,0.0,0.24702322987532527
0.0,0.7199559162379154,0.0,0.0,0.0,0.03794683808201772,0.0,0.0,0.0,0.0,0.0,0.0,0.0,0.76085853693531,0.0,0.7526948158838612,0.0,0.7017549498927619
