S00117_Actual,S00117_Simulated,S00108_Actual,S00108_Simulated
2.1972245773362196,2.636680193993027,1.3862943611198906,1.0166596193930002
2.1972245773362196,2.5250316957485026,1.3862943611198906,0.5093799074148295
