S00117_Actual,S00117_Simulated,S00108_Actual,S00108_Simulated
2.0794415416798357,2.636680193993027,1.3862943611198906,1.0166596193930002
2.0794415416798357,4.012842546983542,1.3862943611198906,1.906215462743762
2.1972245773362196,4.027158199293956,1.3862943611198906,2.002110313393659
2.1972245773362196,4.093997942320646,1.3862943611198906,0.23538440868823807
2.1972245773362196,1.6679918442497548,1.3862943611198906,1.001870738269244
2.1972245773362196,3.44100625426445,1.3862943611198906,0.5722391622614699
