S1905_Actual,S1905_Simulated,UselessImportCheck_Actual,UselessImportCheck_Simulated,DuplicatedBlocks_Actual,DuplicatedBlocks_Simulated,S00112_Actual,S00112_Simulated,S1155_Actual,S1155_Simulated,S1132_Actual,S1132_Simulated,S1481_Actual,S1481_Simulated
0.0,1.571048938306501,0.6931471805599453,0.9610498910441571,1.8803128665695001,2.3875430850499346,3.332204510175204,1.6889869029199953,0.0,0.0,0.0,0.18393647179709674,0.44183275227903923,1.0812651235231558
0.0,1.2649080644295174,0.6931471805599453,0.8608927200700837,1.8632184332102,1.7320584002508954,3.332204510175204,2.2276396165009698,0.0,0.0,0.0,0.35099642782223284,0.36772478012531734,0.8160272996987765
0.0,0.0907273036880274,0.6931471805599453,1.4301139808527779,1.8458266904983307,2.1813924870616077,3.332204510175204,1.7541528965310662,0.0,0.0,0.0,0.6414601662703892,0.2876820724517809,1.831383634922783
0.0,2.3045308972431053,0.6931471805599453,1.021697860453597,1.8281271133989299,1.4071630194334586,3.332204510175204,1.869406756837285,0.0,0.0,0.0,0.0,0.20067069546215122,0.3844692732009396
0.0,3.090514129615208,0.6931471805599453,0.6838984528354921,1.8101086078962514,2.0411045432082853,3.332204510175204,0.9705803042286838,0.0,0.0,0.0,0.0,0.1053605156578263,1.988302863066254
0.0,1.1901554257060192,0.6931471805599453,1.744295569457817,1.791759469228055,2.1221243621911254,3.332204510175204,1.7700804257699085,0.0,3.903102188645105e-07,0.0,0.0,0.0,1.3994311154175938
