S1905_Actual,S1905_Simulated,UselessImportCheck_Actual,UselessImportCheck_Simulated,DuplicatedBlocks_Actual,DuplicatedBlocks_Simulated,S00112_Actual,S00112_Simulated,S1155_Actual,S1155_Simulated,S1132_Actual,S1132_Simulated,S1481_Actual,S1481_Simulated
0.0,1.571048938306501,0.6931471805599453,0.9610498910441571,1.8803128665695001,2.3875430850499346,3.332204510175204,1.6889869029199953,0.0,0.0,0.0,0.18393647179709674,0.44183275227903923,1.0812651235231558
0.0,0.9382623361534971,0.6931471805599453,1.4549651073820342,1.8632184332102,2.777303367056319,3.332204510175204,0.21926570847327542,0.0,0.0,0.0,0.1794662136582304,0.36772478012531734,0.2087380396762174
0.0,2.1026127121173603,0.6931471805599453,0.6498687054411426,1.8458266904983307,2.7763577168138833,3.332204510175204,2.769476148278626,0.0,0.0,0.0,0.2621847253138497,0.2876820724517809,0.36771162631283894
0.0,1.7370501276701882,0.6931471805599453,1.3989404925201099,1.8281271133989299,1.7114818528776745,3.332204510175204,2.047986423540691,0.0,0.0,0.0,0.0,0.20067069546215122,0.08658092029006192
0.0,1.664560378605812,0.6931471805599453,0.6917190049039761,1.8101086078962514,3.0365068470516596,3.332204510175204,1.6823359806464566,0.0,0.0,0.0,0.0,0.1053605156578263,0.5138216021089095
0.0,1.5414832730241583,0.6931471805599453,1.4631099116145818,1.791759469228055,1.6493875791060315,3.332204510175204,0.9539603992736196,0.0,0.0,0.0,0.1431737310004078,0.0,1.1397586794006591
