S1905_Actual,S1905_Simulated,UselessImportCheck_Actual,UselessImportCheck_Simulated,DuplicatedBlocks_Actual,DuplicatedBlocks_Simulated,S00112_Actual,S00112_Simulated,S1155_Actual,S1155_Simulated,S1132_Actual,S1132_Simulated,S1481_Actual,S1481_Simulated
0.0,1.571048938306501,0.6931471805599453,0.9610498910441571,1.8281271133989299,2.3875430850499346,3.332204510175204,1.6889869029199953,0.0,0.0,0.0,0.18393647179709674,0.20067069546215122,1.0812651235231558
0.0,1.1936629158843455,0.6931471805599453,1.2834211046786557,1.8101086078962514,3.8996698582570968,3.332204510175204,0.9618647572205594,0.0,0.0,0.0,0.7203437486763441,0.1053605156578263,1.2094922934731347
0.0,2.695307153093906,0.6931471805599453,0.5745557313505825,1.791759469228055,2.8202472850252565,3.332204510175204,3.2450766254880987,0.0,0.0,0.0,0.0,0.0,0.8917340057193045
