S1905_Actual,S1905_Simulated,UselessImportCheck_Actual,UselessImportCheck_Simulated,DuplicatedBlocks_Actual,DuplicatedBlocks_Simulated,S00112_Actual,S00112_Simulated,S1155_Actual,S1155_Simulated,S1132_Actual,S1132_Simulated,S1481_Actual,S1481_Simulated
0.0,1.571048938306501,0.6931471805599453,0.9610498910441571,1.8803128665695001,2.3875430850499346,3.332204510175204,1.6889869029199953,0.0,0.0,0.0,0.18393647179709674,0.44183275227903923,1.0812651235231558
0.0,3.1616954350760276,0.6931471805599453,0.4488474907321409,1.8632184332102,3.1817192594003556,3.332204510175204,1.1247373553235027,0.0,0.0,0.0,0.0,0.36772478012531734,0.4252591704713423
0.0,2.335164392353641,0.6931471805599453,0.6681099021182233,1.8458266904983307,3.1479838684313335,3.332204510175204,2.254842467281659,0.0,0.0,0.0,0.035513713961125876,0.2876820724517809,0.9946108272778131
0.0,1.7758253552290348,0.6931471805599453,1.2167195229778043,1.8281271133989299,1.782564330065598,3.332204510175204,1.3478612388642763,0.0,0.0,0.0,0.3061939668738408,0.20067069546215122,0.9022141302214428
0.0,2.8985998285616636,0.6931471805599453,0.033820288595605486,1.8101086078962514,3.2727907217650505,3.332204510175204,1.345268356024304,0.0,0.0,0.0,0.2920962461356821,0.1053605156578263,1.1795640928076156
0.0,1.0313194581476246,0.6931471805599453,1.1296418089843474,1.791759469228055,1.8490440143257905,3.332204510175204,2.1700263102967376,0.0,0.0,0.0,0.0,0.0,1.0242725411219618
