S1905_Actual,S1905_Simulated,UselessImportCheck_Actual,UselessImportCheck_Simulated,DuplicatedBlocks_Actual,DuplicatedBlocks_Simulated,S00112_Actual,S00112_Simulated,S1155_Actual,S1155_Simulated,S1132_Actual,S1132_Simulated,S1481_Actual,S1481_Simulated
0.0,1.571048938306501,0.6931471805599453,0.9610498910441571,1.8803128665695001,2.3875430850499346,3.332204510175204,1.6889869029199953,0.0,0.0,0.0,0.18393647179709674,0.44183275227903923,1.0812651235231558
0.0,1.2824818102907913,0.6931471805599453,1.0965251496467359,1.8632184332102,2.0291963838542255,3.332204510175204,1.1527920550433883,0.0,8.026048718867674e-07,0.0,0.4970150580937922,0.36772478012531734,0.5673014758922793
0.0,1.373979481252587,0.6931471805599453,1.3028413063317834,1.8458266904983307,1.7470894205187848,3.332204510175204,2.3060308359900428,0.0,0.0,0.0,0.0,0.2876820724517809,1.237800160568021
0.0,2.0223828120958687,0.6931471805599453,0.615134513371266,1.8281271133989299,2.61889997648069,3.332204510175204,1.1819690160965695,0.0,0.0,0.0,0.35119925373524447,0.20067069546215122,0.5081006708601457
0.0,2.256155684587713,0.6931471805599453,0.5742179463009949,1.8101086078962514,3.0588596753173265,3.332204510175204,2.1526364991507623,0.0,0.0,0.0,0.3542318355334281,0.1053605156578263,0.7791539092784919
0.0,1.8016539079898084,0.6931471805599453,0.8735623413019925,1.791759469228055,3.3382216435622842,3.332204510175204,1.9697928768468533,0.0,0.0,0.0,0.0,0.0,0.2790639416298485
