S00117_Actual,S00117_Simulated,S1488_Actual,S1488_Simulated,S1226_Actual,S1226_Simulated,S00112_Actual,S00112_Simulated,S1155_Actual,S1155_Simulated,S00108_Actual,S00108_Simulated,S1132_Actual,S1132_Simulated,S1481_Actual,S1481_Simulated
3.7376696182833684,3.697392449979346,0.0,0.8754362755897771,2.5649493574615367,3.5879241157460826,4.844187086458591,4.276680021083757,0.0,1.7109182803350094,1.3862943611198906,0.5443390143275862,2.9444389791664403,4.1497156410950025,1.0986122886681098,3.437301328727192
3.728100167267218,3.5326896255701965,0.0,3.5176310761648546,2.5649493574615367,2.3964579942399005,4.847331743138063,5.4955193280829135,0.0,0.5414336394497283,1.3862943611198906,0.0,2.9444389791664403,4.250300595919,1.0986122886681098,2.844363405836755
3.7184382563554808,2.5715004452706784,0.0,0.7363904919907761,2.5649493574615367,5.43217813425986,4.850466541943434,3.584866114259317,0.0,1.7388808910444957,1.3862943611198906,0.0,2.9444389791664403,4.372302703018595,1.0986122886681098,3.1136229078536877
3.708682081410116,4.297092776482572,0.0,1.072213982621154,2.5649493574615367,2.5474425085933134,4.853591544486569,6.636367730851794,0.0,1.6018415301807578,1.3862943611198906,0.5392337039198953,2.9444389791664403,4.363470008263118,1.0986122886681098,2.9271071490586715
3.6988297849671046,3.4492672383254757,0.0,1.7589418291802221,2.5649493574615367,3.6321118008128104,4.856706811803519,4.959483373076517,0.0,0.0,1.3862943611198906,0.0,2.9444389791664403,4.6599968750876135,1.0986122886681098,2.2853103418461247
3.6888794541139363,3.92619990930342,0.0,0.621205688903497,2.5649493574615367,2.146702023252553,4.859812404361672,4.614025578041128,0.0,0.0,1.3862943611198906,0.0,2.9444389791664403,2.742300600847251,1.0986122886681098,3.328925194429267
