S1151_Actual,S1151_Simulated
2.3978952727983707,3.1027931111671934
2.3978952727983707,2.668268541671908
2.3978952727983707,1.1014214720514888
2.3978952727983707,2.325489777893319
2.3978952727983707,3.17874828012364
2.3978952727983707,2.013372749808818
2.3978952727983707,1.8377123489031943
2.3978952727983707,3.1106143649142775
2.3978952727983707,2.666398896529151
2.3978952727983707,3.3526619757638176
2.3978952727983707,3.82191081420061
2.3978952727983707,3.547303296003976
