S1151_Actual,S1151_Simulated
2.3978952727983707,3.1027931111671934
2.3978952727983707,3.5120888842195037
2.3978952727983707,4.083049324395007
2.3978952727983707,5.022359155880876
2.3978952727983707,2.6737022312765366
2.3978952727983707,1.7084084053053785
2.3978952727983707,4.23893654616706
2.3978952727983707,3.2801213145408825
2.3978952727983707,3.998025372077969
2.3978952727983707,3.2640762532086134
2.3978952727983707,3.721721213643266
2.3978952727983707,3.609244302103696
