S1151_Actual,S1151_Simulated
2.3978952727983707,3.1027931111671934
2.3978952727983707,3.3277539024279204
2.3978952727983707,2.6946816244267207
2.3978952727983707,1.7915112478387383
2.3978952727983707,2.666976711016718
2.3978952727983707,4.45917707965204
2.3978952727983707,3.3971732777557615
2.3978952727983707,2.909058748758106
2.3978952727983707,2.201613716944478
2.3978952727983707,5.392846545904089
2.3978952727983707,3.5295728383584826
2.3978952727983707,3.8050073172943537
