S1151_Actual,S1151_Simulated
2.3978952727983707,3.1027931111671934
2.3978952727983707,3.8183089684099096
2.3978952727983707,1.3946292254355372
