RedundantThrowsDeclarationCheck_Actual,RedundantThrowsDeclarationCheck_Simulated,S00117_Actual,S00117_Simulated,S00108_Actual,S00108_Simulated,S1151_Actual,S1151_Simulated,S1132_Actual,S1132_Simulated
5.733341276897746,5.41314405009518,5.811140992976701,5.634506233527824,4.356708826689592,4.348547832773054,4.663439094112067,4.783498160118609,6.289715570908998,6.054502525136856
5.717027701406222,4.763155711183888,5.808142489980444,6.491896870721668,4.356708826689592,4.102639945325889,4.663439094112067,4.199469042505512,6.289715570908998,5.973742678805265
5.707110264748875,5.233175612360781,5.755742213586912,5.941859149833893,4.343805421853684,3.8247867635174337,4.672828834461906,4.5100015349010665,6.293419278846481,6.528868019722148
