S1213_Actual,S1213_Simulated,S00122_Actual,S00122_Simulated,S1488_Actual,S1488_Simulated,DuplicatedBlocks_Actual,DuplicatedBlocks_Simulated,S1226_Actual,S1226_Simulated,S00112_Actual,S00112_Simulated,S00108_Actual,S00108_Simulated,S1151_Actual,S1151_Simulated,S1132_Actual,S1132_Simulated
0.0367013668504281,0.8654164806904682,0.0,0.19170098661429782,0.0,0.051733357324998425,0.0,0.46172097945521134,0.0,0.11196008221551346,0.018519047767237597,0.46128570284664755,0.0,0.19702941544705932,0.018519047767237597,0.6025512276968152,0.0,0.5169270278182613
0.018519047767237697,1.2989217695856305,0.0,0.0,0.0,0.2534899334076359,0.0,0.0,0.0,0.0,0.009302392662313554,0.0,0.0,0.3154030961706459,0.009302392662313554,0.7577749589045112,0.0,0.8776305140972341
0.0,0.8102128116933512,0.0,0.0,0.0,0.13171134169857462,0.0,0.2414748656804641,0.0,0.41405366266418836,0.0,0.14761515123568597,0.0,0.7167100231035223,0.0,0.5361399837041894,0.0,0.30196716854399824
