S00117_Actual,S00117_Simulated,S1151_Actual,S1151_Simulated
1.791759469228055,1.733838094371798,2.3978952727983707,2.78853048893704
1.791759469228055,0.9554816819874578,2.3978952727983707,2.1686358723273598
1.791759469228055,1.9901359367907885,2.3978952727983707,3.2218019170168164
1.791759469228055,0.6126387707822625,2.3978952727983707,3.018452976426943
1.8718021769015913,2.5180059182310965,2.3978952727983707,3.807804106417145
1.9459101490553132,0.8211822316278927,2.3978952727983707,2.304928518104041
