RedundantThrowsDeclarationCheck_Actual,RedundantThrowsDeclarationCheck_Simulated,S1905_Actual,S1905_Simulated,UselessImportCheck_Actual,UselessImportCheck_Simulated,S00108_Actual,S00108_Simulated
4.962844630259907,5.103045554277688,2.5649493574615367,3.3928598908698673,4.2626798770413155,4.451906016607533,1.3862943611198906,1.6701743144112084
4.962844630259907,4.394429055058376,2.5649493574615367,4.7067672539329815,4.248495242049359,4.872501177648888,1.3862943611198906,2.02990334321513
