RedundantThrowsDeclarationCheck_Actual,RedundantThrowsDeclarationCheck_Simulated,S1905_Actual,S1905_Simulated,UselessImportCheck_Actual,UselessImportCheck_Simulated,S00108_Actual,S00108_Simulated
4.969813299576001,5.103045554277688,2.70805020110221,3.3928598908698673,4.127134385045092,4.451906016607533,1.3862943611198906,1.6701743144112084
4.962844630259907,3.6066651290545897,2.5649493574615367,2.5967821198495216,4.23410650459726,4.634150454455321,1.3862943611198906,1.8750978806522862
4.962844630259907,4.766119953434729,2.5649493574615367,4.0339783440509205,4.23410650459726,4.372450743092065,1.3862943611198906,1.8252328715630273
4.962844630259907,4.78843567644513,2.5649493574615367,3.5545534727192467,4.23410650459726,4.580951410329968,1.3862943611198906,1.863646761700653
4.962844630259907,4.903674265069019,2.5649493574615367,3.9408003666822324,4.2626798770413155,4.6185726466186106,1.3862943611198906,1.447092499073906
4.962844630259907,4.8564103487873265,2.5649493574615367,4.148118161326671,4.248495242049359,3.614885178165336,1.3862943611198906,1.8246439636830858
