S1488_Actual,S1488_Simulated,S1905_Actual,S1905_Simulated,UselessImportCheck_Actual,UselessImportCheck_Simulated,S00108_Actual,S00108_Simulated
3.258096538021482,3.1324916786314416,2.70805020110221,2.842322744116647,4.127134385045092,3.9462715619334965,1.3862943611198906,1.0310430254238616
3.5553480614894135,3.912315182213927,2.5649493574615367,1.3774904741999745,4.248495242049359,3.2409324138440443,1.3862943611198906,0.2168892347325717
3.5553480614894135,1.8274116896223982,2.5649493574615367,2.9401323562672017,4.23410650459726,5.446294669075237,1.3862943611198906,1.8514035290635968
