S1213_Actual,S1213_Simulated,S00117_Actual,S00117_Simulated,S00122_Actual,S00122_Simulated,DuplicatedBlocks_Actual,DuplicatedBlocks_Simulated,S1226_Actual,S1226_Simulated,S00112_Actual,S00112_Simulated,S1155_Actual,S1155_Simulated,S00108_Actual,S00108_Simulated,S1132_Actual,S1132_Simulated
4.442651256490317,3.9736462603351703,1.791759469228055,1.3000568012839122,2.5649493574615367,2.9404301144203595,3.295836866004329,2.3621206429605626,3.7612001156935624,2.945350239029016,3.6635616461296463,3.4455535302596,0.0,0.00845563664876762,1.6094379124341003,0.8320702696305738,1.6094379124341003,1.0863350080236112
4.454347296253507,3.775965760074912,1.791759469228055,1.1770534920740525,2.5649493574615367,0.3837749008516562,3.295836866004329,0.6571802999192826,3.7612001156935624,3.9484391303073822,3.7612001156935624,2.884208170912702,0.0,0.1898986457437046,1.6094379124341003,0.0,1.6094379124341003,1.7422937961284828
4.465908118654584,4.071392484012255,1.791759469228055,1.9558319615529043,2.5649493574615367,6.317247601998399,3.295836866004329,1.8910379572996956,3.7612001156935624,1.8588183685213493,3.7612001156935624,3.3374456486359865,0.0,0.0,1.6094379124341003,0.7189846952872967,1.6094379124341003,0.9088000495102053
4.473541743509655,4.227018898053398,1.8458266904983307,0.34953164473180376,2.5649493574615367,0.6860389267716287,3.295836866004329,3.7509850481202567,3.7689221617874726,3.665554368841224,3.784189633918261,4.3175364347666765,0.0,0.10740897500296943,1.6094379124341003,0.49738466043287444,1.6094379124341003,1.3307818752845522
4.481117537318112,4.524099669006385,1.8971199848858813,0.49180016137026805,2.5649493574615367,4.972210723214131,3.295836866004329,2.4027533854804677,3.7765850345330416,3.9260110981207523,3.8066624897703196,3.4723942377710166,0.0,0.13581708320318334,1.6094379124341003,1.0694703057328903,1.6094379124341003,0.9197847086015498
4.48863636973214,3.8158188749045108,1.9459101490553132,1.4141997395444408,2.5649493574615367,3.104076181729029,3.295836866004329,3.3795759339481313,3.784189633918261,3.6873428518821534,3.828641396489095,4.151676895330186,0.0,0.17926514160692425,1.6094379124341003,2.105752555039269,1.6094379124341003,0.7632488900784571
