S1488_Actual,S1488_Simulated,S1226_Actual,S1226_Simulated,S00112_Actual,S00112_Simulated,S1155_Actual,S1155_Simulated,S1151_Actual,S1151_Simulated,S1132_Actual,S1132_Simulated,S1481_Actual,S1481_Simulated
2.302585092994046,2.427345894429739,3.713572066704308,3.595057177045192,4.634728988229636,4.358025076129445,2.5649493574615367,2.5986783502196977,4.143134726391533,4.109089806957299,3.912023005428146,4.123671636980064,1.9459101490553132,2.6344328271877484
2.302585092994046,1.9154515255868862,3.713572066704308,3.557424546759712,4.634728988229636,4.456482509881805,2.5649493574615367,2.6008198381420566,4.143134726391533,4.046116539801936,3.912023005428146,4.1589795072423446,1.9459101490553132,2.467264057410374
2.302585092994046,2.9029390924548855,3.713572066704308,3.6208113404597895,4.634728988229636,4.286035345968913,2.5649493574615367,2.662815651625413,4.143134726391533,4.131995411533181,3.912023005428146,4.263527597620092,1.9459101490553132,2.941372854095964
2.302585092994046,2.932823893656048,3.713572066704308,3.577237999708359,4.634728988229636,4.660657413354499,2.5649493574615367,2.638585589061763,4.143134726391533,4.170464875492872,3.912023005428146,3.9386995036495853,1.9459101490553132,2.0661142475168517
2.302585092994046,2.3441522672139388,3.713572066704308,3.482249212891511,4.634728988229636,4.265222627722416,2.5649493574615367,2.590977770122236,4.143134726391533,4.02336918468013,3.912023005428146,4.118261144301576,1.9459101490553132,2.6844891066775216
2.302585092994046,2.970073385365327,3.713572066704308,3.555416576149958,4.634728988229636,4.594597248289887,2.5649493574615367,2.584446828964919,4.143134726391533,4.100915129754752,3.912023005428146,4.135336154212326,1.9459101490553132,2.032776436881514
