RedundantThrowsDeclarationCheck_Actual,RedundantThrowsDeclarationCheck_Simulated,S00117_Actual,S00117_Simulated,S1488_Actual,S1488_Simulated,S1226_Actual,S1226_Simulated,S00112_Actual,S00112_Simulated,S1155_Actual,S1155_Simulated,S1132_Actual,S1132_Simulated,S1481_Actual,S1481_Simulated
2.4849066497880004,3.5752879838039395,3.708682081410116,3.697392449979346,0.0,0.8754362755897771,2.5649493574615367,3.5879241157460826,4.853591544486569,4.276680021083757,0.0,1.7109182803350094,2.9444389791664403,4.1497156410950025,1.0986122886681098,3.437301328727192
2.4849066497880004,0.1866572217912168,3.6988297849671046,3.52458308877721,0.0,1.6630363975694191,2.5649493574615367,4.495909815540786,4.856706811803519,4.058091479877098,0.0,2.468130816742559,2.9444389791664403,3.19005277910621,1.0986122886681098,4.968016618597272
2.4849066497880004,3.50164689245497,3.6888794541139363,4.439138059190284,0.0,1.1338882349056987,2.5649493574615367,2.2872657524747657,4.859812404361672,3.317199736611588,0.0,1.688778576075377,2.9444389791664403,4.132016632816811,1.0986122886681098,4.695637117846241
