DuplicatedBlocks_Actual,DuplicatedBlocks_Simulated,S00112_Actual,S00112_Simulated,S1132_Actual,S1132_Simulated
2.302585092994046,3.347618273965604,4.855928904335275,4.297647226198552,2.9444389791664403,4.16307628472785
2.302585092994046,1.5863255501497426,4.857225080796721,3.6985069388961094,2.9444389791664403,2.700790003437028
2.302585092994046,1.9828521269234476,4.858519579359367,3.000116505915913,2.9444389791664403,3.947377899420425
2.302585092994046,4.312436280636749,4.859812404361672,3.7309100299001687,2.9444389791664403,3.563101373197261
2.302585092994046,5.021042165919256,4.90527477843843,4.048779454297631,2.9444389791664403,1.7501854559117271
2.302585092994046,5.392403082249448,4.948759890378168,3.474190056504785,2.9444389791664403,4.973452445063181
