S00117_Actual,S00117_Simulated
1.791759469228055,1.3003772873935853
1.791759469228055,1.7717878161079057
1.791759469228055,0.16971582255381001
1.791759469228055,2.337945191326373
1.791759469228055,1.0424938897763805
1.791759469228055,0.8559534239993812
1.791759469228055,1.7368106834053492
1.791759469228055,0.9488511101811141
1.791759469228055,1.6693306567912918
1.791759469228055,1.6713688015547827
1.8718021769015913,2.2308546140911254
1.9459101490553132,0.0
