S00117_Actual,S00117_Simulated
1.791759469228055,1.3003772873935853
1.791759469228055,0.6510675282772155
1.791759469228055,0.04573762226850753
1.791759469228055,1.276646678945459
1.791759469228055,1.8156599850745168
1.791759469228055,1.4932563612442105
1.791759469228055,1.1948914225741472
1.791759469228055,0.0609153294820004
1.791759469228055,0.3092886084746852
1.791759469228055,1.6762288654996347
1.8718021769015913,0.3812516080610989
1.9459101490553132,0.7665842478198412
