S00117_Actual,S00117_Simulated
1.791759469228055,1.3003772873935853
1.791759469228055,1.2312580762106786
1.791759469228055,3.8643464888758325
1.791759469228055,2.5399907854409247
1.8718021769015913,1.1030576411796176
1.9459101490553132,0.7807710828355161
