,Actual_last_5_vals,Simulated_0,Simulated_1,Simulated_2,Simulated_3,Simulated_4,Simulated_5,Simulated_6,Simulated_7,Simulated_8,Simulated_9,Simulated_10,Simulated_11,Simulated_12,Simulated_13,Simulated_14,Simulated_15,Simulated_16,Simulated_17,Simulated_18,Simulated_19,Simulated_20,Simulated_21,Simulated_22,Simulated_23,Simulated_24,Simulated_25,Simulated_26,Simulated_27,Simulated_28,Simulated_29
150,55494.0,,,,,,,,,,,,,,,,,,,,,,,,,,,,,,
151,55513.0,,,,,,,,,,,,,,,,,,,,,,,,,,,,,,
152,55532.0,,,,,,,,,,,,,,,,,,,,,,,,,,,,,,
153,55551.0,,,,,,,,,,,,,,,,,,,,,,,,,,,,,,
154,55570.0,,,,,,,,,,,,,,,,,,,,,,,,,,,,,,
155,,47967.81308991119,47967.81308991119,47967.81308991119,47967.81308991119,47967.81308991119,47967.81308991119,47967.81308991119,47967.81308991119,47967.81308991119,47967.81308991119,47967.81308991119,47967.81308991119,47967.81308991119,47967.81308991119,47967.81308991119,47967.81308991119,47967.81308991119,47967.81308991119,47967.81308991119,47967.81308991119,47967.81308991119,47967.81308991119,47967.81308991119,47967.81308991119,47967.81308991119,47967.81308991119,47967.81308991119,47967.81308991119,47967.81308991119,47967.81308991119
156,,36360.99574043796,62409.25191085525,33012.87159292468,45222.07281784434,52000.52288351668,31359.743627678654,64122.756521353964,28636.934617919185,43054.20340537919,71659.79853831761,57694.2387927001,41840.01364123642,74377.69897735992,28364.39793872439,56220.28023473783,33623.96232136603,34866.75768252716,38371.090418892156,39574.57068792302,49138.524324189464,60178.806054320536,27782.016401861783,40996.28932014242,17001.235390606278,52906.77963241315,36128.54649101643,85130.15265073793,43030.88467996316,74619.95347774669,49379.518549915316
157,,30195.623325091223,9263.496184157799,64055.33085659156,39163.36721849966,25351.701365955385,75328.18029802242,59529.35122750914,67023.26012122836,49122.44574051131,68387.59519847084,31162.0248065777,46612.21670515748,59864.616284617834,55173.72190205932,57021.692709377305,52140.087713757,72804.02324173333,43491.79675867777,55124.124057568304,28590.880756299208,55961.20438173543,30167.17048191871,49899.739000107125,40279.911873172125,27142.09521564979,32760.7896416773,47129.05789752972,66918.94570532376,42581.081485553455,33154.6890918442
