RedundantThrowsDeclarationCheck_Actual,RedundantThrowsDeclarationCheck_Simulated,S00122_Actual,S00122_Simulated,S1905_Actual,S1905_Simulated,UselessImportCheck_Actual,UselessImportCheck_Simulated,DuplicatedBlocks_Actual,DuplicatedBlocks_Simulated,S1226_Actual,S1226_Simulated,S1155_Actual,S1155_Simulated,S1151_Actual,S1151_Simulated,S1481_Actual,S1481_Simulated
0.0,0.13061218153693147,0.0,0.19903756679548096,0.0,0.0627247989161265,0.23270468455819335,2.067760709232467,0.0,0.4722537343060408,0.0,0.11086315715662766,0.0,0.05140755755911177,0.021599111803461798,0.6143608525794846,0.021599111803461798,0.794859720905366
0.0,0.0,0.0,0.13078658664386547,0.0,0.1793223904043228,0.19029550263309924,2.361392675173605,0.0,1.1042440416141712,0.0,0.0,0.0,0.0,0.017316450011460875,0.6734583687486613,0.017316450011460875,0.9185227650518945
0.0,0.0,0.0,0.2839049474667949,0.0,0.4732942787212119,0.1460078224319825,3.1508031654862627,0.0,1.3012046426129522,0.0,0.0,0.0,0.0,0.0130153681120703,0.08891869771352245,0.0130153681120703,0.0
0.0,1.0241326796114512,0.0,0.0,0.0,0.0,0.09966748517328153,0.41465430931400493,0.0,2.7256135069239416,0.0,0.23843042958247673,0.0,0.0,0.008695706967553821,0.7904271556954477,0.008695706967553821,0.8377127281297679
0.0,0.0,0.0,0.486247225916535,0.0,0.3405422541590447,0.05107492993641579,2.1896745609027572,0.0,0.01588199015999825,0.0,0.0,0.0,0.30791437789924025,0.00435730536895569,0.06088962274403753,0.00435730536895569,0.8881944739908062
0.0,0.20483530856590468,0.0,0.0,0.0,0.49290706316622435,0.0,2.6542473168288443,0.0,0.9997021572167024,0.0,0.2582590199284988,0.0,0.22022418871698118,0.0,0.6084954100490834,0.0,0.5323683716130623
