RedundantThrowsDeclarationCheck_Actual,RedundantThrowsDeclarationCheck_Simulated,S00122_Actual,S00122_Simulated,S1905_Actual,S1905_Simulated,UselessImportCheck_Actual,UselessImportCheck_Simulated,DuplicatedBlocks_Actual,DuplicatedBlocks_Simulated,S1226_Actual,S1226_Simulated,S1155_Actual,S1155_Simulated,S1151_Actual,S1151_Simulated,S1481_Actual,S1481_Simulated
0.0,0.13061218153693147,0.0,0.19903756679548096,0.0,0.0627247989161265,0.23270468455819335,2.067760709232467,0.0,0.4722537343060408,0.0,0.11086315715662766,0.0,0.05140755755911177,0.021599111803461798,0.6143608525794846,0.021599111803461798,0.794859720905366
0.0,0.2373940834923751,0.0,0.0,0.0,0.15364459317302892,0.19029550263309924,0.8920175143838394,0.0,1.4787839568020704,0.0,0.0,0.0,0.25956991728392304,0.017316450011460875,0.8408092747155305,0.017316450011460875,0.8678245811883595
0.0,0.07762589313623322,0.0,0.44280203918051925,0.0,0.0,0.1460078224319825,2.180107320000005,0.0,0.0,0.0,0.0,0.0,0.19168687804605483,0.0130153681120703,0.508817273910687,0.0130153681120703,0.9410066256470724
0.0,0.532900467498942,0.0,0.5049327447667197,0.0,0.9332911626516802,0.09966748517328153,2.631178739780976,0.0,1.7902249950321245,0.0,0.0,0.0,0.12379155554933854,0.008695706967553821,1.1117723737815615,0.008695706967553821,0.5709660105893231
0.0,0.028220755548069243,0.0,0.029988470202181983,0.0,0.0,0.05107492993641579,0.5719096986310495,0.0,1.3049021666502028,0.0,0.0,0.0,0.1469691086435492,0.00435730536895569,0.0,0.00435730536895569,0.6718314090964377
0.0,0.0,0.0,0.0,0.0,0.5874758766831869,0.0,3.2599735301941255,0.0,0.6825898468282825,0.0,0.08953906031411617,0.0,0.39727125359346865,0.0,0.8701697745206782,0.0,2.0747637958028253
