RedundantThrowsDeclarationCheck_Actual,RedundantThrowsDeclarationCheck_Simulated,UselessImportCheck_Actual,UselessImportCheck_Simulated,DuplicatedBlocks_Actual,DuplicatedBlocks_Simulated,S00112_Actual,S00112_Simulated,S1155_Actual,S1155_Simulated,S00108_Actual,S00108_Simulated,S1151_Actual,S1151_Simulated,S1132_Actual,S1132_Simulated,S1481_Actual,S1481_Simulated
3.367295829986474,3.182826244321462,0.0,1.0120744067826586,3.784189633918261,3.1131672510296626,5.181783550292085,3.495480419818657,1.3862943611198906,1.4002786624897638,4.844187086458591,4.465479026967496,0.6931471805599453,0.3168034653383228,3.044522437723423,2.3619558113018173,0.0,1.1044258036092558
3.367295829986474,3.4277355138355374,0.0,2.8473720216197727,3.784189633918261,3.178886105395218,5.181783550292085,5.093151057931054,1.3862943611198906,1.7965833407508924,4.844187086458591,4.925123340949939,0.6931471805599453,0.10501667830432668,3.044522437723423,2.5983292112833776,0.0,1.1227351017244467
3.367295829986474,3.46083263028098,0.0,0.4948397595907533,3.784189633918261,3.336537650408304,5.181783550292085,2.6492003955639447,1.3862943611198906,1.4625866569948391,4.844187086458591,3.8620411891997093,0.6931471805599453,0.21720134903421107,3.044522437723423,1.8439965185134546,0.0,0.19465463645648273
