RedundantThrowsDeclarationCheck_Actual,RedundantThrowsDeclarationCheck_Simulated,UselessImportCheck_Actual,UselessImportCheck_Simulated,DuplicatedBlocks_Actual,DuplicatedBlocks_Simulated,S00112_Actual,S00112_Simulated,S1155_Actual,S1155_Simulated,S00108_Actual,S00108_Simulated,S1151_Actual,S1151_Simulated,S1132_Actual,S1132_Simulated,S1481_Actual,S1481_Simulated
3.367295829986474,3.182826244321462,0.0,1.0120744067826586,3.784189633918261,3.1131672510296626,5.181783550292085,3.495480419818657,1.3862943611198906,1.4002786624897638,4.844187086458591,4.465479026967496,0.6931471805599453,0.3168034653383228,3.044522437723423,2.3619558113018173,0.0,1.1044258036092558
3.367295829986474,2.9846831373513303,0.0,3.369689142479679,3.784189633918261,2.569121487415713,5.181783550292085,4.027317821411761,1.3862943611198906,2.0740036720602806,4.844187086458591,4.758764873140607,0.6931471805599453,0.0,3.044522437723423,2.069575464676025,0.0,0.8660672637972912
3.367295829986474,3.6290878681054224,0.0,0.81732072849149,3.784189633918261,4.886822607724616,5.181783550292085,4.033820217766514,1.3862943611198906,1.9711081058025925,4.844187086458591,4.880127439987054,0.6931471805599453,0.10768197123818515,3.044522437723423,2.3233659844701147,0.0,0.19914979640120112
