S1213_Actual,S1213_Simulated,RedundantThrowsDeclarationCheck_Actual,RedundantThrowsDeclarationCheck_Simulated,S1488_Actual,S1488_Simulated,S1905_Actual,S1905_Simulated,S1226_Actual,S1226_Simulated,S00112_Actual,S00112_Simulated,S1151_Actual,S1151_Simulated,S1132_Actual,S1132_Simulated,S1481_Actual,S1481_Simulated
5.448173122092414,5.315746943612542,3.1354942159291497,3.5351683455796343,2.268683541318364,2.3448650609869333,0.6931471805599453,2.6336389706392938,3.721669276936927,3.8233103768142858,3.091042453358316,2.431549945789797,3.258096538021482,2.7244619324435924,3.5553480614894135,3.4205118984428196,1.9459101490553132,3.001156803470868
5.438079308923196,4.8361644565687,3.1354942159291497,3.284461712405054,2.1972245773362196,1.6779573371913048,0.6931471805599453,4.528797731216123,3.713572066704308,2.6270307063171137,3.091042453358316,2.166391089913615,3.258096538021482,3.9120617877572794,3.5553480614894135,2.667776037581101,1.9459101490553132,1.3985896593184008
5.438079308923196,6.161417182852727,3.1354942159291497,3.6227649051287716,2.1972245773362196,2.331341580009082,0.6931471805599453,3.6608739513355966,3.713572066704308,2.9269783076705718,3.091042453358316,2.2835297814551465,3.258096538021482,2.561645193377177,3.5553480614894135,3.856484046704143,1.9459101490553132,2.3035909900766
5.438079308923196,5.441955133734614,3.1354942159291497,2.859183193529344,2.1972245773362196,2.2594425235202484,0.6931471805599453,4.675318282740145,3.713572066704308,3.175881646014842,3.091042453358316,3.071524011498351,3.258096538021482,1.3083752738360162,3.5553480614894135,3.0804925663521336,1.9459101490553132,0.47726628364244306
5.438079308923196,4.668018459643872,3.1354942159291497,3.6497252633373978,2.1972245773362196,2.2091010887042866,0.6931471805599453,0.09907196778236882,3.713572066704308,2.9635590945748476,3.091042453358316,3.6181755497859447,3.258096538021482,2.5856632212951762,3.5553480614894135,3.8869304523636945,1.9459101490553132,1.5624739272984425
5.438079308923196,4.955651193313323,3.1354942159291497,3.049354360689679,2.1972245773362196,2.782439545145551,0.6931471805599453,2.505093448765593,3.713572066704308,3.6804645994217635,3.091042453358316,3.7267467509417207,3.258096538021482,2.1555622157546397,3.5553480614894135,3.171097242544835,1.9459101490553132,2.3719650413106894
