S00117_Actual,S00117_Simulated,S00112_Actual,S00112_Simulated,S00108_Actual,S00108_Simulated,S1151_Actual,S1151_Simulated,S1132_Actual,S1132_Simulated
5.811140992976701,5.634506233527824,5.739792912179234,5.480459152123185,4.356708826689592,4.348547832773054,4.663439094112067,4.783498160118609,6.289715570908998,6.054502525136856
5.808142489980444,5.801442269164977,5.726847747587197,5.4046781940308914,4.356708826689592,3.52826514071035,4.663439094112067,5.643945635918099,6.289715570908998,6.994455968418088
5.755742213586912,5.9282264058007215,5.755742213586912,5.389089084258236,4.343805421853684,5.19111721334721,4.672828834461906,4.459578768954059,6.293419278846481,5.873963755131722
