S00117_Actual,S00117_Simulated,S00112_Actual,S00112_Simulated,S00108_Actual,S00108_Simulated,S1151_Actual,S1151_Simulated,S1132_Actual,S1132_Simulated
5.823045895483019,5.634506233527824,5.968707559985366,5.480459152123185,4.406719247264253,4.348547832773054,4.663439094112067,4.783498160118609,6.315358001522335,6.054502525136856
5.811140992976701,5.890328071029315,5.983936280687191,5.026613584596871,4.382026634673881,3.9889641657537087,4.663439094112067,4.706550015723942,6.311734809152915,6.071858459085395
5.811140992976701,5.498250894643383,5.726847747587197,6.156229711091093,4.356708826689592,3.8555007858528336,4.663439094112067,4.651080448430221,6.2878585601617845,5.7830571112615345
5.811140992976701,5.500454249179169,5.739792912179234,5.338198173040866,4.356708826689592,4.660505559760927,4.663439094112067,5.702789517348312,6.289715570908998,6.2495537227775815
5.808142489980444,5.692051552870858,5.726847747587197,5.594622517725125,4.356708826689592,5.140454758694442,4.663439094112067,5.077050808630027,6.289715570908998,6.2354300409316386
5.755742213586912,6.14149564624916,5.755742213586912,5.119466948539575,4.343805421853684,4.617417325474947,4.672828834461906,5.074952164179343,6.293419278846481,6.9541995539280546
