S00117_Actual,S00117_Simulated,S00112_Actual,S00112_Simulated,S00108_Actual,S00108_Simulated,S1151_Actual,S1151_Simulated,S1132_Actual,S1132_Simulated
5.823045895483019,5.634506233527824,5.968707559985366,5.480459152123185,4.406719247264253,4.348547832773054,4.663439094112067,4.783498160118609,6.315358001522335,6.054502525136856
5.811140992976701,6.043371156742392,5.983936280687191,5.110810337227128,4.382026634673881,3.5398184620593622,4.663439094112067,3.886153911044165,6.311734809152915,6.201255568191065
5.811140992976701,5.372697992087224,5.726847747587197,4.465858324957748,4.356708826689592,3.583820503498208,4.663439094112067,4.843864352953082,6.2878585601617845,5.749696508418829
5.811140992976701,6.004131747566826,5.739792912179234,6.479671443207413,4.356708826689592,4.2344541928712935,4.663439094112067,5.175075592030973,6.289715570908998,5.430071315124781
5.808142489980444,5.538521642616986,5.726847747587197,5.995676496821693,4.356708826689592,4.110183654621987,4.663439094112067,5.77487985120687,6.289715570908998,6.417142163121883
5.755742213586912,5.372461432146037,5.755742213586912,6.069636306834504,4.343805421853684,3.915087130203026,4.672828834461906,4.169067516400548,6.293419278846481,6.8328706872568965
