S00117_Actual,S00117_Simulated,S00112_Actual,S00112_Simulated,S00108_Actual,S00108_Simulated,S1151_Actual,S1151_Simulated,S1132_Actual,S1132_Simulated
5.823045895483019,5.634506233527824,5.968707559985366,5.480459152123185,4.406719247264253,4.348547832773054,4.663439094112067,4.783498160118609,6.315358001522335,6.054502525136856
5.811140992976701,6.287476377055635,5.983936280687191,5.149800245811056,4.382026634673881,4.012548715542673,4.663439094112067,4.241261746005602,6.311734809152915,6.5958578558602605
5.811140992976701,5.39790991676603,5.726847747587197,5.09876985749318,4.356708826689592,4.158510087006413,4.663439094112067,5.433640656611223,6.2878585601617845,7.0246931573606695
5.811140992976701,5.875088421261246,5.739792912179234,4.131174435866367,4.356708826689592,4.401858356263129,4.663439094112067,5.3338030172945965,6.289715570908998,6.589202438222336
5.808142489980444,5.342016323279942,5.726847747587197,6.375063383403333,4.356708826689592,4.001895309252076,4.663439094112067,4.701032884679663,6.289715570908998,6.509885248624717
5.755742213586912,6.029854866431112,5.755742213586912,5.208825648225828,4.343805421853684,3.6656801470363956,4.672828834461906,5.750781409004462,6.293419278846481,6.124595116512622
