S00117_Actual,S00117_Simulated,S00112_Actual,S00112_Simulated,S00108_Actual,S00108_Simulated,S1151_Actual,S1151_Simulated,S1132_Actual,S1132_Simulated
5.823045895483019,5.634506233527824,5.968707559985366,5.480459152123185,4.406719247264253,4.348547832773054,4.663439094112067,4.783498160118609,6.315358001522335,6.054502525136856
5.811140992976701,5.193078339883129,5.983936280687191,5.384125633069193,4.382026634673881,4.209313590178854,4.663439094112067,4.588372910276726,6.311734809152915,4.87462531673
5.811140992976701,5.58751971781716,5.726847747587197,5.517081820852387,4.356708826689592,4.286948301682629,4.663439094112067,5.451515683899873,6.2878585601617845,5.789404317635398
5.811140992976701,5.378147366408143,5.739792912179234,5.365716180875725,4.356708826689592,5.173479063985048,4.663439094112067,4.996062198709902,6.289715570908998,5.96820907067763
5.808142489980444,5.01174394672287,5.726847747587197,6.0919871917442485,4.356708826689592,4.711082304645147,4.663439094112067,3.926330775827418,6.289715570908998,5.465221984196237
5.755742213586912,6.127341017397146,5.755742213586912,5.8688295262341805,4.343805421853684,3.782494210899835,4.672828834461906,4.066566249114159,6.293419278846481,6.450753830703324
