S1488_Actual,S1488_Simulated,DuplicatedBlocks_Actual,DuplicatedBlocks_Simulated,S00112_Actual,S00112_Simulated
0.0,0.8908388900930552,2.302585092994046,3.347618273965604,4.90527477843843,4.297647226198552
0.0,2.0917016453876913,2.302585092994046,3.395037438929018,4.948759890378168,3.3067767616583907
