S1213_Actual,S1213_Simulated,S1488_Actual,S1488_Simulated,S1226_Actual,S1226_Simulated,S00112_Actual,S00112_Simulated,S1155_Actual,S1155_Simulated,S1151_Actual,S1151_Simulated,S1132_Actual,S1132_Simulated,S1481_Actual,S1481_Simulated
6.232229699772011,5.458177381211143,2.302585092994046,2.5639136752782763,3.713572066704308,3.612707620117435,4.634728988229636,4.513232538445416,2.5649493574615367,2.5649445329033713,4.143134726391533,4.136614547411909,3.912023005428146,4.146989142702191,1.9459101490553132,2.1034097347123786
6.2324480165505225,4.81447193160923,2.302585092994046,2.20812033577646,3.713572066704308,3.663154582894585,4.634728988229636,4.422719212363288,2.5649493574615367,2.5649414263287853,4.143134726391533,4.14087250418665,3.912023005428146,4.1587934111644955,1.9459101490553132,1.753074634466274
