S1213_Actual,S1213_Simulated,S1488_Actual,S1488_Simulated,S1226_Actual,S1226_Simulated,S00112_Actual,S00112_Simulated,S1155_Actual,S1155_Simulated,S1151_Actual,S1151_Simulated,S1132_Actual,S1132_Simulated,S1481_Actual,S1481_Simulated
6.231355955723415,5.458177381211143,2.302585092994046,2.5639136752782763,3.713572066704308,3.612707620117435,4.634728988229636,4.513232538445416,2.5649493574615367,2.5649445329033713,4.143134726391533,4.136614547411909,3.912023005428146,4.146989142702191,1.9459101490553132,2.1034097347123786
6.231574463317423,5.75927920348041,2.302585092994046,2.4662543813315025,3.713572066704308,3.652021867701995,4.634728988229636,4.55418892109637,2.5649493574615367,2.5649519387375124,4.143134726391533,4.139053624120495,3.912023005428146,4.166420120317592,1.9459101490553132,1.5133376206632416
6.231792923176292,6.040688134357091,2.302585092994046,2.638660135170982,3.713572066704308,3.571135464653751,4.634728988229636,4.517868606371662,2.5649493574615367,2.5649411848614547,4.143134726391533,4.14519995074776,3.912023005428146,4.113670334710583,1.9459101490553132,1.5145971152473425
6.232011335320876,6.019100355792193,2.302585092994046,2.1774510136148186,3.713572066704308,3.63017355708778,4.634728988229636,4.478428552627758,2.5649493574615367,2.564942211123024,4.143134726391533,4.119635952320079,3.912023005428146,4.284993810781888,1.9459101490553132,2.818580261625327
6.232229699772011,4.990915323675333,2.302585092994046,2.4364401254573735,3.713572066704308,3.5773226997732785,4.634728988229636,4.674808519728694,2.5649493574615367,2.564946011218214,4.143134726391533,4.124620753011229,3.912023005428146,4.192369683053654,1.9459101490553132,1.7431039446149748
6.2324480165505225,5.631162360787893,2.302585092994046,2.6740088075775814,3.713572066704308,3.5935437515350106,4.634728988229636,4.449811897390246,2.5649493574615367,2.5649378098269517,4.143134726391533,4.1364229955461775,3.912023005428146,4.240826396007225,1.9459101490553132,1.6467685203699813
