S1213_Actual,S1213_Simulated,S1488_Actual,S1488_Simulated,S1226_Actual,S1226_Simulated,S00112_Actual,S00112_Simulated,S1155_Actual,S1155_Simulated,S1151_Actual,S1151_Simulated,S1132_Actual,S1132_Simulated,S1481_Actual,S1481_Simulated
6.231355955723415,5.458177381211143,2.302585092994046,2.5639136752782763,3.713572066704308,3.612707620117435,4.634728988229636,4.513232538445416,2.5649493574615367,2.5649445329033713,4.143134726391533,4.136614547411909,3.912023005428146,4.146989142702191,1.9459101490553132,2.1034097347123786
6.231574463317423,6.042198861425047,2.302585092994046,2.770046092098633,3.713572066704308,3.541278877170522,4.634728988229636,4.494859946053112,2.5649493574615367,2.5649373579262784,4.143134726391533,4.137250172030194,3.912023005428146,4.016938213765632,1.9459101490553132,2.049451577100422
6.231792923176292,5.050657198446448,2.302585092994046,2.4674298090562443,3.713572066704308,3.6801498996789275,4.634728988229636,4.4400676911564405,2.5649493574615367,2.564944822629503,4.143134726391533,4.130628646059628,3.912023005428146,3.9429968212417994,1.9459101490553132,2.3902232172398525
6.232011335320876,5.442516898194734,2.302585092994046,2.609105014056295,3.713572066704308,3.6667521883335583,4.634728988229636,4.514766348719351,2.5649493574615367,2.564940893646323,4.143134726391533,4.156350552328489,3.912023005428146,4.093382588886696,1.9459101490553132,1.2738958812764571
6.232229699772011,5.601709371097601,2.302585092994046,2.5071322967733463,3.713572066704308,3.6465134002589927,4.634728988229636,4.541319534854172,2.5649493574615367,2.5649417103057646,4.143134726391533,4.139121133647753,3.912023005428146,3.902716217569346,1.9459101490553132,2.274907604430294
6.2324480165505225,5.2732296116732345,2.302585092994046,2.6969470875035824,3.713572066704308,3.5933890346714494,4.634728988229636,4.352709043544777,2.5649493574615367,2.5649423568206835,4.143134726391533,4.140426123934315,3.912023005428146,4.1259016839735665,1.9459101490553132,1.8948870514571106
