RedundantThrowsDeclarationCheck_Actual,RedundantThrowsDeclarationCheck_Simulated,S1488_Actual,S1488_Simulated,S1905_Actual,S1905_Simulated,S00108_Actual,S00108_Simulated
4.6913478822291435,5.112958552709485,3.258096538021482,3.1324916786314416,2.70805020110221,2.842322744116647,1.3862943611198906,1.0310430254238616
4.955827057601261,3.529197993705355,3.258096538021482,3.4295142252115296,2.70805020110221,6.230309300262547,1.3862943611198906,0.09207677109119183
4.969813299576001,5.508132538834215,3.258096538021482,3.842687470823429,2.70805020110221,0.0,1.3862943611198906,0.0
4.969813299576001,5.235829021071651,3.258096538021482,5.298156280158086,2.70805020110221,2.048542956992243,1.3862943611198906,2.0549431030493035
4.962844630259907,4.42646852944352,3.5553480614894135,4.406135603041442,2.5649493574615367,2.8183504773395467,1.3862943611198906,0.9080413458319929
4.962844630259907,4.800947842211275,3.5553480614894135,5.188928004324149,2.5649493574615367,0.0,1.3862943611198906,1.2881796337083193
