RedundantThrowsDeclarationCheck_Actual,RedundantThrowsDeclarationCheck_Simulated,S1488_Actual,S1488_Simulated,S1905_Actual,S1905_Simulated,S00108_Actual,S00108_Simulated
4.6913478822291435,5.112958552709485,3.258096538021482,3.1324916786314416,2.70805020110221,2.842322744116647,1.3862943611198906,1.0310430254238616
4.955827057601261,4.12400197811766,3.258096538021482,3.37528799384342,2.70805020110221,2.0096603402121587,1.3862943611198906,2.0245427037724197
4.969813299576001,4.862180643251126,3.258096538021482,0.0,2.70805020110221,0.8934519701711934,1.3862943611198906,0.9526993372968525
4.969813299576001,6.962267175593749,3.258096538021482,3.6823898656134575,2.70805020110221,3.3826397914784634,1.3862943611198906,0.8664483866696234
4.962844630259907,5.357469448374022,3.5553480614894135,1.121007318238696,2.5649493574615367,5.651752950569078,1.3862943611198906,2.058471812702477
4.962844630259907,4.5685632108744585,3.5553480614894135,5.1377033103085665,2.5649493574615367,2.4714646289899105,1.3862943611198906,0.8015690224020402
