S1213_Actual,S1213_Simulated,RedundantThrowsDeclarationCheck_Actual,RedundantThrowsDeclarationCheck_Simulated,S00117_Actual,S00117_Simulated,S00122_Actual,S00122_Simulated,DuplicatedBlocks_Actual,DuplicatedBlocks_Simulated,S1226_Actual,S1226_Simulated,S00112_Actual,S00112_Simulated,S1155_Actual,S1155_Simulated,S00108_Actual,S00108_Simulated,S1132_Actual,S1132_Simulated
4.442651256490317,3.9736462603351703,1.0986122886681098,0.7506859406485378,1.791759469228055,1.3000568012839122,2.5649493574615367,2.9404301144203595,3.295836866004329,2.3621206429605626,3.7612001156935624,2.945350239029016,3.6635616461296463,3.4455535302596,0.0,0.00845563664876762,1.6094379124341003,0.8320702696305738,1.6094379124341003,1.0863350080236112
4.454347296253507,3.402651396580783,1.0986122886681098,0.787597355777758,1.791759469228055,2.4653438007274096,2.5649493574615367,4.499272472168913,3.295836866004329,1.4138893065476583,3.7612001156935624,1.98647315574755,3.7612001156935624,3.651076468909433,0.0,0.0,1.6094379124341003,0.8759508310398345,1.6094379124341003,1.0030885534356928
4.465908118654584,4.646914908328674,1.0986122886681098,0.4026276687706254,1.791759469228055,1.2046354802698298,2.5649493574615367,1.7917385967764672,3.295836866004329,2.6720744319983085,3.7612001156935624,2.683977405824723,3.7612001156935624,3.586807753976628,0.0,0.0,1.6094379124341003,0.9066656777302177,1.6094379124341003,1.2804113090002636
4.473541743509655,4.224016891761214,1.0986122886681098,0.5262564086904407,1.8458266904983307,0.8966622959605018,2.5649493574615367,3.9277203916800194,3.295836866004329,3.138512667115799,3.7689221617874726,3.042713257739797,3.784189633918261,4.848492575152876,0.0,0.0,1.6094379124341003,0.7373906052481046,1.6094379124341003,1.2778691590065394
4.481117537318112,3.867508486244758,1.0986122886681098,1.325999262613848,1.8971199848858813,1.5837395906637126,2.5649493574615367,2.4687067825181606,3.295836866004329,2.4750711675083252,3.7765850345330416,3.4106832726530083,3.8066624897703196,4.510486677045085,0.0,0.09306301855861016,1.6094379124341003,1.303664301891329,1.6094379124341003,2.3399475814973383
4.48863636973214,4.055213714331557,1.0986122886681098,1.5354561129574833,1.9459101490553132,0.7589266267434003,2.5649493574615367,2.315461680509569,3.295836866004329,3.279612481916902,3.784189633918261,1.5937195702590126,3.828641396489095,3.976155916542669,0.0,1.376754509184279e-05,1.6094379124341003,1.1053575299404368,1.6094379124341003,1.6064373513161079
