RedundantThrowsDeclarationCheck_Actual,RedundantThrowsDeclarationCheck_Simulated,S1905_Actual,S1905_Simulated,UselessImportCheck_Actual,UselessImportCheck_Simulated,S00108_Actual,S00108_Simulated
4.969813299576001,5.112958552709485,2.70805020110221,2.842322744116647,4.127134385045092,3.9462715619334965,1.3862943611198906,1.0310430254238616
4.962844630259907,4.449978830969505,2.5649493574615367,2.7429831950121537,4.248495242049359,5.704613330430584,1.3862943611198906,1.925230431863599
4.962844630259907,4.193180014409966,2.5649493574615367,2.949093036780417,4.23410650459726,3.580094282834498,1.3862943611198906,0.5166354517035979
