RedundantThrowsDeclarationCheck_Actual,RedundantThrowsDeclarationCheck_Simulated,S1905_Actual,S1905_Simulated,UselessImportCheck_Actual,UselessImportCheck_Simulated,S00108_Actual,S00108_Simulated
4.6913478822291435,5.112958552709485,2.70805020110221,2.842322744116647,4.574710978503383,3.9462715619334965,1.3862943611198906,1.0310430254238616
4.955827057601261,5.441912736616318,2.70805020110221,0.05819638231757862,3.970291913552122,3.1707482109818916,1.3862943611198906,0.7933774467859434
4.969813299576001,6.046631351744914,2.70805020110221,1.6435345681192306,4.143134726391533,3.494775766812877,1.3862943611198906,0.0
4.969813299576001,3.9527907532976823,2.70805020110221,1.0595158670720022,4.127134385045092,4.5307444311348934,1.3862943611198906,1.7454871324356631
4.962844630259907,3.685549809590797,2.5649493574615367,3.330117047557286,4.248495242049359,2.31947851851164,1.3862943611198906,0.36485125441653476
4.962844630259907,6.043583950632838,2.5649493574615367,3.947840767854092,4.23410650459726,4.714947358750308,1.3862943611198906,0.16958229415069725
