RedundantThrowsDeclarationCheck_Actual,RedundantThrowsDeclarationCheck_Simulated,S1905_Actual,S1905_Simulated,UselessImportCheck_Actual,UselessImportCheck_Simulated,S00108_Actual,S00108_Simulated
4.6913478822291435,5.112958552709485,2.70805020110221,2.842322744116647,4.574710978503383,3.9462715619334965,1.3862943611198906,1.0310430254238616
4.955827057601261,5.229772702937871,2.70805020110221,2.815534451844747,3.970291913552122,4.6561059732584615,1.3862943611198906,0.38807295952301113
4.969813299576001,3.839867401062914,2.70805020110221,4.380484311490987,4.143134726391533,4.2694510920175714,1.3862943611198906,1.7485875867695013
4.969813299576001,5.910011855136874,2.70805020110221,3.339434124939014,4.127134385045092,4.289362575302717,1.3862943611198906,2.0111333942379566
4.962844630259907,4.180604081007705,2.5649493574615367,2.354133098004019,4.248495242049359,3.2459211224556155,1.3862943611198906,1.2557907759428844
4.962844630259907,6.11760585034143,2.5649493574615367,5.125748427669263,4.23410650459726,3.590937491046691,1.3862943611198906,1.0381727518957742
