RedundantThrowsDeclarationCheck_Actual,RedundantThrowsDeclarationCheck_Simulated,S1905_Actual,S1905_Simulated,UselessImportCheck_Actual,UselessImportCheck_Simulated,S00108_Actual,S00108_Simulated
4.6913478822291435,5.112958552709485,2.70805020110221,2.842322744116647,4.574710978503383,3.9462715619334965,1.3862943611198906,1.0310430254238616
4.955827057601261,4.723532089589214,2.70805020110221,1.5784731224470714,3.970291913552122,2.8786406221295366,1.3862943611198906,0.6148468532192981
4.969813299576001,4.393052936124167,2.70805020110221,3.2798685778728265,4.143134726391533,3.2146277469432887,1.3862943611198906,0.3093891345202465
4.969813299576001,6.425585841564881,2.70805020110221,2.4374652937002543,4.127134385045092,1.530530893376739,1.3862943611198906,1.3986899747812414
4.962844630259907,6.254740516798837,2.5649493574615367,1.5568928209750459,4.248495242049359,4.330979112907938,1.3862943611198906,1.0790357040128309
4.962844630259907,3.514186972778556,2.5649493574615367,0.7178322532693087,4.23410650459726,2.690250841485649,1.3862943611198906,1.133261354254921
