S1213_Actual,S1213_Simulated,S00122_Actual,S00122_Simulated,S1488_Actual,S1488_Simulated,DuplicatedBlocks_Actual,DuplicatedBlocks_Simulated,S1226_Actual,S1226_Simulated,S00112_Actual,S00112_Simulated,S1155_Actual,S1155_Simulated,S1151_Actual,S1151_Simulated,S1132_Actual,S1132_Simulated
0.0367013668504281,0.8654164806904682,0.0,0.19170098661429782,0.0,0.051733357324998425,0.0,0.46172097945521134,0.0,0.11196008221551346,0.018519047767237597,0.46128570284664755,0.0,0.046991420998253174,0.018519047767237597,0.6025512276968152,0.0,0.5169270278182613
0.018519047767237697,0.21027627739775345,0.0,0.25338655482369615,0.0,0.0,0.0,2.2881254269017326,0.0,0.09631243427225508,0.009302392662313554,0.6635396793029155,0.0,0.06871755773492241,0.009302392662313554,0.0,0.0,1.6907643830032164
0.0,1.023867460201064,0.0,0.14586767785786894,0.0,0.04154098632805295,0.0,0.0,0.0,0.0,0.0,0.0,0.0,0.0,0.0,0.7917480813061314,0.0,1.2119266655418637
