S1213_Actual,S1213_Simulated,S00122_Actual,S00122_Simulated,S1488_Actual,S1488_Simulated,DuplicatedBlocks_Actual,DuplicatedBlocks_Simulated,S1226_Actual,S1226_Simulated,S00112_Actual,S00112_Simulated,S1155_Actual,S1155_Simulated,S1151_Actual,S1151_Simulated,S1132_Actual,S1132_Simulated
0.08934510033585008,0.8654164806904682,0.0,0.19170098661429782,0.0,0.051733357324998425,0.0,0.46172097945521134,0.0,0.11196008221551346,0.04567003683318844,0.46128570284664755,0.0,0.046991420998253174,0.04567003683318844,0.6025512276968152,0.0,0.5169270278182613
0.07210329390134407,0.7232549010164363,0.0,0.0,0.0,0.2925405750169923,0.0,0.33857076872509995,0.0,0.055998929205945354,0.036701366850428,0.23582292302141633,0.0,0.2354246794437316,0.036701366850428,1.3052812326451,0.0,2.056887438263601
0.0545589842504346,0.9040828940357319,0.0,0.7242500233538546,0.0,0.0,0.0,0.0,0.0,0.0,0.027651531330510157,0.9122398066994815,0.0,0.43409461072132266,0.027651531330510157,1.300251121810421,0.0,0.7835582346313466
0.0367013668504281,0.9579911877844528,0.0,0.0,0.0,0.213970091603389,0.0,0.4085234634538608,0.0,0.0,0.018519047767237597,0.7299733481409267,0.0,0.0,0.018519047767237597,0.5498145193860137,0.0,0.0
0.018519047767237697,0.27893231882688585,0.0,0.0,0.0,0.0,0.0,1.693224843960939,0.0,0.14421606803348375,0.009302392662313554,1.6210621598042438,0.0,0.14612230983247548,0.009302392662313554,0.7429114624751381,0.0,1.7122573089542996
0.0,0.3506276553741452,0.0,0.0,0.0,0.0,0.0,0.8200805832160718,0.0,0.0,0.0,0.0,0.0,0.0,0.0,0.38410267024802214,0.0,2.537644841174021
