S00117_Actual,S00117_Simulated,S1151_Actual,S1151_Simulated
1.791759469228055,2.0354952325595734,2.3978952727983707,2.3651475276458096
1.791759469228055,1.9571874375415146,2.3978952727983707,2.36423826595298
1.791759469228055,1.6620119424263673,2.3978952727983707,2.3691382654989575
1.791759469228055,1.7765424043671603,2.3978952727983707,2.3163940975450856
1.8718021769015913,2.4724788999929617,2.3978952727983707,2.3575786684082627
1.9459101490553132,2.1414232311034964,2.3978952727983707,2.365185499793155
