S1213_Actual,S1213_Simulated,RedundantThrowsDeclarationCheck_Actual,RedundantThrowsDeclarationCheck_Simulated,S00117_Actual,S00117_Simulated,S00122_Actual,S00122_Simulated,S1905_Actual,S1905_Simulated,UselessImportCheck_Actual,UselessImportCheck_Simulated,DuplicatedBlocks_Actual,DuplicatedBlocks_Simulated,S1155_Actual,S1155_Simulated
5.765191102784844,5.905965091877481,5.733341276897746,5.406354149356674,5.811140992976701,5.623524564790877,6.298949246855942,6.198847681621536,1.791759469228055,2.218394196647229,2.772588722239781,3.5535918260069694,5.66988092298052,5.778379256897303,4.23410650459726,3.9342304055250064
5.75890177387728,6.013991209378581,5.703782474656201,6.292609627546973,5.808142489980444,6.128013512009473,6.278521424165844,6.5862849744500584,1.791759469228055,1.5877935978075763,2.302585092994046,5.231419469623487,5.6131281063880705,5.319335552598069,4.23410650459726,3.6906038749267256
5.7745515455444085,5.810661358782025,5.717027701406222,5.810526237235438,5.808142489980444,4.807541304949012,6.278521424165844,5.507498643370819,1.791759469228055,0.5736033303116534,2.4849066497880004,3.126484905236292,5.616771097666572,5.0062805729015185,4.23410650459726,3.525827561306656
5.765191102784844,6.195756634324009,5.71042701737487,5.812483519623016,5.808142489980444,5.292928301808126,6.2878585601617845,6.964468392850115,1.791759469228055,0.0,2.302585092994046,4.87825008059386,5.616771097666572,5.719635388124713,4.23410650459726,4.401031612675075
5.777652323222656,5.843524597465351,5.707110264748875,5.229163889303221,5.755742213586912,5.355058149803438,6.3080984415095305,5.863259710618842,1.791759469228055,2.322649777355641,2.3978952727983707,2.344529302886375,5.66988092298052,6.144025279311259,4.23410650459726,4.072359797625503
5.777652323222656,5.888706385888168,5.707110264748875,5.130141211696721,5.755742213586912,5.696432434425065,6.3080984415095305,6.268341789589952,1.791759469228055,2.8918470819163757,2.302585092994046,5.037966997451399,5.66988092298052,5.564502102622053,4.23410650459726,3.8571563826954605
