S1213_Actual,S1213_Simulated,RedundantThrowsDeclarationCheck_Actual,RedundantThrowsDeclarationCheck_Simulated,S1905_Actual,S1905_Simulated,DuplicatedBlocks_Actual,DuplicatedBlocks_Simulated,S1226_Actual,S1226_Simulated,S00112_Actual,S00112_Simulated,S1151_Actual,S1151_Simulated
5.003946305945459,4.189295074572902,3.332204510175204,3.411590488688553,0.6931471805599453,0.08546578921313353,5.69035945432406,5.00170704510986,0.0,3.0021800730187986,6.7339969528486705,6.007955147221165,3.6375861597263857,2.133853788746623
5.003946305945459,4.5727860771207824,3.332204510175204,2.913820789794999,0.6931471805599453,0.0,5.683579767338681,5.096590778073684,0.0,5.579438518076087,6.734591659972948,6.2875120961876405,3.6375861597263857,3.4310391626652734
5.0106352940962555,4.413601689473812,3.332204510175204,3.4726860500449273,0.6931471805599453,0.0,5.700443573390687,4.114806475809816,0.0,4.156809424737994,6.734591659972948,5.20695735762998,3.6375861597263857,2.7610958769192746
5.030437921392435,4.249497951345521,3.332204510175204,3.797993288501957,0.6931471805599453,0.331363800564458,5.68697535633982,4.339073036391131,0.0,3.3664495953373477,6.739336627357174,5.881226489269732,3.6375861597263857,1.8482624362448514
5.030437921392435,4.330481012731613,3.332204510175204,3.6421131571611003,0.6931471805599453,0.1674086208902889,5.697093486505405,5.638901350370774,0.0,2.1124620418122295,6.75343791859778,5.406629292530934,3.6375861597263857,4.011461630465199
5.087596335232384,4.1530218011788005,3.332204510175204,3.5070085352818086,0.6931471805599453,0.15597832732116051,5.6937321388027,5.405236734204584,0.0,0.22259925130123115,6.759255270663693,5.392723797021672,3.713572066704308,2.114724746588502
