S1213_Actual,S1213_Simulated,RedundantThrowsDeclarationCheck_Actual,RedundantThrowsDeclarationCheck_Simulated,S1905_Actual,S1905_Simulated,DuplicatedBlocks_Actual,DuplicatedBlocks_Simulated,S1226_Actual,S1226_Simulated,S00112_Actual,S00112_Simulated,S1151_Actual,S1151_Simulated
5.003946305945459,4.189295074572902,3.332204510175204,3.411590488688553,0.6931471805599453,0.08546578921313353,5.69035945432406,5.00170704510986,0.0,3.0021800730187986,6.7339969528486705,6.007955147221165,3.6375861597263857,2.133853788746623
5.003946305945459,4.533956338826872,3.332204510175204,4.691867482572108,0.6931471805599453,0.28286183458562464,5.683579767338681,5.282218496467141,0.0,3.175382730418502,6.734591659972948,7.427444973084214,3.6375861597263857,1.997049333339854
5.0106352940962555,4.151622437553418,3.332204510175204,2.7688492698078635,0.6931471805599453,0.19580638107073559,5.700443573390687,4.4405114272395405,0.0,3.1525299701519502,6.734591659972948,5.35823735837457,3.6375861597263857,2.1723559617672543
5.030437921392435,3.626646092696344,3.332204510175204,2.3882694074076447,0.6931471805599453,0.0519011421799658,5.68697535633982,6.4697761841047905,0.0,1.4932183044539198,6.739336627357174,4.889114601333505,3.6375861597263857,3.326338634595018
5.030437921392435,4.297367538163347,3.332204510175204,2.7829462825695117,0.6931471805599453,0.17763813396935602,5.697093486505405,5.23789759861853,0.0,3.157215978217008,6.75343791859778,7.652998645061858,3.6375861597263857,1.3491347299775671
5.087596335232384,4.605398741214946,3.332204510175204,2.506768615617374,0.6931471805599453,0.7636381166668117,5.6937321388027,4.915235376492639,0.0,2.0868231269045046,6.759255270663693,4.087244281052214,3.713572066704308,1.2551601737843066
