Steps,Total MAE
1,0.0
2,515141.14999999997
6,716673.0300000001
12,887109.99
24,997245.9099999999
