RedundantThrowsDeclarationCheck_Actual,RedundantThrowsDeclarationCheck_Simulated,S00117_Actual,S00117_Simulated,S1226_Actual,S1226_Simulated,S1155_Actual,S1155_Simulated,S1132_Actual,S1132_Simulated
0.0,1.6070859231539256,0.0,1.0042869273197643,0.0,1.4892505708600041,0.0,1.2255437662349544,0.0,0.8147718711559766
0.0,0.8295980735391207,0.0,1.3345297512311158,0.0,2.4194702419098197,0.0,1.6938401638127116,0.0,0.85404449535186
0.0,0.0,0.0,1.4417626100031702,0.0,1.187385235103475,0.0,1.2550565379628975,0.0,0.5513400058337911
0.0,1.0947352613548629,0.0,1.4437537881256652,0.0,0.0,0.0,0.8870066991975143,0.0,1.7654432809381388
0.0,0.3516427028552511,0.0,2.0982422108119927,0.0,0.0,0.0,3.034942543264263,0.0,0.7453783883732037
0.0,4.462918756155723,0.0,0.0,0.0,1.47097528224621,0.0,1.2751574774476118,0.0,1.62961204758475
