RedundantThrowsDeclarationCheck_Actual,RedundantThrowsDeclarationCheck_Simulated,S00117_Actual,S00117_Simulated,S1226_Actual,S1226_Simulated,S1155_Actual,S1155_Simulated,S1132_Actual,S1132_Simulated
0.0,1.6070859231539256,0.0,1.0042869273197643,0.0,1.4892505708600041,0.0,1.2255437662349544,0.0,0.8147718711559766
0.0,0.0,0.0,0.7238118307970922,0.0,1.0124307649358688,0.0,0.8967743130797252,0.0,0.0
0.0,0.24371474153580386,0.0,0.0,0.0,1.8956541836607488,0.0,0.13841815779472944,0.0,1.0673842055239036
