RedundantThrowsDeclarationCheck_Actual,RedundantThrowsDeclarationCheck_Simulated,S00117_Actual,S00117_Simulated,S1226_Actual,S1226_Simulated,S1155_Actual,S1155_Simulated,S1132_Actual,S1132_Simulated
0.0,1.6070859231539256,0.0,1.0042869273197643,0.0,1.4892505708600041,0.0,1.2255437662349544,0.0,0.8147718711559766
0.0,2.340396725121135,0.0,2.0917801291066684,0.0,3.420218900281177,0.0,1.451514685579976,0.0,0.9635155806748849
0.0,2.2120385443467563,0.0,3.4770233280844653,0.0,0.0,0.0,0.0,0.0,0.9629817614705667
0.0,0.0,0.0,1.133905857836301,0.0,0.3425530718729184,0.0,1.5515504355285563,0.0,1.0082924013188184
0.0,2.204871880766162,0.0,1.795473478886444,0.0,3.640863520277253,0.0,1.268544961530856,0.0,1.9741825619170865
0.0,2.5835179354063453,0.0,1.1462851009048993,0.0,2.992178973581296,0.0,0.0,0.0,1.2537793656919738
