S1213_Actual,S1213_Simulated,RedundantThrowsDeclarationCheck_Actual,RedundantThrowsDeclarationCheck_Simulated,S00117_Actual,S00117_Simulated,S1488_Actual,S1488_Simulated,UselessImportCheck_Actual,UselessImportCheck_Simulated,DuplicatedBlocks_Actual,DuplicatedBlocks_Simulated,S00112_Actual,S00112_Simulated,S1151_Actual,S1151_Simulated,S1132_Actual,S1132_Simulated,S1481_Actual,S1481_Simulated
1.6094379124341003,1.5756497927369877,1.0608719606852626,0.25241187134073034,0.0,0.18529177914319295,0.6931471805599453,0.6743462050229961,0.0,1.1795748374291268,1.9459101490553132,2.628571057555208,4.243721963296702,3.400715103324849,1.6094379124341003,1.566371245538988,1.0986122886681098,1.0986074641099446,0.0,0.28515064114304844
1.6094379124341003,1.599827488183087,1.0685348334308318,0.23617732521727758,0.0,0.38959802750550376,0.6931471805599453,0.756389953933411,0.0,2.13826965497494,1.9459101490553132,2.539695228774674,4.244678443522658,4.257696550210913,1.6094379124341003,1.4269796893353717,1.0986122886681098,1.0986051404980905,0.0,0.7513146746690716
1.6094379124341003,1.355866584365861,1.076139432816051,0.44532382330825837,0.0,0.2505852851576219,0.6931471805599453,0.843755771468202,0.0,0.0,1.9459101490553132,1.9041824151625713,4.2456340097683265,2.9883981673268756,1.6094379124341003,1.5047199312148176,1.0986122886681098,1.0986017522346105,0.0,0.44420155932277594
1.6094379124341003,1.387821297988038,1.083686638451434,0.3685570426198788,0.0,0.5115048084714803,0.6931471805599453,0.6835226837425346,0.0,1.6827421373821383,1.9459101490553132,2.874434002724248,4.246588663778778,2.477046592977313,1.6094379124341003,1.4038395108653166,1.0986122886681098,1.098611056878744,0.0,0.7197087474899049
1.6094379124341003,1.5801401666357924,1.0911773101805915,0.4376435198106452,0.0,0.3618229013235996,0.6931471805599453,0.7080775578023847,0.0,2.717164034659163,1.9459101490553132,3.2622958398655055,4.2475424072940875,1.8901003919916892,1.6094379124341003,1.5018083583220667,1.0986122886681098,1.098601844760789,0.0,0.17903569231650726
1.6094379124341003,1.3687266543714287,1.0986122886681098,0.15482646687702342,0.0,0.5880898995518724,0.6931471805599453,0.7178962946812174,0.0,1.366514145093074,1.9459101490553132,3.1893070851486565,4.248495242049359,2.5359627103964755,1.6094379124341003,1.456847333616095,1.0986122886681098,1.098603420887511,0.0,0.5529496556592145
