S1213_Actual,S1213_Simulated,RedundantThrowsDeclarationCheck_Actual,RedundantThrowsDeclarationCheck_Simulated,S00117_Actual,S00117_Simulated,S1488_Actual,S1488_Simulated,UselessImportCheck_Actual,UselessImportCheck_Simulated,DuplicatedBlocks_Actual,DuplicatedBlocks_Simulated,S00112_Actual,S00112_Simulated,S1151_Actual,S1151_Simulated,S1132_Actual,S1132_Simulated,S1481_Actual,S1481_Simulated
1.6094379124341003,1.5756497927369877,1.0608719606852626,0.25241187134073034,0.0,0.18529177914319295,0.6931471805599453,0.6743462050229961,0.0,1.1795748374291268,1.9459101490553132,2.628571057555208,4.243721963296702,3.400715103324849,1.6094379124341003,1.566371245538988,1.0986122886681098,1.0986074641099446,0.0,0.28515064114304844
1.6094379124341003,1.536060841325971,1.0685348334308318,0.559652071770917,0.0,0.4195465900985504,0.6931471805599453,0.7312012612186883,0.0,0.822797290261583,1.9459101490553132,2.797559416610184,4.244678443522658,4.2158166208766,1.6094379124341003,1.5553942271366719,1.0986122886681098,1.098605725709504,0.0,0.0
1.6094379124341003,1.6208787296702885,1.076139432816051,0.0,0.0,0.19189678637607782,0.6931471805599453,0.6297469309223377,0.0,1.962360923923705,1.9459101490553132,3.214979602427807,4.2456340097683265,4.149050800362892,1.6094379124341003,1.545175512690745,1.0986122886681098,1.0986081112927408,0.0,0.5230544123300627
1.6094379124341003,1.1513845841447004,1.083686638451434,0.0,0.0,0.44362522902939105,0.6931471805599453,0.6333352648962618,0.0,1.4030767269242723,1.9459101490553132,3.491061876178492,4.246588663778778,3.2916570473396694,1.6094379124341003,1.423682714194466,1.0986122886681098,1.0986047262926775,0.0,0.3624142710141352
1.6094379124341003,2.2305159981762634,1.0911773101805915,0.8664238377110354,0.0,0.0,0.6931471805599453,0.7647090470117366,0.0,0.1499572799189679,1.9459101490553132,2.8300346806671106,4.2475424072940875,3.1181848036673836,1.6094379124341003,1.572010985828582,1.0986122886681098,1.0986054147421125,0.0,0.0
1.6094379124341003,1.506906630358661,1.0986122886681098,0.0,0.0,0.4657419882330752,0.6931471805599453,0.6565803597307608,0.0,1.666733396941686,1.9459101490553132,2.281757922599726,4.248495242049359,3.6886546334302577,1.6094379124341003,1.52812182307486,1.0986122886681098,1.098611964402579,0.0,0.2010171017529738
