S1213_Actual,S1213_Simulated,RedundantThrowsDeclarationCheck_Actual,RedundantThrowsDeclarationCheck_Simulated,S00117_Actual,S00117_Simulated,S1488_Actual,S1488_Simulated,UselessImportCheck_Actual,UselessImportCheck_Simulated,DuplicatedBlocks_Actual,DuplicatedBlocks_Simulated,S00112_Actual,S00112_Simulated,S00108_Actual,S00108_Simulated,S1151_Actual,S1151_Simulated,S1132_Actual,S1132_Simulated
1.6094379124341003,1.5756497927369877,1.0608719606852626,0.25241187134073034,0.0,0.18529177914319295,0.6931471805599453,0.6743462050229961,0.0,1.1795748374291268,1.9459101490553132,2.628571057555208,4.243721963296702,3.400715103324849,1.0986122886681098,0.9743739085513304,1.6094379124341003,1.566371245538988,1.0986122886681098,1.0986074641099446
1.6094379124341003,2.0677076279952664,1.0685348334308318,0.3408360031135872,0.0,0.0,0.6931471805599453,0.8144389568401709,0.0,2.156229991316912,1.9459101490553132,1.8534361417858995,4.244678443522658,3.9739429783187257,1.0986122886681098,0.9735743507980736,1.6094379124341003,1.4784952174576467,1.0986122886681098,1.0986054722957317
1.6094379124341003,1.6827869604734764,1.076139432816051,0.13600227248285718,0.0,0.7808200594514234,0.6931471805599453,0.7162681236170848,0.0,0.8403303790072514,1.9459101490553132,2.4582634840218835,4.2456340097683265,3.7132203267658483,1.0986122886681098,1.028756053791302,1.6094379124341003,1.5128443780381664,1.0986122886681098,1.0986070523370866
1.6094379124341003,1.5322080391331208,1.083686638451434,0.36382941823261195,0.0,0.402123855208926,0.6931471805599453,0.6280723179784985,0.0,0.6141814465256442,1.9459101490553132,1.7747028329174488,4.246588663778778,2.0046968762657866,1.0986122886681098,0.8525500496163352,1.6094379124341003,1.5142589832547348,1.0986122886681098,1.098608383988959
1.6094379124341003,1.025516271408863,1.0911773101805915,0.6055636956898902,0.0,0.0708584483976171,0.6931471805599453,0.6486216107073696,0.0,0.08631808578932199,1.9459101490553132,3.00898492640044,4.2475424072940875,2.062109484369035,1.0986122886681098,0.8973499438918828,1.6094379124341003,1.5767024680327586,1.0986122886681098,1.0986031458416086
1.6094379124341003,1.678657265111452,1.0986122886681098,0.07810787103450267,0.0,0.6593766464004444,0.6931471805599453,0.8182779176015404,0.0,2.720030885760379,1.9459101490553132,2.5804601433113796,4.248495242049359,5.129861168349426,1.0986122886681098,0.9845782254050823,1.6094379124341003,1.3616020905790087,1.0986122886681098,1.0986047952362514
