UselessImportCheck_Actual,UselessImportCheck_Simulated
0.6931471805599453,0.9419256201061317
0.6931471805599453,1.2974134359468086
0.6931471805599453,0.40944571201247826
0.6931471805599453,1.136143069850082
0.6931471805599453,1.0424244451397406
0.6931471805599453,1.323356377121622
0.6931471805599453,0.48377777453435744
0.6931471805599453,0.0
0.6931471805599453,1.40709408171414
0.6931471805599453,0.7763963421233622
0.6931471805599453,0.04682687729813095
0.0,1.1179485698303782
