S1905_Actual,S1905_Simulated,DuplicatedBlocks_Actual,DuplicatedBlocks_Simulated,S1481_Actual,S1481_Simulated
0.0,0.36172044398760594,3.258096538021482,2.5129296442372437,0.15415067982725825,0.502759145915681
0.0,0.3210586135467161,3.258096538021482,3.025630626769626,0.2876820724517809,0.5240698848284533
0.0,0.5564238145571905,3.258096538021482,2.345547980404063,0.4054651081081644,0.0
0.0,0.5011428083660792,3.258096538021482,2.3313416700209704,0.5108256237659906,0.9833903816636878
0.0,0.19775414047127116,3.258096538021482,2.404343363064773,0.6061358035703155,0.014708334206725349
0.0,0.13053828464143796,3.258096538021482,2.4593599899189904,0.6931471805599453,1.06492466572276
