S1905_Actual,S1905_Simulated,DuplicatedBlocks_Actual,DuplicatedBlocks_Simulated,S1481_Actual,S1481_Simulated
0.0,0.36172044398760594,3.258096538021482,2.5129296442372437,0.15415067982725825,0.502759145915681
0.0,0.5245747179098361,3.258096538021482,2.4436248273131884,0.2876820724517809,0.9002422851893614
0.0,0.0,3.258096538021482,3.4145944396700187,0.4054651081081644,1.0889572083226933
0.0,0.8202532691004087,3.258096538021482,2.230149889466051,0.5108256237659906,0.0
0.0,0.7627339292916506,3.258096538021482,3.2024041312999034,0.6061358035703155,0.8960382552153973
0.0,0.7114214522131111,3.258096538021482,1.8370941077666616,0.6931471805599453,0.0
