S1488_Actual,S1488_Simulated,S1905_Actual,S1905_Simulated,UselessImportCheck_Actual,UselessImportCheck_Simulated,DuplicatedBlocks_Actual,DuplicatedBlocks_Simulated,S00112_Actual,S00112_Simulated,S1155_Actual,S1155_Simulated,S1132_Actual,S1132_Simulated,S1481_Actual,S1481_Simulated
1.0986122886681098,1.0986074641099437,0.0,1.1374108428827223,0.6931471805599453,0.9312708478319454,1.8281271133989299,2.392369074205566,3.332204510175204,2.4894706200813186,0.0,0.0,0.0,0.0,0.20067069546215122,0.7250109998932647
1.0986122886681098,1.0986082427745552,0.0,0.9858102737806226,0.6931471805599453,0.9247823276449813,1.8101086078962514,2.8023276577187666,3.332204510175204,1.3404498583409044,0.0,0.0,0.0,0.0,0.1053605156578263,0.8369122863583787
1.0986122886681098,1.0986076951012353,0.0,1.448891098558728,0.6931471805599453,1.1020498288948817,1.791759469228055,2.025062014798814,3.332204510175204,1.2048749028529313,0.0,0.0,0.0,0.0,0.0,1.472763626670404
