S1488_Actual,S1488_Simulated,S1905_Actual,S1905_Simulated,UselessImportCheck_Actual,UselessImportCheck_Simulated,DuplicatedBlocks_Actual,DuplicatedBlocks_Simulated,S00112_Actual,S00112_Simulated,S1155_Actual,S1155_Simulated,S1132_Actual,S1132_Simulated,S1481_Actual,S1481_Simulated
1.0986122886681098,1.0986074641099437,0.0,1.1374108428827223,0.6931471805599453,0.9312708478319454,1.8803128665695001,2.392369074205566,3.332204510175204,2.4894706200813186,0.0,0.0,0.0,0.0,0.44183275227903923,0.7250109998932647
1.0986122886681098,1.0986055649631528,0.0,0.667382972271158,0.6931471805599453,1.1302530092675107,1.8632184332102,2.5082753577758137,3.332204510175204,2.60837403706279,0.0,0.0,0.0,0.0,0.36772478012531734,0.9138450501510056
1.0986122886681098,1.0986070785014554,0.0,1.5632807563756879,0.6931471805599453,0.7228284719005885,1.8458266904983307,2.765205073043957,3.332204510175204,2.4423218613970987,0.0,0.0,0.0,0.0,0.2876820724517809,0.6542685709365822
1.0986122886681098,1.0986072740668091,0.0,0.0,0.6931471805599453,0.8422827788044015,1.8281271133989299,2.1465370035140054,3.332204510175204,2.527885371226559,0.0,1.898026302350964e-08,0.0,0.0,0.20067069546215122,0.5492563261567193
1.0986122886681098,1.098609445382566,0.0,1.8595273965270804,0.6931471805599453,0.8659178783327254,1.8101086078962514,2.590613066408836,3.332204510175204,3.909902622947394,0.0,0.0,0.0,0.0,0.1053605156578263,0.6688207166282489
1.0986122886681098,1.0986043711283422,0.0,1.7019880718269453,0.6931471805599453,0.867075769313337,1.791759469228055,2.9093628366921775,3.332204510175204,2.809440130737137,0.0,0.0,0.0,0.0,0.0,0.6600749965490367
