S1488_Actual,S1488_Simulated,S1905_Actual,S1905_Simulated,UselessImportCheck_Actual,UselessImportCheck_Simulated,DuplicatedBlocks_Actual,DuplicatedBlocks_Simulated,S00112_Actual,S00112_Simulated,S1155_Actual,S1155_Simulated,S1132_Actual,S1132_Simulated,S1481_Actual,S1481_Simulated
1.0986122886681098,1.0986074641099437,0.0,1.1374108428827223,0.6931471805599453,0.9312708478319454,1.8803128665695001,2.392369074205566,3.332204510175204,2.4894706200813186,0.0,0.0,0.0,0.0,0.44183275227903923,0.7250109998932647
1.0986122886681098,1.0986083809200138,0.0,0.0,0.6931471805599453,0.9541652486375953,1.8632184332102,2.588736730568282,3.332204510175204,2.999254229601891,0.0,0.0,0.0,2.470295477492086e-06,0.36772478012531734,0.3740941852628031
1.0986122886681098,1.0986082457872814,0.0,1.0854424753311551,0.6931471805599453,0.9729277718549656,1.8458266904983307,2.443169654462023,3.332204510175204,3.4902890395956945,0.0,0.0,0.0,0.0,0.2876820724517809,0.0
1.0986122886681098,1.0986046985106415,0.0,0.29426238179090025,0.6931471805599453,0.925132019849868,1.8281271133989299,2.2213158830596202,3.332204510175204,1.9134654128545143,0.0,0.0,0.0,0.0,0.20067069546215122,0.09908789434775145
1.0986122886681098,1.0986072764109096,0.0,1.1750817098878106,0.6931471805599453,1.0535500375363815,1.8101086078962514,2.687651428342314,3.332204510175204,2.5367409029692096,0.0,2.985658857912497e-06,0.0,0.0,0.1053605156578263,0.8661932451463252
1.0986122886681098,1.098611729014658,0.0,1.062452296921806,0.6931471805599453,0.8070765005581192,1.791759469228055,2.083969471642399,3.332204510175204,3.5501225051013363,0.0,0.0,0.0,0.0,0.0,0.0
