S1213_Actual,S1213_Simulated,RedundantThrowsDeclarationCheck_Actual,RedundantThrowsDeclarationCheck_Simulated,S00122_Actual,S00122_Simulated,S1905_Actual,S1905_Simulated,UselessImportCheck_Actual,UselessImportCheck_Simulated,DuplicatedBlocks_Actual,DuplicatedBlocks_Simulated,S1155_Actual,S1155_Simulated
5.765191102784844,5.905965091877481,5.733341276897746,5.406354149356674,6.298949246855942,6.198847681621536,1.791759469228055,2.218394196647229,2.772588722239781,3.5535918260069694,5.66988092298052,5.778379256897303,4.23410650459726,3.9342304055250064
5.75890177387728,6.318581445594725,5.703782474656201,5.810476887706895,6.278521424165844,7.088589142522798,1.791759469228055,2.8303267289999066,2.302585092994046,2.3946676404102707,5.6131281063880705,5.737812257719164,4.23410650459726,3.7208983631416204
5.7745515455444085,5.596067401439204,5.717027701406222,6.07836222333862,6.278521424165844,5.006116532430838,1.791759469228055,2.379068815215485,2.4849066497880004,3.7611392069880702,5.616771097666572,5.445520969746519,4.23410650459726,4.004913807156914
5.765191102784844,6.171906956606273,5.71042701737487,6.694384236203078,6.2878585601617845,6.417634271006376,1.791759469228055,2.6141026588124516,2.302585092994046,4.249569340909287,5.616771097666572,5.753003885800063,4.23410650459726,3.7791165264187887
5.777652323222656,6.322127545334968,5.707110264748875,5.003799005699262,6.3080984415095305,5.236934918561539,1.791759469228055,2.2879959677424653,2.3978952727983707,4.142668978671853,5.66988092298052,6.0257556953883915,4.23410650459726,4.32322755959119
5.777652323222656,5.903842874790919,5.707110264748875,5.813226406623967,6.3080984415095305,7.398674782405482,1.791759469228055,2.923717092976442,2.302585092994046,4.240222846800443,5.66988092298052,5.998239633123184,4.23410650459726,3.366319477409837
