S1213_Actual,S1213_Simulated,RedundantThrowsDeclarationCheck_Actual,RedundantThrowsDeclarationCheck_Simulated,S1488_Actual,S1488_Simulated,S1905_Actual,S1905_Simulated,DuplicatedBlocks_Actual,DuplicatedBlocks_Simulated,S00112_Actual,S00112_Simulated,S1151_Actual,S1151_Simulated,S1132_Actual,S1132_Simulated,S1481_Actual,S1481_Simulated
5.448173122092414,5.315746943612542,3.1354942159291497,3.5351683455796343,2.268683541318364,2.3448650609869333,0.6931471805599453,2.6336389706392938,5.015069891164122,4.510972925856334,3.091042453358316,2.431549945789797,3.258096538021482,2.7244619324435924,3.5553480614894135,3.4205118984428196,1.9459101490553132,3.001156803470868
5.438079308923196,5.107993771706238,3.1354942159291497,3.081849155957851,2.1972245773362196,1.6267158733307534,0.6931471805599453,3.3174105964659693,5.043425116919247,4.942098580365848,3.091042453358316,2.2030833295093486,3.258096538021482,2.8644605339267843,3.5553480614894135,3.1545117689132063,1.9459101490553132,3.306607918244156
5.438079308923196,4.940139401086053,3.1354942159291497,3.0524686006080715,2.1972245773362196,2.673501776083165,0.6931471805599453,2.9502937764139023,5.043425116919247,5.267969559422272,3.091042453358316,3.9561541290520728,3.258096538021482,6.179822634554661,3.5553480614894135,2.720413779783942,1.9459101490553132,1.7406865349093237
5.438079308923196,4.467318554208668,3.1354942159291497,2.9414744892110583,2.1972245773362196,1.9986524979158735,0.6931471805599453,4.753617208615498,5.043425116919247,5.875395319895855,3.091042453358316,0.8034588277542853,3.258096538021482,0.23229791269559952,3.5553480614894135,3.5931860903125736,1.9459101490553132,4.423184959434627
5.438079308923196,4.3597267544995075,3.1354942159291497,3.1985560348681523,2.1972245773362196,2.0772342650149036,0.6931471805599453,0.0,5.043425116919247,1.942736828784838,3.091042453358316,2.60602775822192,3.258096538021482,2.6440491459640585,3.5553480614894135,3.6060176007130518,1.9459101490553132,2.2255938155099013
5.438079308923196,4.59288371285633,3.1354942159291497,2.6412489837568893,2.1972245773362196,2.316847534187108,0.6931471805599453,2.921071756936401,5.043425116919247,2.8839252989866577,3.091042453358316,2.4878073526816293,3.258096538021482,3.652627524123061,3.5553480614894135,3.807784223640152,1.9459101490553132,2.9758973973958156
