S1213_Actual,S1213_Simulated,RedundantThrowsDeclarationCheck_Actual,RedundantThrowsDeclarationCheck_Simulated,S1488_Actual,S1488_Simulated,S1905_Actual,S1905_Simulated,DuplicatedBlocks_Actual,DuplicatedBlocks_Simulated,S00112_Actual,S00112_Simulated,S1151_Actual,S1151_Simulated,S1132_Actual,S1132_Simulated,S1481_Actual,S1481_Simulated
5.438079308923196,5.315746943612542,3.1354942159291497,3.5351683455796343,2.1972245773362196,2.3448650609869333,0.6931471805599453,2.6336389706392938,5.043425116919247,4.510972925856334,3.091042453358316,2.431549945789797,3.258096538021482,2.7244619324435924,3.5553480614894135,3.4205118984428196,1.9459101490553132,3.001156803470868
5.438079308923196,5.83774835591556,3.1354942159291497,3.3856836983961096,2.1972245773362196,1.860110375240536,0.6931471805599453,4.768089385199618,5.043425116919247,5.9394501921189065,3.091042453358316,3.995060180183988,3.258096538021482,3.3450417270817274,3.5553480614894135,3.3931325304891735,1.9459101490553132,1.7747999241861854
5.438079308923196,5.180371172129384,3.1354942159291497,3.0680091017877027,2.1972245773362196,2.217534148001221,0.6931471805599453,4.528933610236614,5.043425116919247,5.488166992260643,3.091042453358316,3.3670736786486435,3.258096538021482,1.3738966045971268,3.5553480614894135,3.6360342990750922,1.9459101490553132,3.5800969349485596
