S1213_Actual,S1213_Simulated,RedundantThrowsDeclarationCheck_Actual,RedundantThrowsDeclarationCheck_Simulated,S1488_Actual,S1488_Simulated,S1905_Actual,S1905_Simulated,DuplicatedBlocks_Actual,DuplicatedBlocks_Simulated,S00112_Actual,S00112_Simulated,S1151_Actual,S1151_Simulated,S1132_Actual,S1132_Simulated,S1481_Actual,S1481_Simulated
5.448173122092414,5.315746943612542,3.1354942159291497,3.5351683455796343,2.268683541318364,2.3448650609869333,0.6931471805599453,2.6336389706392938,5.015069891164122,4.510972925856334,3.091042453358316,2.431549945789797,3.258096538021482,2.7244619324435924,3.5553480614894135,3.4205118984428196,1.9459101490553132,3.001156803470868
5.438079308923196,5.949851609465285,3.1354942159291497,3.5116268979626137,2.1972245773362196,2.7380995867269013,0.6931471805599453,1.6622636005318987,5.043425116919247,4.408910679185447,3.091042453358316,2.388598118789626,3.258096538021482,0.6869334974282251,3.5553480614894135,3.4386733262495253,1.9459101490553132,3.851280417797987
5.438079308923196,4.99732307767247,3.1354942159291497,4.049813676556674,2.1972245773362196,1.7943046979623114,0.6931471805599453,4.172726883892487,5.043425116919247,5.4949623189231716,3.091042453358316,1.9019869466426291,3.258096538021482,1.793242114838637,3.5553480614894135,3.717147016222542,1.9459101490553132,4.024457034853579
5.438079308923196,4.512438248152817,3.1354942159291497,3.299310798643318,2.1972245773362196,2.264401911256118,0.6931471805599453,4.509928833420618,5.043425116919247,4.410128514478096,3.091042453358316,2.008293032194105,3.258096538021482,2.8769049579111092,3.5553480614894135,3.5965656453758448,1.9459101490553132,3.770497103089368
5.438079308923196,5.121630012331592,3.1354942159291497,3.1879592483068224,2.1972245773362196,2.851630591438679,0.6931471805599453,3.4206624533854355,5.043425116919247,5.861366850072537,3.091042453358316,1.9534242130106736,3.258096538021482,0.10840369047707865,3.5553480614894135,2.479327022811092,1.9459101490553132,1.7428935719736736
5.438079308923196,6.29583071848255,3.1354942159291497,4.017910278005151,2.1972245773362196,3.1757537661816135,0.6931471805599453,2.45403366838955,5.043425116919247,4.326145527711434,3.091042453358316,1.3145405724869967,3.258096538021482,3.7705216998823294,3.5553480614894135,3.2756463063652728,1.9459101490553132,3.448388936146278
