RedundantThrowsDeclarationCheck_Actual,RedundantThrowsDeclarationCheck_Simulated,S00122_Actual,S00122_Simulated,UselessImportCheck_Actual,UselessImportCheck_Simulated,DuplicatedBlocks_Actual,DuplicatedBlocks_Simulated,S00112_Actual,S00112_Simulated,S1155_Actual,S1155_Simulated,S00108_Actual,S00108_Simulated,S1151_Actual,S1151_Simulated,S1132_Actual,S1132_Simulated,S1481_Actual,S1481_Simulated
3.367295829986474,3.3155550724264624,0.0,0.055359941927323235,0.0,0.8070395836071071,3.784189633918261,3.5217311198689902,5.181783550292085,3.937388171701676,1.3862943611198906,1.6936312255832096,4.844187086458591,4.923849611127293,0.6931471805599453,0.3927783063744994,3.044522437723423,2.626472882405135,0.0,0.8974844098976632
3.367295829986474,3.2661339510220424,0.0,0.0,0.0,0.0,3.784189633918261,3.4956408446009557,5.181783550292085,4.150407975940899,1.3862943611198906,2.167897769756385,4.844187086458591,4.916000442470125,0.6931471805599453,0.0,3.044522437723423,2.142583958557059,0.0,1.8756721891616337
3.367295829986474,3.300909160274526,0.0,0.40208389619028984,0.0,0.0,3.784189633918261,3.1705731125664234,5.181783550292085,3.6407248936890397,1.3862943611198906,1.4288499896491569,4.844187086458591,4.883052127900652,0.6931471805599453,0.21085353276365545,3.044522437723423,3.3957840646613238,0.0,1.1134091514291231
