RedundantThrowsDeclarationCheck_Actual,RedundantThrowsDeclarationCheck_Simulated,S00122_Actual,S00122_Simulated,UselessImportCheck_Actual,UselessImportCheck_Simulated,DuplicatedBlocks_Actual,DuplicatedBlocks_Simulated,S00112_Actual,S00112_Simulated,S1155_Actual,S1155_Simulated,S00108_Actual,S00108_Simulated,S1151_Actual,S1151_Simulated,S1132_Actual,S1132_Simulated,S1481_Actual,S1481_Simulated
3.367295829986474,3.182826244321462,0.0,0.17804065448848427,0.0,1.0120744067826586,3.784189633918261,3.1131672510296626,5.181783550292085,3.495480419818657,1.3862943611198906,1.4002786624897638,4.844187086458591,4.465479026967496,0.6931471805599453,0.3168034653383228,3.044522437723423,2.3619558113018173,0.0,1.1044258036092558
3.367295829986474,3.728336531517531,0.0,0.0,0.0,0.41469626949503124,3.784189633918261,3.3573810562732334,5.181783550292085,3.8654287984705427,1.3862943611198906,1.8910567411523167,4.844187086458591,3.875785283668582,0.6931471805599453,0.6180667073199003,3.044522437723423,3.4188609015559903,0.0,1.3429920456965612
3.367295829986474,2.4328898649264588,0.0,0.7193488627771535,0.0,2.0638831957087667,3.784189633918261,2.6735649087777014,5.181783550292085,3.891134702984111,1.3862943611198906,1.8859011134901693,4.844187086458591,5.2515751511479225,0.6931471805599453,0.15009444219642465,3.044522437723423,2.310614864932787,0.0,1.3945261980254524
