RedundantThrowsDeclarationCheck_Actual,RedundantThrowsDeclarationCheck_Simulated,S00122_Actual,S00122_Simulated,UselessImportCheck_Actual,UselessImportCheck_Simulated,DuplicatedBlocks_Actual,DuplicatedBlocks_Simulated,S00112_Actual,S00112_Simulated,S1155_Actual,S1155_Simulated,S00108_Actual,S00108_Simulated,S1151_Actual,S1151_Simulated,S1132_Actual,S1132_Simulated,S1481_Actual,S1481_Simulated
3.367295829986474,3.182826244321462,0.0,0.17804065448848427,0.0,1.0120744067826586,3.784189633918261,3.1131672510296626,5.181783550292085,3.495480419818657,1.3862943611198906,1.4002786624897638,4.844187086458591,4.465479026967496,0.6931471805599453,0.3168034653383228,3.044522437723423,2.3619558113018173,0.0,1.1044258036092558
3.367295829986474,2.756533657710741,0.0,0.004434065603111298,0.0,1.3406017997091353,3.784189633918261,3.0385483724181275,5.181783550292085,4.534911376054786,1.3862943611198906,1.5120358277351755,4.844187086458591,5.223646574305741,0.6931471805599453,0.2986762765693488,3.044522437723423,2.8742678590642567,0.0,3.139682359093297
3.367295829986474,3.596350244292414,0.0,0.4987533618595874,0.0,1.3037664058921792,3.784189633918261,4.4809747196572625,5.181783550292085,2.160740964559201,1.3862943611198906,0.41863773522419945,4.844187086458591,3.358518069523012,0.6931471805599453,0.828810759712788,3.044522437723423,2.4237787413870424,0.0,0.9616327073458415
