RedundantThrowsDeclarationCheck_Actual,RedundantThrowsDeclarationCheck_Simulated,S00122_Actual,S00122_Simulated,UselessImportCheck_Actual,UselessImportCheck_Simulated,DuplicatedBlocks_Actual,DuplicatedBlocks_Simulated,S00112_Actual,S00112_Simulated,S1155_Actual,S1155_Simulated,S00108_Actual,S00108_Simulated,S1151_Actual,S1151_Simulated,S1132_Actual,S1132_Simulated,S1481_Actual,S1481_Simulated
3.367295829986474,3.3155550724264624,0.0,0.055359941927323235,0.0,0.8070395836071071,3.784189633918261,3.5217311198689902,5.181783550292085,3.937388171701676,1.3862943611198906,1.6936312255832096,4.844187086458591,4.923849611127293,0.6931471805599453,0.3927783063744994,3.044522437723423,2.626472882405135,0.0,0.8974844098976632
3.367295829986474,3.360358441150856,0.0,0.1797366482740278,0.0,0.7065835679454443,3.784189633918261,3.6569235664824222,5.181783550292085,5.270496763172629,1.3862943611198906,1.0690634050684942,4.844187086458591,4.944849846573735,0.6931471805599453,0.0,3.044522437723423,2.899103839434484,0.0,1.2587493220585302
3.367295829986474,3.29552339670264,0.0,0.0,0.0,0.0,3.784189633918261,3.4902854864790105,5.181783550292085,4.766602118812553,1.3862943611198906,1.5184838868552752,4.844187086458591,4.8461525537851715,0.6931471805599453,0.7706574460147932,3.044522437723423,2.007354551436839,0.0,1.0976732547873254
3.367295829986474,3.2657738307213626,0.0,0.38897700081978603,0.0,1.4391332662684468,3.784189633918261,3.6163537523648976,5.181783550292085,2.3402629537377138,1.3862943611198906,1.877962670137089,4.844187086458591,4.897138852920696,0.6931471805599453,0.8305930399284532,3.044522437723423,2.5810028828634763,0.0,1.097088752383267
3.367295829986474,3.301809237422512,0.0,0.2954742963742289,0.0,1.1475885293362609,3.784189633918261,3.2441350555539565,5.181783550292085,3.758999003577599,1.3862943611198906,1.7882237602607678,4.844187086458591,4.920641546526348,0.6931471805599453,0.39280921155323795,3.044522437723423,2.1607497458372937,0.0,2.0386880576285584
3.367295829986474,3.2576934924544267,0.0,0.0,0.0,0.0,3.784189633918261,3.4848998427220494,5.181783550292085,4.55104371853321,1.3862943611198906,1.6471580149584215,4.844187086458591,4.691086729534775,0.6931471805599453,0.34859387022122995,3.044522437723423,2.685201921272127,0.0,0.0
