S1213_Actual,S1213_Simulated,S00122_Actual,S00122_Simulated,S1488_Actual,S1488_Simulated,S1226_Actual,S1226_Simulated,S00112_Actual,S00112_Simulated,S1155_Actual,S1155_Simulated,S00108_Actual,S00108_Simulated,S1151_Actual,S1151_Simulated,S1132_Actual,S1132_Simulated
0.08934510033585008,0.8654164806904682,0.0,0.19170098661429782,0.0,0.051733357324998425,0.0,0.11196008221551346,0.04567003683318844,0.46128570284664755,0.0,0.046991420998253174,0.0,0.19702941544705932,0.04567003683318844,0.6025512276968152,0.0,0.5169270278182613
0.07210329390134407,0.3079084922904066,0.0,0.45977332669020765,0.0,0.3043669084758648,0.0,0.5476247123695432,0.036701366850428,0.0,0.0,0.0,0.0,0.6643336462574404,0.036701366850428,0.2654696712289608,0.0,0.30516523120014805
0.0545589842504346,1.4291521070603679,0.0,0.0,0.0,0.15468091135160578,0.0,0.0,0.027651531330510157,1.2174653526490895,0.0,0.27044628238133483,0.0,0.3084925566469187,0.027651531330510157,1.0190880215485851,0.0,0.44755963841807944
0.0367013668504281,0.9269063796430157,0.0,0.0,0.0,0.19604764040084835,0.0,0.7279012707111072,0.018519047767237597,0.03689305831985212,0.0,0.21453414640341734,0.0,0.0,0.018519047767237597,0.9038752532156951,0.0,0.0
0.018519047767237697,1.285280339333523,0.0,0.5266350557455495,0.0,0.0,0.0,0.022642187477439568,0.009302392662313554,0.03668366607422696,0.0,0.0,0.0,0.4536157610893056,0.009302392662313554,1.476155739539355,0.0,0.0
0.0,0.9377460809080833,0.0,0.0,0.0,0.0,0.0,0.11082519870406429,0.0,0.24819824462135578,0.0,0.027776740377510663,0.0,0.32898841103764653,0.0,0.7164741214489436,0.0,0.9253548335533579
