S1213_Actual,S1213_Simulated,S00122_Actual,S00122_Simulated,S1488_Actual,S1488_Simulated,S1226_Actual,S1226_Simulated,S00112_Actual,S00112_Simulated,S1155_Actual,S1155_Simulated,S00108_Actual,S00108_Simulated,S1151_Actual,S1151_Simulated,S1132_Actual,S1132_Simulated
0.08934510033585008,0.8654164806904682,0.0,0.19170098661429782,0.0,0.051733357324998425,0.0,0.11196008221551346,0.04567003683318844,0.46128570284664755,0.0,0.046991420998253174,0.0,0.19702941544705932,0.04567003683318844,0.6025512276968152,0.0,0.5169270278182613
0.07210329390134407,1.7263703318723773,0.0,0.3123707408366924,0.0,0.12678194302963874,0.0,0.402774873492624,0.036701366850428,1.0288799234262664,0.0,0.4714547491617449,0.0,0.5802335225966487,0.036701366850428,0.39138516312345883,0.0,0.0
0.0545589842504346,1.2059394631703373,0.0,0.37943742471536535,0.0,0.4607912402378952,0.0,0.11557158275406072,0.027651531330510157,0.0,0.0,0.0,0.0,0.3460587801635112,0.027651531330510157,1.0065006391174447,0.0,1.342523505526663
0.0367013668504281,1.378824835256471,0.0,0.0,0.0,0.23642727786305662,0.0,0.27093936224389004,0.018519047767237597,0.7591032034224648,0.0,0.0,0.0,1.0899419647674051,0.018519047767237597,0.5789091451824969,0.0,0.6724975621456549
0.018519047767237697,0.958213591000565,0.0,0.0,0.0,0.25707295518942563,0.0,0.06609093748954104,0.009302392662313554,0.0,0.0,0.1507276392287106,0.0,0.8617002002989852,0.009302392662313554,0.208522976135664,0.0,0.0
0.0,0.5560149982870018,0.0,0.0,0.0,0.03839819827436383,0.0,0.18209106794173902,0.0,0.34088140280701423,0.0,0.23770185363659868,0.0,0.03172172158043521,0.0,0.1293318287875479,0.0,0.5376170511982998
