S1213_Actual,S1213_Simulated,S00122_Actual,S00122_Simulated,S1488_Actual,S1488_Simulated,DuplicatedBlocks_Actual,DuplicatedBlocks_Simulated,S1226_Actual,S1226_Simulated,S00112_Actual,S00112_Simulated,S1155_Actual,S1155_Simulated,S00108_Actual,S00108_Simulated,S1151_Actual,S1151_Simulated
0.0367013668504281,0.8654164806904682,0.0,0.19170098661429782,0.0,0.051733357324998425,0.0,0.46172097945521134,0.0,0.11196008221551346,0.018519047767237597,0.46128570284664755,0.0,0.046991420998253174,0.0,0.19702941544705932,0.018519047767237597,0.6025512276968152
0.018519047767237697,0.4185323181139636,0.0,0.0,0.0,0.032811636839272004,0.0,0.0,0.0,0.0,0.009302392662313554,0.0,0.0,0.21802819769837725,0.0,0.0,0.009302392662313554,0.7336883292005172
0.0,0.5616548844637141,0.0,0.0,0.0,0.2789066815783352,0.0,0.0,0.0,0.0,0.0,0.0,0.0,0.03155702498082528,0.0,0.6147139386598699,0.0,0.0
