S1213_Actual,S1213_Simulated,S00122_Actual,S00122_Simulated,S1488_Actual,S1488_Simulated,DuplicatedBlocks_Actual,DuplicatedBlocks_Simulated,S1226_Actual,S1226_Simulated,S00112_Actual,S00112_Simulated,S1155_Actual,S1155_Simulated,S00108_Actual,S00108_Simulated,S1151_Actual,S1151_Simulated
0.0367013668504281,0.8654164806904682,0.0,0.19170098661429782,0.0,0.051733357324998425,0.0,0.46172097945521134,0.0,0.11196008221551346,0.018519047767237597,0.46128570284664755,0.0,0.046991420998253174,0.0,0.19702941544705932,0.018519047767237597,0.6025512276968152
0.018519047767237697,0.738912739510462,0.0,0.16686038543680093,0.0,0.2209546861692871,0.0,0.0,0.0,0.40269937575826,0.009302392662313554,0.708124005047583,0.0,0.0,0.0,0.0,0.009302392662313554,0.46564285384795556
0.0,1.1964675142505126,0.0,0.848330655744757,0.0,0.0,0.0,1.9683129706631761,0.0,0.0,0.0,0.0,0.0,0.1769321109193404,0.0,0.21139489859804017,0.0,0.7087733075899343
