S1213_Actual,S1213_Simulated,S00122_Actual,S00122_Simulated,S1488_Actual,S1488_Simulated,DuplicatedBlocks_Actual,DuplicatedBlocks_Simulated,S1226_Actual,S1226_Simulated,S00112_Actual,S00112_Simulated,S1155_Actual,S1155_Simulated,S00108_Actual,S00108_Simulated,S1151_Actual,S1151_Simulated
0.08934510033585008,0.8654164806904682,0.0,0.19170098661429782,0.0,0.051733357324998425,0.0,0.46172097945521134,0.0,0.11196008221551346,0.04567003683318844,0.46128570284664755,0.0,0.046991420998253174,0.0,0.19702941544705932,0.04567003683318844,0.6025512276968152
0.07210329390134407,1.1240426903441632,0.0,0.3663379788773471,0.0,0.0,0.0,0.290019058775834,0.0,0.1484051132100253,0.036701366850428,0.541376119142878,0.0,0.649027697148894,0.0,0.0,0.036701366850428,0.3707392500358923
0.0545589842504346,1.1495292472255956,0.0,0.0,0.0,0.25058828934100763,0.0,1.203106267488621,0.0,0.0,0.027651531330510157,0.2538823549583676,0.0,0.0,0.0,0.19035818127108217,0.027651531330510157,0.8903148263638969
0.0367013668504281,0.3304737492507249,0.0,0.731787805017299,0.0,0.0,0.0,0.0,0.0,0.26332687348825745,0.018519047767237597,0.4713998741249049,0.0,0.19898438562219234,0.0,0.990138770001446,0.018519047767237597,0.7726312126288004
0.018519047767237697,1.309692901681736,0.0,0.0,0.0,0.0,0.0,0.09941984902330364,0.0,0.6568807346604114,0.009302392662313554,1.7302603099350142,0.0,0.0,0.0,0.0,0.009302392662313554,0.8531656780032141
0.0,1.2654404562158987,0.0,0.5939731659670542,0.0,0.0,0.0,1.9883273535140786,0.0,0.23570561937177126,0.0,0.0,0.0,0.29564959368526655,0.0,0.0,0.0,0.7960336858892697
