RedundantThrowsDeclarationCheck_Actual,RedundantThrowsDeclarationCheck_Simulated,S00117_Actual,S00117_Simulated,S00122_Actual,S00122_Simulated,S1905_Actual,S1905_Simulated,UselessImportCheck_Actual,UselessImportCheck_Simulated,DuplicatedBlocks_Actual,DuplicatedBlocks_Simulated,S1155_Actual,S1155_Simulated
5.733341276897746,5.406354149356674,5.811140992976701,5.623524564790877,6.298949246855942,6.198847681621536,1.791759469228055,2.218394196647229,2.772588722239781,3.5535918260069694,5.66988092298052,5.778379256897303,4.23410650459726,3.9342304055250064
5.703782474656201,5.292727276689097,5.808142489980444,5.120302681218707,6.278521424165844,5.739889996321648,1.791759469228055,2.1202034481144794,2.302585092994046,4.002454828319591,5.6131281063880705,5.572194890246125,4.23410650459726,3.581462466864961
5.717027701406222,5.236748392825164,5.808142489980444,5.716123721797402,6.278521424165844,5.555826651765902,1.791759469228055,0.9429835648182678,2.4849066497880004,2.8011951813933007,5.616771097666572,5.557384605959577,4.23410650459726,3.627129630131439
5.71042701737487,5.2695819099132555,5.808142489980444,6.051513061419132,6.2878585601617845,6.123586778225142,1.791759469228055,3.382068426579931,2.302585092994046,3.2242482797515604,5.616771097666572,5.462839410702702,4.23410650459726,4.3618588366625115
5.707110264748875,5.54370241108001,5.755742213586912,6.4009879538692855,6.3080984415095305,6.6417878962953605,1.791759469228055,3.3991679900999965,2.3978952727983707,4.688729946462287,5.66988092298052,6.572439232642863,4.23410650459726,4.200849565149734
5.707110264748875,5.153564625506189,5.755742213586912,5.447914197065964,6.3080984415095305,5.659312728309935,1.791759469228055,2.055899937660115,2.302585092994046,2.1456971746402926,5.66988092298052,5.547103131106503,4.23410650459726,3.9394771411548537
