,Actual_last_5_vals,Simulated_0,Simulated_1,Simulated_2,Simulated_3,Simulated_4,Simulated_5,Simulated_6,Simulated_7,Simulated_8,Simulated_9,Simulated_10,Simulated_11,Simulated_12,Simulated_13,Simulated_14,Simulated_15,Simulated_16,Simulated_17,Simulated_18,Simulated_19,Simulated_20,Simulated_21,Simulated_22,Simulated_23,Simulated_24,Simulated_25,Simulated_26,Simulated_27,Simulated_28,Simulated_29
155,39587.5,,,,,,,,,,,,,,,,,,,,,,,,,,,,,,
156,40272.625,,,,,,,,,,,,,,,,,,,,,,,,,,,,,,
157,40957.75,,,,,,,,,,,,,,,,,,,,,,,,,,,,,,
158,41642.875,,,,,,,,,,,,,,,,,,,,,,,,,,,,,,
159,42328.0,,,,,,,,,,,,,,,,,,,,,,,,,,,,,,
160,,34729.980112697536,34729.980112697536,34729.980112697536,34729.980112697536,34729.980112697536,34729.980112697536,34729.980112697536,34729.980112697536,34729.980112697536,34729.980112697536,34729.980112697536,34729.980112697536,34729.980112697536,34729.980112697536,34729.980112697536,34729.980112697536,34729.980112697536,34729.980112697536,34729.980112697536,34729.980112697536,34729.980112697536,34729.980112697536,34729.980112697536,34729.980112697536,34729.980112697536,34729.980112697536,34729.980112697536,34729.980112697536,34729.980112697536,34729.980112697536
161,,38063.81948566563,29289.9829824396,39959.531238559335,36683.29363409672,26748.42257795959,33377.79250754477,37043.92911277339,32269.136139789665,34470.52613881289,32750.02923156994,41266.70898143482,26077.48522960916,39353.262366622184,41027.667825267104,32776.86042356592,33009.7576475399,31436.248733696284,32100.20708002057,37005.08789686937,36160.10239750938,32883.107604277364,26416.20938543713,30621.442620909602,33746.55910240547,39626.93694716798,33063.64782023383,49614.853756832534,33547.439603247316,29863.09732868485,28651.442405597707
162,,35012.97700676177,36018.790739262564,39147.71230115807,36700.0958959059,40273.31086478533,44279.03509803538,33209.94543118868,24814.467743550456,34788.288325897905,40831.88495474286,40317.7090711225,33345.639258701376,27620.587486507513,32345.13765654376,37745.29672176514,42175.81084810116,28647.69243608449,39692.94269671946,20083.737836728797,39858.41092012072,32590.444478219222,32927.75541963197,40340.301036841964,36664.55539503475,37566.7135057687,38523.23551960765,39330.80738764944,37735.12221989055,31526.26263351363,37252.52604889823
