RedundantThrowsDeclarationCheck_Actual,RedundantThrowsDeclarationCheck_Simulated,S00117_Actual,S00117_Simulated,UselessImportCheck_Actual,UselessImportCheck_Simulated,DuplicatedBlocks_Actual,DuplicatedBlocks_Simulated,S00112_Actual,S00112_Simulated,S1481_Actual,S1481_Simulated
3.367295829986474,3.2213065757711092,3.1354942159291497,2.5303576481378562,0.0,0.9905216270195651,3.784189633918261,3.1506115414840274,5.181783550292085,3.5229343997453917,0.0,1.1165674294446044
3.367295829986474,3.047921362378122,3.1354942159291497,1.9760988587084505,0.0,0.523237694209582,3.784189633918261,2.2010458153385097,5.181783550292085,1.4945765729583536,0.0,0.4481493306198586
3.367295829986474,2.789382096558479,3.1354942159291497,1.6785277840839852,0.0,0.8875305664215231,3.784189633918261,3.4446434528119783,5.181783550292085,2.209731817806606,0.0,2.2273642240029905
3.367295829986474,3.3971582836765077,3.1354942159291497,2.13451803671675,0.0,1.2539165158460825,3.784189633918261,3.2283984866442834,5.181783550292085,5.047999317573294,0.0,0.0
3.367295829986474,3.056821148500169,3.1354942159291497,2.3060369369555187,0.0,2.109106242152661,3.784189633918261,3.356710001369139,5.181783550292085,3.9707723962408896,0.0,0.39200108075446904
3.367295829986474,3.2687710178084326,3.1354942159291497,2.4269674079584664,0.0,1.5233426409088575,3.784189633918261,3.0931241264893603,5.181783550292085,3.4365337093090282,0.0,0.7701440591104216
