RedundantThrowsDeclarationCheck_Actual,RedundantThrowsDeclarationCheck_Simulated,S00117_Actual,S00117_Simulated,UselessImportCheck_Actual,UselessImportCheck_Simulated,DuplicatedBlocks_Actual,DuplicatedBlocks_Simulated,S00112_Actual,S00112_Simulated,S1481_Actual,S1481_Simulated
3.367295829986474,3.2213065757711092,3.1354942159291497,2.5303576481378562,0.0,0.9905216270195651,3.784189633918261,3.1506115414840274,5.181783550292085,3.5229343997453917,0.0,1.1165674294446044
3.367295829986474,3.2213811967658406,3.1354942159291497,2.479834113052078,0.0,0.49702573855936505,3.784189633918261,2.3544157221887096,5.181783550292085,4.1652595024366015,0.0,0.10750657111573614
3.367295829986474,3.020078950865612,3.1354942159291497,2.1709785908713783,0.0,0.0,3.784189633918261,2.261531406296198,5.181783550292085,2.235195092375137,0.0,1.7329003979189617
3.367295829986474,3.3712663974447623,3.1354942159291497,2.211248650029824,0.0,1.0260474705056277,3.784189633918261,2.6271520879801407,5.181783550292085,4.310403885106279,0.0,2.180868993274844
3.367295829986474,3.5306384492648,3.1354942159291497,2.499118897331501,0.0,1.9733426359042228,3.784189633918261,2.9526038444155134,5.181783550292085,3.063993144945414,0.0,0.22246315304455822
3.367295829986474,4.173408695246028,3.1354942159291497,1.7764702786579658,0.0,0.0,3.784189633918261,4.395221012216597,5.181783550292085,4.697238990315881,0.0,2.4108504465229332
