RedundantThrowsDeclarationCheck_Actual,RedundantThrowsDeclarationCheck_Simulated,S00122_Actual,S00122_Simulated,UselessImportCheck_Actual,UselessImportCheck_Simulated,DuplicatedBlocks_Actual,DuplicatedBlocks_Simulated,S00112_Actual,S00112_Simulated,S1155_Actual,S1155_Simulated,S00108_Actual,S00108_Simulated,S1151_Actual,S1151_Simulated,S1132_Actual,S1132_Simulated,S1481_Actual,S1481_Simulated
3.367295829986474,3.182826244321462,0.0,0.17804065448848427,0.0,1.0120744067826586,3.784189633918261,3.1131672510296626,5.181783550292085,3.495480419818657,1.3862943611198906,1.4002786624897638,4.844187086458591,4.465479026967496,0.6931471805599453,0.3168034653383228,3.044522437723423,2.3619558113018173,0.0,1.1044258036092558
3.367295829986474,3.099508416537949,0.0,0.11077105785697394,0.0,0.9877181420818876,3.784189633918261,3.011596267175811,5.181783550292085,3.5868103504771627,1.3862943611198906,1.2842127077764007,4.844187086458591,3.528672747492582,0.6931471805599453,0.12881776124342673,3.044522437723423,1.9162135558717162,0.0,1.9111776593622647
3.367295829986474,2.7088994840149754,0.0,0.0,0.0,0.0,3.784189633918261,2.859754825672744,5.181783550292085,2.850479926742249,1.3862943611198906,1.2957755188774818,4.844187086458591,4.615330722801995,0.6931471805599453,0.38961005687177475,3.044522437723423,3.48963553539642,0.0,0.0
3.367295829986474,2.630505827191076,0.0,0.12498389910769596,0.0,0.0,3.784189633918261,4.227226064675522,5.181783550292085,4.452315038766606,1.3862943611198906,1.0722261202415395,4.844187086458591,5.395051411422361,0.6931471805599453,0.2529604889662427,3.044522437723423,1.8640923063340507,0.0,0.8772356451841388
3.367295829986474,3.0366812136648074,0.0,0.16006925374461042,0.0,0.8222015823506272,3.784189633918261,3.0605282263351667,5.181783550292085,3.2363054762020593,1.3862943611198906,1.7615781631968537,4.844187086458591,6.631536208837412,0.6931471805599453,0.10045772205104264,3.044522437723423,1.737690813034472,0.0,0.009466568911934203
3.367295829986474,4.071889387525815,0.0,0.0,0.0,0.4857605381817993,3.784189633918261,4.073632566569888,5.181783550292085,2.8467748254922367,1.3862943611198906,2.777240451171867,4.844187086458591,3.522434225223177,0.6931471805599453,0.5038804374288486,3.044522437723423,1.2086702773087092,0.0,0.8620733888731664
