RedundantThrowsDeclarationCheck_Actual,RedundantThrowsDeclarationCheck_Simulated,S00122_Actual,S00122_Simulated,UselessImportCheck_Actual,UselessImportCheck_Simulated,DuplicatedBlocks_Actual,DuplicatedBlocks_Simulated,S00112_Actual,S00112_Simulated,S1155_Actual,S1155_Simulated,S00108_Actual,S00108_Simulated,S1151_Actual,S1151_Simulated,S1132_Actual,S1132_Simulated,S1481_Actual,S1481_Simulated
3.367295829986474,3.182826244321462,0.0,0.17804065448848427,0.0,1.0120744067826586,3.784189633918261,3.1131672510296626,5.181783550292085,3.495480419818657,1.3862943611198906,1.4002786624897638,4.844187086458591,4.465479026967496,0.6931471805599453,0.3168034653383228,3.044522437723423,2.3619558113018173,0.0,1.1044258036092558
3.367295829986474,2.066127452773811,0.0,0.6459881785588133,0.0,0.7378424996743603,3.784189633918261,3.917639666160068,5.181783550292085,3.45922460669049,1.3862943611198906,2.2114839933934873,4.844187086458591,3.4840066569910295,0.6931471805599453,0.48034100703617694,3.044522437723423,2.7670350773950925,0.0,3.031086306443947
3.367295829986474,2.7733507065032543,0.0,1.0219520151670607,0.0,1.8283299639224881,3.784189633918261,2.3699854240668867,5.181783550292085,2.7123866475117873,1.3862943611198906,1.9382215486974785,4.844187086458591,4.0539544757529855,0.6931471805599453,0.19513169076591927,3.044522437723423,0.11091248058490422,0.0,1.4905765483626023
