S1213_Actual,S1213_Simulated,RedundantThrowsDeclarationCheck_Actual,RedundantThrowsDeclarationCheck_Simulated,S1488_Actual,S1488_Simulated,S1905_Actual,S1905_Simulated,DuplicatedBlocks_Actual,DuplicatedBlocks_Simulated,S1226_Actual,S1226_Simulated,S00112_Actual,S00112_Simulated,S1151_Actual,S1151_Simulated,S1132_Actual,S1132_Simulated
5.448173122092414,5.315746943612542,3.1354942159291497,3.5351683455796343,2.268683541318364,2.3448650609869333,0.6931471805599453,2.6336389706392938,5.015069891164122,4.510972925856334,3.721669276936927,3.8233103768142858,3.091042453358316,2.431549945789797,3.258096538021482,2.7244619324435924,3.5553480614894135,3.4205118984428196
5.438079308923196,5.603982205224446,3.1354942159291497,3.9252774464303437,2.1972245773362196,2.39836876615379,0.6931471805599453,3.469184956879015,5.043425116919247,3.882553097906731,3.713572066704308,4.428439269300299,3.091042453358316,1.7604820878285743,3.258096538021482,2.1756070967958046,3.5553480614894135,2.751495087296694
5.438079308923196,6.55590181143706,3.1354942159291497,3.2818130685153544,2.1972245773362196,2.780487481937789,0.6931471805599453,1.9854519943476205,5.043425116919247,3.6543715187964656,3.713572066704308,3.2575107227373694,3.091042453358316,2.986872861739639,3.258096538021482,1.7201497970273476,3.5553480614894135,3.487542173204104
5.438079308923196,5.077130312606423,3.1354942159291497,3.0153292541234027,2.1972245773362196,2.2702372865037677,0.6931471805599453,3.1370111677690984,5.043425116919247,4.780675432890725,3.713572066704308,3.6144026529402384,3.091042453358316,2.593693023709387,3.258096538021482,4.70667265712287,3.5553480614894135,3.087897848718898
5.438079308923196,5.393324169746134,3.1354942159291497,3.5716482348883423,2.1972245773362196,3.0198358923580084,0.6931471805599453,6.745823740114099,5.043425116919247,4.550645974375306,3.713572066704308,3.672595320890482,3.091042453358316,2.629720911966387,3.258096538021482,1.8630132903856789,3.5553480614894135,3.5298978698546937
5.438079308923196,6.408518669493349,3.1354942159291497,3.3153475654589117,2.1972245773362196,2.2755383210268683,0.6931471805599453,1.745821769753228,5.043425116919247,5.820018440891835,3.713572066704308,3.7194960480854773,3.091042453358316,1.6177949893928432,3.258096538021482,2.876009708880969,3.5553480614894135,3.586470467969498
