S1213_Actual,S1213_Simulated,RedundantThrowsDeclarationCheck_Actual,RedundantThrowsDeclarationCheck_Simulated,S1488_Actual,S1488_Simulated,S1905_Actual,S1905_Simulated,DuplicatedBlocks_Actual,DuplicatedBlocks_Simulated,S1226_Actual,S1226_Simulated,S00112_Actual,S00112_Simulated,S1151_Actual,S1151_Simulated,S1132_Actual,S1132_Simulated
5.448173122092414,5.315746943612542,3.1354942159291497,3.5351683455796343,2.268683541318364,2.3448650609869333,0.6931471805599453,2.6336389706392938,5.015069891164122,4.510972925856334,3.721669276936927,3.8233103768142858,3.091042453358316,2.431549945789797,3.258096538021482,2.7244619324435924,3.5553480614894135,3.4205118984428196
5.438079308923196,4.555080272858882,3.1354942159291497,2.7871147958791975,2.1972245773362196,1.5911728684741826,0.6931471805599453,3.949650501267543,5.043425116919247,4.402758718427304,3.713572066704308,2.9448586443537135,3.091042453358316,2.8981364247132984,3.258096538021482,4.835973579432656,3.5553480614894135,4.339355557707546
5.438079308923196,5.917052390395512,3.1354942159291497,4.1468838598755475,2.1972245773362196,2.3677272685713655,0.6931471805599453,3.8166162834712045,5.043425116919247,6.215363018313305,3.713572066704308,3.5940232537346586,3.091042453358316,2.7414494543297536,3.258096538021482,1.7895329589844677,3.5553480614894135,2.7017855992002033
5.438079308923196,4.914646227280178,3.1354942159291497,4.2401388484685505,2.1972245773362196,1.5796973637314395,0.6931471805599453,1.5087321886911027,5.043425116919247,3.3252762513878684,3.713572066704308,4.110308755424817,3.091042453358316,1.8535587319317057,3.258096538021482,2.9233617226443447,3.5553480614894135,3.1822515431112337
5.438079308923196,5.299889770292225,3.1354942159291497,3.643023361429847,2.1972245773362196,2.526005433749157,0.6931471805599453,3.8809680045703923,5.043425116919247,4.4109275863236395,3.713572066704308,4.558877621103837,3.091042453358316,2.3947676249145777,3.258096538021482,3.436260156225852,3.5553480614894135,3.8984817929325564
5.438079308923196,4.989631954645795,3.1354942159291497,3.35015752345324,2.1972245773362196,2.1585572733508065,0.6931471805599453,1.8619275799737052,5.043425116919247,4.6248235025922195,3.713572066704308,3.3108838594761396,3.091042453358316,2.624855752566427,3.258096538021482,2.4758651891838186,3.5553480614894135,3.3805117716722
