S1213_Actual,S1213_Simulated,RedundantThrowsDeclarationCheck_Actual,RedundantThrowsDeclarationCheck_Simulated,S1488_Actual,S1488_Simulated,S1905_Actual,S1905_Simulated,DuplicatedBlocks_Actual,DuplicatedBlocks_Simulated,S1226_Actual,S1226_Simulated,S00112_Actual,S00112_Simulated,S1151_Actual,S1151_Simulated,S1132_Actual,S1132_Simulated
5.448173122092414,5.315746943612542,3.1354942159291497,3.5351683455796343,2.268683541318364,2.3448650609869333,0.6931471805599453,2.6336389706392938,5.015069891164122,4.510972925856334,3.721669276936927,3.8233103768142858,3.091042453358316,2.431549945789797,3.258096538021482,2.7244619324435924,3.5553480614894135,3.4205118984428196
5.438079308923196,5.404128764886872,3.1354942159291497,3.7724079372271944,2.1972245773362196,2.210774827625317,0.6931471805599453,0.0035628329941124193,5.043425116919247,4.913922798201942,3.713572066704308,3.1480142268153437,3.091042453358316,3.0730349966283788,3.258096538021482,3.0502158958902275,3.5553480614894135,3.1651169068030764
5.438079308923196,4.324872819318179,3.1354942159291497,3.160770614672439,2.1972245773362196,0.8534820020245975,0.6931471805599453,2.541751251626914,5.043425116919247,5.572848817154696,3.713572066704308,4.447633511387348,3.091042453358316,2.701730261957923,3.258096538021482,2.9785226703574406,3.5553480614894135,3.102121376753907
5.438079308923196,5.580467544476059,3.1354942159291497,3.3476010855569145,2.1972245773362196,1.8392069908545468,0.6931471805599453,2.1248878692556836,5.043425116919247,4.514829788232456,3.713572066704308,5.641205002104863,3.091042453358316,1.8143149451152472,3.258096538021482,2.7348364634394136,3.5553480614894135,3.0390735834819886
5.438079308923196,4.421549134334834,3.1354942159291497,3.493510198393136,2.1972245773362196,3.212685737064448,0.6931471805599453,3.3900974101041634,5.043425116919247,5.323849977365187,3.713572066704308,5.0913263157371755,3.091042453358316,2.2506953268342427,3.258096538021482,2.517019278632535,3.5553480614894135,3.92426010707009
5.438079308923196,6.076824031643511,3.1354942159291497,2.987751777226439,2.1972245773362196,3.2887182257230996,0.6931471805599453,0.0,5.043425116919247,3.5434302963651807,3.713572066704308,3.8287837713774686,3.091042453358316,2.894594219796515,3.258096538021482,1.8219193528570898,3.5553480614894135,3.455826966961009
