S1213_Actual,S1213_Simulated,RedundantThrowsDeclarationCheck_Actual,RedundantThrowsDeclarationCheck_Simulated,S1488_Actual,S1488_Simulated,S1905_Actual,S1905_Simulated,DuplicatedBlocks_Actual,DuplicatedBlocks_Simulated,S1226_Actual,S1226_Simulated,S00112_Actual,S00112_Simulated,S1151_Actual,S1151_Simulated,S1132_Actual,S1132_Simulated
5.438079308923196,5.315746943612542,3.1354942159291497,3.5351683455796343,2.1972245773362196,2.3448650609869333,0.6931471805599453,2.6336389706392938,5.043425116919247,4.510972925856334,3.713572066704308,3.8233103768142858,3.091042453358316,2.431549945789797,3.258096538021482,2.7244619324435924,3.5553480614894135,3.4205118984428196
5.438079308923196,5.680369480656952,3.1354942159291497,3.234563817499639,2.1972245773362196,1.1620912528250604,0.6931471805599453,4.720386992132028,5.043425116919247,5.339341388139555,3.713572066704308,3.1320039991331594,3.091042453358316,2.877329929241469,3.258096538021482,1.3154598337315992,3.5553480614894135,3.2934380804490666
5.438079308923196,5.279784428142558,3.1354942159291497,3.4297288560584565,2.1972245773362196,2.189353114394436,0.6931471805599453,2.4281477465346475,5.043425116919247,5.305973964010249,3.713572066704308,3.2555967801884487,3.091042453358316,2.2064199839249845,3.258096538021482,3.823935553541781,3.5553480614894135,3.633137200318328
