S1905_Actual,S1905_Simulated,S1226_Actual,S1226_Simulated,S00112_Actual,S00112_Simulated,S00108_Actual,S00108_Simulated
0.0,0.9071098113340569,4.248495242049359,4.134769788868201,4.1588830833596715,2.499131140053135,1.3862943611198906,1.5415685703871407
0.0,0.5039073182096452,4.248495242049359,3.3896259897251633,4.1588830833596715,3.3527924571305228,1.3862943611198906,2.058508810626745
0.0,0.9812826655414402,4.248495242049359,4.719778560812175,4.1588830833596715,2.363967650050026,1.3862943611198906,1.726795922718101
0.0,0.8026906711333903,4.248495242049359,3.965403326374106,4.1588830833596715,2.1265839058498752,1.3862943611198906,1.255159304356102
0.0,1.1356616982416294,4.248495242049359,4.542375716483647,4.1588830833596715,5.051947182973133,1.3862943611198906,1.28792982876084
0.0,1.7442849977756114,4.248495242049359,4.2186560416429595,4.1588830833596715,4.1529095134569705,1.3862943611198906,1.1581174262895233
