S1213_Actual,S1213_Simulated,S1488_Actual,S1488_Simulated,S1905_Actual,S1905_Simulated,DuplicatedBlocks_Actual,DuplicatedBlocks_Simulated,S1226_Actual,S1226_Simulated,S00112_Actual,S00112_Simulated,S1151_Actual,S1151_Simulated,S1132_Actual,S1132_Simulated,S1481_Actual,S1481_Simulated
5.448173122092414,5.315746943612542,2.268683541318364,2.3448650609869333,0.6931471805599453,2.6336389706392938,5.015069891164122,4.510972925856334,3.721669276936927,3.8233103768142858,3.091042453358316,2.431549945789797,3.258096538021482,2.7244619324435924,3.5553480614894135,3.4205118984428196,1.9459101490553132,3.001156803470868
5.438079308923196,4.821376640158346,2.1972245773362196,2.843776664535415,0.6931471805599453,2.7323625566958425,5.043425116919247,5.319381468973129,3.713572066704308,2.486777939079592,3.091042453358316,2.682187166307533,3.258096538021482,4.298683853113389,3.5553480614894135,3.2667877331196875,1.9459101490553132,3.2077782619704562
5.438079308923196,5.75770950924049,2.1972245773362196,2.8713710124446834,0.6931471805599453,0.39772603330094114,5.043425116919247,3.768136638235565,3.713572066704308,3.449442625163868,3.091042453358316,2.3273751934415827,3.258096538021482,2.0490213055059203,3.5553480614894135,3.8476229026387516,1.9459101490553132,3.6597333798652816
5.438079308923196,4.580346704722032,2.1972245773362196,3.2920216199926333,0.6931471805599453,0.3392031236804902,5.043425116919247,4.493877206226963,3.713572066704308,4.6290493568046065,3.091042453358316,1.919122583743862,3.258096538021482,1.713974232880739,3.5553480614894135,3.815620335164338,1.9459101490553132,4.541090734800889
5.438079308923196,4.740357552478436,2.1972245773362196,2.928959899258991,0.6931471805599453,3.6240204173197608,5.043425116919247,4.447385289103116,3.713572066704308,4.014970970328306,3.091042453358316,2.3255240112383198,3.258096538021482,3.6217177684244417,3.5553480614894135,3.1531682448636937,1.9459101490553132,3.0251719362358633
5.438079308923196,6.644056385309172,2.1972245773362196,2.4546073653465466,0.6931471805599453,3.0000792462860812,5.043425116919247,5.5451893493946445,3.713572066704308,3.5722927264567774,3.091042453358316,2.668143510894807,3.258096538021482,3.170291276321253,3.5553480614894135,3.827625530382289,1.9459101490553132,2.5530381489174783
