,Actual_last_5_vals,Simulated_0,Simulated_1,Simulated_2,Simulated_3,Simulated_4,Simulated_5,Simulated_6,Simulated_7,Simulated_8,Simulated_9,Simulated_10,Simulated_11,Simulated_12,Simulated_13,Simulated_14,Simulated_15,Simulated_16,Simulated_17,Simulated_18,Simulated_19,Simulated_20,Simulated_21,Simulated_22,Simulated_23,Simulated_24,Simulated_25,Simulated_26,Simulated_27,Simulated_28,Simulated_29
363,16985.0,,,,,,,,,,,,,,,,,,,,,,,,,,,,,,
364,17177.0,,,,,,,,,,,,,,,,,,,,,,,,,,,,,,
365,17286.333333333332,,,,,,,,,,,,,,,,,,,,,,,,,,,,,,
366,17395.666666666668,,,,,,,,,,,,,,,,,,,,,,,,,,,,,,
367,17505.0,,,,,,,,,,,,,,,,,,,,,,,,,,,,,,
368,,6705.460004091998,6705.460004091998,6705.460004091998,6705.460004091998,6705.460004091998,6705.460004091998,6705.460004091998,6705.460004091998,6705.460004091998,6705.460004091998,6705.460004091998,6705.460004091998,6705.460004091998,6705.460004091998,6705.460004091998,6705.460004091998,6705.460004091998,6705.460004091998,6705.460004091998,6705.460004091998,6705.460004091998,6705.460004091998,6705.460004091998,6705.460004091998,6705.460004091998,6705.460004091998,6705.460004091998,6705.460004091998,6705.460004091998,6705.460004091998
369,,1338.8814938759926,5178.407817259837,17170.390904038006,16094.215491784456,2849.6799883440613,19549.27045081507,7934.12645441562,4104.852164539506,15301.678708347286,31510.64430332299,6763.797737503799,8381.852754330503,24027.581980752617,8510.954432104614,15635.87817682364,2899.159272201974,-7584.577681340029,5888.6434103409265,11967.691046690954,10989.545772007572,13464.162730958862,21218.025053555346,10518.74088125454,13938.279209708851,-13602.200962072231,-2295.9959164022953,19945.33842748601,5533.229133205128,11828.98588287897,5930.216078486035
