RedundantThrowsDeclarationCheck_Actual,RedundantThrowsDeclarationCheck_Simulated,S1488_Actual,S1488_Simulated,S1905_Actual,S1905_Simulated,UselessImportCheck_Actual,UselessImportCheck_Simulated,S00108_Actual,S00108_Simulated
4.6913478822291435,5.156074832496742,3.258096538021482,3.697697263544742,2.70805020110221,3.461420735491537,4.574710978503383,4.495037878812216,1.3862943611198906,1.6954226165372368
4.955827057601261,5.615829279230428,3.258096538021482,4.098807686105076,2.70805020110221,5.028075041808446,3.970291913552122,4.0025633177496145,1.3862943611198906,1.040389945992192
4.969813299576001,4.613828755488627,3.258096538021482,4.123023950726398,2.70805020110221,2.4438025822332756,4.143134726391533,4.857386170542417,1.3862943611198906,1.0927361051759141
4.969813299576001,4.655927890194115,3.258096538021482,4.4081702163370045,2.70805020110221,2.518889757650635,4.127134385045092,4.948209943219544,1.3862943611198906,1.8119613587809158
4.962844630259907,6.979420350613699,3.5553480614894135,3.0839950741101583,2.5649493574615367,4.080877418358691,4.248495242049359,3.8531086496476883,1.3862943611198906,2.299352440879364
4.962844630259907,6.439179301807058,3.5553480614894135,2.5026462757293455,2.5649493574615367,2.831278763491092,4.23410650459726,4.556019682157227,1.3862943611198906,1.9757336619507342
