RedundantThrowsDeclarationCheck_Actual,RedundantThrowsDeclarationCheck_Simulated,S1488_Actual,S1488_Simulated,S1905_Actual,S1905_Simulated,UselessImportCheck_Actual,UselessImportCheck_Simulated,S00108_Actual,S00108_Simulated
4.454347296253507,5.112958552709485,3.044522437723423,3.1324916786314416,2.70805020110221,2.842322744116647,4.31748811353631,3.9462715619334965,1.3862943611198906,1.0310430254238616
4.454347296253507,5.492675162631962,3.044522437723423,1.5682905763808768,2.70805020110221,2.515574710799676,4.31748811353631,2.181483660991332,1.3862943611198906,1.6004285960860203
4.454347296253507,4.879702201129661,3.044522437723423,2.987822132872659,2.70805020110221,4.575077635253098,4.330733340286331,3.418928476000747,1.3862943611198906,1.2073652763865887
4.51085950651685,3.29971711270557,3.091042453358316,2.809045767728716,2.70805020110221,0.6970368801693247,4.709530201312334,2.3131331623032483,1.3862943611198906,1.9164332351758777
4.672828834461906,4.375977540464297,3.1780538303479458,3.5951329840701294,2.70805020110221,5.659942739110605,4.736198448394496,5.265133961227379,1.3862943611198906,1.3733033009229956
4.672828834461906,4.7519232179315365,3.1780538303479458,1.3952207299172978,2.70805020110221,1.6558551183344123,4.74493212836325,5.3365722365072,1.3862943611198906,0.0
4.6913478822291435,3.0080903104218097,3.258096538021482,2.3636117390246683,2.70805020110221,0.12763282926717912,4.574710978503383,5.729895960341231,1.3862943611198906,2.630156434565036
4.955827057601261,4.402707586065351,3.258096538021482,4.559257885097352,2.70805020110221,1.6093559578175485,3.970291913552122,3.1897144809404407,1.3862943611198906,1.3271178371626473
4.969813299576001,4.666603312710569,3.258096538021482,4.887741544492767,2.70805020110221,3.1096306809406693,4.143134726391533,5.0551585254326845,1.3862943611198906,0.9006738216266776
4.969813299576001,4.80021524239702,3.258096538021482,3.170722855176645,2.70805020110221,1.9379271278710961,4.127134385045092,4.902683308763096,1.3862943611198906,0.45674019074871774
4.962844630259907,6.743360816120598,3.5553480614894135,4.337200771796344,2.5649493574615367,2.9906353429539725,4.248495242049359,4.244895135410622,1.3862943611198906,1.2072706160921847
4.962844630259907,6.074192913501606,3.5553480614894135,3.512887176882175,2.5649493574615367,5.529274020944067,4.23410650459726,3.3990265072832955,1.3862943611198906,1.458651349093704
