RedundantThrowsDeclarationCheck_Actual,RedundantThrowsDeclarationCheck_Simulated,S1488_Actual,S1488_Simulated,S1905_Actual,S1905_Simulated,S00108_Actual,S00108_Simulated
4.6913478822291435,5.112958552709485,3.258096538021482,3.1324916786314416,2.70805020110221,2.842322744116647,1.3862943611198906,1.0310430254238616
4.955827057601261,5.566399271156821,3.258096538021482,1.9168520380841843,2.70805020110221,2.2691972787978805,1.3862943611198906,0.8235130834840323
4.969813299576001,4.5518728574041845,3.258096538021482,4.286063304641687,2.70805020110221,4.0593451459318075,1.3862943611198906,0.0
4.969813299576001,6.935303533299777,3.258096538021482,4.511699166224988,2.70805020110221,4.583331755415856,1.3862943611198906,1.5135720004290507
4.962844630259907,6.3745319147322705,3.5553480614894135,0.10364308935329447,2.5649493574615367,6.314820852853938,1.3862943611198906,0.0
4.962844630259907,6.28522771256704,3.5553480614894135,2.1471167669098827,2.5649493574615367,2.132855925659457,1.3862943611198906,0.9829687770316512
