RedundantThrowsDeclarationCheck_Actual,RedundantThrowsDeclarationCheck_Simulated,S1488_Actual,S1488_Simulated,S1905_Actual,S1905_Simulated,S00108_Actual,S00108_Simulated
4.6913478822291435,5.112958552709485,3.258096538021482,3.1324916786314416,2.70805020110221,2.842322744116647,1.3862943611198906,1.0310430254238616
4.955827057601261,1.440869234458754,3.258096538021482,3.9203893456312864,2.70805020110221,3.7077214187992986,1.3862943611198906,1.932918966591156
4.969813299576001,3.6264504781339877,3.258096538021482,2.58246102413177,2.70805020110221,2.4868244252473564,1.3862943611198906,2.0710507093238295
4.969813299576001,4.645319760647442,3.258096538021482,1.1987938212806886,2.70805020110221,5.519084572880635,1.3862943611198906,1.9139841139192206
4.962844630259907,6.8063964682873745,3.5553480614894135,2.99071918579217,2.5649493574615367,4.051952352325092,1.3862943611198906,1.5902402599349261
4.962844630259907,6.130182959071948,3.5553480614894135,3.293367626182355,2.5649493574615367,4.153653568879002,1.3862943611198906,0.30123841372704174
