S1488_Actual,S1488_Simulated,S1905_Actual,S1905_Simulated,UselessImportCheck_Actual,UselessImportCheck_Simulated,S00108_Actual,S00108_Simulated
3.258096538021482,3.1324916786314416,2.70805020110221,2.842322744116647,4.574710978503383,3.9462715619334965,1.3862943611198906,1.0310430254238616
3.258096538021482,2.259439759502997,2.70805020110221,0.0,3.970291913552122,3.8476327476984795,1.3862943611198906,0.18750387874865015
3.258096538021482,3.088334811313578,2.70805020110221,4.756723028700948,4.143134726391533,3.7711179740626255,1.3862943611198906,2.556219529898111
3.258096538021482,4.855962496963539,2.70805020110221,4.2979650900466355,4.127134385045092,3.3807023089602573,1.3862943611198906,0.5726068960172102
3.5553480614894135,2.0287382422126887,2.5649493574615367,6.001068556626397,4.248495242049359,2.0226404332622896,1.3862943611198906,0.4166728928403254
3.5553480614894135,2.8544823807489035,2.5649493574615367,4.896939659375763,4.23410650459726,4.416760541153385,1.3862943611198906,2.8978091821208283
