RedundantThrowsDeclarationCheck,S1488,S1905,UselessImportCheck,S00108
4.969813299576001,3.258096538021482,2.70805020110221,4.127134385045092,1.3862943611198906
4.962844630259907,3.5553480614894135,2.5649493574615367,4.248495242049359,1.3862943611198906
4.962844630259907,3.5553480614894135,2.5649493574615367,4.23410650459726,1.3862943611198906
5.112958552709485,3.1324916786314416,2.842322744116647,3.9462715619334965,1.0310430254238616
5.01627670546827,3.798988794801809,0.666155790530865,3.286796569508126,1.4276701977858395
6.462386172567187,1.8490827038497473,1.514971000545304,4.272752793805925,0.0
