RedundantThrowsDeclarationCheck_Actual,RedundantThrowsDeclarationCheck_Simulated,S1488_Actual,S1488_Simulated,S1905_Actual,S1905_Simulated,UselessImportCheck_Actual,UselessImportCheck_Simulated,S00108_Actual,S00108_Simulated
4.6913478822291435,5.156074832496742,3.258096538021482,3.697697263544742,2.70805020110221,3.461420735491537,4.574710978503383,4.495037878812216,1.3862943611198906,1.6954226165372368
4.955827057601261,5.017277780280615,3.258096538021482,4.335878903979609,2.70805020110221,4.842038693231727,3.970291913552122,4.49318610838831,1.3862943611198906,2.6624104354868425
4.969813299576001,4.90044386990007,3.258096538021482,4.1003659236715615,2.70805020110221,3.4515046644199012,4.143134726391533,4.766388307171115,1.3862943611198906,1.0880440142651149
4.969813299576001,3.7983712245191277,3.258096538021482,4.564529855434599,2.70805020110221,2.2876031677050204,4.127134385045092,4.535446112645447,1.3862943611198906,1.8647969087103318
4.962844630259907,5.160452593146481,3.5553480614894135,4.183126329761166,2.5649493574615367,4.93801166934575,4.248495242049359,4.0378319708160735,1.3862943611198906,1.701646943640639
4.962844630259907,5.42953843898072,3.5553480614894135,2.254870857885029,2.5649493574615367,3.7531082023281983,4.23410650459726,4.618021368289283,1.3862943611198906,1.339396461091309
