RedundantThrowsDeclarationCheck_Actual,RedundantThrowsDeclarationCheck_Simulated,S1488_Actual,S1488_Simulated,S1905_Actual,S1905_Simulated,UselessImportCheck_Actual,UselessImportCheck_Simulated,S00108_Actual,S00108_Simulated
4.969813299576001,5.112958552709485,3.258096538021482,3.1324916786314416,2.70805020110221,2.842322744116647,4.127134385045092,3.9462715619334965,1.3862943611198906,1.0310430254238616
4.962844630259907,3.2105406283228,3.5553480614894135,7.229688641248434,2.5649493574615367,4.508295048434613,4.248495242049359,2.9791787139320793,1.3862943611198906,1.7679121633504784
4.962844630259907,5.664065370140887,3.5553480614894135,4.608920289046651,2.5649493574615367,3.8802915429303937,4.23410650459726,3.4169895791045124,1.3862943611198906,1.9413535257714973
