RedundantThrowsDeclarationCheck_Actual,RedundantThrowsDeclarationCheck_Simulated,S1488_Actual,S1488_Simulated,UselessImportCheck_Actual,UselessImportCheck_Simulated,S00108_Actual,S00108_Simulated
4.6913478822291435,5.112958552709485,3.258096538021482,3.1324916786314416,4.574710978503383,3.9462715619334965,1.3862943611198906,1.0310430254238616
4.955827057601261,5.202544018785211,3.258096538021482,5.6788611892790835,3.970291913552122,3.7538032726338915,1.3862943611198906,1.1313244964089093
4.969813299576001,6.0471682704632554,3.258096538021482,2.5828486069346406,4.143134726391533,6.232064488135116,1.3862943611198906,1.6563140394138305
4.969813299576001,7.135511513877745,3.258096538021482,1.879489627915389,4.127134385045092,3.677668872733554,1.3862943611198906,2.1471863434656555
4.962844630259907,5.086623840897294,3.5553480614894135,2.504232832703573,4.248495242049359,2.804051963087093,1.3862943611198906,1.4465135240409597
4.962844630259907,3.8142069672100067,3.5553480614894135,3.6269405017204344,4.23410650459726,4.240406106215964,1.3862943611198906,1.0209458064902894
