RedundantThrowsDeclarationCheck_Actual,RedundantThrowsDeclarationCheck_Simulated,S1488_Actual,S1488_Simulated,S1905_Actual,S1905_Simulated,UselessImportCheck_Actual,UselessImportCheck_Simulated,S00108_Actual,S00108_Simulated
4.969813299576001,5.112958552709485,3.258096538021482,3.1324916786314416,2.70805020110221,2.842322744116647,4.127134385045092,3.9462715619334965,1.3862943611198906,1.0310430254238616
4.962844630259907,4.747058759675195,3.5553480614894135,2.291267310235025,2.5649493574615367,2.609569540944213,4.248495242049359,2.877174206099405,1.3862943611198906,0.9398257205252593
4.962844630259907,5.478179094461835,3.5553480614894135,2.5598372455374556,2.5649493574615367,0.31672977199751484,4.23410650459726,3.5241057939633063,1.3862943611198906,0.31083762160045714
