RedundantThrowsDeclarationCheck_Actual,RedundantThrowsDeclarationCheck_Simulated,S1488_Actual,S1488_Simulated,S1905_Actual,S1905_Simulated,UselessImportCheck_Actual,UselessImportCheck_Simulated,S00108_Actual,S00108_Simulated
4.969813299576001,5.156074832496742,3.258096538021482,3.697697263544742,2.70805020110221,3.461420735491537,4.127134385045092,4.495037878812216,1.3862943611198906,1.6954226165372368
4.962844630259907,6.203741392321859,3.5553480614894135,4.026526579315598,2.5649493574615367,2.301467757187055,4.248495242049359,4.785811205648741,1.3862943611198906,1.4565368425215934
4.962844630259907,4.633263943853482,3.5553480614894135,3.9403882067091907,2.5649493574615367,3.9041866509654675,4.23410650459726,3.9673605992420535,1.3862943611198906,1.5107615160416628
