RedundantThrowsDeclarationCheck_Actual,RedundantThrowsDeclarationCheck_Simulated,S1488_Actual,S1488_Simulated,S1905_Actual,S1905_Simulated,UselessImportCheck_Actual,UselessImportCheck_Simulated,S00108_Actual,S00108_Simulated
4.6913478822291435,5.112958552709485,3.258096538021482,3.1324916786314416,2.70805020110221,2.842322744116647,4.574710978503383,3.9462715619334965,1.3862943611198906,1.0310430254238616
4.955827057601261,6.388870121756126,3.258096538021482,3.5043658462897485,2.70805020110221,2.9121958728700985,3.970291913552122,5.369897257590131,1.3862943611198906,1.3351105104751924
4.969813299576001,6.4827171650979345,3.258096538021482,3.14348200780533,2.70805020110221,4.610888072928154,4.143134726391533,3.8961512976602344,1.3862943611198906,1.60184374001608
4.969813299576001,6.467255763439782,3.258096538021482,3.943361261221204,2.70805020110221,2.378693316021512,4.127134385045092,4.74194430262108,1.3862943611198906,0.6398069656357568
4.962844630259907,4.751166462160787,3.5553480614894135,3.213759793005047,2.5649493574615367,6.176505131329451,4.248495242049359,2.8572661936961334,1.3862943611198906,1.0980499487863604
4.962844630259907,4.297800058199869,3.5553480614894135,5.492466735581205,2.5649493574615367,3.4514703551527934,4.23410650459726,4.475689782493909,1.3862943611198906,1.5225652309182003
