RedundantThrowsDeclarationCheck_Actual,RedundantThrowsDeclarationCheck_Simulated,S1488_Actual,S1488_Simulated,S1905_Actual,S1905_Simulated,UselessImportCheck_Actual,UselessImportCheck_Simulated,S00108_Actual,S00108_Simulated
4.6913478822291435,5.112958552709485,3.258096538021482,3.1324916786314416,2.70805020110221,2.842322744116647,4.574710978503383,3.9462715619334965,1.3862943611198906,1.0310430254238616
4.955827057601261,7.068959251057336,3.258096538021482,2.44866608617487,2.70805020110221,5.0346388532638215,3.970291913552122,4.057701307703196,1.3862943611198906,1.2315649217401134
4.969813299576001,4.378109557695645,3.258096538021482,0.12995742945862743,2.70805020110221,1.0885076893207688,4.143134726391533,1.14728937962786,1.3862943611198906,1.2429613966679325
4.969813299576001,4.811841169375578,3.258096538021482,1.461995080263327,2.70805020110221,0.6173609249120329,4.127134385045092,3.945653562746567,1.3862943611198906,1.4443021191915513
4.962844630259907,4.016656762171858,3.5553480614894135,5.536499463184732,2.5649493574615367,2.024429699388499,4.248495242049359,5.1530719110392305,1.3862943611198906,0.0
4.962844630259907,4.59370706149527,3.5553480614894135,3.3895484103498545,2.5649493574615367,3.4062537479387793,4.23410650459726,6.204020620301091,1.3862943611198906,0.7088725895001027
