RedundantThrowsDeclarationCheck_Actual,RedundantThrowsDeclarationCheck_Simulated,S1488_Actual,S1488_Simulated,S1905_Actual,S1905_Simulated,UselessImportCheck_Actual,UselessImportCheck_Simulated
4.6913478822291435,5.112958552709485,3.258096538021482,3.1324916786314416,2.70805020110221,2.842322744116647,4.574710978503383,3.9462715619334965
4.955827057601261,5.718093149857134,3.258096538021482,0.0,2.70805020110221,0.0,3.970291913552122,3.65106980216631
4.969813299576001,4.139753866675444,3.258096538021482,4.847927427311955,2.70805020110221,0.8659490725649517,4.143134726391533,1.1729594217900474
4.969813299576001,4.994832553130417,3.258096538021482,5.350119488715668,2.70805020110221,2.608098683900598,4.127134385045092,3.295214205226949
4.962844630259907,6.749459297221074,3.5553480614894135,3.1510281947680925,2.5649493574615367,5.305628720343451,4.248495242049359,2.8061586396491434
4.962844630259907,7.03976421796334,3.5553480614894135,2.548494205942673,2.5649493574615367,2.7214456853026854,4.23410650459726,2.109671169712181
