RedundantThrowsDeclarationCheck_Actual,RedundantThrowsDeclarationCheck_Simulated,S1488_Actual,S1488_Simulated,S1905_Actual,S1905_Simulated,UselessImportCheck_Actual,UselessImportCheck_Simulated
4.6913478822291435,5.112958552709485,3.258096538021482,3.1324916786314416,2.70805020110221,2.842322744116647,4.574710978503383,3.9462715619334965
4.955827057601261,3.914141995927346,3.258096538021482,2.0471135267080225,2.70805020110221,0.0,3.970291913552122,3.103081147147588
4.969813299576001,4.294833901019988,3.258096538021482,2.0597945911635174,2.70805020110221,2.522756577721076,4.143134726391533,4.549069052477702
4.969813299576001,5.8792243106777695,3.258096538021482,1.6752202824833846,2.70805020110221,1.1327219346822248,4.127134385045092,4.449548441826051
4.962844630259907,4.9528271106264095,3.5553480614894135,3.512129697704263,2.5649493574615367,6.189823293456772,4.248495242049359,3.639370603694877
4.962844630259907,3.7212002451573403,3.5553480614894135,1.1153047950222224,2.5649493574615367,4.053850507402415,4.23410650459726,4.0974368315368395
