RedundantThrowsDeclarationCheck_Actual,RedundantThrowsDeclarationCheck_Simulated,S1488_Actual,S1488_Simulated,S1905_Actual,S1905_Simulated,S00108_Actual,S00108_Simulated
4.6913478822291435,5.112958552709485,3.258096538021482,3.1324916786314416,2.70805020110221,2.842322744116647,1.3862943611198906,1.0310430254238616
4.955827057601261,3.782286259180416,3.258096538021482,3.0166254227859106,2.70805020110221,4.742912670169047,1.3862943611198906,1.3203817504116355
4.969813299576001,5.815669580309606,3.258096538021482,2.7227345171174995,2.70805020110221,1.691258548152728,1.3862943611198906,1.3164334829591096
4.969813299576001,5.956498976487817,3.258096538021482,2.345040885447986,2.70805020110221,2.8982128771431124,1.3862943611198906,0.10875501095496243
4.962844630259907,4.502989895086377,3.5553480614894135,1.7533910934501251,2.5649493574615367,0.0,1.3862943611198906,0.7061184761001883
4.962844630259907,5.160382072875984,3.5553480614894135,7.528020418495275,2.5649493574615367,1.3259158963494473,1.3862943611198906,0.2996189433916694
