RedundantThrowsDeclarationCheck_Actual,RedundantThrowsDeclarationCheck_Simulated,S1488_Actual,S1488_Simulated,S1905_Actual,S1905_Simulated,UselessImportCheck_Actual,UselessImportCheck_Simulated,S00108_Actual,S00108_Simulated
4.454347296253507,5.156074832496742,3.044522437723423,3.697697263544742,2.70805020110221,3.461420735491537,4.31748811353631,4.495037878812216,1.3862943611198906,1.6954226165372368
4.454347296253507,5.041593062681761,3.044522437723423,3.7254119512629282,2.70805020110221,3.5871038236078734,4.31748811353631,4.308042288776054,1.3862943611198906,2.3611761903027877
4.454347296253507,5.288343257881719,3.044522437723423,4.37843965892197,2.70805020110221,2.843801421379812,4.330733340286331,4.620265130597934,1.3862943611198906,0.9668332016022376
4.51085950651685,5.4360843544875435,3.091042453358316,3.6357032260260445,2.70805020110221,2.9707699583361147,4.709530201312334,4.844339940984329,1.3862943611198906,1.5395491258286254
4.672828834461906,5.6235856229424215,3.1780538303479458,4.478770088282516,2.70805020110221,3.5866299354141287,4.736198448394496,4.568653812960482,1.3862943611198906,1.5280036013088683
4.672828834461906,6.013612139796921,3.1780538303479458,4.942297249228109,2.70805020110221,3.34131930907642,4.74493212836325,4.476057572126512,1.3862943611198906,2.352285625109542
4.6913478822291435,4.809937212758178,3.258096538021482,4.403228224714283,2.70805020110221,3.0176782074841304,4.574710978503383,4.4498368677070514,1.3862943611198906,1.296220873828243
4.955827057601261,4.617817926180381,3.258096538021482,3.068064667048673,2.70805020110221,5.38958191109996,3.970291913552122,4.19058835563709,1.3862943611198906,1.723398470497042
4.969813299576001,6.565566271577812,3.258096538021482,3.5220060045299952,2.70805020110221,4.532365500844522,4.143134726391533,4.844610841488154,1.3862943611198906,1.6152981300242455
4.969813299576001,3.5527882530780346,3.258096538021482,2.857276774538642,2.70805020110221,2.670308768913827,4.127134385045092,4.549469010861783,1.3862943611198906,2.142944121296655
4.962844630259907,5.093806639193877,3.5553480614894135,3.4198808871620523,2.5649493574615367,1.4231945053937518,4.248495242049359,4.523294471185626,1.3862943611198906,1.6702999188891878
4.962844630259907,4.914116556851743,3.5553480614894135,4.271701051989655,2.5649493574615367,3.0909267821981534,4.23410650459726,4.584832411149846,1.3862943611198906,1.5044978560641034
