RedundantThrowsDeclarationCheck_Actual,RedundantThrowsDeclarationCheck_Simulated,S1488_Actual,S1488_Simulated,S1905_Actual,S1905_Simulated,UselessImportCheck_Actual,UselessImportCheck_Simulated,S00108_Actual,S00108_Simulated
4.6913478822291435,5.112958552709485,3.258096538021482,3.1324916786314416,2.70805020110221,2.842322744116647,4.574710978503383,3.9462715619334965,1.3862943611198906,1.0310430254238616
4.955827057601261,5.668606094300363,3.258096538021482,6.165234906347665,2.70805020110221,3.38737692335785,3.970291913552122,4.57717335701631,1.3862943611198906,0.0
4.969813299576001,4.589474084083012,3.258096538021482,2.552228843750472,2.70805020110221,0.0,4.143134726391533,5.6351587468216495,1.3862943611198906,2.314469601159937
4.969813299576001,6.1472166519899964,3.258096538021482,2.4568062828956094,2.70805020110221,2.8816798943661346,4.127134385045092,5.779798419937572,1.3862943611198906,0.3673329785473566
4.962844630259907,4.672964409251594,3.5553480614894135,4.054392449399553,2.5649493574615367,1.3413068215911905,4.248495242049359,4.615464566944161,1.3862943611198906,2.6823331306813074
4.962844630259907,5.971107034942316,3.5553480614894135,0.0,2.5649493574615367,2.784322557861056,4.23410650459726,1.7937945397047694,1.3862943611198906,0.8810566538726085
