RedundantThrowsDeclarationCheck_Actual,RedundantThrowsDeclarationCheck_Simulated,S1488_Actual,S1488_Simulated,S1905_Actual,S1905_Simulated,UselessImportCheck_Actual,UselessImportCheck_Simulated,S00108_Actual,S00108_Simulated
4.6913478822291435,5.156074832496742,3.258096538021482,3.697697263544742,2.70805020110221,3.461420735491537,4.574710978503383,4.495037878812216,1.3862943611198906,1.6954226165372368
4.955827057601261,4.562184277799627,3.258096538021482,4.301785012832127,2.70805020110221,4.085908845046964,3.970291913552122,4.205751262172744,1.3862943611198906,2.180782999831578
4.969813299576001,5.547751965404624,3.258096538021482,3.26327870078266,2.70805020110221,3.8438693494159253,4.143134726391533,4.406012940085028,1.3862943611198906,1.3769926723984176
4.969813299576001,4.791031554157285,3.258096538021482,3.720124165966728,2.70805020110221,3.1300609063655243,4.127134385045092,4.677019141436689,1.3862943611198906,1.423535353452916
4.962844630259907,4.589423213814595,3.5553480614894135,3.5769057340244377,2.5649493574615367,3.7400544431685736,4.248495242049359,4.3861265822830395,1.3862943611198906,1.2980078533903763
4.962844630259907,4.381699098034343,3.5553480614894135,3.16836354465543,2.5649493574615367,3.3539177122706167,4.23410650459726,4.696382209425932,1.3862943611198906,1.1874922571259336
