RedundantThrowsDeclarationCheck_Actual,RedundantThrowsDeclarationCheck_Simulated,S1488_Actual,S1488_Simulated,S1905_Actual,S1905_Simulated,UselessImportCheck_Actual,UselessImportCheck_Simulated,S00108_Actual,S00108_Simulated
4.969813299576001,5.112958552709485,3.258096538021482,3.1324916786314416,2.70805020110221,2.842322744116647,4.127134385045092,3.9462715619334965,1.3862943611198906,1.0310430254238616
4.962844630259907,5.04177372712691,3.5553480614894135,5.256055274184169,2.5649493574615367,2.6557787202750434,4.248495242049359,3.07560208349924,1.3862943611198906,0.6733330251698865
4.962844630259907,4.459176111862937,3.5553480614894135,4.052257203028086,2.5649493574615367,3.6553471187811564,4.23410650459726,5.204044693686498,1.3862943611198906,0.8752043046770053
