RedundantThrowsDeclarationCheck_Actual,RedundantThrowsDeclarationCheck_Simulated,S1488_Actual,S1488_Simulated,S1905_Actual,S1905_Simulated,UselessImportCheck_Actual,UselessImportCheck_Simulated,S00108_Actual,S00108_Simulated
4.454347296253507,5.112958552709485,3.044522437723423,3.1324916786314416,2.70805020110221,2.842322744116647,4.31748811353631,3.9462715619334965,1.3862943611198906,1.0310430254238616
4.454347296253507,5.918562361586487,3.044522437723423,3.178831880368434,2.70805020110221,2.219878803420447,4.31748811353631,1.8572387720838934,1.3862943611198906,1.7536844089896975
4.454347296253507,5.075098923568494,3.044522437723423,4.18335315098302,2.70805020110221,4.761886454387583,4.330733340286331,3.439471445848409,1.3862943611198906,1.2744126327656466
4.51085950651685,6.262682905934246,3.091042453358316,2.4626853174445187,2.70805020110221,0.03551827154051779,4.709530201312334,6.127698918063359,1.3862943611198906,0.765888834906447
4.672828834461906,5.219644326033581,3.1780538303479458,6.303522331350939,2.70805020110221,1.6018546282183523,4.736198448394496,4.5259964443218825,1.3862943611198906,0.9996745776887325
4.672828834461906,3.5490304744574606,3.1780538303479458,3.6074255910834263,2.70805020110221,2.533911757229719,4.74493212836325,2.7140132858651196,1.3862943611198906,0.16126898887339436
4.6913478822291435,5.829340234172178,3.258096538021482,1.9705903405653258,2.70805020110221,3.019582581076779,4.574710978503383,3.1711447332722598,1.3862943611198906,1.287860168717142
4.955827057601261,4.664628836546492,3.258096538021482,1.8273029920994632,2.70805020110221,4.5066270468668765,3.970291913552122,3.957221899198198,1.3862943611198906,0.0
4.969813299576001,4.640155780480709,3.258096538021482,2.37986152308158,2.70805020110221,4.494962125146618,4.143134726391533,3.3904060008815846,1.3862943611198906,2.4615614091607387
4.969813299576001,5.023244545874224,3.258096538021482,4.434030412300049,2.70805020110221,2.652827390585483,4.127134385045092,4.25854895152269,1.3862943611198906,3.0997733697762913
4.962844630259907,4.904270359738795,3.5553480614894135,3.8979064470156755,2.5649493574615367,5.3182306426865615,4.248495242049359,5.84408374353884,1.3862943611198906,1.5574701192638039
4.962844630259907,4.898174393865287,3.5553480614894135,1.6048339205653657,2.5649493574615367,6.594699986047596,4.23410650459726,5.32938605875395,1.3862943611198906,2.0098849966923824
