RedundantThrowsDeclarationCheck_Actual,RedundantThrowsDeclarationCheck_Simulated,S1488_Actual,S1488_Simulated,UselessImportCheck_Actual,UselessImportCheck_Simulated,S00108_Actual,S00108_Simulated
4.969813299576001,5.112958552709485,3.258096538021482,3.1324916786314416,4.127134385045092,3.9462715619334965,1.3862943611198906,1.0310430254238616
4.962844630259907,5.858992257364717,3.5553480614894135,0.7234733495765875,4.248495242049359,4.45177237416322,1.3862943611198906,2.7344135726478536
4.962844630259907,3.2542966340339454,3.5553480614894135,2.056854089223365,4.23410650459726,4.944099446931147,1.3862943611198906,1.082309294250744
