RedundantThrowsDeclarationCheck_Actual,RedundantThrowsDeclarationCheck_Simulated,S1488_Actual,S1488_Simulated,S1905_Actual,S1905_Simulated,UselessImportCheck_Actual,UselessImportCheck_Simulated,S00108_Actual,S00108_Simulated
4.6913478822291435,5.156074832496742,3.258096538021482,3.697697263544742,2.70805020110221,3.461420735491537,4.574710978503383,4.495037878812216,1.3862943611198906,1.6954226165372368
4.955827057601261,4.911501956619499,3.258096538021482,4.1187258020413555,2.70805020110221,3.1370852345600198,3.970291913552122,4.51698174710643,1.3862943611198906,0.8924787893889696
4.969813299576001,5.382126464213417,3.258096538021482,3.4517600867444997,2.70805020110221,2.7164374737891555,4.143134726391533,4.445628908679351,1.3862943611198906,0.8104574839656418
4.969813299576001,6.359771188017625,3.258096538021482,4.904476123775801,2.70805020110221,4.5365671154498095,4.127134385045092,4.058657958383849,1.3862943611198906,1.5862953344784394
4.962844630259907,4.80486202138067,3.5553480614894135,3.7873949422454176,2.5649493574615367,1.496562213447069,4.248495242049359,4.604496440694039,1.3862943611198906,1.4022781324780975
4.962844630259907,5.532122119745923,3.5553480614894135,2.334750480878854,2.5649493574615367,2.59449207469006,4.23410650459726,4.144677268015973,1.3862943611198906,1.062890110920231
