RedundantThrowsDeclarationCheck_Actual,RedundantThrowsDeclarationCheck_Simulated,S1488_Actual,S1488_Simulated,S1905_Actual,S1905_Simulated,UselessImportCheck_Actual,UselessImportCheck_Simulated,S00108_Actual,S00108_Simulated
4.6913478822291435,5.112958552709485,3.258096538021482,3.1324916786314416,2.70805020110221,2.842322744116647,4.574710978503383,3.9462715619334965,1.3862943611198906,1.0310430254238616
4.955827057601261,3.3600478449513544,3.258096538021482,4.8242108932869305,2.70805020110221,2.9053261851349452,3.970291913552122,5.494242530336595,1.3862943611198906,0.7844232319847153
4.969813299576001,6.840524512712495,3.258096538021482,2.2905305046489244,2.70805020110221,4.419982832219861,4.143134726391533,4.072630166039861,1.3862943611198906,1.6161701579058123
4.969813299576001,5.067256034913843,3.258096538021482,6.449071035628009,2.70805020110221,1.5850762937454208,4.127134385045092,3.5244548616939606,1.3862943611198906,1.7603867386762735
4.962844630259907,4.980818971409934,3.5553480614894135,2.9861269595066178,2.5649493574615367,3.071145443446352,4.248495242049359,5.2908491870743015,1.3862943611198906,1.1745283021294388
4.962844630259907,4.030531818846458,3.5553480614894135,2.4050080675888443,2.5649493574615367,1.8399610441318286,4.23410650459726,3.4080000544484563,1.3862943611198906,1.286066969773781
