RedundantThrowsDeclarationCheck_Actual,RedundantThrowsDeclarationCheck_Simulated,S1488_Actual,S1488_Simulated,S1905_Actual,S1905_Simulated,UselessImportCheck_Actual,UselessImportCheck_Simulated,S00108_Actual,S00108_Simulated
4.6913478822291435,5.112958552709485,3.258096538021482,3.1324916786314416,2.70805020110221,2.842322744116647,4.574710978503383,3.9462715619334965,1.3862943611198906,1.0310430254238616
4.955827057601261,3.4197021199908844,3.258096538021482,1.5350638404234496,2.70805020110221,2.618285839605263,3.970291913552122,1.8116514155934094,1.3862943611198906,0.0
4.969813299576001,3.999708410045719,3.258096538021482,0.7947346616191986,2.70805020110221,4.674171702788129,4.143134726391533,3.9325928655367455,1.3862943611198906,2.061515522352649
4.969813299576001,5.206092036355342,3.258096538021482,2.364282175372129,2.70805020110221,5.00101636401792,4.127134385045092,4.1368305201783455,1.3862943611198906,1.7259120909002825
4.962844630259907,6.636407271761083,3.5553480614894135,3.303996715573197,2.5649493574615367,3.3122978832642485,4.248495242049359,4.267166006687188,1.3862943611198906,0.5544862660543677
4.962844630259907,3.8809688233921116,3.5553480614894135,4.541526482132032,2.5649493574615367,4.5071323339000715,4.23410650459726,5.118277891231198,1.3862943611198906,0.0
