RedundantThrowsDeclarationCheck_Actual,RedundantThrowsDeclarationCheck_Simulated,S1488_Actual,S1488_Simulated,S1905_Actual,S1905_Simulated,UselessImportCheck_Actual,UselessImportCheck_Simulated,S00108_Actual,S00108_Simulated
4.969813299576001,5.112958552709485,3.258096538021482,3.1324916786314416,2.70805020110221,2.842322744116647,4.127134385045092,3.9462715619334965,1.3862943611198906,1.0310430254238616
4.962844630259907,5.64232912058486,3.5553480614894135,3.9874202572591493,2.5649493574615367,3.524810526370113,4.248495242049359,5.550790618042759,1.3862943611198906,1.1529321609131908
4.962844630259907,6.541057662882532,3.5553480614894135,2.95025861340208,2.5649493574615367,3.891770261004453,4.23410650459726,6.2893186185284815,1.3862943611198906,0.0
