RedundantThrowsDeclarationCheck_Actual,RedundantThrowsDeclarationCheck_Simulated,S1488_Actual,S1488_Simulated,S1905_Actual,S1905_Simulated,UselessImportCheck_Actual,UselessImportCheck_Simulated,S00108_Actual,S00108_Simulated
4.969813299576001,5.112958552709485,3.258096538021482,3.1324916786314416,2.70805020110221,2.842322744116647,4.127134385045092,3.9462715619334965,1.3862943611198906,1.0310430254238616
4.962844630259907,4.777394929205337,3.5553480614894135,3.083243752004868,2.5649493574615367,6.268818047952008,4.248495242049359,3.890082287351655,1.3862943611198906,1.4500658990370212
4.962844630259907,6.004366417342249,3.5553480614894135,6.058505994868462,2.5649493574615367,0.1891321337916616,4.23410650459726,4.722223485830328,1.3862943611198906,0.7094198996687129
