RedundantThrowsDeclarationCheck_Actual,RedundantThrowsDeclarationCheck_Simulated,S1488_Actual,S1488_Simulated,S1905_Actual,S1905_Simulated,UselessImportCheck_Actual,UselessImportCheck_Simulated,S00108_Actual,S00108_Simulated
4.6913478822291435,5.156074832496742,3.258096538021482,3.697697263544742,2.70805020110221,3.461420735491537,4.574710978503383,4.495037878812216,1.3862943611198906,1.6954226165372368
4.955827057601261,5.541222856683673,3.258096538021482,4.61168799865888,2.70805020110221,2.6472285482371127,3.970291913552122,4.6677253545266995,1.3862943611198906,1.940367275518273
4.969813299576001,4.16963351396365,3.258096538021482,3.423592540152616,2.70805020110221,1.3758098813639448,4.143134726391533,4.347724517131375,1.3862943611198906,1.6692325604811313
4.969813299576001,4.290362771130531,3.258096538021482,4.412393479707413,2.70805020110221,4.36861694494571,4.127134385045092,5.105427173241289,1.3862943611198906,2.307859545161394
4.962844630259907,5.56029907959734,3.5553480614894135,3.9787522955745462,2.5649493574615367,3.446409274429656,4.248495242049359,4.979523757491597,1.3862943611198906,1.032366943599936
4.962844630259907,6.060730998268666,3.5553480614894135,2.2221170528549807,2.5649493574615367,3.65661379267818,4.23410650459726,4.3543766522966045,1.3862943611198906,1.489592840518502
