S1488_Actual,S1488_Simulated,S1905_Actual,S1905_Simulated,UselessImportCheck_Actual,UselessImportCheck_Simulated,S00108_Actual,S00108_Simulated
3.258096538021482,3.1324916786314416,2.70805020110221,2.842322744116647,4.574710978503383,3.9462715619334965,1.3862943611198906,1.0310430254238616
3.258096538021482,5.341176998642895,2.70805020110221,1.5158246969252018,3.970291913552122,4.060603821067864,1.3862943611198906,2.8651071119788942
3.258096538021482,2.6519438778659876,2.70805020110221,1.5380250958698065,4.143134726391533,4.2424315356461095,1.3862943611198906,0.0
3.258096538021482,3.2431355217592164,2.70805020110221,2.638836694856815,4.127134385045092,2.916754237324623,1.3862943611198906,0.0
3.5553480614894135,1.334367049769375,2.5649493574615367,6.153114854237915,4.248495242049359,4.249197199191924,1.3862943611198906,2.1679935461260404
3.5553480614894135,2.2444992834721935,2.5649493574615367,2.4154448013325696,4.23410650459726,3.813140693122702,1.3862943611198906,2.9146777383644062
