RedundantThrowsDeclarationCheck_Actual,RedundantThrowsDeclarationCheck_Simulated,S1488_Actual,S1488_Simulated,S1905_Actual,S1905_Simulated,UselessImportCheck_Actual,UselessImportCheck_Simulated,S00108_Actual,S00108_Simulated
4.6913478822291435,5.112958552709485,3.258096538021482,3.1324916786314416,2.70805020110221,2.842322744116647,4.574710978503383,3.9462715619334965,1.3862943611198906,1.0310430254238616
4.955827057601261,6.297091424109604,3.258096538021482,1.8546942298063396,2.70805020110221,5.903230984282667,3.970291913552122,3.364604813156576,1.3862943611198906,0.5465992960317693
4.969813299576001,5.0349790458096235,3.258096538021482,3.208348532684458,2.70805020110221,2.9759506044351256,4.143134726391533,4.6397552262067565,1.3862943611198906,0.9209021104322977
4.969813299576001,3.535554264021015,3.258096538021482,2.9071699958010666,2.70805020110221,4.580956113924195,4.127134385045092,3.774762472815179,1.3862943611198906,2.187919602810919
4.962844630259907,5.300441819114666,3.5553480614894135,2.0763588426813744,2.5649493574615367,2.4586351251172185,4.248495242049359,2.403427314857775,1.3862943611198906,0.0
4.962844630259907,5.541752340820482,3.5553480614894135,0.9698196262413759,2.5649493574615367,2.1163505764704174,4.23410650459726,4.554544470869547,1.3862943611198906,0.8606831330280762
