S00117_Actual,S00117_Simulated,S00112_Actual,S00112_Simulated,S1155_Actual,S1155_Simulated,S1151_Actual,S1151_Simulated,S1132_Actual,S1132_Simulated,S1481_Actual,S1481_Simulated
6.697034247666484,6.544627715346055,4.634728988229636,4.355698515707799,2.5649493574615367,2.599013406349761,4.143134726391533,4.108846500182435,3.912023005428146,4.124104547864934,1.9459101490553132,2.6237983037050836
6.697651341175731,6.596169230653722,4.634728988229636,4.362658888647622,2.5649493574615367,2.614156311107,4.143134726391533,4.087464080548654,3.912023005428146,3.9442593786287445,1.9459101490553132,3.6144619139023857
6.698268054115413,6.547405929083813,4.634728988229636,4.441061229250593,2.5649493574615367,2.6769079424131776,4.143134726391533,4.075006170481251,3.912023005428146,4.136113408312319,1.9459101490553132,2.502907152533354
