S00117_Actual,S00117_Simulated,S1226_Actual,S1226_Simulated,S00112_Actual,S00112_Simulated,S1155_Actual,S1155_Simulated,S1151_Actual,S1151_Simulated,S1132_Actual,S1132_Simulated
6.697034247666484,6.544627715346055,3.713572066704308,3.5956801464788457,4.634728988229636,4.355698515707799,2.5649493574615367,2.599013406349761,4.143134726391533,4.108846500182435,3.912023005428146,4.124104547864934
6.697651341175731,6.574559810651032,3.713572066704308,3.5298408690242176,4.634728988229636,4.305242553122915,2.5649493574615367,2.6676224075340382,4.143134726391533,4.13036478508201,3.912023005428146,3.9170465990315284
6.698268054115413,6.637411081103365,3.713572066704308,3.599183503317915,4.634728988229636,4.192837642721654,2.5649493574615367,2.6029458537319274,4.143134726391533,4.156036906732512,3.912023005428146,4.234720214631056
