S00117_Actual,S00117_Simulated,S1226_Actual,S1226_Simulated,S00112_Actual,S00112_Simulated,S1155_Actual,S1155_Simulated,S1151_Actual,S1151_Simulated,S1132_Actual,S1132_Simulated
6.697034247666484,6.544627715346055,3.713572066704308,3.5956801464788457,4.634728988229636,4.355698515707799,2.5649493574615367,2.599013406349761,4.143134726391533,4.108846500182435,3.912023005428146,4.124104547864934
6.697651341175731,6.611043810595374,3.713572066704308,3.548704812252368,4.634728988229636,4.3591416585471405,2.5649493574615367,2.6467905460660854,4.143134726391533,4.033601371971636,3.912023005428146,3.99710966197884
6.698268054115413,6.291775611880048,3.713572066704308,3.59237673724612,4.634728988229636,4.141469956815449,2.5649493574615367,2.5236974676552015,4.143134726391533,4.107414346106215,3.912023005428146,4.225840193740848
