S1213_Actual,S1213_Simulated,S00122_Actual,S00122_Simulated,S1488_Actual,S1488_Simulated,DuplicatedBlocks_Actual,DuplicatedBlocks_Simulated,S00112_Actual,S00112_Simulated,S1155_Actual,S1155_Simulated,S00108_Actual,S00108_Simulated,S1151_Actual,S1151_Simulated,S1132_Actual,S1132_Simulated
0.0367013668504281,0.8654164806904682,0.0,0.19170098661429782,0.0,0.051733357324998425,0.0,0.46172097945521134,0.018519047767237597,0.46128570284664755,0.0,0.046991420998253174,0.0,0.19702941544705932,0.018519047767237597,0.6025512276968152,0.0,0.5169270278182613
0.018519047767237697,1.0531637094978288,0.0,0.0,0.0,0.4143463585896543,0.0,0.0,0.009302392662313554,0.9409257540327647,0.0,0.25499997123720114,0.0,0.6679489814946028,0.009302392662313554,0.2771760633815787,0.0,0.9772291307050172
0.0,0.8130059402820079,0.0,0.0,0.0,0.45432923906165623,0.0,1.1550178849118384,0.0,0.2111920211789438,0.0,0.0,0.0,0.8846364786877218,0.0,0.7956398950917785,0.0,0.32749418418771237
