S1213_Actual,S1213_Simulated,RedundantThrowsDeclarationCheck_Actual,RedundantThrowsDeclarationCheck_Simulated,S1488_Actual,S1488_Simulated,S1905_Actual,S1905_Simulated,DuplicatedBlocks_Actual,DuplicatedBlocks_Simulated,S00112_Actual,S00112_Simulated,S1151_Actual,S1151_Simulated
5.003946305945459,4.189295074572902,3.332204510175204,3.411590488688553,0.6931471805599453,1.5414280278559198,0.6931471805599453,0.08546578921313353,5.69035945432406,5.00170704510986,6.7339969528486705,6.007955147221165,3.6375861597263857,2.133853788746623
5.003946305945459,3.3181320726818226,3.332204510175204,4.010007849583211,0.6931471805599453,0.8430444260568765,0.6931471805599453,0.0,5.683579767338681,2.350563418863815,6.734591659972948,7.262169851188092,3.6375861597263857,1.4475558287522
5.0106352940962555,4.613857316935137,3.332204510175204,3.323087951694314,0.6931471805599453,2.303164556849194,0.6931471805599453,0.0767916996703982,5.700443573390687,4.792233240991188,6.734591659972948,6.960399748725533,3.6375861597263857,2.7049319675607073
5.030437921392435,3.7170479431534207,3.332204510175204,3.0643909369263556,0.6931471805599453,2.1799339581919046,0.6931471805599453,0.0,5.68697535633982,4.101450356921771,6.739336627357174,7.784717279412051,3.6375861597263857,1.3008999705922046
5.030437921392435,3.4577766776363035,3.332204510175204,3.2467367195517327,0.6931471805599453,1.4041095244123405,0.6931471805599453,0.1734585781421759,5.697093486505405,4.466853769308782,6.75343791859778,5.9820096737517305,3.6375861597263857,1.6409297647394396
5.087596335232384,4.2918855442082595,3.332204510175204,4.564810657642373,0.6931471805599453,0.9818664743915277,0.6931471805599453,0.0,5.6937321388027,6.160444038385732,6.759255270663693,4.874312093535359,3.713572066704308,2.463553743884123
