S1213_Actual,S1213_Simulated,RedundantThrowsDeclarationCheck_Actual,RedundantThrowsDeclarationCheck_Simulated,S1488_Actual,S1488_Simulated,S1905_Actual,S1905_Simulated,DuplicatedBlocks_Actual,DuplicatedBlocks_Simulated,S00112_Actual,S00112_Simulated,S1151_Actual,S1151_Simulated
5.003946305945459,4.189295074572902,3.332204510175204,3.411590488688553,0.6931471805599453,1.5414280278559198,0.6931471805599453,0.08546578921313353,5.69035945432406,5.00170704510986,6.7339969528486705,6.007955147221165,3.6375861597263857,2.133853788746623
5.003946305945459,4.39917168512693,3.332204510175204,2.7776801164978946,0.6931471805599453,1.8318877636851787,0.6931471805599453,0.27237919031181734,5.683579767338681,6.890999831002376,6.734591659972948,4.34117870776497,3.6375861597263857,1.7557904044193595
5.0106352940962555,5.116070352314504,3.332204510175204,2.9990234009336953,0.6931471805599453,2.049119829777212,0.6931471805599453,0.0,5.700443573390687,5.59425234019727,6.734591659972948,4.103710807103123,3.6375861597263857,1.9107621938413093
5.030437921392435,4.401955648932579,3.332204510175204,3.295391571589343,0.6931471805599453,1.5732562460448785,0.6931471805599453,0.019223529603381695,5.68697535633982,4.010000039951145,6.739336627357174,6.029148879853186,3.6375861597263857,1.9783608317211745
5.030437921392435,3.751576822279411,3.332204510175204,4.122440544514278,0.6931471805599453,0.826695631911795,0.6931471805599453,0.20220202138089816,5.697093486505405,3.9748431950122125,6.75343791859778,5.840621491054478,3.6375861597263857,2.8006530313676348
5.087596335232384,3.807405092251734,3.332204510175204,3.0263659251682267,0.6931471805599453,1.3121904251020864,0.6931471805599453,0.0,5.6937321388027,4.325284586980105,6.759255270663693,6.461342764400294,3.713572066704308,3.157230631610993
