S1213_Actual,S1213_Simulated,RedundantThrowsDeclarationCheck_Actual,RedundantThrowsDeclarationCheck_Simulated,S1488_Actual,S1488_Simulated,UselessImportCheck_Actual,UselessImportCheck_Simulated,DuplicatedBlocks_Actual,DuplicatedBlocks_Simulated,S00112_Actual,S00112_Simulated,S00108_Actual,S00108_Simulated,S1151_Actual,S1151_Simulated,S1132_Actual,S1132_Simulated,S1481_Actual,S1481_Simulated
1.6094379124341003,1.5756497927369877,1.0608719606852626,0.25241187134073034,0.6931471805599453,0.6743462050229961,0.0,1.1795748374291268,1.9459101490553132,2.628571057555208,4.243721963296702,3.400715103324849,1.0986122886681098,0.9743739085513304,1.6094379124341003,1.566371245538988,1.0986122886681098,1.0986074641099446,0.0,0.28515064114304844
1.6094379124341003,1.7566851209974232,1.0685348334308318,0.37677201759734436,0.6931471805599453,0.553043146805264,0.0,0.47685903905432536,1.9459101490553132,2.5656296753772443,4.244678443522658,4.5172770027920395,1.0986122886681098,1.2865326533083614,1.6094379124341003,1.5884385951287128,1.0986122886681098,1.0986070467866949,0.0,0.5326577884123169
1.6094379124341003,1.9346022610303049,1.076139432816051,0.5527828147415003,0.6931471805599453,0.8188912653932785,0.0,2.9670721454392144,1.9459101490553132,1.8815631275415485,4.2456340097683265,3.985042833423758,1.0986122886681098,1.2445393545461823,1.6094379124341003,1.5853147226413595,1.0986122886681098,1.0986044088417075,0.0,0.6431521400027154
1.6094379124341003,2.0292782295226557,1.083686638451434,0.0,0.6931471805599453,0.6222977484847374,0.0,1.4582833635324033,1.9459101490553132,2.9006789115796368,4.246588663778778,4.875634771744642,1.0986122886681098,0.9439921034949945,1.6094379124341003,1.4649526200134988,1.0986122886681098,1.0986053696683242,0.0,0.10209292368016099
1.6094379124341003,2.0996747150307193,1.0911773101805915,0.577806717682724,0.6931471805599453,0.6664148921219422,0.0,1.1407546407873317,1.9459101490553132,3.30121410878549,4.2475424072940875,4.797868167912082,1.0986122886681098,1.0520078670974382,1.6094379124341003,1.605319212977714,1.0986122886681098,1.098607469001961,0.0,0.0
1.6094379124341003,1.2879467177331976,1.0986122886681098,0.717875352848534,0.6931471805599453,0.6542125110922238,0.0,3.835076936164003,1.9459101490553132,2.4923176917450767,4.248495242049359,3.3309547827733086,1.0986122886681098,0.6374273984141535,1.6094379124341003,1.6098264072060455,1.0986122886681098,1.0986071725301951,0.0,0.0
