RedundantThrowsDeclarationCheck_Actual,RedundantThrowsDeclarationCheck_Simulated,S00122_Actual,S00122_Simulated,UselessImportCheck_Actual,UselessImportCheck_Simulated,DuplicatedBlocks_Actual,DuplicatedBlocks_Simulated,S00112_Actual,S00112_Simulated,S1155_Actual,S1155_Simulated,S00108_Actual,S00108_Simulated,S1151_Actual,S1151_Simulated,S1132_Actual,S1132_Simulated,S1481_Actual,S1481_Simulated
3.367295829986474,3.182826244321462,0.0,0.17804065448848427,0.0,1.0120744067826586,3.784189633918261,3.1131672510296626,5.181783550292085,3.495480419818657,1.3862943611198906,1.4002786624897638,4.844187086458591,4.465479026967496,0.6931471805599453,0.3168034653383228,3.044522437723423,2.3619558113018173,0.0,1.1044258036092558
3.367295829986474,2.797086087743215,0.0,0.49826843831431705,0.0,0.0,3.784189633918261,3.5355817936061684,5.181783550292085,2.4049343358419426,1.3862943611198906,1.8371407058242386,4.844187086458591,3.477386395306853,0.6931471805599453,0.6034555925042802,3.044522437723423,1.6654238833456154,0.0,0.5253535068384297
3.367295829986474,3.6368330472222747,0.0,0.23069796800660336,0.0,1.1119408307306666,3.784189633918261,3.862039410177031,5.181783550292085,2.528225810154043,1.3862943611198906,1.2626746994594953,4.844187086458591,5.020492223102856,0.6931471805599453,0.43453586646819714,3.044522437723423,1.2662543932875228,0.0,3.027116100598203
