RedundantThrowsDeclarationCheck_Actual,RedundantThrowsDeclarationCheck_Simulated,S00122_Actual,S00122_Simulated,UselessImportCheck_Actual,UselessImportCheck_Simulated,DuplicatedBlocks_Actual,DuplicatedBlocks_Simulated,S00112_Actual,S00112_Simulated,S1155_Actual,S1155_Simulated,S00108_Actual,S00108_Simulated,S1151_Actual,S1151_Simulated,S1132_Actual,S1132_Simulated,S1481_Actual,S1481_Simulated
3.367295829986474,3.182826244321462,0.0,0.17804065448848427,0.0,1.0120744067826586,3.784189633918261,3.1131672510296626,5.181783550292085,3.495480419818657,1.3862943611198906,1.4002786624897638,4.844187086458591,4.465479026967496,0.6931471805599453,0.3168034653383228,3.044522437723423,2.3619558113018173,0.0,1.1044258036092558
3.367295829986474,2.881015947308572,0.0,0.5014753587426852,0.0,1.3305683637741017,3.784189633918261,3.2617588185738957,5.181783550292085,4.937619756342849,1.3862943611198906,0.0,4.844187086458591,3.671940901305081,0.6931471805599453,0.2627644117400582,3.044522437723423,2.0482637927912135,0.0,0.5074942070154552
3.367295829986474,4.188798147129865,0.0,0.0,0.0,0.0,3.784189633918261,3.2267160402266093,5.181783550292085,4.602083442755454,1.3862943611198906,0.6975452271524323,4.844187086458591,5.441156563863115,0.6931471805599453,0.2595981668298506,3.044522437723423,2.6397186898600813,0.0,0.32216378356519004
3.367295829986474,2.749299217810997,0.0,0.4596623476194124,0.0,0.7600060023882357,3.784189633918261,3.1825926887027842,5.181783550292085,3.1245876100693506,1.3862943611198906,0.7474810138628969,4.844187086458591,5.230828056690022,0.6931471805599453,0.20705685242329297,3.044522437723423,2.257888324834307,0.0,0.0
3.367295829986474,3.027778898909952,0.0,0.0,0.0,3.28202938299124,3.784189633918261,4.132076811426545,5.181783550292085,3.274424622006441,1.3862943611198906,1.4423345689711378,4.844187086458591,5.463705952101084,0.6931471805599453,1.0142291166901067,3.044522437723423,2.9897036387810627,0.0,1.9526272303284613
3.367295829986474,3.703877403609515,0.0,0.6219807200915732,0.0,1.6684968048210298,3.784189633918261,3.8990570989524316,5.181783550292085,3.4773938163191906,1.3862943611198906,1.5913164044862433,4.844187086458591,5.302968846829391,0.6931471805599453,0.12532340119317012,3.044522437723423,1.711097380064876,0.0,1.5701694181398218
