RedundantThrowsDeclarationCheck_Actual,RedundantThrowsDeclarationCheck_Simulated,S00117_Actual,S00117_Simulated,S1226_Actual,S1226_Simulated,S00112_Actual,S00112_Simulated,S1155_Actual,S1155_Simulated,S00108_Actual,S00108_Simulated,S1132_Actual,S1132_Simulated,S1481_Actual,S1481_Simulated
2.4849066497880004,3.5752879838039395,3.7376696182833684,3.697392449979346,2.5649493574615367,3.5879241157460826,4.844187086458591,4.276680021083757,0.0,1.7109182803350094,1.3862943611198906,0.5443390143275862,2.9444389791664403,4.1497156410950025,1.0986122886681098,3.437301328727192
2.4849066497880004,5.912150444031406,3.728100167267218,4.593292486242908,2.5649493574615367,6.136355264447323,4.847331743138063,4.0668007943373174,0.0,3.295713134867988,1.3862943611198906,0.7906117056436545,2.9444389791664403,3.2575810434794517,1.0986122886681098,3.1416172690875364
2.4849066497880004,1.4157695904724457,3.7184382563554808,3.7893722176339364,2.5649493574615367,3.6376693520178307,4.850466541943434,4.299125775233708,0.0,1.0290449718282808,1.3862943611198906,0.7748469878840457,2.9444389791664403,4.51797977642245,1.0986122886681098,4.510001908520254
2.4849066497880004,3.5433830821118892,3.708682081410116,3.369889792188482,2.5649493574615367,4.877359295399854,4.853591544486569,3.999828530063567,0.0,0.0,1.3862943611198906,0.5490142520533923,2.9444389791664403,3.257908874458031,1.0986122886681098,1.9327972781057128
2.4849066497880004,1.030593170423689,3.6988297849671046,3.436432269239441,2.5649493574615367,2.2940929679061206,4.856706811803519,4.926462909441182,0.0,0.0,1.3862943611198906,1.3626708068929698,2.9444389791664403,5.352066776046801,1.0986122886681098,3.679329036848829
2.4849066497880004,0.6921981999084266,3.6888794541139363,4.139268521072786,2.5649493574615367,3.6668289673884473,4.859812404361672,4.145377625019287,0.0,0.3391721385786328,1.3862943611198906,0.31563173386004384,2.9444389791664403,3.1719301155841495,1.0986122886681098,2.646846224295513
