RedundantThrowsDeclarationCheck_Actual,RedundantThrowsDeclarationCheck_Simulated,S00117_Actual,S00117_Simulated,S1226_Actual,S1226_Simulated,S00112_Actual,S00112_Simulated,S1155_Actual,S1155_Simulated,S00108_Actual,S00108_Simulated,S1132_Actual,S1132_Simulated,S1481_Actual,S1481_Simulated
2.4849066497880004,3.5752879838039395,3.708682081410116,3.697392449979346,2.5649493574615367,3.5879241157460826,4.853591544486569,4.276680021083757,0.0,1.7109182803350094,1.3862943611198906,0.5443390143275862,2.9444389791664403,4.1497156410950025,1.0986122886681098,3.437301328727192
2.4849066497880004,3.444858305974432,3.6988297849671046,2.5069901751504178,2.5649493574615367,1.8292321593570937,4.856706811803519,3.586126237668926,0.0,0.0,1.3862943611198906,0.437097262920253,2.9444389791664403,7.580094938565306,1.0986122886681098,2.1840785017200215
2.4849066497880004,2.8477277559103094,3.6888794541139363,3.8102818643683567,2.5649493574615367,3.679711325179551,4.859812404361672,3.518851681060177,0.0,0.0,1.3862943611198906,0.39081378101407716,2.9444389791664403,1.238217985622426,1.0986122886681098,2.3286082170668703
