RedundantThrowsDeclarationCheck_Actual,RedundantThrowsDeclarationCheck_Simulated,S00117_Actual,S00117_Simulated,S1226_Actual,S1226_Simulated,S00112_Actual,S00112_Simulated,S1155_Actual,S1155_Simulated,S00108_Actual,S00108_Simulated,S1132_Actual,S1132_Simulated,S1481_Actual,S1481_Simulated
2.4849066497880004,3.5752879838039395,3.7376696182833684,3.697392449979346,2.5649493574615367,3.5879241157460826,4.844187086458591,4.276680021083757,0.0,1.7109182803350094,1.3862943611198906,0.5443390143275862,2.9444389791664403,4.1497156410950025,1.0986122886681098,3.437301328727192
2.4849066497880004,6.130316155152272,3.728100167267218,5.079338251587233,2.5649493574615367,3.3572294096066417,4.847331743138063,4.7994010438719155,0.0,0.32737052736633343,1.3862943611198906,0.2871077687452578,2.9444389791664403,4.035360493937174,1.0986122886681098,2.8785775181038895
2.4849066497880004,3.673219874703906,3.7184382563554808,4.058835571273861,2.5649493574615367,6.631498174014556,4.850466541943434,4.355893719257528,0.0,4.4114927694569435,1.3862943611198906,0.23509619033103885,2.9444389791664403,5.058269056111715,1.0986122886681098,3.5116769555085856
2.4849066497880004,4.23675578395705,3.708682081410116,4.191774276938006,2.5649493574615367,4.902308644198831,4.853591544486569,3.595770585050609,0.0,0.5316565077912214,1.3862943611198906,1.433458453537451,2.9444389791664403,3.0168463843017217,1.0986122886681098,5.480839895987014
2.4849066497880004,3.636825400054376,3.6988297849671046,3.707017312142232,2.5649493574615367,2.1050606343973395,4.856706811803519,5.322323083292619,0.0,1.5776188866387058,1.3862943611198906,2.0602510119582464,2.9444389791664403,4.03196529224967,1.0986122886681098,3.6601871802892894
2.4849066497880004,1.3860038325937265,3.6888794541139363,3.780743589619895,2.5649493574615367,4.945940120521507,4.859812404361672,4.344692382796604,0.0,1.689849325770267,1.3862943611198906,1.1074784571701666,2.9444389791664403,6.573051755843035,1.0986122886681098,9.507888520111091
