RedundantThrowsDeclarationCheck_Actual,RedundantThrowsDeclarationCheck_Simulated,S00117_Actual,S00117_Simulated,S1488_Actual,S1488_Simulated,S1226_Actual,S1226_Simulated,S1155_Actual,S1155_Simulated,S1132_Actual,S1132_Simulated,S1481_Actual,S1481_Simulated
1.0159205728229963,0.26424494468692766,0.0,0.18857179510065186,0.6931471805599453,0.6742804700449279,0.0,0.0,1.0986122886681098,1.1085934909171022,1.0986122886681098,1.098607464109944,0.0,0.2632049367457456
1.0330150061822962,0.6144555165402101,0.0,0.0,0.6931471805599453,0.6313280231634403,0.0,0.0,1.0986122886681098,1.1090472933482138,1.0986122886681098,1.0986064965209936,0.0,0.9572298774053085
1.0498221244986776,0.0,0.0,0.5974497692796852,0.6931471805599453,0.7152306138420225,0.0,0.0,1.0986122886681098,1.214413836768056,1.0986122886681098,1.0986039574474082,0.0,0.0
1.0663514264498883,0.3878521205808093,0.0,0.06290670362245773,0.6931471805599453,0.8180488820272022,0.0,0.0,1.0986122886681098,1.1640128426727965,1.0986122886681098,1.098606522570608,0.0,0.05885891699142479
1.0826119473216684,0.08245469745990713,0.0,0.0,0.6931471805599453,0.5724864334738835,0.0,0.0,1.0986122886681098,1.1940144281045657,1.0986122886681098,1.0986140493929792,0.0,0.0
1.0986122886681098,0.44163650240944635,0.0,0.07768480275844691,0.6931471805599453,0.8206937058913217,0.0,0.0,1.0986122886681098,1.1082090254533639,1.0986122886681098,1.0986086168872402,0.0,0.0
