RedundantThrowsDeclarationCheck_Actual,RedundantThrowsDeclarationCheck_Simulated,S00117_Actual,S00117_Simulated,S1488_Actual,S1488_Simulated,S1226_Actual,S1226_Simulated,S1155_Actual,S1155_Simulated,S1132_Actual,S1132_Simulated,S1481_Actual,S1481_Simulated
1.0663514264498883,0.26424494468692766,0.0,0.18857179510065186,0.6931471805599453,0.6742804700449279,0.0,0.0,1.0986122886681098,1.1085934909171022,1.0986122886681098,1.098607464109944,0.0,0.2632049367457456
1.0826119473216684,0.2305982947966856,0.0,0.0,0.6931471805599453,0.6807911465789663,0.0,0.0,1.0986122886681098,1.0525479275454497,1.0986122886681098,1.0986066280337803,0.0,0.7151975749514284
1.0986122886681098,0.5103054557992006,0.0,0.06338997722497183,0.6931471805599453,0.5975172052838948,0.0,0.0,1.0986122886681098,1.1864471908222616,1.0986122886681098,1.098612647385598,0.0,0.6895468910224427
