RedundantThrowsDeclarationCheck_Actual,RedundantThrowsDeclarationCheck_Simulated,S00122_Actual,S00122_Simulated,UselessImportCheck_Actual,UselessImportCheck_Simulated,DuplicatedBlocks_Actual,DuplicatedBlocks_Simulated,S00112_Actual,S00112_Simulated,S1155_Actual,S1155_Simulated,S00108_Actual,S00108_Simulated,S1151_Actual,S1151_Simulated,S1132_Actual,S1132_Simulated,S1481_Actual,S1481_Simulated
3.367295829986474,3.182826244321462,0.0,0.17804065448848427,0.0,1.0120744067826586,3.784189633918261,3.1131672510296626,5.181783550292085,3.495480419818657,1.3862943611198906,1.4002786624897638,4.844187086458591,4.465479026967496,0.6931471805599453,0.3168034653383228,3.044522437723423,2.3619558113018173,0.0,1.1044258036092558
3.367295829986474,2.524653258469101,0.0,0.0,0.0,0.9487310075407607,3.784189633918261,1.709688300037865,5.181783550292085,3.0183601817426764,1.3862943611198906,1.338089145698059,4.844187086458591,4.241728064746501,0.6931471805599453,1.1345408386996825,3.044522437723423,1.8578748471780662,0.0,2.589528891536523
3.367295829986474,2.882477442744844,0.0,0.39610659240122625,0.0,1.6503600013363044,3.784189633918261,3.9639999399600825,5.181783550292085,1.6588134437083728,1.3862943611198906,2.4349344217541695,4.844187086458591,5.932537137580461,0.6931471805599453,0.41138935542577854,3.044522437723423,2.6116498584466106,0.0,2.042933727317233
3.367295829986474,2.7914001896851603,0.0,0.5870116331987514,0.0,2.336561800255757,3.784189633918261,3.043346296258013,5.181783550292085,2.3617048839534913,1.3862943611198906,2.118224906060727,4.844187086458591,3.8373457114485134,0.6931471805599453,0.5243432900310111,3.044522437723423,2.3589177557308156,0.0,1.3374594143889644
3.367295829986474,3.6629447950246314,0.0,0.1922799760105605,0.0,1.5348913071374413,3.784189633918261,3.739746702402407,5.181783550292085,3.9881323278634513,1.3862943611198906,2.279445533648975,4.844187086458591,6.168441997719742,0.6931471805599453,0.0,3.044522437723423,2.3313460361003484,0.0,0.4544126554263508
3.367295829986474,3.9628888519982315,0.0,0.2969542482049302,0.0,0.0,3.784189633918261,3.6905598686816843,5.181783550292085,3.5517288141505254,1.3862943611198906,0.6756660713238806,4.844187086458591,3.3222149033157518,0.6931471805599453,0.7825916995303603,3.044522437723423,1.998684970479225,0.0,0.0
