,Actual_last_5_vals,Mean_Simulation,Simulated_18,Simulated_29,Simulated_21,Simulated_23,Simulated_3,Simulated_9,Simulated_28,Simulated_17,Simulated_5,Simulated_20,Simulated_12,Simulated_8,Simulated_7,Simulated_26,Simulated_2,Simulated_24,Simulated_15,Simulated_10,Simulated_1,Simulated_4,Simulated_25,Simulated_14,Simulated_22,Simulated_13,Simulated_27,Simulated_19,Simulated_0,Simulated_16,Simulated_6,Simulated_11
0,5550.631578947368,,,,,,,,,,,,,,,,,,,,,,,,,,,,,,,
1,5541.421052631579,,,,,,,,,,,,,,,,,,,,,,,,,,,,,,,
2,5532.210526315789,,,,,,,,,,,,,,,,,,,,,,,,,,,,,,,
3,5523.0,,,,,,,,,,,,,,,,,,,,,,,,,,,,,,,
4,5501.0,,,,,,,,,,,,,,,,,,,,,,,,,,,,,,,
5,,5234.79,5234.79,5234.79,5234.79,5234.79,5234.79,5234.79,5234.79,5234.79,5234.79,5234.79,5234.79,5234.79,5234.79,5234.79,5234.79,5234.79,5234.79,5234.79,5234.79,5234.79,5234.79,5234.79,5234.79,5234.79,5234.79,5234.79,5234.79,5234.79,5234.79,5234.79
6,,5233.55,5216.7,5254.9,5256.2,5257.1,5260.86,5203.34,5201.55,5190.52,5280.47,5288.52,5177.41,5165.54,5160.73,5158.88,5151.16,5138.73,5335.47,5338.75,5128.26,5093.27,5384.72,5077.79,5394.29,5403.32,5063.04,5407.47,5020.84,5448.43,5014.34,5533.93
7,MAE,,8.43,10.67,11.32,11.78,13.65,15.11,16.0,21.51,23.46,27.49,28.07,34.01,36.41,37.34,41.2,47.41,50.96,52.6,52.64,70.14,75.59,77.88,80.37,84.88,85.26,86.96,106.36,107.44,109.61,150.19
