RedundantThrowsDeclarationCheck_Actual,RedundantThrowsDeclarationCheck_Simulated,S00112_Actual,S00112_Simulated,S00108_Actual,S00108_Simulated,S1151_Actual,S1151_Simulated,S1132_Actual,S1132_Simulated
5.733341276897746,5.41314405009518,5.739792912179234,5.480459152123185,4.356708826689592,4.348547832773054,4.663439094112067,4.783498160118609,6.289715570908998,6.054502525136856
5.717027701406222,4.332578496822228,5.726847747587197,5.890628879279304,4.356708826689592,4.532435225232174,4.663439094112067,4.892062561247393,6.289715570908998,6.2989321777730645
5.707110264748875,5.431479088749533,5.755742213586912,5.756978790758127,4.343805421853684,4.011878074134216,4.672828834461906,4.127421034463704,6.293419278846481,6.708176001558371
