S1213_Actual,S1213_Simulated,RedundantThrowsDeclarationCheck_Actual,RedundantThrowsDeclarationCheck_Simulated,S00117_Actual,S00117_Simulated,S00122_Actual,S00122_Simulated,S1905_Actual,S1905_Simulated,DuplicatedBlocks_Actual,DuplicatedBlocks_Simulated,S1155_Actual,S1155_Simulated
5.765191102784844,5.905965091877481,5.733341276897746,5.406354149356674,5.811140992976701,5.623524564790877,6.298949246855942,6.198847681621536,1.791759469228055,2.218394196647229,5.66988092298052,5.778379256897303,4.23410650459726,3.9342304055250064
5.75890177387728,5.878850059475611,5.703782474656201,5.80014704192033,5.808142489980444,5.640834798746615,6.278521424165844,6.262634258819509,1.791759469228055,1.5501882788301011,5.6131281063880705,5.65581346455523,4.23410650459726,3.647007585296834
5.7745515455444085,5.5978825884413395,5.717027701406222,5.117894317569413,5.808142489980444,5.687385011322399,6.278521424165844,5.645594246330486,1.791759469228055,2.0149893647867505,5.616771097666572,5.59139038530197,4.23410650459726,3.7603409437501405
5.765191102784844,6.668459445166996,5.71042701737487,6.057035829829298,5.808142489980444,5.61502691957029,6.2878585601617845,6.211099129977101,1.791759469228055,2.773967802610292,5.616771097666572,5.085237008251945,4.23410650459726,3.6820138224475087
5.777652323222656,5.990442723722388,5.707110264748875,5.451710425534105,5.755742213586912,6.764061951679099,6.3080984415095305,5.71526703034274,1.791759469228055,2.9478912280525167,5.66988092298052,6.503669800346325,4.23410650459726,3.913214719144092
5.777652323222656,5.840290869829433,5.707110264748875,5.525408667572319,5.755742213586912,6.476553896461963,6.3080984415095305,6.506889628069464,1.791759469228055,1.4561707661424168,5.66988092298052,5.7404358027367,4.23410650459726,3.961944986508471
