S1213_Actual,S1213_Simulated,RedundantThrowsDeclarationCheck_Actual,RedundantThrowsDeclarationCheck_Simulated,S00117_Actual,S00117_Simulated,S00122_Actual,S00122_Simulated,DuplicatedBlocks_Actual,DuplicatedBlocks_Simulated,S1226_Actual,S1226_Simulated,S00112_Actual,S00112_Simulated,S1155_Actual,S1155_Simulated,S00108_Actual,S00108_Simulated,S1132_Actual,S1132_Simulated
4.442651256490317,4.407854446170905,1.0986122886681098,1.098607464109944,1.791759469228055,2.031018955724018,2.5649493574615367,1.5994516205884413,3.295836866004329,3.154149068734232,3.7612001156935624,3.712288519035094,3.6635616461296463,3.5775670086737814,0.0,0.0,1.6094379124341003,1.3182799977554265,1.6094379124341003,1.438699851280621
4.454347296253507,4.422118698690941,1.0986122886681098,1.0986035856344125,1.791759469228055,2.0305356599019144,2.5649493574615367,4.525661473926467,3.295836866004329,3.5223997966396845,3.7612001156935624,3.7386045340063716,3.7612001156935624,3.5481433792021315,0.0,0.0,1.6094379124341003,1.3964640437902727,1.6094379124341003,1.492421641750918
4.465908118654584,4.411425689584699,1.0986122886681098,1.0986069337282072,1.791759469228055,1.7553004333555275,2.5649493574615367,0.048875864175403905,3.295836866004329,3.0381497641674944,3.7612001156935624,3.6845487174019325,3.7612001156935624,3.705651805399461,0.0,0.0,1.6094379124341003,1.376598582698237,1.6094379124341003,1.5323783154703408
4.473541743509655,4.425024904360781,1.0986122886681098,1.0986068379796794,1.8458266904983307,1.7688156631644354,2.5649493574615367,2.5105432559390266,3.295836866004329,3.24814892966067,3.7689221617874726,3.6928691039479213,3.784189633918261,3.5366330448167274,0.0,0.0,1.6094379124341003,1.3203697371784378,1.6094379124341003,1.535605774008854
4.481117537318112,4.386571700281184,1.0986122886681098,1.0986060470752788,1.8971199848858813,1.832027748802665,2.5649493574615367,0.17947000902876287,3.295836866004329,3.0663329049743555,3.7765850345330416,3.6791951004845704,3.8066624897703196,3.581664706976245,0.0,0.0,1.6094379124341003,1.712128799609218,1.6094379124341003,1.340150783637641
4.48863636973214,4.3941289241333745,1.0986122886681098,1.0986097080795274,1.9459101490553132,1.9011091973883212,2.5649493574615367,2.4811188549714434,3.295836866004329,3.2127799157652515,3.784189633918261,3.6895882291259583,3.828641396489095,3.69401916877369,0.0,0.0,1.6094379124341003,1.831774999902378,1.6094379124341003,1.4460485413316908
