S1213_Actual,S1213_Simulated,RedundantThrowsDeclarationCheck_Actual,RedundantThrowsDeclarationCheck_Simulated,S00117_Actual,S00117_Simulated,S00122_Actual,S00122_Simulated,DuplicatedBlocks_Actual,DuplicatedBlocks_Simulated,S1226_Actual,S1226_Simulated,S00112_Actual,S00112_Simulated,S1155_Actual,S1155_Simulated,S00108_Actual,S00108_Simulated,S1132_Actual,S1132_Simulated
4.481117537318112,4.407854446170905,1.0986122886681098,1.098607464109944,1.8971199848858813,2.031018955724018,2.5649493574615367,1.5994516205884413,3.295836866004329,3.154149068734232,3.7765850345330416,3.712288519035094,3.8066624897703196,3.5775670086737814,0.0,0.0,1.6094379124341003,1.3182799977554265,1.6094379124341003,1.438699851280621
4.48863636973214,4.438081707869211,1.0986122886681098,1.09860630012737,1.9459101490553132,2.0697974919182944,2.5649493574615367,0.0,3.295836866004329,3.223505514901197,3.784189633918261,3.682236543671223,3.828641396489095,3.573304946003484,0.0,0.0,1.6094379124341003,1.3539213547223303,1.6094379124341003,1.334795769239019
