S1905_Actual,S1905_Simulated,UselessImportCheck_Actual,UselessImportCheck_Simulated
0.0,0.9859292344207135,0.6931471805599453,0.9011543085753185
0.0,2.0468065250806373,0.6931471805599453,0.6787517992966201
0.0,1.1268818597873873,0.6931471805599453,0.8519668269929367
0.0,3.29324745648918,0.6931471805599453,0.8885940953765984
0.0,0.529676739192416,0.6931471805599453,1.2489336691408863
0.0,0.43702907614283415,0.0,0.6920524220559274
