S1905_Actual,S1905_Simulated,DuplicatedBlocks_Actual,DuplicatedBlocks_Simulated,S1481_Actual,S1481_Simulated
0.0,0.36172044398760594,3.258096538021482,2.5129296442372437,0.5108256237659906,0.502759145915681
0.0,0.10186850356286842,3.258096538021482,1.281200132900868,0.6061358035703155,0.0
0.0,1.1974674633472004,3.258096538021482,2.8146871351009044,0.6931471805599453,0.44632478890642446
