S1905_Actual,S1905_Simulated,DuplicatedBlocks_Actual,DuplicatedBlocks_Simulated,S1481_Actual,S1481_Simulated
0.0,0.36172044398760594,3.258096538021482,2.5129296442372437,0.5108256237659906,0.502759145915681
0.0,1.0313593453065562,3.258096538021482,2.6830226531199375,0.6061358035703155,0.0
0.0,0.2679731512501289,3.258096538021482,2.3782786046685986,0.6931471805599453,0.8068450896540926
