S1213_Actual,S1213_Simulated,RedundantThrowsDeclarationCheck_Actual,RedundantThrowsDeclarationCheck_Simulated,S1488_Actual,S1488_Simulated,S1905_Actual,S1905_Simulated,DuplicatedBlocks_Actual,DuplicatedBlocks_Simulated,S1226_Actual,S1226_Simulated,S00112_Actual,S00112_Simulated,S1151_Actual,S1151_Simulated,S1481_Actual,S1481_Simulated
5.448173122092414,5.315746943612542,3.1354942159291497,3.5351683455796343,2.268683541318364,2.3448650609869333,0.6931471805599453,2.6336389706392938,5.015069891164122,4.510972925856334,3.721669276936927,3.8233103768142858,3.091042453358316,2.431549945789797,3.258096538021482,2.7244619324435924,1.9459101490553132,3.001156803470868
5.438079308923196,5.655758051771262,3.1354942159291497,3.2252399865817476,2.1972245773362196,3.0901229639688284,0.6931471805599453,0.0,5.043425116919247,4.302391385188296,3.713572066704308,4.0050417359958,3.091042453358316,1.772497141656674,3.258096538021482,3.3071581292337373,1.9459101490553132,3.521791260745384
5.438079308923196,4.6694061841461485,3.1354942159291497,3.025747127698168,2.1972245773362196,2.110339804980575,0.6931471805599453,1.959165030615653,5.043425116919247,4.4996022289257835,3.713572066704308,3.9543482566686183,3.091042453358316,2.5258675959478403,3.258096538021482,2.148747960992548,1.9459101490553132,3.364424505631284
5.438079308923196,5.599847157231224,3.1354942159291497,3.3590205956807924,2.1972245773362196,3.20660342805264,0.6931471805599453,1.3855230253282225,5.043425116919247,4.423378840836157,3.713572066704308,5.308709910988322,3.091042453358316,2.9698789594581663,3.258096538021482,2.3924111586643195,1.9459101490553132,5.412355501622366
5.438079308923196,5.821265048212277,3.1354942159291497,3.009460265544802,2.1972245773362196,2.1912998498501413,0.6931471805599453,1.433622177481914,5.043425116919247,5.507770996723712,3.713572066704308,4.152928712976899,3.091042453358316,3.12628461796818,3.258096538021482,3.7798131752812134,1.9459101490553132,4.3793184850097635
5.438079308923196,5.030282862829679,3.1354942159291497,3.987773553285253,2.1972245773362196,2.5043715512800064,0.6931471805599453,1.6819599035523451,5.043425116919247,3.8905596208466404,3.713572066704308,5.570848666473605,3.091042453358316,2.8507820383232,3.258096538021482,1.6958089500338596,1.9459101490553132,2.845728243419611
