RedundantThrowsDeclarationCheck_Actual,RedundantThrowsDeclarationCheck_Simulated,S00117_Actual,S00117_Simulated,S1488_Actual,S1488_Simulated,S1226_Actual,S1226_Simulated,S00112_Actual,S00112_Simulated,S1155_Actual,S1155_Simulated,S1481_Actual,S1481_Simulated
1.0159205728229963,0.26424494468692766,0.0,0.18857179510065186,0.6931471805599453,0.6742804700449279,0.0,0.0,4.23823874188217,3.4160510287931776,1.0986122886681098,1.1085934909171022,0.0,0.2632049367457456
1.0330150061822962,0.0911752236410748,0.0,0.14883658402005126,0.6931471805599453,0.6580876330360504,0.0,0.0,4.24029847484518,1.8784645977660657,1.0986122886681098,1.0113307853693834,0.0,0.03656099858540876
1.0498221244986776,0.0,0.0,0.1159208902259677,0.6931471805599453,0.6565278036728506,0.0,0.0,4.242353974027276,3.356168687443118,1.0986122886681098,1.118716898695238,0.0,0.30646177809129255
1.0663514264498883,0.0,0.0,0.0,0.6931471805599453,0.814143590155224,0.0,0.0,4.244405256797834,6.543466034324016,1.0986122886681098,1.1119487674752575,0.0,1.1508327883729386
1.0826119473216684,0.08315608826832313,0.0,0.0,0.6931471805599453,0.6485181469741942,0.0,0.0,4.246452340419559,2.432342692101277,1.0986122886681098,1.2254797828108632,0.0,0.42953789919732654
1.0986122886681098,0.3871177534952962,0.0,0.07146484581897401,0.6931471805599453,0.5318371044996819,0.0,0.0,4.248495242049359,5.492195995735862,1.0986122886681098,1.2444671647726426,0.0,0.5133425779395222
