RedundantThrowsDeclarationCheck_Actual,RedundantThrowsDeclarationCheck_Simulated,S1488_Actual,S1488_Simulated,S1905_Actual,S1905_Simulated,UselessImportCheck_Actual,UselessImportCheck_Simulated
4.969813299576001,5.156074832496742,3.258096538021482,3.697697263544742,2.70805020110221,3.461420735491537,4.127134385045092,4.495037878812216
4.962844630259907,5.4953895533677715,3.5553480614894135,3.3400217177901217,2.5649493574615367,3.5877190267424535,4.248495242049359,4.670868992437873
4.962844630259907,4.521979887829824,3.5553480614894135,5.283254661559834,2.5649493574615367,2.644390865538722,4.23410650459726,4.67992269149139
