RedundantThrowsDeclarationCheck_Actual,RedundantThrowsDeclarationCheck_Simulated,S1488_Actual,S1488_Simulated,S1905_Actual,S1905_Simulated,UselessImportCheck_Actual,UselessImportCheck_Simulated
4.969813299576001,5.156074832496742,3.258096538021482,3.697697263544742,2.70805020110221,3.461420735491537,4.127134385045092,4.495037878812216
4.962844630259907,4.014188972927275,3.5553480614894135,3.842224185174845,2.5649493574615367,3.8388915766660237,4.248495242049359,4.746838887429738
4.962844630259907,4.373827906848966,3.5553480614894135,3.1584348288071276,2.5649493574615367,4.889426071254684,4.23410650459726,4.14700503019955
