RedundantThrowsDeclarationCheck_Actual,RedundantThrowsDeclarationCheck_Simulated,S1488_Actual,S1488_Simulated,S1905_Actual,S1905_Simulated,UselessImportCheck_Actual,UselessImportCheck_Simulated
4.6913478822291435,5.112958552709485,3.258096538021482,3.1324916786314416,2.70805020110221,2.842322744116647,4.574710978503383,3.9462715619334965
4.955827057601261,5.128886383194593,3.258096538021482,1.740882853202524,2.70805020110221,3.8038544244574406,3.970291913552122,3.8936135646369268
4.969813299576001,5.15397549371759,3.258096538021482,0.7582309392536253,2.70805020110221,3.5766171542449663,4.143134726391533,3.7579640501421157
4.969813299576001,4.791506587497917,3.258096538021482,2.1704109674645666,2.70805020110221,3.4195227932752363,4.127134385045092,5.092544716797324
4.962844630259907,4.127553655547495,3.5553480614894135,3.457118798150364,2.5649493574615367,3.5637222854841344,4.248495242049359,3.8981556771501493
4.962844630259907,5.418218831855941,3.5553480614894135,1.096662453378623,2.5649493574615367,5.559865715364849,4.23410650459726,3.876861515089871
