RedundantThrowsDeclarationCheck_Actual,RedundantThrowsDeclarationCheck_Simulated,S1488_Actual,S1488_Simulated,S1905_Actual,S1905_Simulated,UselessImportCheck_Actual,UselessImportCheck_Simulated
4.969813299576001,5.112958552709485,3.258096538021482,3.1324916786314416,2.70805020110221,2.842322744116647,4.127134385045092,3.9462715619334965
4.962844630259907,5.371441481726808,3.5553480614894135,3.599147791417772,2.5649493574615367,4.3572054125096855,4.248495242049359,4.808278322016527
4.962844630259907,5.638333568880062,3.5553480614894135,0.983865658764072,2.5649493574615367,2.1372696161289637,4.23410650459726,3.1242192949523386
