RedundantThrowsDeclarationCheck_Actual,RedundantThrowsDeclarationCheck_Simulated,S1488_Actual,S1488_Simulated,S1905_Actual,S1905_Simulated,UselessImportCheck_Actual,UselessImportCheck_Simulated
4.6913478822291435,5.112958552709485,3.258096538021482,3.1324916786314416,2.70805020110221,2.842322744116647,4.574710978503383,3.9462715619334965
4.955827057601261,6.252352655673047,3.258096538021482,5.077776755064237,2.70805020110221,4.299168716654946,3.970291913552122,3.1255463569860136
4.969813299576001,3.780175507122425,3.258096538021482,2.731360833181933,2.70805020110221,0.0,4.143134726391533,3.5809012556893105
4.969813299576001,7.686498373412858,3.258096538021482,1.494246370196098,2.70805020110221,3.5499819044191385,4.127134385045092,5.035972554517289
4.962844630259907,4.212155787985255,3.5553480614894135,5.0640504890498415,2.5649493574615367,2.493862540933091,4.248495242049359,4.287098759436862
4.962844630259907,5.893242021504501,3.5553480614894135,1.8528716977168493,2.5649493574615367,2.9690063178695847,4.23410650459726,4.4455322419005165
