RedundantThrowsDeclarationCheck_Actual,RedundantThrowsDeclarationCheck_Simulated,S1488_Actual,S1488_Simulated,S1905_Actual,S1905_Simulated,UselessImportCheck_Actual,UselessImportCheck_Simulated
4.6913478822291435,5.156074832496742,3.258096538021482,3.697697263544742,2.70805020110221,3.461420735491537,4.574710978503383,4.495037878812216
4.955827057601261,4.492446148275279,3.258096538021482,2.691197426538134,2.70805020110221,3.9390755516969227,3.970291913552122,4.359976963120743
4.969813299576001,6.17135641170285,3.258096538021482,4.349585580054033,2.70805020110221,5.371140797664571,4.143134726391533,5.018529418759302
4.969813299576001,4.888044882871717,3.258096538021482,4.238058929716196,2.70805020110221,2.9362544737592953,4.127134385045092,4.669158864049143
4.962844630259907,5.495734340701269,3.5553480614894135,3.9489879944924513,2.5649493574615367,3.2238350973647827,4.248495242049359,4.579549492871519
4.962844630259907,4.45929130095822,3.5553480614894135,3.3899888186394556,2.5649493574615367,4.3621339826639,4.23410650459726,4.935713438642268
