S1213_Actual,S1213_Simulated,RedundantThrowsDeclarationCheck_Actual,RedundantThrowsDeclarationCheck_Simulated,S00117_Actual,S00117_Simulated,DuplicatedBlocks_Actual,DuplicatedBlocks_Simulated,S1226_Actual,S1226_Simulated,S00112_Actual,S00112_Simulated,S1155_Actual,S1155_Simulated,S00108_Actual,S00108_Simulated,S1132_Actual,S1132_Simulated
4.442651256490317,3.9736462603351703,1.0986122886681098,0.7506859406485378,1.791759469228055,1.3000568012839122,3.295836866004329,2.3621206429605626,3.7612001156935624,2.945350239029016,3.6635616461296463,3.4455535302596,0.0,0.00845563664876762,1.6094379124341003,0.8320702696305738,1.6094379124341003,1.0863350080236112
4.454347296253507,3.626946068323261,1.0986122886681098,0.5026405391857061,1.791759469228055,0.84252711089987,3.295836866004329,3.450955742506737,3.7612001156935624,2.602914420337604,3.7612001156935624,2.8005820000424873,0.0,0.0,1.6094379124341003,2.134713274570176,1.6094379124341003,0.8279547208691402
4.465908118654584,3.7309156666142855,1.0986122886681098,1.5041781167918682,1.791759469228055,0.7542604184637358,3.295836866004329,2.880890406159107,3.7612001156935624,2.8904148822283955,3.7612001156935624,3.8839825529959215,0.0,0.0,1.6094379124341003,1.7654711691225669,1.6094379124341003,0.0
4.473541743509655,4.216249626056209,1.0986122886681098,0.33357656448570855,1.8458266904983307,0.4525190304290413,3.295836866004329,1.5338404715141558,3.7689221617874726,3.6061907997859404,3.784189633918261,2.719723088365005,0.0,0.13701829884286346,1.6094379124341003,0.6964172906123985,1.6094379124341003,1.0815666162104862
4.481117537318112,4.425142419077211,1.0986122886681098,1.2642888740466627,1.8971199848858813,1.6333616857296436,3.295836866004329,4.079147619440965,3.7765850345330416,2.7978294225692064,3.8066624897703196,3.050071288681182,0.0,0.0,1.6094379124341003,0.7149769449016585,1.6094379124341003,1.0444171746700726
4.48863636973214,4.1383668456364795,1.0986122886681098,1.63089659530842,1.9459101490553132,1.1779936834156437,3.295836866004329,3.3132721269235956,3.784189633918261,2.115478821407474,3.828641396489095,2.4506742638931116,0.0,0.11423732299669537,1.6094379124341003,0.0,1.6094379124341003,0.0
