S1213_Actual,S1213_Simulated,RedundantThrowsDeclarationCheck_Actual,RedundantThrowsDeclarationCheck_Simulated,S00122_Actual,S00122_Simulated,DuplicatedBlocks_Actual,DuplicatedBlocks_Simulated,S1226_Actual,S1226_Simulated,S00112_Actual,S00112_Simulated,S1155_Actual,S1155_Simulated,S00108_Actual,S00108_Simulated,S1132_Actual,S1132_Simulated
4.442651256490317,3.9736462603351703,1.0986122886681098,0.7506859406485378,2.5649493574615367,2.9404301144203595,3.295836866004329,2.3621206429605626,3.7612001156935624,2.945350239029016,3.6635616461296463,3.4455535302596,0.0,0.00845563664876762,1.6094379124341003,0.8320702696305738,1.6094379124341003,1.0863350080236112
4.454347296253507,3.210889259425621,1.0986122886681098,1.4820601724441622,2.5649493574615367,0.3050389285827464,3.295836866004329,1.425683125299895,3.7612001156935624,3.625601790808971,3.7612001156935624,4.430774397659324,0.0,0.11123750459731684,1.6094379124341003,0.8728911662870826,1.6094379124341003,0.38145709660823623
4.465908118654584,2.457561584354059,1.0986122886681098,1.4093136004303233,2.5649493574615367,0.0,3.295836866004329,3.230142697606605,3.7612001156935624,4.657191086454869,3.7612001156935624,4.278699101750439,0.0,0.0,1.6094379124341003,1.6718221220219034,1.6094379124341003,0.0
4.473541743509655,4.567178652890553,1.0986122886681098,0.590864781746254,2.5649493574615367,3.4246805284687314,3.295836866004329,3.1081825499303055,3.7689221617874726,3.458176085570352,3.784189633918261,2.9980684918014386,0.0,0.0,1.6094379124341003,1.3688579506152618,1.6094379124341003,1.180003511687541
4.481117537318112,4.777218226108541,1.0986122886681098,0.8564005322640559,2.5649493574615367,0.0,3.295836866004329,1.3382454436216777,3.7765850345330416,1.9639591445777547,3.8066624897703196,4.472394960129145,0.0,0.012702443306569996,1.6094379124341003,1.246042881372424,1.6094379124341003,1.1923096245592895
4.48863636973214,3.44055485343043,1.0986122886681098,1.6686535773409186,2.5649493574615367,3.198567228993025,3.295836866004329,2.2611602700487325,3.784189633918261,1.7883694543242525,3.828641396489095,3.779891860794299,0.0,0.0,1.6094379124341003,2.192927605548001,1.6094379124341003,1.6185200932628478
