S1213_Actual,S1213_Simulated,RedundantThrowsDeclarationCheck_Actual,RedundantThrowsDeclarationCheck_Simulated,S00122_Actual,S00122_Simulated,DuplicatedBlocks_Actual,DuplicatedBlocks_Simulated,S1226_Actual,S1226_Simulated,S00112_Actual,S00112_Simulated,S1155_Actual,S1155_Simulated,S00108_Actual,S00108_Simulated,S1132_Actual,S1132_Simulated
4.442651256490317,3.9736462603351703,1.0986122886681098,0.7506859406485378,2.5649493574615367,2.9404301144203595,3.295836866004329,2.3621206429605626,3.7612001156935624,2.945350239029016,3.6635616461296463,3.4455535302596,0.0,0.00845563664876762,1.6094379124341003,0.8320702696305738,1.6094379124341003,1.0863350080236112
4.454347296253507,3.348714734846094,1.0986122886681098,0.34143294205379177,2.5649493574615367,0.0,3.295836866004329,2.411617830744861,3.7612001156935624,3.2137437243116453,3.7612001156935624,2.097098107345426,0.0,0.0,1.6094379124341003,0.514881079397792,1.6094379124341003,1.368059509450372
4.465908118654584,4.563888177535162,1.0986122886681098,1.3026406517162903,2.5649493574615367,0.0,3.295836866004329,2.496602429680206,3.7612001156935624,2.985050201046279,3.7612001156935624,2.885825357015326,0.0,0.0,1.6094379124341003,2.09821380028474,1.6094379124341003,1.5222816315938252
4.473541743509655,4.344128837175233,1.0986122886681098,1.7409856236496657,2.5649493574615367,3.024276113319848,3.295836866004329,3.712224613190384,3.7689221617874726,4.122464358140366,3.784189633918261,3.2434695828521183,0.0,0.0,1.6094379124341003,1.5892555240846056,1.6094379124341003,1.0092215328896796
4.481117537318112,3.6811067937084974,1.0986122886681098,0.0,2.5649493574615367,0.0,3.295836866004329,3.168324911237477,3.7765850345330416,4.143823049862338,3.8066624897703196,4.209533077948953,0.0,0.0,1.6094379124341003,1.3329601852754211,1.6094379124341003,1.1663567419260625
4.48863636973214,3.6196451057009833,1.0986122886681098,1.4575380572672092,2.5649493574615367,0.04160068422900842,3.295836866004329,1.9049551886374545,3.784189633918261,3.0643746642658023,3.828641396489095,3.774056917785022,0.0,0.03086241021237405,1.6094379124341003,1.499831876522623,1.6094379124341003,0.5843215155388036
