S1905_Actual,S1905_Simulated,UselessImportCheck_Actual,UselessImportCheck_Simulated
0.0,1.528042598680665,0.6931471805599453,0.9419256201061317
0.0,0.3916393663622324,0.6931471805599453,1.16029600691545
0.0,1.289451235018923,0.6931471805599453,0.7657188200878404
0.0,0.20061096518839538,0.6931471805599453,0.08085003530550372
0.0,1.901253146937933,0.6931471805599453,1.271219101949904
0.0,1.5600871611402092,0.0,1.8171131877647453
