S1905_Actual,S1905_Simulated,UselessImportCheck_Actual,UselessImportCheck_Simulated
0.0,1.528042598680665,0.6931471805599453,0.9419256201061317
0.0,2.0183306679368953,0.6931471805599453,1.3540478420293527
0.0,1.6712611606111532,0.6931471805599453,1.376452799640235
0.0,1.027883063014651,0.6931471805599453,1.585581584315653
0.0,1.9024798790574335,0.6931471805599453,1.2278958490841023
0.0,0.0,0.0,1.1285411039612976
