RedundantThrowsDeclarationCheck_Actual,RedundantThrowsDeclarationCheck_Simulated,S00117_Actual,S00117_Simulated,S1226_Actual,S1226_Simulated,S00112_Actual,S00112_Simulated,S1155_Actual,S1155_Simulated,S1132_Actual,S1132_Simulated,S1481_Actual,S1481_Simulated
1.0159205728229963,0.26424494468692766,0.0,0.18857179510065186,0.0,0.0,4.23823874188217,3.4160510287931776,1.0986122886681098,1.1085934909171022,1.0986122886681098,1.098607464109944,0.0,0.2632049367457456
1.0330150061822962,0.0,0.0,0.14561571238522092,0.0,0.0,4.24029847484518,1.3829695336551637,1.0986122886681098,1.1083224928414899,1.0986122886681098,1.0986111177847022,0.0,0.43039757697458375
1.0498221244986776,0.37748486889279187,0.0,0.7073050042262121,0.0,0.0,4.242353974027276,2.859814299503556,1.0986122886681098,1.2153830679528088,1.0986122886681098,1.0986075799694588,0.0,0.25716689608104193
1.0663514264498883,0.1549034461075339,0.0,0.7804322681575753,0.0,0.0,4.244405256797834,4.709936952062193,1.0986122886681098,1.1345055172826197,1.0986122886681098,1.0986040020779877,0.0,0.5873026863330599
1.0826119473216684,0.0,0.0,0.0,0.0,0.0,4.246452340419559,3.437157478514145,1.0986122886681098,1.092275474907969,1.0986122886681098,1.098609376260411,0.0,0.0
1.0986122886681098,0.11873303061843057,0.0,0.3210967510505829,0.0,0.0,4.248495242049359,3.8136472765780622,1.0986122886681098,1.136039107761981,1.0986122886681098,1.09861397452368,0.0,0.0
