RedundantThrowsDeclarationCheck_Actual,RedundantThrowsDeclarationCheck_Simulated,S00117_Actual,S00117_Simulated,S1226_Actual,S1226_Simulated,S00112_Actual,S00112_Simulated,S1155_Actual,S1155_Simulated,S1132_Actual,S1132_Simulated,S1481_Actual,S1481_Simulated
1.0663514264498883,0.26424494468692766,0.0,0.18857179510065186,0.0,0.0,4.244405256797834,3.4160510287931776,1.0986122886681098,1.1085934909171022,1.0986122886681098,1.098607464109944,0.0,0.2632049367457456
1.0826119473216684,0.2903465346587021,0.0,0.10235054311296378,0.0,0.0,4.246452340419559,3.533813332021613,1.0986122886681098,1.118718298633037,1.0986122886681098,1.0986099420123958,0.0,0.0
1.0986122886681098,0.7331944546230598,0.0,0.01697549142044502,0.0,0.0,4.248495242049359,3.1608491949827733,1.0986122886681098,1.162622042595752,1.0986122886681098,1.0986076125171154,0.0,0.0
