S1905_Actual,S1905_Simulated,S1226_Actual,S1226_Simulated,S00112_Actual,S00112_Simulated,S1481_Actual,S1481_Simulated
0.0,0.9071098113340569,4.248495242049359,4.134769788868201,4.1588830833596715,2.499131140053135,2.5649493574615367,3.085545834700197
0.0,0.0,4.248495242049359,4.508552384664969,4.1588830833596715,4.252744746166476,2.5649493574615367,2.5703231197217336
0.0,0.9395899884609136,4.248495242049359,4.221533646054082,4.1588830833596715,1.4171660943144655,2.5649493574615367,3.1504223514242673
