RedundantThrowsDeclarationCheck_Actual,RedundantThrowsDeclarationCheck_Simulated,S00122_Actual,S00122_Simulated,S1905_Actual,S1905_Simulated,UselessImportCheck_Actual,UselessImportCheck_Simulated,DuplicatedBlocks_Actual,DuplicatedBlocks_Simulated,S1226_Actual,S1226_Simulated,S1155_Actual,S1155_Simulated,S1151_Actual,S1151_Simulated,S1132_Actual,S1132_Simulated,S1481_Actual,S1481_Simulated
0.0,0.0,0.0,0.0,0.0,0.0,0.23270468455819335,1.6557522151099306,0.0,0.0,0.0,0.0,0.0,0.0,0.021599111803461798,0.3406805409594244,0.0,0.0,0.021599111803461798,0.3406805409594244
0.0,0.0,0.0,0.0,0.0,0.0,0.19029550263309924,1.421938776278002,0.0,0.0,0.0,0.0,0.0,7.642921084963192e-07,0.017316450011460875,0.4737195084605499,0.0,0.0,0.017316450011460875,0.4323167949691038
0.0,0.0,0.0,0.0,0.0,0.0,0.1460078224319825,2.212661592699094,0.0,0.0,0.0,0.0,0.0,0.0,0.0130153681120703,0.2866833593905405,0.0,1.3184414513178784e-06,0.0130153681120703,0.22092515393973072
0.0,0.0,0.0,0.0,0.0,0.0,0.09966748517328153,1.589473892153535,0.0,0.0,0.0,0.0,0.0,0.0,0.008695706967553821,0.4639237795038702,0.0,0.0,0.008695706967553821,0.27355576868783194
0.0,1.8845095957675047e-06,0.0,2.861028186598289e-07,0.0,0.0,0.05107492993641579,1.5061404090510875,0.0,0.0,0.0,0.0,0.0,0.0,0.00435730536895569,0.31011493706464066,0.0,0.0,0.00435730536895569,0.7255312506753132
0.0,0.0,0.0,0.0,0.0,0.0,0.0,2.438991747518745,0.0,0.0,0.0,0.0,0.0,0.0,0.0,0.22993693289717204,0.0,0.0,0.0,0.4200156638235535
