RedundantThrowsDeclarationCheck_Actual,RedundantThrowsDeclarationCheck_Simulated,S00117_Actual,S00117_Simulated,S1488_Actual,S1488_Simulated,DuplicatedBlocks_Actual,DuplicatedBlocks_Simulated,S00112_Actual,S00112_Simulated
3.332204510175204,3.3944648510557793,2.6390573296152584,1.8846891797460226,0.6931471805599453,1.539752183574873,5.683579767338681,4.9970275798126575,6.734591659972948,5.996123387695626
3.332204510175204,3.512012552933894,2.6390573296152584,2.7849288023729546,0.6931471805599453,0.4195563785581913,5.69035945432406,4.67886744773713,6.738152494595957,3.5134762877399996
3.332204510175204,3.241429650828935,2.6390573296152584,1.1553796539287893,0.6931471805599453,1.161804443068587,5.697093486505405,3.2028105059239844,6.7580945044277305,6.513120353502144
