,Actual_last_5_vals,Simulated_0,Simulated_1,Simulated_2,Simulated_3,Simulated_4,Simulated_5,Simulated_6,Simulated_7,Simulated_8,Simulated_9,Simulated_10,Simulated_11,Simulated_12,Simulated_13,Simulated_14,Simulated_15,Simulated_16,Simulated_17,Simulated_18,Simulated_19,Simulated_20,Simulated_21,Simulated_22,Simulated_23,Simulated_24,Simulated_25,Simulated_26,Simulated_27,Simulated_28,Simulated_29
422,57596.857142857145,,,,,,,,,,,,,,,,,,,,,,,,,,,,,,
423,57733.142857142855,,,,,,,,,,,,,,,,,,,,,,,,,,,,,,
424,57869.42857142857,,,,,,,,,,,,,,,,,,,,,,,,,,,,,,
425,58005.71428571428,,,,,,,,,,,,,,,,,,,,,,,,,,,,,,
426,58142.0,,,,,,,,,,,,,,,,,,,,,,,,,,,,,,
427,,51426.08859681811,51426.08859681811,51426.08859681811,51426.08859681811,51426.08859681811,51426.08859681811,51426.08859681811,51426.08859681811,51426.08859681811,51426.08859681811,51426.08859681811,51426.08859681811,51426.08859681811,51426.08859681811,51426.08859681811,51426.08859681811,51426.08859681811,51426.08859681811,51426.08859681811,51426.08859681811,51426.08859681811,51426.08859681811,51426.08859681811,51426.08859681811,51426.08859681811,51426.08859681811,51426.08859681811,51426.08859681811,51426.08859681811,51426.08859681811
428,,62923.61709901006,64464.645796448094,50742.96896678305,53944.28161279479,42760.0538215346,49538.51225498949,51109.18533993666,45329.68392725392,53008.702251391274,58783.34642637575,46560.278484136725,58907.47230535131,57335.601153217736,59238.68724702503,53513.62387449345,46254.46715863873,42994.52841364403,45954.22732438815,40976.52548180884,53898.36868312162,45018.833027051034,56514.490731937214,39586.49551038508,40546.879512350024,47701.83417829996,52458.12154231401,47808.79500825571,44131.897675982196,64309.56217758333,51191.08057952969
