RedundantThrowsDeclarationCheck_Actual,RedundantThrowsDeclarationCheck_Simulated,S00122_Actual,S00122_Simulated,UselessImportCheck_Actual,UselessImportCheck_Simulated,DuplicatedBlocks_Actual,DuplicatedBlocks_Simulated,S1155_Actual,S1155_Simulated,S00108_Actual,S00108_Simulated,S1151_Actual,S1151_Simulated,S1132_Actual,S1132_Simulated,S1481_Actual,S1481_Simulated
3.367295829986474,3.182826244321462,0.0,0.17804065448848427,0.0,1.0120744067826586,3.784189633918261,3.1131672510296626,1.3862943611198906,1.4002786624897638,4.844187086458591,4.465479026967496,0.6931471805599453,0.3168034653383228,3.044522437723423,2.3619558113018173,0.0,1.1044258036092558
3.367295829986474,2.708190027729983,0.0,0.2701037208053805,0.0,0.18698402688264715,3.784189633918261,3.115859586545515,1.3862943611198906,0.8905198305022082,4.844187086458591,6.143298211682911,0.6931471805599453,0.8620301719855785,3.044522437723423,3.69309558021284,0.0,0.7201169420425837
3.367295829986474,3.5088130977522334,0.0,0.2657831453812791,0.0,1.3761528290953002,3.784189633918261,1.3909295012876977,1.3862943611198906,0.6578057019632717,4.844187086458591,4.883501297523871,0.6931471805599453,0.34752725686298575,3.044522437723423,2.0663859987675344,0.0,0.8220656661525441
3.367295829986474,3.001469929722389,0.0,0.6311664669170023,0.0,0.9842381889800771,3.784189633918261,3.6241130696392627,1.3862943611198906,0.7194927681904292,4.844187086458591,3.1795978561159615,0.6931471805599453,0.41669154780933065,3.044522437723423,2.9029178680407277,0.0,0.684362361371188
3.367295829986474,3.383389208606453,0.0,0.48445746026079894,0.0,0.0,3.784189633918261,2.72296131494609,1.3862943611198906,1.892452642882115,4.844187086458591,3.9096582673621714,0.6931471805599453,0.6614753666574935,3.044522437723423,3.5096795294518417,0.0,3.8186466838270245
3.367295829986474,3.2135507840172948,0.0,0.12677080029507884,0.0,1.1770347597945,3.784189633918261,1.038356179304229,1.3862943611198906,0.8849512971868855,4.844187086458591,6.2650532089225255,0.6931471805599453,0.5133063224263907,3.044522437723423,2.6761270518038023,0.0,0.239639983583269
