RedundantThrowsDeclarationCheck_Actual,RedundantThrowsDeclarationCheck_Simulated,S00122_Actual,S00122_Simulated,UselessImportCheck_Actual,UselessImportCheck_Simulated,DuplicatedBlocks_Actual,DuplicatedBlocks_Simulated,S1155_Actual,S1155_Simulated,S00108_Actual,S00108_Simulated,S1151_Actual,S1151_Simulated,S1132_Actual,S1132_Simulated,S1481_Actual,S1481_Simulated
3.367295829986474,3.182826244321462,0.0,0.17804065448848427,0.0,1.0120744067826586,3.784189633918261,3.1131672510296626,1.3862943611198906,1.4002786624897638,4.844187086458591,4.465479026967496,0.6931471805599453,0.3168034653383228,3.044522437723423,2.3619558113018173,0.0,1.1044258036092558
3.367295829986474,3.3145634955462406,0.0,0.0,0.0,1.566735929113051,3.784189633918261,2.639608347192483,1.3862943611198906,1.62705847062674,4.844187086458591,4.011939165309455,0.6931471805599453,0.4490550273892714,3.044522437723423,2.1589680625352603,0.0,1.0950959545019718
3.367295829986474,3.6494727621426244,0.0,0.48030106641736037,0.0,0.0,3.784189633918261,1.8251857282803565,1.3862943611198906,2.242972881647386,4.844187086458591,3.070361941904218,0.6931471805599453,0.5626813747066154,3.044522437723423,3.388069516369808,0.0,1.141358471501462
3.367295829986474,3.333710288696397,0.0,0.3235368878718706,0.0,2.1427160063328357,3.784189633918261,3.571372846791539,1.3862943611198906,0.24742457160521436,4.844187086458591,3.1622882350718147,0.6931471805599453,0.3781301585377059,3.044522437723423,2.1541265154846814,0.0,0.0
3.367295829986474,2.962965678853731,0.0,0.6476560014309503,0.0,1.6417846649162322,3.784189633918261,3.45092905885057,1.3862943611198906,0.06624462150687815,4.844187086458591,3.50165796030552,0.6931471805599453,0.171822028924896,3.044522437723423,3.0389982506817756,0.0,0.1416198582456314
3.367295829986474,2.4195931196614424,0.0,0.6437960893786202,0.0,2.094387628177599,3.784189633918261,3.1174240258093633,1.3862943611198906,1.4365240638580523,4.844187086458591,2.7702340834605113,0.6931471805599453,0.12313185693266093,3.044522437723423,3.427692448598571,0.0,2.1069058331158663
