RedundantThrowsDeclarationCheck_Actual,RedundantThrowsDeclarationCheck_Simulated,S00122_Actual,S00122_Simulated,UselessImportCheck_Actual,UselessImportCheck_Simulated,DuplicatedBlocks_Actual,DuplicatedBlocks_Simulated,S1155_Actual,S1155_Simulated,S00108_Actual,S00108_Simulated,S1151_Actual,S1151_Simulated,S1132_Actual,S1132_Simulated,S1481_Actual,S1481_Simulated
3.367295829986474,3.182826244321462,0.0,0.17804065448848427,0.0,1.0120744067826586,3.784189633918261,3.1131672510296626,1.3862943611198906,1.4002786624897638,4.844187086458591,4.465479026967496,0.6931471805599453,0.3168034653383228,3.044522437723423,2.3619558113018173,0.0,1.1044258036092558
3.367295829986474,2.3766832545080967,0.0,0.0,0.0,1.0718605546147928,3.784189633918261,3.232531783571497,1.3862943611198906,0.36753701088481017,4.844187086458591,4.667424383232558,0.6931471805599453,0.0,3.044522437723423,2.3681729095196276,0.0,1.3887928180897458
3.367295829986474,3.783454316951279,0.0,0.0,0.0,1.363403306420382,3.784189633918261,2.2440206991574696,1.3862943611198906,2.356740963004401,4.844187086458591,4.753290036835111,0.6931471805599453,0.733574208210277,3.044522437723423,2.428705294205555,0.0,3.5415898002893806
