Steps,Total MAE
1,0.0
2,19298.2
6,28695.270000000004
12,32721.760000000002
24,37864.149999999994
