,Actual_last_5_vals,Mean_Simulation,Simulated_9,Simulated_0,Simulated_24,Simulated_22,Simulated_7,Simulated_25,Simulated_4,Simulated_5,Simulated_19,Simulated_26,Simulated_16,Simulated_17,Simulated_11,Simulated_10,Simulated_15,Simulated_3,Simulated_23,Simulated_8,Simulated_1,Simulated_2,Simulated_27,Simulated_6,Simulated_12,Simulated_29,Simulated_13,Simulated_14,Simulated_20,Simulated_28,Simulated_18,Simulated_21
0,42887.68224299065,,,,,,,,,,,,,,,,,,,,,,,,,,,,,,,
1,42893.26168224299,,,,,,,,,,,,,,,,,,,,,,,,,,,,,,,
2,42898.84112149533,,,,,,,,,,,,,,,,,,,,,,,,,,,,,,,
3,42904.42056074766,,,,,,,,,,,,,,,,,,,,,,,,,,,,,,,
4,42910.0,,,,,,,,,,,,,,,,,,,,,,,,,,,,,,,
5,,84464.64,84464.64,84464.64,84464.64,84464.64,84464.64,84464.64,84464.64,84464.64,84464.64,84464.64,84464.64,84464.64,84464.64,84464.64,84464.64,84464.64,84464.64,84464.64,84464.64,84464.64,84464.64,84464.64,84464.64,84464.64,84464.64,84464.64,84464.64,84464.64,84464.64,84464.64
6,,90338.02,114857.52,81008.66,87133.43,28735.59,72990.57,61441.31,16022.83,283313.33,254681.0,153951.88,-45185.41,-154477.22,316012.57,127118.99,29057.55,-116811.53,232341.72,339404.27,195909.12,-65236.25,393160.04,141015.8,-138703.16,387459.87,35867.27,-245359.11,-266410.7,-298470.65,219249.88,470061.41
7,,58602.7,61200.11,21501.64,-5347.55,-24039.99,-86352.25,-97283.67,187508.31,84738.33,131948.33,241030.29,-65297.01,79367.01,113177.02,314172.69,289880.57,149966.25,-115477.57,125878.8,-157846.19,-132363.11,5095.66,-250943.42,216496.56,-51904.8,-305670.16,163279.12,194059.23,-78985.33,466692.57,283599.46
8,MAE,,9038.97,15476.81,22384.95,48081.71,54100.8,61594.36,67740.27,73036.98,79229.54,82013.82,86474.38,88526.52,93416.29,97450.32,97519.45,99504.37,105361.32,105447.45,107340.0,115513.36,118776.35,120074.63,128978.35,135876.45,139581.2,146791.18,164068.42,175465.57,179000.58,201573.38
