RedundantThrowsDeclarationCheck_Actual,RedundantThrowsDeclarationCheck_Simulated,S00117_Actual,S00117_Simulated,S1488_Actual,S1488_Simulated,S1226_Actual,S1226_Simulated,S00112_Actual,S00112_Simulated,S1155_Actual,S1155_Simulated,S00108_Actual,S00108_Simulated,S1132_Actual,S1132_Simulated
2.4849066497880004,3.5752879838039395,3.7376696182833684,3.697392449979346,0.0,0.8754362755897771,2.5649493574615367,3.5879241157460826,4.844187086458591,4.276680021083757,0.0,1.7109182803350094,1.3862943611198906,0.5443390143275862,2.9444389791664403,4.1497156410950025
2.4849066497880004,5.2394804216323605,3.728100167267218,2.6831357656924366,0.0,0.8187303750405013,2.5649493574615367,3.996617007533917,4.847331743138063,3.2413309354264555,0.0,1.3406832059155125,1.3862943611198906,1.1116864617602902,2.9444389791664403,1.7913173217398395
2.4849066497880004,2.6380330523404094,3.7184382563554808,3.6421486842950244,0.0,1.4004393142804341,2.5649493574615367,3.023418632078128,4.850466541943434,4.666294002791446,0.0,4.167625971840613,1.3862943611198906,1.1088402221068598,2.9444389791664403,5.036832385378721
2.4849066497880004,2.10782194482578,3.708682081410116,3.7652055890365017,0.0,2.175561459167329,2.5649493574615367,3.8415952451742426,4.853591544486569,3.835536309266783,0.0,2.9519688375407886,1.3862943611198906,0.4300732924433551,2.9444389791664403,4.690886869449452
2.4849066497880004,1.8896752011212175,3.6988297849671046,2.591902846642271,0.0,0.15098525764532522,2.5649493574615367,3.665042373838511,4.856706811803519,4.316057509617072,0.0,1.0549851765298879,1.3862943611198906,0.6623908259365162,2.9444389791664403,4.5199148411442245
2.4849066497880004,3.33641323039835,3.6888794541139363,4.422799923786862,0.0,3.114136834734655,2.5649493574615367,3.8002545613522978,4.859812404361672,3.6338070988739575,0.0,2.7691818375347017,1.3862943611198906,0.0,2.9444389791664403,3.8741738126570686
