RedundantThrowsDeclarationCheck_Actual,RedundantThrowsDeclarationCheck_Simulated,S00117_Actual,S00117_Simulated,S1488_Actual,S1488_Simulated,S1226_Actual,S1226_Simulated,S00112_Actual,S00112_Simulated,S1155_Actual,S1155_Simulated,S00108_Actual,S00108_Simulated,S1132_Actual,S1132_Simulated
2.4849066497880004,3.5752879838039395,3.708682081410116,3.697392449979346,0.0,0.8754362755897771,2.5649493574615367,3.5879241157460826,4.853591544486569,4.276680021083757,0.0,1.7109182803350094,1.3862943611198906,0.5443390143275862,2.9444389791664403,4.1497156410950025
2.4849066497880004,3.9440138588990052,3.6988297849671046,3.0365574903907926,0.0,1.4880220591503397,2.5649493574615367,3.608313222535149,4.856706811803519,3.1258484783756812,0.0,0.8244004779565641,1.3862943611198906,0.9327527549771502,2.9444389791664403,3.5582459572565672
2.4849066497880004,5.159345360404327,3.6888794541139363,5.001619651098655,0.0,0.3687359248624037,2.5649493574615367,4.023979563143207,4.859812404361672,3.988357246961134,0.0,4.112105909076448,1.3862943611198906,0.5713087789760471,2.9444389791664403,2.689079743956064
