S1905_Actual,S1905_Simulated,UselessImportCheck_Actual,UselessImportCheck_Simulated,DuplicatedBlocks_Actual,DuplicatedBlocks_Simulated,S00112_Actual,S00112_Simulated,S1155_Actual,S1155_Simulated,S1132_Actual,S1132_Simulated,S1481_Actual,S1481_Simulated
0.0,1.571048938306501,0.6931471805599453,0.9610498910441571,1.8803128665695001,2.3875430850499346,3.332204510175204,1.6889869029199953,0.0,0.0,0.0,0.18393647179709674,0.44183275227903923,1.0812651235231558
0.0,2.6728153548299574,0.6931471805599453,1.6098437033227282,1.8632184332102,3.7278081055581254,3.332204510175204,1.4519817329483438,0.0,0.0,0.0,0.4306206657461775,0.36772478012531734,0.9637606364789867
0.0,3.262152735095935,0.6931471805599453,0.8776984830233826,1.8458266904983307,2.3367585770902513,3.332204510175204,3.1067970755385588,0.0,0.0,0.0,0.32979891718475995,0.2876820724517809,1.6397719177252623
0.0,2.419779877799,0.6931471805599453,0.9173289819642467,1.8281271133989299,3.5669086077354204,3.332204510175204,0.6389812286283536,0.0,0.0,0.0,0.37728971078787943,0.20067069546215122,1.4876002288629055
0.0,3.2101518628279093,0.6931471805599453,0.4437797793024896,1.8101086078962514,1.7575738960396854,3.332204510175204,1.4690727953534883,0.0,0.0,0.0,0.09880378588424678,0.1053605156578263,0.6498718624380302
0.0,2.1569282952731617,0.6931471805599453,1.3822274661848155,1.791759469228055,2.4737858028856676,3.332204510175204,0.9980075347458561,0.0,0.0,0.0,0.16703089741130117,0.0,1.4389972362072307
