S1905_Actual,S1905_Simulated,UselessImportCheck_Actual,UselessImportCheck_Simulated,DuplicatedBlocks_Actual,DuplicatedBlocks_Simulated,S00112_Actual,S00112_Simulated,S1155_Actual,S1155_Simulated,S1132_Actual,S1132_Simulated,S1481_Actual,S1481_Simulated
0.0,1.571048938306501,0.6931471805599453,0.9610498910441571,1.8281271133989299,2.3875430850499346,3.332204510175204,1.6889869029199953,0.0,0.0,0.0,0.18393647179709674,0.20067069546215122,1.0812651235231558
0.0,2.1574855681690153,0.6931471805599453,0.5642256444069065,1.8101086078962514,2.341658399172827,3.332204510175204,0.41181861874533543,0.0,0.0,0.0,0.0,0.1053605156578263,0.4218695134659536
0.0,2.3403568064330043,0.6931471805599453,0.6993837406173833,1.791759469228055,2.112627450675102,3.332204510175204,1.1540804416490422,0.0,0.0,0.0,0.08423029800963809,0.0,1.1269171044625559
