S1213_Actual,S1213_Simulated,S00122_Actual,S00122_Simulated,S1488_Actual,S1488_Simulated,DuplicatedBlocks_Actual,DuplicatedBlocks_Simulated,S1226_Actual,S1226_Simulated,S00112_Actual,S00112_Simulated,S1155_Actual,S1155_Simulated,S00108_Actual,S00108_Simulated,S1132_Actual,S1132_Simulated
0.0367013668504281,0.8654164806904682,0.0,0.19170098661429782,0.0,0.051733357324998425,0.0,0.46172097945521134,0.0,0.11196008221551346,0.018519047767237597,0.46128570284664755,0.0,0.046991420998253174,0.0,0.19702941544705932,0.0,0.5169270278182613
0.018519047767237697,1.0448474817543056,0.0,0.0,0.0,0.0,0.0,0.06810303707525378,0.0,0.00965383909933877,0.009302392662313554,1.3022785685031086,0.0,0.028282810469360882,0.0,0.16971822521124547,0.0,1.4007678081874113
0.0,0.24740989857076923,0.0,0.0,0.0,0.04406313809924129,0.0,3.1153714396591377,0.0,0.0,0.0,0.4162987046095983,0.0,0.0,0.0,0.21223195280690457,0.0,0.0
