RedundantThrowsDeclarationCheck_Actual,RedundantThrowsDeclarationCheck_Simulated,S1488_Actual,S1488_Simulated,S1905_Actual,S1905_Simulated,UselessImportCheck_Actual,UselessImportCheck_Simulated,S00108_Actual,S00108_Simulated
4.969813299576001,5.156074832496742,3.258096538021482,3.697697263544742,2.70805020110221,3.461420735491537,4.127134385045092,4.495037878812216,1.3862943611198906,1.6954226165372368
4.962844630259907,5.329522071726646,3.5553480614894135,4.881875013994525,2.5649493574615367,4.035382389955625,4.248495242049359,4.372710350270853,1.3862943611198906,1.5016645747967579
4.962844630259907,4.93294168103246,3.5553480614894135,4.586803717290268,2.5649493574615367,1.0918947479410712,4.23410650459726,4.7887641386738675,1.3862943611198906,1.8539504965118265
