RedundantThrowsDeclarationCheck_Actual,RedundantThrowsDeclarationCheck_Simulated,S1488_Actual,S1488_Simulated,S1905_Actual,S1905_Simulated,UselessImportCheck_Actual,UselessImportCheck_Simulated,S00108_Actual,S00108_Simulated
4.969813299576001,5.156074832496742,3.258096538021482,3.697697263544742,2.70805020110221,3.461420735491537,4.127134385045092,4.495037878812216,1.3862943611198906,1.6954226165372368
4.962844630259907,5.255868310433868,3.5553480614894135,4.272096616810751,2.5649493574615367,5.305272600847178,4.248495242049359,4.482819808881119,1.3862943611198906,2.6088258043154164
4.962844630259907,4.777291689054918,3.5553480614894135,2.9251089047165992,2.5649493574615367,1.8342842095702159,4.23410650459726,4.347844360025741,1.3862943611198906,1.1685240177870184
