RedundantThrowsDeclarationCheck_Actual,RedundantThrowsDeclarationCheck_Simulated,S00117_Actual,S00117_Simulated,S1488_Actual,S1488_Simulated,S1226_Actual,S1226_Simulated,S00112_Actual,S00112_Simulated,S1155_Actual,S1155_Simulated,S1132_Actual,S1132_Simulated,S1481_Actual,S1481_Simulated
1.0159205728229963,0.3523282815303823,0.0,0.2514307755291172,0.6931471805599453,0.6931423560017794,0.0,0.0,4.23823874188217,3.9403496625990746,1.0986122886681098,1.098607464109944,1.0986122886681098,1.098607464109944,0.0,0.0
1.0330150061822962,0.5509548284117232,0.0,0.6518244511750908,0.6931471805599453,0.6931410707470291,0.0,2.1243802821805957e-06,4.24029847484518,4.128603434895487,1.0986122886681098,1.09860595943975,1.0986122886681098,1.0986078575447225,0.0,0.0
1.0498221244986776,0.2482935241263447,0.0,0.021752311583456835,0.6931471805599453,0.6931458849932587,0.0,0.0,4.242353974027276,4.294872671214606,1.0986122886681098,1.0986105681495724,1.0986122886681098,1.0986045708952556,0.0,0.0
1.0663514264498883,1.0337330165453649,0.0,0.22366316335016362,0.6931471805599453,0.6931456314532105,0.0,0.0,4.244405256797834,3.659666931821606,1.0986122886681098,1.098609193467224,1.0986122886681098,1.0986088468331536,0.0,4.496253295425392e-06
1.0826119473216684,0.8303362575337847,0.0,0.4937966782319634,0.6931471805599453,0.6931418987278609,0.0,0.0,4.246452340419559,4.210161102450286,1.0986122886681098,1.0986033491415121,1.0986122886681098,1.0986083214746631,0.0,0.0
1.0986122886681098,0.358056657529873,0.0,0.0,0.6931471805599453,0.6931437644435511,0.0,0.0,4.248495242049359,4.34453184929092,1.0986122886681098,1.0986019970637668,1.0986122886681098,1.0986065882326954,0.0,0.0
