RedundantThrowsDeclarationCheck_Actual,RedundantThrowsDeclarationCheck_Simulated,S00122_Actual,S00122_Simulated,DuplicatedBlocks_Actual,DuplicatedBlocks_Simulated,S00112_Actual,S00112_Simulated,S1155_Actual,S1155_Simulated,S00108_Actual,S00108_Simulated,S1151_Actual,S1151_Simulated,S1132_Actual,S1132_Simulated,S1481_Actual,S1481_Simulated
3.367295829986474,3.182826244321462,0.0,0.17804065448848427,3.784189633918261,3.1131672510296626,5.181783550292085,3.495480419818657,1.3862943611198906,1.4002786624897638,4.844187086458591,4.465479026967496,0.6931471805599453,0.3168034653383228,3.044522437723423,2.3619558113018173,0.0,1.1044258036092558
3.367295829986474,3.335397127789664,0.0,0.0,3.784189633918261,2.7192867459629833,5.181783550292085,2.134023254619798,1.3862943611198906,0.8264162688189489,4.844187086458591,4.290129240814708,0.6931471805599453,0.49889159413720213,3.044522437723423,1.9601966577065313,0.0,2.5823540601730617
3.367295829986474,3.1075389370383544,0.0,0.0,3.784189633918261,1.3564843268396833,5.181783550292085,3.018858908485326,1.3862943611198906,1.3616203694115379,4.844187086458591,4.514407432277622,0.6931471805599453,0.0,3.044522437723423,2.1990553113206124,0.0,0.0
3.367295829986474,2.500277259197292,0.0,0.0,3.784189633918261,3.744723345364795,5.181783550292085,3.4107285431286,1.3862943611198906,1.5554002499895447,4.844187086458591,4.803961034201991,0.6931471805599453,0.10612664540227545,3.044522437723423,1.9401753382244875,0.0,0.3925605578782496
3.367295829986474,3.0986779540641445,0.0,0.4626953195228692,3.784189633918261,2.9456707365749795,5.181783550292085,5.776552450213213,1.3862943611198906,1.5101495289745543,4.844187086458591,5.953987385716584,0.6931471805599453,0.437115150070621,3.044522437723423,2.8142752369049853,0.0,3.0666908849395087
3.367295829986474,2.7059532386985943,0.0,0.0,3.784189633918261,3.4687702756377243,5.181783550292085,4.141337936126856,1.3862943611198906,0.31931268394052204,4.844187086458591,4.66871847597439,0.6931471805599453,0.5636779925677664,3.044522437723423,2.3426364465513068,0.0,0.08452112702362191
