RedundantThrowsDeclarationCheck_Actual,RedundantThrowsDeclarationCheck_Simulated,S00122_Actual,S00122_Simulated,DuplicatedBlocks_Actual,DuplicatedBlocks_Simulated,S00112_Actual,S00112_Simulated,S1155_Actual,S1155_Simulated,S00108_Actual,S00108_Simulated,S1151_Actual,S1151_Simulated,S1132_Actual,S1132_Simulated,S1481_Actual,S1481_Simulated
3.367295829986474,3.182826244321462,0.0,0.17804065448848427,3.784189633918261,3.1131672510296626,5.181783550292085,3.495480419818657,1.3862943611198906,1.4002786624897638,4.844187086458591,4.465479026967496,0.6931471805599453,0.3168034653383228,3.044522437723423,2.3619558113018173,0.0,1.1044258036092558
3.367295829986474,2.696324980487005,0.0,0.06731086531506428,3.784189633918261,1.4883626696958463,5.181783550292085,2.6970026116738204,1.3862943611198906,0.8531478353728171,4.844187086458591,3.8632072890294014,0.6931471805599453,0.0,3.044522437723423,2.5496153729142166,0.0,0.0
3.367295829986474,3.9176848507985658,0.0,1.025214228418323,3.784189633918261,2.9202088741957195,5.181783550292085,3.441240131672182,1.3862943611198906,1.064926578982737,4.844187086458591,3.4487413037404417,0.6931471805599453,0.273486297030283,3.044522437723423,2.0670676393277323,0.0,1.3915652790607649
