S00117_Actual,S00117_Simulated,S1488_Actual,S1488_Simulated,S1226_Actual,S1226_Simulated,S00112_Actual,S00112_Simulated,S1155_Actual,S1155_Simulated,S1132_Actual,S1132_Simulated,S1481_Actual,S1481_Simulated
0.0,0.18857179510065186,0.6931471805599453,0.6742804700449279,0.0,0.0,4.23823874188217,3.4160510287931776,1.0986122886681098,1.1085934909171022,1.0986122886681098,1.098607464109944,0.0,0.2632049367457456
0.0,0.05138730274017131,0.6931471805599453,0.5764724708329236,0.0,0.0,4.24029847484518,2.922055047254893,1.0986122886681098,1.153988856991475,1.0986122886681098,1.0986093075513796,0.0,0.7232782675875002
0.0,0.2885902297453895,0.6931471805599453,0.7945163239227337,0.0,0.0,4.242353974027276,2.4339006404780608,1.0986122886681098,1.2226011804815444,1.0986122886681098,1.0986077130154397,0.0,0.4770575819973374
0.0,0.3754909084465655,0.6931471805599453,0.4412676511564836,0.0,0.0,4.244405256797834,3.5002904585838204,1.0986122886681098,1.087263324199852,1.0986122886681098,1.0986080510957763,0.0,0.5979988320043523
0.0,0.0,0.6931471805599453,0.530375418810758,0.0,0.0,4.246452340419559,2.8948714105281343,1.0986122886681098,1.077458856468656,1.0986122886681098,1.0985998281840195,0.0,0.29811014313522105
0.0,0.41242348944593343,0.6931471805599453,0.8413883290568925,0.0,0.0,4.248495242049359,2.9015771691470182,1.0986122886681098,1.1563267726517128,1.0986122886681098,1.0986068382070822,0.0,0.5797427613575048
