,Actual_last_5_vals,Simulated_0,Simulated_1,Simulated_2,Simulated_3,Simulated_4,Simulated_5,Simulated_6,Simulated_7,Simulated_8,Simulated_9,Simulated_10,Simulated_11,Simulated_12,Simulated_13,Simulated_14,Simulated_15,Simulated_16,Simulated_17,Simulated_18,Simulated_19,Simulated_20,Simulated_21,Simulated_22,Simulated_23,Simulated_24,Simulated_25,Simulated_26,Simulated_27,Simulated_28,Simulated_29
360,17359.285714285714,,,,,,,,,,,,,,,,,,,,,,,,,,,,,,
361,17360.714285714286,,,,,,,,,,,,,,,,,,,,,,,,,,,,,,
362,17362.14285714286,,,,,,,,,,,,,,,,,,,,,,,,,,,,,,
363,17363.571428571428,,,,,,,,,,,,,,,,,,,,,,,,,,,,,,
364,17365.0,,,,,,,,,,,,,,,,,,,,,,,,,,,,,,
365,,14897.012540615982,14897.012540615982,14897.012540615982,14897.012540615982,14897.012540615982,14897.012540615982,14897.012540615982,14897.012540615982,14897.012540615982,14897.012540615982,14897.012540615982,14897.012540615982,14897.012540615982,14897.012540615982,14897.012540615982,14897.012540615982,14897.012540615982,14897.012540615982,14897.012540615982,14897.012540615982,14897.012540615982,14897.012540615982,14897.012540615982,14897.012540615982,14897.012540615982,14897.012540615982,14897.012540615982,14897.012540615982,14897.012540615982,14897.012540615982
366,,14862.155980514603,15242.71940225656,13486.926313968142,15429.33004987277,15889.803751700993,14743.454739713081,14312.74346466926,13858.911432864254,14177.750692754882,16544.37099013086,14166.249984667702,13900.83827747207,12372.068031725148,14193.436013027069,15247.762031202119,16126.237560559772,13743.919108122991,15845.213595354195,16527.88889009729,14135.178762059992,13846.847108307782,15822.31083415226,16172.745877978155,16090.404688703124,14444.160413703015,14952.065527170098,14314.994112616845,14665.088944883915,16689.438867153,14675.087614770979
