RedundantThrowsDeclarationCheck_Actual,RedundantThrowsDeclarationCheck_Simulated,S00117_Actual,S00117_Simulated,S1226_Actual,S1226_Simulated,S00112_Actual,S00112_Simulated,S1155_Actual,S1155_Simulated,S1132_Actual,S1132_Simulated,S1481_Actual,S1481_Simulated
1.0663514264498883,0.26424494468692766,0.0,0.18857179510065186,0.0,0.0,4.244405256797834,3.4160510287931776,1.0986122886681098,1.1085934909171022,1.0986122886681098,1.098607464109944,0.0,0.2632049367457456
1.0826119473216684,0.5654328440018292,0.0,0.2655985746763478,0.0,0.0,4.246452340419559,3.1954122204955793,1.0986122886681098,1.1233340852272875,1.0986122886681098,1.0986033874151624,0.0,0.707299273933688
1.0986122886681098,0.0,0.0,0.0,0.0,0.0,4.248495242049359,4.21929200884245,1.0986122886681098,1.047577714088678,1.0986122886681098,1.0986057013389467,0.0,1.037288032737681
