S1213_Actual,S1213_Simulated,RedundantThrowsDeclarationCheck_Actual,RedundantThrowsDeclarationCheck_Simulated,S00117_Actual,S00117_Simulated,S1488_Actual,S1488_Simulated,UselessImportCheck_Actual,UselessImportCheck_Simulated,DuplicatedBlocks_Actual,DuplicatedBlocks_Simulated,S00112_Actual,S00112_Simulated,S00108_Actual,S00108_Simulated,S1151_Actual,S1151_Simulated,S1132_Actual,S1132_Simulated,S1481_Actual,S1481_Simulated
1.6094379124341003,1.5612653284528095,1.0911773101805915,0.33692165548749786,0.0,0.2473294688124442,0.6931471805599453,0.6931423560017793,0.0,0.9344955371772815,1.9459101490553132,2.4598029739540213,4.2475424072940875,3.920373744975915,1.0986122886681098,1.068530846214328,1.6094379124341003,1.6094330878759346,1.0986122886681098,1.098607464109944,0.0,0.011220298815337844
1.6094379124341003,1.6176343050147564,1.0986122886681098,0.7939441013413506,0.0,0.14810603931135718,0.6931471805599453,0.693149005763833,0.0,1.3797763954431215,1.9459101490553132,1.562310291812914,4.248495242049359,3.6800612124199126,1.0986122886681098,1.0491953421439284,1.6094379124341003,1.609431942641406,1.0986122886681098,1.0986088195692993,0.0,0.0
