RedundantThrowsDeclarationCheck_Actual,RedundantThrowsDeclarationCheck_Simulated,S00117_Actual,S00117_Simulated,S00122_Actual,S00122_Simulated,S1488_Actual,S1488_Simulated,UselessImportCheck_Actual,UselessImportCheck_Simulated,DuplicatedBlocks_Actual,DuplicatedBlocks_Simulated,S1226_Actual,S1226_Simulated,S00112_Actual,S00112_Simulated,S1155_Actual,S1155_Simulated,S00108_Actual,S00108_Simulated,S1151_Actual,S1151_Simulated
3.1354942159291497,3.5257771575512358,3.5553480614894135,3.3241618483350153,2.4849066497880004,4.288801949621111,2.1972245773362196,2.328170097005313,0.0,1.2264470614375145,5.043425116919247,4.534028144429186,3.713572066704308,3.848777899491394,3.091042453358316,2.4454143792319614,3.5553480614894135,3.375888409448223,5.82600010738045,5.475244663983493,3.258096538021482,2.7747795250883027
3.1354942159291497,3.220032585612885,3.5553480614894135,3.456835724406899,2.4849066497880004,4.887358642384183,2.1972245773362196,2.647423762835222,0.0,2.4666511705986824,5.043425116919247,5.109564525028671,3.713572066704308,4.580007629638584,3.091042453358316,2.7416274329171597,3.5553480614894135,3.5419208162955274,5.82600010738045,7.736416833332267,3.258096538021482,1.8661358745636614
