S1488_Actual,S1488_Simulated,S1905_Actual,S1905_Simulated,UselessImportCheck_Actual,UselessImportCheck_Simulated,DuplicatedBlocks_Actual,DuplicatedBlocks_Simulated,S00112_Actual,S00112_Simulated,S1155_Actual,S1155_Simulated,S1132_Actual,S1132_Simulated,S1481_Actual,S1481_Simulated
1.0986122886681098,1.098607464109944,0.0,1.6673150755118407,0.6931471805599453,1.1056266642274308,1.8281271133989299,2.612788774682368,3.332204510175204,2.0494519355260974,0.0,0.0,0.0,0.0,0.20067069546215122,0.9118090976275225
1.0986122886681098,1.0986129929131065,0.0,1.8072394622483736,0.6931471805599453,0.9484961653818846,1.8101086078962514,2.9218880227564936,3.332204510175204,0.9752116362487484,0.0,0.0,0.0,0.0,0.1053605156578263,0.4950328472798514
1.0986122886681098,1.0986091563081561,0.0,2.179647786595286,0.6931471805599453,1.262299975225719,1.791759469228055,2.652101606032014,3.332204510175204,2.228871423091558,0.0,0.0,0.0,0.0,0.0,0.794696314445315
