S1488_Actual,S1488_Simulated,S1905_Actual,S1905_Simulated,UselessImportCheck_Actual,UselessImportCheck_Simulated,DuplicatedBlocks_Actual,DuplicatedBlocks_Simulated,S00112_Actual,S00112_Simulated,S1155_Actual,S1155_Simulated,S1132_Actual,S1132_Simulated,S1481_Actual,S1481_Simulated
1.0986122886681098,1.098607464109944,0.0,1.6673150755118407,0.6931471805599453,1.1056266642274308,1.8803128665695001,2.612788774682368,3.332204510175204,2.0494519355260974,0.0,0.0,0.0,0.0,0.44183275227903923,0.9118090976275225
1.0986122886681098,1.0986126345880922,0.0,0.940566172736387,0.6931471805599453,1.609254219742863,1.8632184332102,2.2401608606872534,3.332204510175204,1.8247896072768226,0.0,0.0,0.0,0.0,0.36772478012531734,0.9201180247647995
1.0986122886681098,1.0986052779402702,0.0,2.519364066490953,0.6931471805599453,1.3368806709322456,1.8458266904983307,2.72882543989656,3.332204510175204,2.2480854510498025,0.0,0.0,0.0,0.0,0.2876820724517809,0.2919939049964414
1.0986122886681098,1.098610329467244,0.0,1.1355218187013771,0.6931471805599453,0.7253472666362887,1.8281271133989299,3.2554357075785973,3.332204510175204,2.5945560181317022,0.0,0.0,0.0,0.0,0.20067069546215122,1.2328478199711637
1.0986122886681098,1.09860770033788,0.0,1.181862016848016,0.6931471805599453,1.9024447856349627,1.8101086078962514,2.669811030465829,3.332204510175204,0.7707492699365881,0.0,0.0,0.0,1.6213631086572364e-06,0.1053605156578263,1.1581344295374683
1.0986122886681098,1.098614577349187,0.0,2.3409996020253145,0.6931471805599453,0.828505413621736,1.791759469228055,2.4652084787321082,3.332204510175204,2.0425682087410175,0.0,0.0,0.0,0.0,0.0,0.6082859292400227
