S1213_Actual,S1213_Simulated,S1488_Actual,S1488_Simulated,DuplicatedBlocks_Actual,DuplicatedBlocks_Simulated,S1226_Actual,S1226_Simulated,S00112_Actual,S00112_Simulated,S1155_Actual,S1155_Simulated,S00108_Actual,S00108_Simulated,S1151_Actual,S1151_Simulated,S1132_Actual,S1132_Simulated
0.0367013668504281,0.8654164806904682,0.0,0.051733357324998425,0.0,0.46172097945521134,0.0,0.11196008221551346,0.018519047767237597,0.46128570284664755,0.0,0.046991420998253174,0.0,0.19702941544705932,0.018519047767237597,0.6025512276968152,0.0,0.5169270278182613
0.018519047767237697,1.0301954147319765,0.0,0.5273622733732978,0.0,0.7799614561063551,0.0,0.05787591166903896,0.009302392662313554,0.5959362162261034,0.0,0.13427769068072512,0.0,0.8166784635585287,0.009302392662313554,0.295440958362075,0.0,1.1742231871097502
0.0,0.8933734160710599,0.0,0.0,0.0,0.0,0.0,0.0,0.0,1.2451534957169992,0.0,0.12346886155358014,0.0,0.34034849643711823,0.0,0.23857512209784887,0.0,1.1120873748037252
