S1213_Actual,S1213_Simulated,S1488_Actual,S1488_Simulated,DuplicatedBlocks_Actual,DuplicatedBlocks_Simulated,S1226_Actual,S1226_Simulated,S00112_Actual,S00112_Simulated,S1155_Actual,S1155_Simulated,S00108_Actual,S00108_Simulated,S1151_Actual,S1151_Simulated,S1132_Actual,S1132_Simulated
0.08934510033585008,0.8654164806904682,0.0,0.051733357324998425,0.0,0.46172097945521134,0.0,0.11196008221551346,0.04567003683318844,0.46128570284664755,0.0,0.046991420998253174,0.0,0.19702941544705932,0.04567003683318844,0.6025512276968152,0.0,0.5169270278182613
0.07210329390134407,0.3538342608129289,0.0,0.20053131244563613,0.0,2.5194917647175816,0.0,0.16674056073203536,0.036701366850428,0.0,0.0,0.056036966217967735,0.0,0.494129001967757,0.036701366850428,0.38313961677278585,0.0,0.0
0.0545589842504346,1.2087990195897642,0.0,0.013959980083815028,0.0,0.0,0.0,0.0938806942017439,0.027651531330510157,0.0,0.0,0.0,0.0,0.7124348383171659,0.027651531330510157,0.5961484045514557,0.0,1.3300292547949515
0.0367013668504281,0.5051248583327513,0.0,0.07727159306232141,0.0,1.1192290657527588,0.0,0.03276941732199723,0.018519047767237597,0.731701460577076,0.0,0.0,0.0,0.6269664237163179,0.018519047767237597,0.7964062554554703,0.0,1.9443685883118325
0.018519047767237697,0.1870917126513273,0.0,0.11227783591867693,0.0,1.5358579116041269,0.0,0.0,0.009302392662313554,0.3804848315283101,0.0,0.0,0.0,0.5776509752987533,0.009302392662313554,1.012021336756861,0.0,0.34012190556955896
0.0,1.3407108546044497,0.0,0.36354102594782645,0.0,0.0,0.0,0.0,0.0,0.0,0.0,0.2514367065554308,0.0,0.5023558250621425,0.0,0.15593861744572995,0.0,0.3151557872137093
