S1213_Actual,S1213_Simulated,S1488_Actual,S1488_Simulated,DuplicatedBlocks_Actual,DuplicatedBlocks_Simulated,S1226_Actual,S1226_Simulated,S00112_Actual,S00112_Simulated,S1155_Actual,S1155_Simulated,S00108_Actual,S00108_Simulated,S1151_Actual,S1151_Simulated,S1132_Actual,S1132_Simulated
0.0367013668504281,0.8654164806904682,0.0,0.051733357324998425,0.0,0.46172097945521134,0.0,0.11196008221551346,0.018519047767237597,0.46128570284664755,0.0,0.046991420998253174,0.0,0.19702941544705932,0.018519047767237597,0.6025512276968152,0.0,0.5169270278182613
0.018519047767237697,0.6548124811304685,0.0,0.0,0.0,0.6820939504975284,0.0,0.0,0.009302392662313554,0.0,0.0,0.2885077054419944,0.0,0.0,0.009302392662313554,0.937635334948901,0.0,0.0
0.0,0.999321329450269,0.0,0.04543397489736023,0.0,0.0,0.0,0.0,0.0,0.811170302748007,0.0,0.0,0.0,0.3788827997787222,0.0,0.798644259005764,0.0,0.0
