S1905_Actual,S1905_Simulated,UselessImportCheck_Actual,UselessImportCheck_Simulated
0.0,1.5915743540760907,0.6931471805599453,1.0867097726923818
0.0,3.727648720939452,0.6931471805599453,0.956164075796411
0.0,0.1903202251401357,0.6931471805599453,1.1723225721570363
0.0,3.1799242765805396,0.6931471805599453,1.1630172131779168
0.0,0.22497270727920893,0.6931471805599453,0.8433323819944404
0.0,1.1264060844286137,0.0,1.2209084477683423
