S1905_Actual,S1905_Simulated,UselessImportCheck_Actual,UselessImportCheck_Simulated
0.0,1.5915743540760907,0.6931471805599453,1.0867097726923818
0.0,3.126980774373931,0.6931471805599453,0.7350609241891546
0.0,1.2939178213874107,0.6931471805599453,1.641373872153363
0.0,0.0,0.6931471805599453,1.391077997084873
0.0,0.32218994411500623,0.6931471805599453,0.9577023567904898
0.0,2.0148723667906827,0.0,1.2068627937209357
