S00122_Actual,S00122_Simulated,S1488_Actual,S1488_Simulated,DuplicatedBlocks_Actual,DuplicatedBlocks_Simulated,S1226_Actual,S1226_Simulated,S00112_Actual,S00112_Simulated,S1155_Actual,S1155_Simulated,S00108_Actual,S00108_Simulated,S1151_Actual,S1151_Simulated,S1132_Actual,S1132_Simulated
0.0,0.19170098661429782,0.0,0.051733357324998425,0.0,0.46172097945521134,0.0,0.11196008221551346,0.018519047767237597,0.46128570284664755,0.0,0.046991420998253174,0.0,0.19702941544705932,0.018519047767237597,0.6025512276968152,0.0,0.5169270278182613
0.0,0.14928821521500116,0.0,0.4332513530644142,0.0,2.3097173048796256,0.0,0.0,0.009302392662313554,0.12020114914232438,0.0,0.0,0.0,0.686591982665898,0.009302392662313554,0.7020797165565119,0.0,1.0862086280128742
0.0,0.0,0.0,0.10603014855431822,0.0,0.0008740356620864365,0.0,0.03039403681712867,0.0,1.4836408660737008,0.0,0.0,0.0,0.0,0.0,0.19034249178087087,0.0,0.0
