S1213_Actual,S1213_Simulated,RedundantThrowsDeclarationCheck_Actual,RedundantThrowsDeclarationCheck_Simulated,S00117_Actual,S00117_Simulated,S00122_Actual,S00122_Simulated,S1905_Actual,S1905_Simulated,UselessImportCheck_Actual,UselessImportCheck_Simulated,DuplicatedBlocks_Actual,DuplicatedBlocks_Simulated,S1155_Actual,S1155_Simulated
5.765191102784844,5.905965091877481,5.733341276897746,5.406354149356674,5.811140992976701,5.623524564790877,6.298949246855942,6.198847681621536,1.791759469228055,2.218394196647229,2.772588722239781,3.5535918260069694,5.66988092298052,5.778379256897303,4.23410650459726,3.9342304055250064
5.75890177387728,5.94254013644346,5.703782474656201,5.509825132851166,5.808142489980444,6.149782084025929,6.278521424165844,6.095016548226091,1.791759469228055,2.639040218269578,2.302585092994046,4.621271573832161,5.6131281063880705,6.096171934977693,4.23410650459726,4.373854907368852
5.7745515455444085,5.886106617471846,5.717027701406222,5.5195399793373525,5.808142489980444,5.65213351236905,6.278521424165844,7.235635424006951,1.791759469228055,1.3802244640583643,2.4849066497880004,3.6499641575237742,5.616771097666572,5.651727195411318,4.23410650459726,4.459283205273859
5.765191102784844,5.720241329352236,5.71042701737487,5.249120326586164,5.808142489980444,5.211677407727418,6.2878585601617845,6.533589469390437,1.791759469228055,2.683947684008454,2.302585092994046,3.285875478276279,5.616771097666572,5.672320095076261,4.23410650459726,4.284664009174959
5.777652323222656,5.8496532554886835,5.707110264748875,6.021886055611063,5.755742213586912,5.668006859726374,6.3080984415095305,5.644903572253993,1.791759469228055,1.9653718451804059,2.3978952727983707,4.64416674149351,5.66988092298052,5.502317452905905,4.23410650459726,4.132511103537452
5.777652323222656,6.1325439040976155,5.707110264748875,5.6308447652398215,5.755742213586912,5.040654437500196,6.3080984415095305,7.347017127674993,1.791759469228055,1.3341113848525583,2.302585092994046,3.7476443697680506,5.66988092298052,4.69420038076775,4.23410650459726,3.78987967451472
