S1213_Actual,S1213_Simulated,RedundantThrowsDeclarationCheck_Actual,RedundantThrowsDeclarationCheck_Simulated,S00117_Actual,S00117_Simulated,S00122_Actual,S00122_Simulated,S1905_Actual,S1905_Simulated,UselessImportCheck_Actual,UselessImportCheck_Simulated,DuplicatedBlocks_Actual,DuplicatedBlocks_Simulated,S1155_Actual,S1155_Simulated
5.765191102784844,5.571798508780526,5.733341276897746,5.185139882899668,5.811140992976701,5.343463927245053,6.298949246855942,5.818953647752599,1.791759469228055,1.4504757272846034,2.772588722239781,2.7964584226213454,5.66988092298052,5.526050106457279,4.23410650459726,3.8020271685672746
5.75890177387728,5.59085397873408,5.703782474656201,4.663803712364658,5.808142489980444,5.918006465410847,6.278521424165844,5.857117108282238,1.791759469228055,1.5127973608350442,2.302585092994046,3.0600984827794644,5.6131281063880705,5.308819791954166,4.23410650459726,3.8926839543880263
5.7745515455444085,5.531335499638518,5.717027701406222,5.122244672223935,5.808142489980444,5.4752600224814465,6.278521424165844,5.839070913872973,1.791759469228055,1.7056377227005726,2.4849066497880004,2.0254299398420215,5.616771097666572,5.565000685202917,4.23410650459726,3.888223685687487
5.765191102784844,5.567487438011776,5.71042701737487,4.845048583847953,5.808142489980444,5.171986177074402,6.2878585601617845,6.135695270920266,1.791759469228055,1.7688344283164938,2.302585092994046,2.949712354643603,5.616771097666572,5.528995110327229,4.23410650459726,3.343058848567778
5.777652323222656,5.819762767943896,5.707110264748875,4.995718003047695,5.755742213586912,5.274631822060219,6.3080984415095305,6.69029207689799,1.791759469228055,2.0280238790844676,2.3978952727983707,2.74298753308777,5.66988092298052,5.262108333227594,4.23410650459726,3.7773425159471343
5.777652323222656,5.480329125120529,5.707110264748875,4.689144008997429,5.755742213586912,5.64406944143759,6.3080984415095305,6.37964615923738,1.791759469228055,1.2626324317831124,2.302585092994046,2.305749627071994,5.66988092298052,5.681866345537653,4.23410650459726,4.317915352430165
