S1213_Actual,S1213_Simulated,RedundantThrowsDeclarationCheck_Actual,RedundantThrowsDeclarationCheck_Simulated,S00117_Actual,S00117_Simulated,S00122_Actual,S00122_Simulated,S1905_Actual,S1905_Simulated,UselessImportCheck_Actual,UselessImportCheck_Simulated,DuplicatedBlocks_Actual,DuplicatedBlocks_Simulated,S1155_Actual,S1155_Simulated
5.765191102784844,5.905965091877481,5.733341276897746,5.406354149356674,5.811140992976701,5.623524564790877,6.298949246855942,6.198847681621536,1.791759469228055,2.218394196647229,2.772588722239781,3.5535918260069694,5.66988092298052,5.778379256897303,4.23410650459726,3.9342304055250064
5.75890177387728,6.102585756627811,5.703782474656201,5.255199745983996,5.808142489980444,5.513855821907685,6.278521424165844,6.437631552002511,1.791759469228055,2.3081541064366546,2.302585092994046,2.7546293583761052,5.6131281063880705,5.399977082417459,4.23410650459726,3.9107850778460613
5.7745515455444085,6.249296270591516,5.717027701406222,5.217457600969491,5.808142489980444,5.323821507848139,6.278521424165844,5.917965984969289,1.791759469228055,3.294292976757564,2.4849066497880004,4.428129004737038,5.616771097666572,5.068519277717688,4.23410650459726,3.6019583345790513
5.765191102784844,6.518192862908071,5.71042701737487,5.561778414639172,5.808142489980444,5.80652778463091,6.2878585601617845,5.860380795188075,1.791759469228055,3.569970823267651,2.302585092994046,2.388923948348076,5.616771097666572,5.374928592019585,4.23410650459726,4.16802363891728
5.777652323222656,6.135624083123699,5.707110264748875,6.34850572714682,5.755742213586912,5.695404403288561,6.3080984415095305,6.067536724985227,1.791759469228055,1.1923689860787665,2.3978952727983707,3.4820049776993116,5.66988092298052,5.571709198628722,4.23410650459726,4.027019311001777
5.777652323222656,5.8184572223116025,5.707110264748875,5.585371093644505,5.755742213586912,5.697614430304013,6.3080984415095305,6.527197830530172,1.791759469228055,1.7295496747559178,2.302585092994046,2.353080735130516,5.66988092298052,5.170341679382558,4.23410650459726,4.257695994723268
