RedundantThrowsDeclarationCheck_Actual,RedundantThrowsDeclarationCheck_Simulated,S00117_Actual,S00117_Simulated,S1488_Actual,S1488_Simulated,S1226_Actual,S1226_Simulated,S00112_Actual,S00112_Simulated,S1155_Actual,S1155_Simulated,S00108_Actual,S00108_Simulated,S1481_Actual,S1481_Simulated
2.4849066497880004,3.5752879838039395,3.708682081410116,3.697392449979346,0.0,0.8754362755897771,2.5649493574615367,3.5879241157460826,4.853591544486569,4.276680021083757,0.0,1.7109182803350094,1.3862943611198906,0.5443390143275862,1.0986122886681098,3.437301328727192
2.4849066497880004,5.196685447256491,3.6988297849671046,3.2632924173863262,0.0,1.0431772926235503,2.5649493574615367,4.643703492066043,4.856706811803519,3.37692227415162,0.0,3.575405972446246,1.3862943611198906,0.0,1.0986122886681098,5.602756608419317
2.4849066497880004,3.04227908204536,3.6888794541139363,4.292847328925887,0.0,1.652266205782512,2.5649493574615367,5.428591710216417,4.859812404361672,4.987198184769584,0.0,1.1901032623475563,1.3862943611198906,0.7645932896691082,1.0986122886681098,0.7301083537418167
