S1905_Actual,S1905_Simulated,DuplicatedBlocks_Actual,DuplicatedBlocks_Simulated,S1481_Actual,S1481_Simulated
0.0,0.36172044398760594,3.258096538021482,2.5129296442372437,0.5108256237659906,0.502759145915681
0.0,0.61616137467622,3.258096538021482,3.3597687518139248,0.6061358035703155,1.2270463994698648
0.0,0.7300207197444932,3.258096538021482,1.835899546437954,0.6931471805599453,0.29985383222721584
