S1905_Actual,S1905_Simulated,DuplicatedBlocks_Actual,DuplicatedBlocks_Simulated,S1481_Actual,S1481_Simulated
0.0,0.36172044398760594,3.258096538021482,2.5129296442372437,0.5108256237659906,0.502759145915681
0.0,0.25862682239293977,3.258096538021482,2.3601477660883132,0.6061358035703155,0.8518661050232623
0.0,0.0,3.258096538021482,2.136091533504321,0.6931471805599453,0.7762694000576476
