S1213_Actual,S1213_Simulated,RedundantThrowsDeclarationCheck_Actual,RedundantThrowsDeclarationCheck_Simulated,S1488_Actual,S1488_Simulated,S1905_Actual,S1905_Simulated,S1226_Actual,S1226_Simulated,S00112_Actual,S00112_Simulated,S1151_Actual,S1151_Simulated
5.030437921392435,4.189295074572902,3.332204510175204,3.411590488688553,0.6931471805599453,1.5414280278559198,0.6931471805599453,0.08546578921313353,0.0,3.0021800730187986,6.75343791859778,6.007955147221165,3.6375861597263857,2.133853788746623
5.087596335232384,4.7672276231117525,3.332204510175204,4.435673057217759,0.6931471805599453,1.4648120736104613,0.6931471805599453,0.019261851151731776,0.0,2.882332864042507,6.759255270663693,6.476840173069616,3.713572066704308,1.754917878854055
