S1488_Actual,S1488_Simulated,S1905_Actual,S1905_Simulated,UselessImportCheck_Actual,UselessImportCheck_Simulated,DuplicatedBlocks_Actual,DuplicatedBlocks_Simulated,S00112_Actual,S00112_Simulated,S1132_Actual,S1132_Simulated,S1481_Actual,S1481_Simulated
1.0986122886681098,1.0077415013145123,0.0,1.571048938306501,0.6931471805599453,0.9610498910441571,1.8803128665695001,2.3875430850499346,3.332204510175204,1.6889869029199953,0.0,0.18393647179709674,0.44183275227903923,1.0812651235231558
1.0986122886681098,1.1195029134454673,0.0,1.0779479349926893,0.6931471805599453,0.9758158340431312,1.8632184332102,1.7819543169913779,3.332204510175204,1.4863850150563773,0.0,0.05202105094826062,0.36772478012531734,1.0348753945493314
1.0986122886681098,1.1169167265653466,0.0,2.357187953498733,0.6931471805599453,0.6386351523315035,1.8458266904983307,1.6584882984862288,3.332204510175204,2.0077128751696636,0.0,0.141588340131117,0.2876820724517809,0.859692879464486
1.0986122886681098,1.1564144794942557,0.0,1.5083532376498676,0.6931471805599453,0.08069390034875712,1.8281271133989299,1.7956549628618967,3.332204510175204,2.136154562456725,0.0,0.10429949809477153,0.20067069546215122,1.7659617194989239
1.0986122886681098,1.09598212303746,0.0,2.2934937173255614,0.6931471805599453,1.1633431646843202,1.8101086078962514,1.9321600276349413,3.332204510175204,2.232255588474575,0.0,0.2651828782717654,0.1053605156578263,1.3200601201644977
1.0986122886681098,1.104930574313521,0.0,2.18092679744177,0.6931471805599453,0.8537391340708744,1.791759469228055,2.036817409312611,3.332204510175204,2.0730937049910003,0.0,0.3435325479896426,0.0,0.3543516763575888
