RedundantThrowsDeclarationCheck_Actual,RedundantThrowsDeclarationCheck_Simulated,S00117_Actual,S00117_Simulated,S00122_Actual,S00122_Simulated,S1488_Actual,S1488_Simulated,S1905_Actual,S1905_Simulated,UselessImportCheck_Actual,UselessImportCheck_Simulated,DuplicatedBlocks_Actual,DuplicatedBlocks_Simulated,S1226_Actual,S1226_Simulated,S1155_Actual,S1155_Simulated,S00108_Actual,S00108_Simulated,S1151_Actual,S1151_Simulated
3.1354942159291497,3.5257771575512358,3.5553480614894135,3.3241618483350153,2.4849066497880004,4.288801949621111,2.1972245773362196,2.328170097005313,0.6931471805599453,2.599355956726943,0.0,1.2264470614375145,5.043425116919247,4.534028144429186,3.713572066704308,3.848777899491394,3.5553480614894135,3.375888409448223,5.82600010738045,5.475244663983493,3.258096538021482,2.7747795250883027
3.1354942159291497,3.4125781771771075,3.5553480614894135,4.116518710210744,2.4849066497880004,6.044928189490448,2.1972245773362196,2.3386000732810555,0.6931471805599453,2.0257385196584847,0.0,2.301449245754436,5.043425116919247,4.530720479536033,3.713572066704308,4.082230768904601,3.5553480614894135,2.9437475923409484,5.82600010738045,6.328051209647086,3.258096538021482,2.8419058922004603
