S1213_Actual,S1213_Simulated,S00122_Actual,S00122_Simulated,S1488_Actual,S1488_Simulated,DuplicatedBlocks_Actual,DuplicatedBlocks_Simulated,S00112_Actual,S00112_Simulated,S1155_Actual,S1155_Simulated,S00108_Actual,S00108_Simulated,S1151_Actual,S1151_Simulated,S1132_Actual,S1132_Simulated
0.08934510033585008,0.8654164806904682,0.0,0.19170098661429782,0.0,0.051733357324998425,0.0,0.46172097945521134,0.04567003683318844,0.46128570284664755,0.0,0.046991420998253174,0.0,0.19702941544705932,0.04567003683318844,0.6025512276968152,0.0,0.5169270278182613
0.07210329390134407,1.7683945177700033,0.0,0.0,0.0,0.0,0.0,0.019694010499545334,0.036701366850428,0.5416224555132706,0.0,0.21997297342203379,0.0,0.27679365265770084,0.036701366850428,0.0,0.0,0.0
0.0545589842504346,0.4286756246491092,0.0,0.39823955241914666,0.0,0.010577404462583824,0.0,0.0,0.027651531330510157,1.0974527417713125,0.0,0.0,0.0,0.1294614439717569,0.027651531330510157,0.8801337589010226,0.0,1.8060258031214191
0.0367013668504281,0.9478838421209781,0.0,0.38140288372680115,0.0,0.4368317652255038,0.0,0.0,0.018519047767237597,0.567449898247886,0.0,0.14837686459727148,0.0,0.019079574361874102,0.018519047767237597,0.26368435479345287,0.0,0.0
0.018519047767237697,0.5637193910146447,0.0,0.7898988773199664,0.0,0.24470573960309022,0.0,0.0,0.009302392662313554,0.3311658918837064,0.0,0.0,0.0,0.27884899385134243,0.009302392662313554,0.5119391726517913,0.0,1.4856362138331027
0.0,0.0,0.0,0.9802897403701838,0.0,0.14281070964513415,0.0,0.35372828018279645,0.0,0.0,0.0,0.2775851494506148,0.0,0.03784234894310731,0.0,0.3921992644310267,0.0,2.2556009921687674
