S1213_Actual,S1213_Simulated,S00122_Actual,S00122_Simulated,S1488_Actual,S1488_Simulated,DuplicatedBlocks_Actual,DuplicatedBlocks_Simulated,S00112_Actual,S00112_Simulated,S1155_Actual,S1155_Simulated,S00108_Actual,S00108_Simulated,S1151_Actual,S1151_Simulated,S1132_Actual,S1132_Simulated
0.08934510033585008,0.8654164806904682,0.0,0.19170098661429782,0.0,0.051733357324998425,0.0,0.46172097945521134,0.04567003683318844,0.46128570284664755,0.0,0.046991420998253174,0.0,0.19702941544705932,0.04567003683318844,0.6025512276968152,0.0,0.5169270278182613
0.07210329390134407,1.2319025369412393,0.0,0.7051917703518579,0.0,0.13590770804358163,0.0,0.41595327106208074,0.036701366850428,0.0,0.0,0.37090225017796735,0.0,0.9220704085972046,0.036701366850428,0.43160070010608587,0.0,0.5087397008245619
0.0545589842504346,0.840965785464096,0.0,0.6057801504682431,0.0,0.0,0.0,0.02768948084015249,0.027651531330510157,0.0,0.0,0.0,0.0,0.0,0.027651531330510157,0.5890577611331609,0.0,0.6502528033832096
0.0367013668504281,0.9426910718434951,0.0,0.3061886536172673,0.0,0.24994396938178248,0.0,1.049572352346775,0.018519047767237597,0.3641376875624389,0.0,0.3891132983622643,0.0,0.6322846976929936,0.018519047767237597,0.16696778957802355,0.0,0.0
0.018519047767237697,0.8123881462448355,0.0,0.0,0.0,0.0,0.0,0.5978992157253893,0.009302392662313554,0.6901035739878882,0.0,0.037907227281001696,0.0,0.0,0.009302392662313554,0.9099035968812181,0.0,0.0
0.0,1.4281415178296126,0.0,0.626938640794419,0.0,0.0,0.0,0.0,0.0,0.108829412483671,0.0,0.013578591679085726,0.0,0.5197991065164964,0.0,1.5000678721787604,0.0,0.5929944556363504
