S00117_Actual,S00117_Simulated,S00108_Actual,S00108_Simulated
2.0794415416798357,2.636680193993027,1.3862943611198906,1.0166596193930002
2.0794415416798357,2.141035521002461,1.3862943611198906,0.0
2.1972245773362196,1.2350659784905433,1.3862943611198906,0.6517811045590175
2.1972245773362196,2.1033552149209673,1.3862943611198906,0.0
2.1972245773362196,1.6540055088687602,1.3862943611198906,0.9710982952389131
2.1972245773362196,1.0698068444501632,1.3862943611198906,0.8804793645607728
