S00117_Actual,S00117_Simulated,S1488_Actual,S1488_Simulated,S1226_Actual,S1226_Simulated,S00112_Actual,S00112_Simulated,S1155_Actual,S1155_Simulated,S1132_Actual,S1132_Simulated,S1481_Actual,S1481_Simulated
0.0,0.18857179510065186,0.6931471805599453,0.6742804700449279,0.0,0.0,4.244405256797834,3.4160510287931776,1.0986122886681098,1.1085934909171022,1.0986122886681098,1.098607464109944,0.0,0.2632049367457456
0.0,0.4347350343902707,0.6931471805599453,0.7225016380581721,0.0,0.0,4.246452340419559,4.330046174607727,1.0986122886681098,1.1208878695385147,1.0986122886681098,1.0986085939120582,0.0,0.0
0.0,0.058135078419484926,0.6931471805599453,0.6912294473437073,0.0,0.0,4.248495242049359,3.3636146434519416,1.0986122886681098,1.19395672706204,1.0986122886681098,1.0986104178852611,0.0,0.5412691737518937
