RedundantThrowsDeclarationCheck_Actual,RedundantThrowsDeclarationCheck_Simulated,S00117_Actual,S00117_Simulated,S1226_Actual,S1226_Simulated,S1155_Actual,S1155_Simulated,S1132_Actual,S1132_Simulated
0.0,0.48069730238805325,0.0,0.3330249998781985,0.0,0.4384588908821911,0.0,0.366611078015905,0.0,0.22552910144113708
0.0,0.0,0.0,0.1405684670664137,0.0,0.884796086048185,0.0,0.02438005454535208,0.0,0.3130558300046569
0.0,0.0,0.0,0.25915349288772493,0.0,0.0,0.0,0.7943440611947141,0.0,0.9871623840335126
0.0,1.7638187171353292,0.0,0.36920350877424957,0.0,1.328439224142054,0.0,1.776765566863543,0.0,1.3196500261201063
0.0,0.0,0.0,1.923098227307818,0.0,0.0,0.0,0.0,0.0,0.0
0.0,0.0,0.0,0.0,0.0,0.0,0.0,1.3585973812914955,0.0,0.0
