RedundantThrowsDeclarationCheck_Actual,RedundantThrowsDeclarationCheck_Simulated,S00117_Actual,S00117_Simulated,S1226_Actual,S1226_Simulated,S1155_Actual,S1155_Simulated,S1132_Actual,S1132_Simulated
0.0,1.393684494564802,0.0,0.9995570707340724,0.0,1.3274804507933444,0.0,1.0527140085787974,0.0,0.690272938772579
0.0,5.623503327993363,0.0,2.3421130070651817,0.0,2.291691304135927,0.0,1.3888543052588496,0.0,1.1692811644547625
0.0,3.4707921209322405,0.0,0.0,0.0,1.5531315448849046,0.0,1.0825029135341568,0.0,0.38389807131195436
0.0,1.7999627703196623,0.0,0.0,0.0,3.703858243473252,0.0,1.3678632607847918,0.0,0.19333124958432224
0.0,0.6800594111498793,0.0,1.0658546091119572,0.0,0.0,0.0,1.8087454875228448,0.0,0.49681665079464393
0.0,0.0,0.0,0.0,0.0,0.0,0.0,1.4605396193059683,0.0,0.0
