RedundantThrowsDeclarationCheck_Actual,RedundantThrowsDeclarationCheck_Simulated,S00117_Actual,S00117_Simulated,S1226_Actual,S1226_Simulated,S1155_Actual,S1155_Simulated,S1132_Actual,S1132_Simulated
0.0,1.6070859231539256,0.0,1.0042869273197643,0.0,1.4892505708600041,0.0,1.2255437662349544,0.0,0.8147718711559766
0.0,0.0,0.0,1.9952119115347964,0.0,0.6856217149764064,0.0,2.491678335662109,0.0,0.8254646827017884
0.0,0.0,0.0,0.7271332727971682,0.0,2.3764670293991355,0.0,2.931491756473629,0.0,0.9624439211642102
