S1213_Actual,S1213_Simulated,RedundantThrowsDeclarationCheck_Actual,RedundantThrowsDeclarationCheck_Simulated,S1488_Actual,S1488_Simulated,S1905_Actual,S1905_Simulated,DuplicatedBlocks_Actual,DuplicatedBlocks_Simulated,S1226_Actual,S1226_Simulated,S1151_Actual,S1151_Simulated,S1132_Actual,S1132_Simulated,S1481_Actual,S1481_Simulated
5.448173122092414,5.315746943612542,3.1354942159291497,3.5351683455796343,2.268683541318364,2.3448650609869333,0.6931471805599453,2.6336389706392938,5.015069891164122,4.510972925856334,3.721669276936927,3.8233103768142858,3.258096538021482,2.7244619324435924,3.5553480614894135,3.4205118984428196,1.9459101490553132,3.001156803470868
5.438079308923196,4.48266372327599,3.1354942159291497,4.083405013987021,2.1972245773362196,2.952195788328678,0.6931471805599453,2.03296963366662,5.043425116919247,4.184201189658795,3.713572066704308,4.456002071810937,3.258096538021482,1.084108962718914,3.5553480614894135,2.909055675674947,1.9459101490553132,2.753105463375601
5.438079308923196,4.958518175702674,3.1354942159291497,4.532421365554759,2.1972245773362196,1.4526751807557166,0.6931471805599453,4.929146969782983,5.043425116919247,4.717808785358875,3.713572066704308,4.482620162781253,3.258096538021482,2.2563663184301586,3.5553480614894135,3.435438291407665,1.9459101490553132,3.1072657341603036
5.438079308923196,5.319637608742555,3.1354942159291497,3.043254685029453,2.1972245773362196,2.7937702818607173,0.6931471805599453,0.43137392580457723,5.043425116919247,2.95979952422952,3.713572066704308,3.6094647216163747,3.258096538021482,2.8445200428709887,3.5553480614894135,3.708979072534746,1.9459101490553132,1.748139896958044
5.438079308923196,5.110893207090496,3.1354942159291497,3.3735993607123977,2.1972245773362196,2.542416632004657,0.6931471805599453,1.7127022045865323,5.043425116919247,5.435548578619088,3.713572066704308,4.20102075765274,3.258096538021482,4.034898512459508,3.5553480614894135,2.961348455683594,1.9459101490553132,3.2182806038840974
5.438079308923196,4.670338122070141,3.1354942159291497,4.4531977690097815,2.1972245773362196,2.2075666153581137,0.6931471805599453,1.0976734567815274,5.043425116919247,4.12684851882658,3.713572066704308,3.436459456754903,3.258096538021482,2.2870360896904804,3.5553480614894135,2.466417498926041,1.9459101490553132,3.1415173075232334
