RedundantThrowsDeclarationCheck_Actual,RedundantThrowsDeclarationCheck_Simulated,S00117_Actual,S00117_Simulated,S1488_Actual,S1488_Simulated,DuplicatedBlocks_Actual,DuplicatedBlocks_Simulated,S00112_Actual,S00112_Simulated
3.332204510175204,3.6619585318568726,2.6390573296152584,2.245027567455372,0.6931471805599453,1.6966205738580606,5.683579767338681,5.6825339219172015,6.734591659972948,6.661096925366259
3.332204510175204,4.027056190657223,2.6390573296152584,2.0776238442021153,0.6931471805599453,1.9462895844236419,5.69035945432406,5.18806518345412,6.738152494595957,6.768550878866251
3.332204510175204,3.699489192141712,2.6390573296152584,2.36650701978174,0.6931471805599453,2.6130230463366955,5.697093486505405,5.584595116993361,6.7580945044277305,6.740294421380139
