S1213_Actual,S1213_Simulated,S00122_Actual,S00122_Simulated,S1488_Actual,S1488_Simulated,DuplicatedBlocks_Actual,DuplicatedBlocks_Simulated,S1226_Actual,S1226_Simulated,S00112_Actual,S00112_Simulated,S1155_Actual,S1155_Simulated,S00108_Actual,S00108_Simulated,S1151_Actual,S1151_Simulated
0.0367013668504281,0.8654164806904682,0.0,0.19170098661429782,0.0,0.051733357324998425,0.0,0.46172097945521134,0.0,0.11196008221551346,0.018519047767237597,0.46128570284664755,0.0,0.046991420998253174,0.0,0.19702941544705932,0.018519047767237597,0.6025512276968152
0.018519047767237697,0.8765698991033701,0.0,0.0940824312336982,0.0,0.0,0.0,0.0,0.0,0.046252221005904745,0.009302392662313554,0.0,0.0,0.0,0.0,0.04159994112399301,0.009302392662313554,0.1606532577601889
0.0,0.5896440609497329,0.0,0.34091099729394336,0.0,0.0,0.0,1.091062342632854,0.0,0.4285878785585227,0.0,1.0197455099417772,0.0,0.25538899484195915,0.0,0.16741279058868033,0.0,1.0638038956238884
