S1905_Actual,S1905_Simulated,S1226_Actual,S1226_Simulated,S00112_Actual,S00112_Simulated,S00108_Actual,S00108_Simulated,S1481_Actual,S1481_Simulated
0.0,0.9071098113340569,4.248495242049359,4.134769788868201,4.1588830833596715,2.499131140053135,1.3862943611198906,1.5415685703871407,2.5649493574615367,3.085545834700197
0.0,1.58058409363503,4.248495242049359,4.02644064405007,4.1588830833596715,2.203712373414517,1.3862943611198906,1.8978186332422995,2.5649493574615367,3.285784780246206
0.0,1.1224471085870755,4.248495242049359,4.07158251678466,4.1588830833596715,1.5675465388430903,1.3862943611198906,1.1354803799843396,2.5649493574615367,2.9385656284936195
