S1905_Actual,S1905_Simulated,S1226_Actual,S1226_Simulated,S00112_Actual,S00112_Simulated,S00108_Actual,S00108_Simulated,S1481_Actual,S1481_Simulated
0.0,0.9071098113340569,4.248495242049359,4.134769788868201,4.1588830833596715,2.499131140053135,1.3862943611198906,1.5415685703871407,2.5649493574615367,3.085545834700197
0.0,1.1303058693691144,4.248495242049359,3.758696263250356,4.1588830833596715,2.005509656051958,1.3862943611198906,1.7407954430471348,2.5649493574615367,3.6031819215280683
0.0,0.287528155696941,4.248495242049359,3.842517223605821,4.1588830833596715,3.0635136040508333,1.3862943611198906,1.4689106811877177,2.5649493574615367,3.324029819147188
