S1213_Actual,S1213_Simulated,S00117_Actual,S00117_Simulated,S00122_Actual,S00122_Simulated,S1905_Actual,S1905_Simulated,UselessImportCheck_Actual,UselessImportCheck_Simulated,DuplicatedBlocks_Actual,DuplicatedBlocks_Simulated,S1155_Actual,S1155_Simulated
5.765191102784844,5.905965091877481,5.811140992976701,5.623524564790877,6.298949246855942,6.198847681621536,1.791759469228055,2.218394196647229,2.772588722239781,3.5535918260069694,5.66988092298052,5.778379256897303,4.23410650459726,3.9342304055250064
5.75890177387728,6.3221687143943335,5.808142489980444,5.999359060049227,6.278521424165844,5.975629309541579,1.791759469228055,3.441660299527181,2.302585092994046,3.038857271172436,5.6131281063880705,5.586194840357187,4.23410650459726,3.8764659973822617
5.7745515455444085,6.423399772962933,5.808142489980444,5.768083185454811,6.278521424165844,5.838565806501595,1.791759469228055,1.2062941311488458,2.4849066497880004,4.463073230986247,5.616771097666572,6.561613826867765,4.23410650459726,3.852527079035432
5.765191102784844,5.47785403214483,5.808142489980444,6.056440388445034,6.2878585601617845,6.678398919223611,1.791759469228055,1.5972752262911443,2.302585092994046,4.332002477136525,5.616771097666572,6.254541188130263,4.23410650459726,4.066430166781729
5.777652323222656,5.544318914556729,5.755742213586912,5.593496732641731,6.3080984415095305,6.071039535196133,1.791759469228055,2.8229101123662685,2.3978952727983707,2.623833639422483,5.66988092298052,6.16823150837489,4.23410650459726,3.740290643171699
5.777652323222656,6.2470325926648,5.755742213586912,5.531304761759626,6.3080984415095305,5.58290383219804,1.791759469228055,1.5173482185580633,2.302585092994046,2.6946579457372946,5.66988092298052,5.104144114173316,4.23410650459726,3.523167660562477
