S1488_Actual,S1488_Simulated,S1905_Actual,S1905_Simulated,UselessImportCheck_Actual,UselessImportCheck_Simulated,DuplicatedBlocks_Actual,DuplicatedBlocks_Simulated,S00112_Actual,S00112_Simulated,S1155_Actual,S1155_Simulated,S1132_Actual,S1132_Simulated,S1481_Actual,S1481_Simulated
1.0986122886681098,1.0077415013145123,0.0,1.571048938306501,0.6931471805599453,0.9610498910441571,1.8803128665695001,2.3875430850499346,3.332204510175204,1.6889869029199953,0.0,0.0,0.0,0.18393647179709674,0.44183275227903923,1.0812651235231558
1.0986122886681098,1.2467360901217244,0.0,1.3638417881806182,0.6931471805599453,0.918475714676812,1.8632184332102,2.146036453823803,3.332204510175204,2.0352732020808992,0.0,0.0,0.0,0.5654721545255589,0.36772478012531734,1.1873049223401746
1.0986122886681098,1.2811957715010582,0.0,2.385004053228127,0.6931471805599453,1.1255538710033846,1.8458266904983307,2.3517700700718382,3.332204510175204,2.3731534565123913,0.0,0.0,0.0,0.5540687028029725,0.2876820724517809,1.184798537414572
1.0986122886681098,0.7609685233174438,0.0,1.6513001347766523,0.6931471805599453,0.43286155190427034,1.8281271133989299,1.4015720285064743,3.332204510175204,2.6358982541047027,0.0,0.0,0.0,0.1793208326191297,0.20067069546215122,0.1767911107232073
1.0986122886681098,0.9657005024664206,0.0,2.508794562382684,0.6931471805599453,1.52468333702296,1.8101086078962514,3.4535599553333953,3.332204510175204,0.16679403158956085,0.0,0.0,0.0,0.6599482764521425,0.1053605156578263,0.8508457266359924
1.0986122886681098,1.2620306334421796,0.0,0.9251525478588293,0.6931471805599453,1.487310604717217,1.791759469228055,1.3093721594631849,3.332204510175204,1.1136250734007953,0.0,3.827873046589225e-06,0.0,0.10999431097519076,0.0,1.2422334594521327
