S1213_Actual,S1213_Simulated,RedundantThrowsDeclarationCheck_Actual,RedundantThrowsDeclarationCheck_Simulated,S00117_Actual,S00117_Simulated,S1488_Actual,S1488_Simulated,UselessImportCheck_Actual,UselessImportCheck_Simulated,DuplicatedBlocks_Actual,DuplicatedBlocks_Simulated,S00112_Actual,S00112_Simulated,S1151_Actual,S1151_Simulated,S1132_Actual,S1132_Simulated,S1481_Actual,S1481_Simulated
1.6094379124341003,1.5756497927369877,1.0911773101805915,0.25241187134073034,0.0,0.18529177914319295,0.6931471805599453,0.6743462050229961,0.0,1.1795748374291268,1.9459101490553132,2.628571057555208,4.2475424072940875,3.400715103324849,1.6094379124341003,1.566371245538988,1.0986122886681098,1.0986074641099446,0.0,0.28515064114304844
1.6094379124341003,1.1259860561945478,1.0986122886681098,0.1560345534786726,0.0,0.09875145342549362,0.6931471805599453,0.5365570193026954,0.0,1.8516265084240784,1.9459101490553132,2.071089211659972,4.248495242049359,2.369480193282434,1.6094379124341003,1.4858567647478769,1.0986122886681098,1.098603869487303,0.0,0.07707620256161865
