S1488_Actual,S1488_Simulated,S1905_Actual,S1905_Simulated,UselessImportCheck_Actual,UselessImportCheck_Simulated,DuplicatedBlocks_Actual,DuplicatedBlocks_Simulated,S00112_Actual,S00112_Simulated,S1155_Actual,S1155_Simulated,S1481_Actual,S1481_Simulated
1.0986122886681098,1.0077415013145123,0.0,1.571048938306501,0.6931471805599453,0.9610498910441571,1.8281271133989299,2.3875430850499346,3.332204510175204,1.6889869029199953,0.0,0.0,0.20067069546215122,1.0812651235231558
1.0986122886681098,1.7091512049238506,0.0,2.722768206911847,0.6931471805599453,0.8063413977914408,1.8101086078962514,1.8898039260515738,3.332204510175204,1.4628070407909766,0.0,0.0,0.1053605156578263,1.2351210362923544
1.0986122886681098,1.2096845927723336,0.0,3.2574460462297363,0.6931471805599453,0.817143979833316,1.791759469228055,2.4895231830914732,3.332204510175204,2.502503328468167,0.0,0.0,0.0,1.4012261389217646
