S1488_Actual,S1488_Simulated,S1905_Actual,S1905_Simulated,UselessImportCheck_Actual,UselessImportCheck_Simulated,DuplicatedBlocks_Actual,DuplicatedBlocks_Simulated,S00112_Actual,S00112_Simulated,S1155_Actual,S1155_Simulated,S1481_Actual,S1481_Simulated
1.0986122886681098,1.0077415013145123,0.0,1.571048938306501,0.6931471805599453,0.9610498910441571,1.8281271133989299,2.3875430850499346,3.332204510175204,1.6889869029199953,0.0,0.0,0.20067069546215122,1.0812651235231558
1.0986122886681098,0.9243390959952694,0.0,1.8351281990344877,0.6931471805599453,1.2676869670015969,1.8101086078962514,2.5723900521082417,3.332204510175204,0.7340311691257123,0.0,0.0,0.1053605156578263,1.4169624387920199
1.0986122886681098,0.9355040672036269,0.0,0.5306953840853064,0.6931471805599453,0.8649172348782402,1.791759469228055,1.8113288607783973,3.332204510175204,2.1717638053987676,0.0,0.0,0.0,1.7132971497797889
