S1488_Actual,S1488_Simulated,S1905_Actual,S1905_Simulated,UselessImportCheck_Actual,UselessImportCheck_Simulated,DuplicatedBlocks_Actual,DuplicatedBlocks_Simulated,S00112_Actual,S00112_Simulated,S1155_Actual,S1155_Simulated,S1481_Actual,S1481_Simulated
1.0986122886681098,1.0077415013145123,0.0,1.571048938306501,0.6931471805599453,0.9610498910441571,1.8281271133989299,2.3875430850499346,3.332204510175204,1.6889869029199953,0.0,0.0,0.20067069546215122,1.0812651235231558
1.0986122886681098,0.6069179920006774,0.0,2.3425756295392337,0.6931471805599453,0.9013682901653735,1.8101086078962514,2.1739428395710934,3.332204510175204,1.6773476550720157,0.0,0.0,0.1053605156578263,1.3498341036953045
1.0986122886681098,0.924642894732086,0.0,2.235522643816631,0.6931471805599453,0.38229565924682163,1.791759469228055,2.9867701087369793,3.332204510175204,1.2618333283696006,0.0,0.0,0.0,1.351971882187358
