S1905_Actual,S1905_Simulated,DuplicatedBlocks_Actual,DuplicatedBlocks_Simulated,S1481_Actual,S1481_Simulated
0.0,0.0725638327081034,3.258096538021482,3.057278452488752,0.15415067982725825,0.21901812498572973
0.0,0.1881356288583767,3.258096538021482,3.2099334182192067,0.2876820724517809,0.13865471387579453
0.0,0.3301655450182895,3.258096538021482,3.1181922087951146,0.4054651081081644,0.0
0.0,0.09401715953882009,3.258096538021482,2.891710789498983,0.5108256237659906,0.32537260810533264
0.0,0.0,3.258096538021482,2.746433614295043,0.6061358035703155,0.28993147482843795
0.0,0.1517192212890751,3.258096538021482,2.7690622135864937,0.6931471805599453,0.0
