S1905_Actual,S1905_Simulated,DuplicatedBlocks_Actual,DuplicatedBlocks_Simulated,S1481_Actual,S1481_Simulated
0.0,0.0725638327081034,3.258096538021482,3.057278452488752,0.15415067982725825,0.21901812498572973
0.0,0.0,3.258096538021482,3.3451812170967736,0.2876820724517809,0.0
0.0,0.2680507470497441,3.258096538021482,3.2864323862649663,0.4054651081081644,0.025805684855768535
0.0,0.037374840603654,3.258096538021482,3.0834815233931825,0.5108256237659906,0.3941137507411275
0.0,0.0,3.258096538021482,3.1302984001986465,0.6061358035703155,0.3588005125576167
0.0,0.0018903996656237654,3.258096538021482,2.84078180507292,0.6931471805599453,0.0
