S1905_Actual,S1905_Simulated,DuplicatedBlocks_Actual,DuplicatedBlocks_Simulated,S1481_Actual,S1481_Simulated
0.0,0.0725638327081034,3.258096538021482,3.057278452488752,0.15415067982725825,0.21901812498572973
0.0,0.11847826268088948,3.258096538021482,2.976154698232919,0.2876820724517809,0.0
0.0,0.23828965002240304,3.258096538021482,3.4737564591965686,0.4054651081081644,0.03329597047860733
0.0,0.0,3.258096538021482,2.828510789760441,0.5108256237659906,0.11242335802603219
0.0,0.0,3.258096538021482,3.3440949902626134,0.6061358035703155,0.6295206231082892
0.0,0.08651481138936343,3.258096538021482,2.960315120121172,0.6931471805599453,0.2915543458006554
