S1905_Actual,S1905_Simulated,DuplicatedBlocks_Actual,DuplicatedBlocks_Simulated,S1481_Actual,S1481_Simulated
0.0,0.0725638327081034,3.258096538021482,3.057278452488752,0.5108256237659906,0.21901812498572973
0.0,0.0,3.258096538021482,3.1082680923727524,0.6061358035703155,0.0
0.0,0.3711279342868588,3.258096538021482,3.39079335452533,0.6931471805599453,0.0
