S1905_Actual,S1905_Simulated,DuplicatedBlocks_Actual,DuplicatedBlocks_Simulated,S1481_Actual,S1481_Simulated
0.0,0.0725638327081034,3.258096538021482,3.057278452488752,0.15415067982725825,0.21901812498572973
0.0,0.3592363980260811,3.258096538021482,2.9044747508346127,0.2876820724517809,0.5865078201144771
0.0,0.0,3.258096538021482,2.886884668319977,0.4054651081081644,0.0
0.0,0.3256640698219963,3.258096538021482,2.7140683168147,0.5108256237659906,0.8359375312244901
0.0,0.01586066416881743,3.258096538021482,3.049805706515693,0.6061358035703155,0.29932941812973285
0.0,0.20416957016929496,3.258096538021482,3.112444716756697,0.6931471805599453,0.040204081446296225
