S00117_Actual,S00117_Simulated,S1488_Actual,S1488_Simulated,S1226_Actual,S1226_Simulated,S00112_Actual,S00112_Simulated,S1155_Actual,S1155_Simulated,S00108_Actual,S00108_Simulated,S1132_Actual,S1132_Simulated,S1481_Actual,S1481_Simulated
3.708682081410116,3.697392449979346,0.0,0.8754362755897771,2.5649493574615367,3.5879241157460826,4.853591544486569,4.276680021083757,0.0,1.7109182803350094,1.3862943611198906,0.5443390143275862,2.9444389791664403,4.1497156410950025,1.0986122886681098,3.437301328727192
3.6988297849671046,4.1311235650995535,0.0,0.0,2.5649493574615367,3.3557348733923584,4.856706811803519,4.243573647026611,0.0,1.3937806625041296,1.3862943611198906,1.5376784149004235,2.9444389791664403,3.2035019392270274,1.0986122886681098,1.4456838382275818
3.6888794541139363,5.112921750341209,0.0,0.7337761754494619,2.5649493574615367,3.786591383938764,4.859812404361672,3.7217451725407336,0.0,3.363814367766235,1.3862943611198906,0.3724581943624786,2.9444389791664403,3.607783682505778,1.0986122886681098,5.691226521902477
