RedundantThrowsDeclarationCheck_Actual,RedundantThrowsDeclarationCheck_Simulated,S1488_Actual,S1488_Simulated,S1226_Actual,S1226_Simulated,S00112_Actual,S00112_Simulated,S1155_Actual,S1155_Simulated,S1132_Actual,S1132_Simulated,S1481_Actual,S1481_Simulated
1.0159205728229963,0.26424494468692766,0.6931471805599453,0.6742804700449279,0.0,0.0,4.23823874188217,3.4160510287931776,1.0986122886681098,1.1085934909171022,1.0986122886681098,1.098607464109944,0.0,0.2632049367457456
1.0330150061822962,0.6304774332796401,0.6931471805599453,0.720844380199133,0.0,0.0,4.24029847484518,6.062440676862085,1.0986122886681098,1.1181004974325428,1.0986122886681098,1.0986088290039828,0.0,0.12694958236828774
1.0498221244986776,0.02075397883760363,0.6931471805599453,0.7179385591724994,0.0,0.0,4.242353974027276,3.2388707830002814,1.0986122886681098,1.0997695956610836,1.0986122886681098,1.0986091627105925,0.0,0.40035756300233616
1.0663514264498883,0.27974196628964937,0.6931471805599453,1.0145725124605423,0.0,0.0,4.244405256797834,3.173906156990109,1.0986122886681098,1.147822295913551,1.0986122886681098,1.0986120889186852,0.0,0.46360323458399877
1.0826119473216684,0.0,0.6931471805599453,0.7592988212739394,0.0,0.0,4.246452340419559,2.686033409877901,1.0986122886681098,1.1104778368800938,1.0986122886681098,1.0986018750916855,0.0,0.35971909368332866
1.0986122886681098,0.6675693835425518,0.6931471805599453,0.6603210287288965,0.0,5.87237319232284e-07,4.248495242049359,2.7584798530046664,1.0986122886681098,1.0421278039952184,1.0986122886681098,1.0986073579727864,0.0,0.14271219468964
