RedundantThrowsDeclarationCheck_Actual,RedundantThrowsDeclarationCheck_Simulated,S1488_Actual,S1488_Simulated,S1905_Actual,S1905_Simulated,UselessImportCheck_Actual,UselessImportCheck_Simulated,S00108_Actual,S00108_Simulated
4.6913478822291435,5.360632430668239,3.258096538021482,3.9285002423156064,2.70805020110221,3.7704299525569263,4.574710978503383,4.412702184937166,1.3862943611198906,1.3394113756793602
4.955827057601261,4.302337619708188,3.258096538021482,2.5302992287470714,2.70805020110221,2.9232885942518436,3.970291913552122,4.554339223237222,1.3862943611198906,0.12601986193746217
4.969813299576001,4.699634281579968,3.258096538021482,2.655683942170617,2.70805020110221,4.994778843198307,4.143134726391533,4.079027247907551,1.3862943611198906,0.6774918258179817
4.969813299576001,5.114926270551836,3.258096538021482,3.990978974481291,2.70805020110221,4.841904857601271,4.127134385045092,4.877634941684882,1.3862943611198906,2.307194858730499
4.962844630259907,4.988262005829946,3.5553480614894135,4.763457872501568,2.5649493574615367,4.617745676749758,4.248495242049359,4.312379587938462,1.3862943611198906,1.913293879809085
4.962844630259907,4.407303599417732,3.5553480614894135,3.739392510915755,2.5649493574615367,4.487770205389794,4.23410650459726,4.48528424650119,1.3862943611198906,2.275661903657135
