RedundantThrowsDeclarationCheck_Actual,RedundantThrowsDeclarationCheck_Simulated,S00117_Actual,S00117_Simulated,S1488_Actual,S1488_Simulated,S00112_Actual,S00112_Simulated,S1155_Actual,S1155_Simulated,S1132_Actual,S1132_Simulated,S1481_Actual,S1481_Simulated
1.0663514264498883,0.26424494468692766,0.0,0.18857179510065186,0.6931471805599453,0.6742804700449279,4.244405256797834,3.4160510287931776,1.0986122886681098,1.1085934909171022,1.0986122886681098,1.098607464109944,0.0,0.2632049367457456
1.0826119473216684,0.1805719750377833,0.0,0.0,0.6931471805599453,0.798363664949388,4.246452340419559,3.8177708528402756,1.0986122886681098,1.2120863495537941,1.0986122886681098,1.0986176622359531,0.0,0.0
1.0986122886681098,0.0,0.0,0.0,0.6931471805599453,0.744159317111672,4.248495242049359,4.632563805287365,1.0986122886681098,1.0218057409919985,1.0986122886681098,1.0986036644266612,0.0,1.5956706684321813
