RedundantThrowsDeclarationCheck_Actual,RedundantThrowsDeclarationCheck_Simulated,S00117_Actual,S00117_Simulated,S1488_Actual,S1488_Simulated,S00112_Actual,S00112_Simulated,S1155_Actual,S1155_Simulated,S1132_Actual,S1132_Simulated,S1481_Actual,S1481_Simulated
1.0663514264498883,0.26424494468692766,0.0,0.18857179510065186,0.6931471805599453,0.6742804700449279,4.244405256797834,3.4160510287931776,1.0986122886681098,1.1085934909171022,1.0986122886681098,1.098607464109944,0.0,0.2632049367457456
1.0826119473216684,0.5760058778037012,0.0,0.2569650108907425,0.6931471805599453,0.7219538144173436,4.246452340419559,5.102753977736152,1.0986122886681098,1.0647237408383095,1.0986122886681098,1.0986126440931274,0.0,0.0
1.0986122886681098,0.6494817560939625,0.0,0.3101375575518357,0.6931471805599453,0.8201450601047325,4.248495242049359,2.5573782541912427,1.0986122886681098,1.1840347171505732,1.0986122886681098,1.0986077027763534,0.0,0.07791619965077884
