RedundantThrowsDeclarationCheck_Actual,RedundantThrowsDeclarationCheck_Simulated,S00122_Actual,S00122_Simulated,UselessImportCheck_Actual,UselessImportCheck_Simulated,DuplicatedBlocks_Actual,DuplicatedBlocks_Simulated,S00112_Actual,S00112_Simulated,S1155_Actual,S1155_Simulated,S00108_Actual,S00108_Simulated,S1132_Actual,S1132_Simulated,S1481_Actual,S1481_Simulated
3.367295829986474,3.182826244321462,0.0,0.17804065448848427,0.0,1.0120744067826586,3.784189633918261,3.1131672510296626,5.181783550292085,3.495480419818657,1.3862943611198906,1.4002786624897638,4.844187086458591,4.465479026967496,3.044522437723423,2.3619558113018173,0.0,1.1044258036092558
3.367295829986474,3.5041274944842216,0.0,0.19348424344018694,0.0,1.161166022420405,3.784189633918261,3.7375021443216356,5.181783550292085,4.232470548393477,1.3862943611198906,1.301711011271049,4.844187086458591,5.6543814548794105,3.044522437723423,1.7391508260424657,0.0,0.2980162819983505
3.367295829986474,3.771650099304173,0.0,0.0,0.0,0.0,3.784189633918261,2.789117747682253,5.181783550292085,3.6072836696555237,1.3862943611198906,2.1818445200492893,4.844187086458591,4.792962406055583,3.044522437723423,2.348502951768096,0.0,0.0
