Index,Lower,Upper
33,57013.976771272086,61878.529232738496
34,57108.53715958343,62017.200596889255
35,57133.0469179112,62061.02310442642
36,57222.45162298172,62069.695591157135
37,57366.52465695067,62261.03258532788
38,57405.60500807801,62456.10824286066
39,57502.25759574523,62463.90296912036
40,57611.773696292454,62459.618014426385
41,57629.50681509145,62738.10728979644
