RedundantThrowsDeclarationCheck_Actual,RedundantThrowsDeclarationCheck_Simulated,S00117_Actual,S00117_Simulated,UselessImportCheck_Actual,UselessImportCheck_Simulated,DuplicatedBlocks_Actual,DuplicatedBlocks_Simulated,S1132_Actual,S1132_Simulated,S1481_Actual,S1481_Simulated
3.367295829986474,3.2213065757711092,3.1354942159291497,2.5303576481378562,0.0,0.9905216270195651,3.784189633918261,3.1506115414840274,3.044522437723423,2.3890504800855394,0.0,1.1165674294446044
3.367295829986474,3.0939984530319533,3.1354942159291497,2.340054488114034,0.0,1.2476007901351212,3.784189633918261,3.7112371409751495,3.044522437723423,2.4743923434243094,0.0,1.8621955763789226
