,Actual_last_5_vals,Simulated_0,Simulated_1,Simulated_2,Simulated_3,Simulated_4,Simulated_5,Simulated_6,Simulated_7,Simulated_8,Simulated_9,Simulated_10,Simulated_11,Simulated_12,Simulated_13,Simulated_14,Simulated_15,Simulated_16,Simulated_17,Simulated_18,Simulated_19,Simulated_20,Simulated_21,Simulated_22,Simulated_23,Simulated_24,Simulated_25,Simulated_26,Simulated_27,Simulated_28,Simulated_29
131,108851.0,,,,,,,,,,,,,,,,,,,,,,,,,,,,,,
132,110243.0,,,,,,,,,,,,,,,,,,,,,,,,,,,,,,
133,110861.0,,,,,,,,,,,,,,,,,,,,,,,,,,,,,,
134,121632.0,,,,,,,,,,,,,,,,,,,,,,,,,,,,,,
135,117762.0,,,,,,,,,,,,,,,,,,,,,,,,,,,,,,
136,,116921.85579303846,116921.85579303846,116921.85579303846,116921.85579303846,116921.85579303846,116921.85579303846,116921.85579303846,116921.85579303846,116921.85579303846,116921.85579303846,116921.85579303846,116921.85579303846,116921.85579303846,116921.85579303846,116921.85579303846,116921.85579303846,116921.85579303846,116921.85579303846,116921.85579303846,116921.85579303846,116921.85579303846,116921.85579303846,116921.85579303846,116921.85579303846,116921.85579303846,116921.85579303846,116921.85579303846,116921.85579303846,116921.85579303846,116921.85579303846
137,,122796.38899346377,135352.159479271,137160.46401223293,113758.72914011926,116821.7424627936,121142.30977676218,99923.68647374006,112359.29819859975,106977.5124957229,112243.02938110221,127431.6149329855,129255.11796096526,125600.19541479943,135121.4223452036,114631.47523722443,138158.4101980749,105956.9572609734,147209.1529859027,126450.13749801929,110503.96595903409,112026.09769981113,124420.05113140168,110362.78550261194,116238.25541795866,110057.58151753969,116965.25308777229,123587.9885137779,104180.05913288068,108082.77970021065,113733.64143271533
