RedundantThrowsDeclarationCheck_Actual,RedundantThrowsDeclarationCheck_Simulated,S00117_Actual,S00117_Simulated,S1488_Actual,S1488_Simulated,S1226_Actual,S1226_Simulated,S00112_Actual,S00112_Simulated,S1155_Actual,S1155_Simulated,S1132_Actual,S1132_Simulated,S1481_Actual,S1481_Simulated
2.4849066497880004,3.5752879838039395,3.7376696182833684,3.697392449979346,0.0,0.8754362755897771,2.5649493574615367,3.5879241157460826,4.844187086458591,4.276680021083757,0.0,1.7109182803350094,2.9444389791664403,4.1497156410950025,1.0986122886681098,3.437301328727192
2.4849066497880004,4.601752250273337,3.728100167267218,4.04569069186069,0.0,0.7085600296458541,2.5649493574615367,4.513077518207307,4.847331743138063,4.442699436249723,0.0,3.6476985344330517,2.9444389791664403,5.013472041937345,1.0986122886681098,2.9095942469355602
2.4849066497880004,2.8628359308887514,3.7184382563554808,3.6985797498314126,0.0,0.0,2.5649493574615367,3.141390670142986,4.850466541943434,2.6873762275244646,0.0,1.4755136202318686,2.9444389791664403,4.929226749151576,1.0986122886681098,2.5344320303180403
2.4849066497880004,4.520708520356533,3.708682081410116,1.9701062619342073,0.0,0.0,2.5649493574615367,3.0937565079251748,4.853591544486569,6.031518182672359,0.0,1.3464872015659268,2.9444389791664403,1.6931474278719367,1.0986122886681098,6.754313283833863
2.4849066497880004,2.2947727484346925,3.6988297849671046,3.4080931458384267,0.0,0.0,2.5649493574615367,5.435094726818975,4.856706811803519,5.053862741042209,0.0,2.000090387571496,2.9444389791664403,3.6243896832307025,1.0986122886681098,1.1970084299302863
2.4849066497880004,3.705856905345637,3.6888794541139363,3.1740090652943245,0.0,0.0,2.5649493574615367,3.721554293183105,4.859812404361672,1.8927163470122763,0.0,0.21120481252904888,2.9444389791664403,7.015494115964383,1.0986122886681098,5.506006851546717
