RedundantThrowsDeclarationCheck_Actual,RedundantThrowsDeclarationCheck_Simulated,S00117_Actual,S00117_Simulated,S1488_Actual,S1488_Simulated,S1226_Actual,S1226_Simulated,S00112_Actual,S00112_Simulated,S1155_Actual,S1155_Simulated,S1132_Actual,S1132_Simulated,S1481_Actual,S1481_Simulated
2.4849066497880004,3.5752879838039395,3.7376696182833684,3.697392449979346,0.0,0.8754362755897771,2.5649493574615367,3.5879241157460826,4.844187086458591,4.276680021083757,0.0,1.7109182803350094,2.9444389791664403,4.1497156410950025,1.0986122886681098,3.437301328727192
2.4849066497880004,3.6431990977986466,3.728100167267218,4.408384506948018,0.0,1.4854221479082648,2.5649493574615367,3.655864580867126,4.847331743138063,4.006082700021231,0.0,1.5183600128097208,2.9444389791664403,5.205091899695873,1.0986122886681098,3.6432698639976038
2.4849066497880004,2.8300521182139944,3.7184382563554808,3.7732315813681967,0.0,1.3387000963295104,2.5649493574615367,1.925960346904286,4.850466541943434,3.5601201292275335,0.0,1.43413893152435,2.9444389791664403,5.154162927172756,1.0986122886681098,7.438115115063238
2.4849066497880004,3.025351804305196,3.708682081410116,3.317201667363623,0.0,0.20684340033295268,2.5649493574615367,2.9851601707710964,4.853591544486569,3.526772954064909,0.0,3.22882684652908,2.9444389791664403,3.4390300543714165,1.0986122886681098,3.73905701639057
2.4849066497880004,4.26187161710272,3.6988297849671046,2.8690180125848346,0.0,0.8188742178943684,2.5649493574615367,1.4974685523758686,4.856706811803519,4.363528661399574,0.0,1.3206847577487446,2.9444389791664403,4.381738310512989,1.0986122886681098,3.657829939470446
2.4849066497880004,3.6366330824034594,3.6888794541139363,5.2589167193385835,0.0,1.1096258002389103,2.5649493574615367,2.8498512600822448,4.859812404361672,3.9038230567427243,0.0,0.923819819138139,2.9444389791664403,3.9045169185122037,1.0986122886681098,2.150448922884242
