RedundantThrowsDeclarationCheck_Actual,RedundantThrowsDeclarationCheck_Simulated,S00122_Actual,S00122_Simulated,S1905_Actual,S1905_Simulated,UselessImportCheck_Actual,UselessImportCheck_Simulated,DuplicatedBlocks_Actual,DuplicatedBlocks_Simulated,S1226_Actual,S1226_Simulated,S1151_Actual,S1151_Simulated,S1132_Actual,S1132_Simulated,S1481_Actual,S1481_Simulated
0.0,0.13061218153693147,0.0,0.19903756679548096,0.0,0.0627247989161265,0.23270468455819335,2.067760709232467,0.0,0.4722537343060408,0.0,0.11086315715662766,0.021599111803461798,0.6143608525794846,0.0,0.5357143502130369,0.021599111803461798,0.794859720905366
0.0,0.0,0.0,0.19026773839002087,0.0,0.0,0.19029550263309924,1.3224721214628385,0.0,0.0,0.0,0.4056261002124879,0.017316450011460875,0.5358128315392033,0.0,0.3335617103253884,0.017316450011460875,0.9080596862948026
0.0,0.0,0.0,0.0,0.0,0.05717779908631371,0.1460078224319825,0.8948849843172946,0.0,0.3453331482144104,0.0,0.0,0.0130153681120703,0.0,0.0,0.9887919161016152,0.0130153681120703,0.0
0.0,0.16133074255446653,0.0,0.0324740448552997,0.0,0.0,0.09966748517328153,1.2845526960693248,0.0,2.013199879528888,0.0,0.0,0.008695706967553821,1.0242549771562304,0.0,1.2196898791596533,0.008695706967553821,1.0266264077509188
0.0,0.09793162870652514,0.0,0.12990203064028807,0.0,0.0,0.05107492993641579,1.9514261167316624,0.0,0.0,0.0,0.6982879800288159,0.00435730536895569,0.4553313160189554,0.0,1.4168745032338608,0.00435730536895569,0.0
0.0,0.0,0.0,0.16115931767375244,0.0,0.2246610835708904,0.0,2.6002944385403253,0.0,0.37839527021620567,0.0,0.09436831146296096,0.0,1.577325331672572,0.0,0.24924382618755053,0.0,1.1652897911907338
