DuplicatedBlocks_Actual,DuplicatedBlocks_Simulated,S00112_Actual,S00112_Simulated,S1132_Actual,S1132_Simulated
2.302585092994046,3.347618273965604,4.855928904335275,4.297647226198552,2.9444389791664403,4.16307628472785
2.302585092994046,0.8849677268650296,4.857225080796721,4.421068103343296,2.9444389791664403,4.436247445816014
2.302585092994046,6.360432428257125,4.858519579359367,4.414597500998485,2.9444389791664403,5.521704220532702
2.302585092994046,4.0862467067780015,4.859812404361672,2.753751953742674,2.9444389791664403,3.909837983765024
2.302585092994046,3.3130656234449978,4.90527477843843,3.8125684070842296,2.9444389791664403,5.500084380705373
2.302585092994046,3.085944064316227,4.948759890378168,4.211032997804726,2.9444389791664403,4.739766461209204
