RedundantThrowsDeclarationCheck_Actual,RedundantThrowsDeclarationCheck_Simulated,S00117_Actual,S00117_Simulated,S1488_Actual,S1488_Simulated,S1226_Actual,S1226_Simulated,S00112_Actual,S00112_Simulated,S1155_Actual,S1155_Simulated,S1132_Actual,S1132_Simulated,S1481_Actual,S1481_Simulated
2.4849066497880004,3.5752879838039395,3.7376696182833684,3.697392449979346,0.0,0.8754362755897771,2.5649493574615367,3.5879241157460826,4.844187086458591,4.276680021083757,0.0,1.7109182803350094,2.9444389791664403,4.1497156410950025,1.0986122886681098,3.437301328727192
2.4849066497880004,4.106453912225623,3.728100167267218,3.8617464611520655,0.0,0.5203333733316989,2.5649493574615367,4.455874375799329,4.847331743138063,3.74519796522639,0.0,0.0,2.9444389791664403,5.765020130009873,1.0986122886681098,0.0
2.4849066497880004,3.605344102890807,3.7184382563554808,2.781552850519516,0.0,0.9803287856869074,2.5649493574615367,2.6510596206816346,4.850466541943434,4.380146387108554,0.0,1.8171024400167348,2.9444389791664403,6.167606878899237,1.0986122886681098,4.18670138136478
2.4849066497880004,2.19533857881681,3.708682081410116,3.643473433019134,0.0,0.9191175772582946,2.5649493574615367,5.021929261231744,4.853591544486569,3.9913032642122355,0.0,1.0273590696830137,2.9444389791664403,4.38119839110729,1.0986122886681098,1.8508404727618875
2.4849066497880004,3.1179008578708727,3.6988297849671046,3.774553981661694,0.0,0.9358348784497197,2.5649493574615367,4.403139021456694,4.856706811803519,5.0058866822506625,0.0,2.525399940137689,2.9444389791664403,3.170286944021492,1.0986122886681098,0.981604973661768
2.4849066497880004,1.520681168372175,3.6888794541139363,3.8728672715039982,0.0,0.0,2.5649493574615367,5.704200714111686,4.859812404361672,5.417437017060521,0.0,3.234504909288516,2.9444389791664403,2.438051962274515,1.0986122886681098,5.4689326481627
