RedundantThrowsDeclarationCheck_Actual,RedundantThrowsDeclarationCheck_Simulated,S1488_Actual,S1488_Simulated,S1905_Actual,S1905_Simulated,S00108_Actual,S00108_Simulated
4.969813299576001,5.156074832496742,3.258096538021482,3.697697263544742,2.70805020110221,3.461420735491537,1.3862943611198906,1.6954226165372368
4.962844630259907,4.676069466380757,3.5553480614894135,4.267801278845304,2.5649493574615367,3.3411305468004935,1.3862943611198906,1.5399550871024639
4.962844630259907,4.904024253015622,3.5553480614894135,3.7433181724867493,2.5649493574615367,2.7388203088752974,1.3862943611198906,1.9219763130602892
