RedundantThrowsDeclarationCheck_Actual,RedundantThrowsDeclarationCheck_Simulated,S1488_Actual,S1488_Simulated,S1905_Actual,S1905_Simulated,S00108_Actual,S00108_Simulated
4.969813299576001,5.156074832496742,3.258096538021482,3.697697263544742,2.70805020110221,3.461420735491537,1.3862943611198906,1.6954226165372368
4.962844630259907,4.953360836586587,3.5553480614894135,3.221208483244196,2.5649493574615367,5.612705912209076,1.3862943611198906,2.2356705836120985
4.962844630259907,6.122190220697791,3.5553480614894135,4.452291688467337,2.5649493574615367,4.208883266031442,1.3862943611198906,1.7146957817087094
