RedundantThrowsDeclarationCheck_Actual,RedundantThrowsDeclarationCheck_Simulated,S1488_Actual,S1488_Simulated,S1905_Actual,S1905_Simulated,S00108_Actual,S00108_Simulated
4.969813299576001,5.156074832496742,3.258096538021482,3.697697263544742,2.70805020110221,3.461420735491537,1.3862943611198906,1.6954226165372368
4.962844630259907,5.556848916161204,3.5553480614894135,3.216250938108111,2.5649493574615367,2.3245780818646633,1.3862943611198906,1.39890153729869
4.962844630259907,4.276778839245322,3.5553480614894135,3.539246206420941,2.5649493574615367,3.627834892045638,1.3862943611198906,1.1836565893803321
