RedundantThrowsDeclarationCheck_Actual,RedundantThrowsDeclarationCheck_Simulated,S1488_Actual,S1488_Simulated,S1905_Actual,S1905_Simulated,S00108_Actual,S00108_Simulated
4.454347296253507,5.156074832496742,3.044522437723423,3.697697263544742,2.70805020110221,3.461420735491537,1.3862943611198906,1.6954226165372368
4.454347296253507,5.951374936865702,3.044522437723423,3.4135419308214274,2.70805020110221,3.8748698954963987,1.3862943611198906,0.8826856593992035
4.454347296253507,4.346595888234834,3.044522437723423,3.4584705778606555,2.70805020110221,2.654929492404137,1.3862943611198906,2.0331931637792175
4.51085950651685,5.426113458470721,3.091042453358316,3.26637018207776,2.70805020110221,5.312126660349286,1.3862943611198906,1.701395953784142
4.672828834461906,3.8164286593403656,3.1780538303479458,3.5562105503108223,2.70805020110221,3.8275376553885208,1.3862943611198906,2.5184083244061646
4.672828834461906,5.486752620550201,3.1780538303479458,2.796619088993466,2.70805020110221,2.797753961535578,1.3862943611198906,1.5094491273068869
4.6913478822291435,5.506677043225806,3.258096538021482,3.5443768623758034,2.70805020110221,3.4998274856461706,1.3862943611198906,0.7907412743043138
4.955827057601261,5.136255156204081,3.258096538021482,4.7836567573712525,2.70805020110221,2.3295365881261496,1.3862943611198906,1.3326808338113543
4.969813299576001,5.157037788373199,3.258096538021482,6.034396736262917,2.70805020110221,4.900129161865552,1.3862943611198906,1.8805662427840975
4.969813299576001,4.935116479518616,3.258096538021482,4.267908218040426,2.70805020110221,2.008814812450858,1.3862943611198906,1.6019611657193098
4.962844630259907,4.998477316040306,3.5553480614894135,4.105259593212392,2.5649493574615367,4.620160568878941,1.3862943611198906,2.3098309432928654
4.962844630259907,4.8354120193783325,3.5553480614894135,4.817412302671478,2.5649493574615367,3.7621490681931924,1.3862943611198906,1.1014104584104492
