RedundantThrowsDeclarationCheck_Actual,RedundantThrowsDeclarationCheck_Simulated,S1488_Actual,S1488_Simulated,S1905_Actual,S1905_Simulated,S00108_Actual,S00108_Simulated
4.6913478822291435,5.112958552709485,3.258096538021482,3.1324916786314416,2.70805020110221,2.842322744116647,1.3862943611198906,1.0310430254238616
4.955827057601261,5.755520018815537,3.258096538021482,3.09578106962017,2.70805020110221,2.1346478095585617,1.3862943611198906,0.9980704740928759
4.969813299576001,5.403233445393225,3.258096538021482,3.7509382850012205,2.70805020110221,3.701954083599356,1.3862943611198906,0.48391614927860105
4.969813299576001,6.26623716686421,3.258096538021482,3.327510362559936,2.70805020110221,3.2490305601772023,1.3862943611198906,0.7033180053764618
4.962844630259907,4.227685344703405,3.5553480614894135,1.8521115013694276,2.5649493574615367,6.043743863410793,1.3862943611198906,1.5162472309462565
4.962844630259907,5.163355686524287,3.5553480614894135,5.304955003871843,2.5649493574615367,2.7586178195729714,1.3862943611198906,0.0
