RedundantThrowsDeclarationCheck_Actual,RedundantThrowsDeclarationCheck_Simulated,S1488_Actual,S1488_Simulated,S1905_Actual,S1905_Simulated,S00108_Actual,S00108_Simulated
4.6913478822291435,5.112958552709485,3.258096538021482,3.1324916786314416,2.70805020110221,2.842322744116647,1.3862943611198906,1.0310430254238616
4.955827057601261,6.34326941504591,3.258096538021482,2.9380780678509275,2.70805020110221,0.7779034710803714,1.3862943611198906,1.9961053959658566
4.969813299576001,6.702296969746437,3.258096538021482,5.760735536055201,2.70805020110221,0.22623141061941388,1.3862943611198906,2.9826656750096348
4.969813299576001,4.957057329518586,3.258096538021482,3.999748903705629,2.70805020110221,1.6226890229235043,1.3862943611198906,0.5311880657658633
4.962844630259907,4.7802455002859805,3.5553480614894135,0.20669987136430246,2.5649493574615367,2.2216121691077806,1.3862943611198906,0.8480127702395637
4.962844630259907,4.7477022003173825,3.5553480614894135,2.8172666911723527,2.5649493574615367,2.173631469620202,1.3862943611198906,1.7331510568677593
