S1213_Actual,S1213_Simulated,RedundantThrowsDeclarationCheck_Actual,RedundantThrowsDeclarationCheck_Simulated,S1488_Actual,S1488_Simulated,S1905_Actual,S1905_Simulated,DuplicatedBlocks_Actual,DuplicatedBlocks_Simulated,S1226_Actual,S1226_Simulated,S00112_Actual,S00112_Simulated,S1151_Actual,S1151_Simulated,S1132_Actual,S1132_Simulated
5.438079308923196,5.315746943612542,3.1354942159291497,3.5351683455796343,2.1972245773362196,2.3448650609869333,0.6931471805599453,2.6336389706392938,5.043425116919247,4.510972925856334,3.713572066704308,3.8233103768142858,3.091042453358316,2.431549945789797,3.258096538021482,2.7244619324435924,3.5553480614894135,3.4205118984428196
5.438079308923196,4.876118831323476,3.1354942159291497,3.3172294257265973,2.1972245773362196,2.0743159598735312,0.6931471805599453,4.030675331425947,5.043425116919247,6.400508523023368,3.713572066704308,5.289732821919556,3.091042453358316,2.6452010567030615,3.258096538021482,4.821052174205231,3.5553480614894135,3.80554073412762
5.438079308923196,4.914741139679459,3.1354942159291497,3.0994983592178937,2.1972245773362196,3.1657035725577387,0.6931471805599453,2.90880912258189,5.043425116919247,4.081711404978448,3.713572066704308,4.293094267189322,3.091042453358316,2.601745058987969,3.258096538021482,1.7948725223204636,3.5553480614894135,3.739627776705345
