,Actual_last_5_vals,Mean_Simulation,Simulated_17,Simulated_29,Simulated_2,Simulated_8,Simulated_15,Simulated_11,Simulated_9,Simulated_0,Simulated_10,Simulated_22,Simulated_27,Simulated_19,Simulated_12,Simulated_3,Simulated_4,Simulated_20,Simulated_14,Simulated_26,Simulated_16,Simulated_25,Simulated_7,Simulated_1,Simulated_21,Simulated_6,Simulated_5,Simulated_28,Simulated_13,Simulated_23,Simulated_24,Simulated_18
0,5497.177777777778,,,,,,,,,,,,,,,,,,,,,,,,,,,,,,,
1,5507.133333333333,,,,,,,,,,,,,,,,,,,,,,,,,,,,,,,
2,5517.0888888888885,,,,,,,,,,,,,,,,,,,,,,,,,,,,,,,
3,5527.044444444445,,,,,,,,,,,,,,,,,,,,,,,,,,,,,,,
4,5537.0,,,,,,,,,,,,,,,,,,,,,,,,,,,,,,,
5,,4790.87,4790.87,4790.87,4790.87,4790.87,4790.87,4790.87,4790.87,4790.87,4790.87,4790.87,4790.87,4790.87,4790.87,4790.87,4790.87,4790.87,4790.87,4790.87,4790.87,4790.87,4790.87,4790.87,4790.87,4790.87,4790.87,4790.87,4790.87,4790.87,4790.87,4790.87
6,,4884.87,4891.67,4856.22,4851.03,4832.89,4949.02,4994.77,5003.14,4764.49,4726.67,5045.38,4667.01,5153.97,5182.73,5206.32,4515.65,4509.76,5263.98,5304.44,4459.15,4450.4,5344.17,5352.38,4398.91,4374.09,4318.9,4229.69,5571.05,5606.78,5653.27,4068.1
7,MAE,,3.4,14.32,16.92,25.99,32.08,54.95,59.14,60.19,79.1,80.26,108.93,134.55,148.93,160.72,184.61,187.55,189.55,209.78,212.86,217.24,229.65,233.76,242.98,255.39,282.99,327.59,343.09,360.95,384.2,408.38
