S1905_Actual,S1905_Simulated,UselessImportCheck_Actual,UselessImportCheck_Simulated,DuplicatedBlocks_Actual,DuplicatedBlocks_Simulated,S00112_Actual,S00112_Simulated,S1155_Actual,S1155_Simulated,S1132_Actual,S1132_Simulated,S1481_Actual,S1481_Simulated
0.0,1.571048938306501,0.6931471805599453,0.9610498910441571,1.8803128665695001,2.3875430850499346,3.332204510175204,1.6889869029199953,0.0,0.0,0.0,0.18393647179709674,0.44183275227903923,1.0812651235231558
0.0,0.7748487862072934,0.6931471805599453,1.4697563376344105,1.8632184332102,2.539208473052271,3.332204510175204,1.6504304316728435,0.0,0.0,0.0,0.2783044224178517,0.36772478012531734,0.9635599230421898
0.0,1.1021875101986218,0.6931471805599453,0.935357545863704,1.8458266904983307,1.982705250099961,3.332204510175204,2.491911419449419,0.0,0.0,0.0,0.0,0.2876820724517809,1.5846282588208092
0.0,0.3068634460309061,0.6931471805599453,1.5573627684537157,1.8281271133989299,2.1564509578097684,3.332204510175204,1.2405940622682805,0.0,0.0,0.0,1.1065293067610622,0.20067069546215122,0.8857464528311242
0.0,2.056574033789584,0.6931471805599453,0.9925686946865329,1.8101086078962514,2.7038069369966924,3.332204510175204,1.6118532482931411,0.0,0.0,0.0,0.4487219146331134,0.1053605156578263,0.5215617790461871
0.0,1.6377650450012116,0.6931471805599453,1.250466523229077,1.791759469228055,2.04416070445881,3.332204510175204,1.9108610204718197,0.0,0.0,0.0,0.7199039035171103,0.0,1.455346062178075
