RedundantThrowsDeclarationCheck_Actual,RedundantThrowsDeclarationCheck_Simulated,S00117_Actual,S00117_Simulated,S1488_Actual,S1488_Simulated,S1226_Actual,S1226_Simulated,S00112_Actual,S00112_Simulated,S1155_Actual,S1155_Simulated,S00108_Actual,S00108_Simulated,S1132_Actual,S1132_Simulated
2.4849066497880004,3.5752879838039395,3.708682081410116,3.697392449979346,0.0,0.8754362755897771,2.5649493574615367,3.5879241157460826,4.853591544486569,4.276680021083757,0.0,1.7109182803350094,1.3862943611198906,0.5443390143275862,2.9444389791664403,4.1497156410950025
2.4849066497880004,3.5151998007993486,3.6988297849671046,3.776258616243527,0.0,0.748170473454727,2.5649493574615367,3.8998447518915853,4.856706811803519,5.796650894763022,0.0,1.0991592129020242,1.3862943611198906,1.5513789765578312,2.9444389791664403,1.5047996159879258
2.4849066497880004,2.6276165699590157,3.6888794541139363,4.910183498340693,0.0,2.2175879889758843,2.5649493574615367,4.349925033683503,4.859812404361672,4.992175223521683,0.0,2.132118218324571,1.3862943611198906,0.3726595920709757,2.9444389791664403,2.9321874870060527
