,Actual_last_5_vals,Simulated_0,Simulated_1,Simulated_2,Simulated_3,Simulated_4,Simulated_5,Simulated_6,Simulated_7,Simulated_8,Simulated_9,Simulated_10,Simulated_11,Simulated_12,Simulated_13,Simulated_14,Simulated_15,Simulated_16,Simulated_17,Simulated_18,Simulated_19,Simulated_20,Simulated_21,Simulated_22,Simulated_23,Simulated_24,Simulated_25,Simulated_26,Simulated_27,Simulated_28,Simulated_29
174,26053.066666666666,,,,,,,,,,,,,,,,,,,,,,,,,,,,,,
175,26024.05,,,,,,,,,,,,,,,,,,,,,,,,,,,,,,
176,25995.033333333333,,,,,,,,,,,,,,,,,,,,,,,,,,,,,,
177,25966.016666666663,,,,,,,,,,,,,,,,,,,,,,,,,,,,,,
178,25937.0,,,,,,,,,,,,,,,,,,,,,,,,,,,,,,
179,,25602.75728170914,25602.75728170914,25602.75728170914,25602.75728170914,25602.75728170914,25602.75728170914,25602.75728170914,25602.75728170914,25602.75728170914,25602.75728170914,25602.75728170914,25602.75728170914,25602.75728170914,25602.75728170914,25602.75728170914,25602.75728170914,25602.75728170914,25602.75728170914,25602.75728170914,25602.75728170914,25602.75728170914,25602.75728170914,25602.75728170914,25602.75728170914,25602.75728170914,25602.75728170914,25602.75728170914,25602.75728170914,25602.75728170914,25602.75728170914
180,,33660.73627583342,82852.33095720562,-4035.1768270656808,86102.05508894024,-20733.302222166214,3775.8483372334676,58812.14651720546,-1887.1525470573768,-5723.04205017908,-854.7082141220773,59247.1817766889,13115.662394000557,28069.47096907528,-5550.442804438302,16971.57794322356,-48536.64779197064,17376.860643191183,15572.726772953501,131713.38728906136,134056.0179597315,24378.956651267992,-1339.1275891237235,-17672.88948521203,-40577.56944360063,2193.1843169151325,12190.12529884954,25769.24207794289,-48733.739799269024,100200.84992146639,-6321.302733922874
181,,-55577.77402719123,88042.06422598599,39949.832907592376,-23679.722846190118,59445.43529743195,-43765.300143188055,42375.486760268264,-4765.601288562248,10698.933906352819,32258.36409863342,29970.976700823663,27479.654986876503,48818.37519563067,36891.755411499355,112182.27309709969,34513.885565769066,-2072.364429429576,86214.44046594712,81865.61701368265,23535.853639444384,53942.049759180285,72504.84538906979,-29608.419618354557,55033.13298356399,1798.1946499947885,132647.42378660175,116804.81990119416,-6981.64791802395,22834.242866351444,19624.957506823295
