S1213_Actual,S1213_Simulated,S1488_Actual,S1488_Simulated,DuplicatedBlocks_Actual,DuplicatedBlocks_Simulated,S1226_Actual,S1226_Simulated,S00112_Actual,S00112_Simulated,S1155_Actual,S1155_Simulated,S00108_Actual,S00108_Simulated,S1151_Actual,S1151_Simulated,S1132_Actual,S1132_Simulated
0.08934510033585008,0.8654164806904682,0.0,0.051733357324998425,0.0,0.46172097945521134,0.0,0.11196008221551346,0.04567003683318844,0.46128570284664755,0.0,0.046991420998253174,0.0,0.19702941544705932,0.04567003683318844,0.6025512276968152,0.0,0.5169270278182613
0.07210329390134407,1.5315434828294214,0.0,0.06612905823852772,0.0,0.0,0.0,0.168499475708519,0.036701366850428,0.9313396387564663,0.0,0.21557662382197332,0.0,0.6597566775871855,0.036701366850428,0.45858040243232473,0.0,0.0
0.0545589842504346,0.6827697432884972,0.0,0.08995630101424197,0.0,2.1331237686278848,0.0,0.004897192968004463,0.027651531330510157,0.08219095310296626,0.0,0.31666639372206884,0.0,0.0,0.027651531330510157,0.0,0.0,0.24857237527016007
0.0367013668504281,0.6365762539183296,0.0,0.4499485813134332,0.0,2.2266317231399997,0.0,0.0,0.018519047767237597,0.0,0.0,0.3145456841835856,0.0,0.0,0.018519047767237597,0.7473152911675405,0.0,0.5891712387107126
0.018519047767237697,0.4632820511712123,0.0,0.19434929086770353,0.0,0.40734649422734975,0.0,0.0,0.009302392662313554,0.09123271979218367,0.0,0.42426027993207666,0.0,0.38250730745198863,0.009302392662313554,1.1781802498978922,0.0,1.0254694174062045
0.0,0.562645788577774,0.0,0.19308388370843466,0.0,1.2349026721797611,0.0,0.34080092187638966,0.0,0.0,0.0,0.16424254648657824,0.0,0.0,0.0,0.5391952237604901,0.0,1.451951633957142
