S1213_Actual,S1213_Simulated,S1488_Actual,S1488_Simulated,DuplicatedBlocks_Actual,DuplicatedBlocks_Simulated,S1226_Actual,S1226_Simulated,S00112_Actual,S00112_Simulated,S1155_Actual,S1155_Simulated,S00108_Actual,S00108_Simulated,S1151_Actual,S1151_Simulated,S1132_Actual,S1132_Simulated
0.0367013668504281,0.8654164806904682,0.0,0.051733357324998425,0.0,0.46172097945521134,0.0,0.11196008221551346,0.018519047767237597,0.46128570284664755,0.0,0.046991420998253174,0.0,0.19702941544705932,0.018519047767237597,0.6025512276968152,0.0,0.5169270278182613
0.018519047767237697,1.2649707455313512,0.0,0.04730834214873115,0.0,0.6226390540547999,0.0,0.6762607503103807,0.009302392662313554,0.0,0.0,0.1917880270186089,0.0,0.0,0.009302392662313554,0.7313471074279181,0.0,0.0
0.0,0.6717320164994547,0.0,0.19057452984588755,0.0,1.1531320269598122,0.0,0.4269415465499295,0.0,0.6243986784018125,0.0,0.0,0.0,0.7132387832030117,0.0,0.9463701765438614,0.0,0.07948682207159014
