RedundantThrowsDeclarationCheck_Actual,RedundantThrowsDeclarationCheck_Simulated,S00122_Actual,S00122_Simulated,S1905_Actual,S1905_Simulated,UselessImportCheck_Actual,UselessImportCheck_Simulated,S1226_Actual,S1226_Simulated,S1155_Actual,S1155_Simulated,S1151_Actual,S1151_Simulated,S1132_Actual,S1132_Simulated,S1481_Actual,S1481_Simulated
0.0,0.13061218153693147,0.0,0.19903756679548096,0.0,0.0627247989161265,0.23270468455819335,2.067760709232467,0.0,0.11086315715662766,0.0,0.05140755755911177,0.021599111803461798,0.6143608525794846,0.0,0.5357143502130369,0.021599111803461798,0.794859720905366
0.0,0.0,0.0,0.007632361095557844,0.0,0.2186300598491012,0.19029550263309924,2.183131510732424,0.0,0.2875295546116465,0.0,0.0,0.017316450011460875,0.5761869868430702,0.0,1.8954634782905284,0.017316450011460875,0.8067699162428049
0.0,0.0,0.0,0.4320464938646673,0.0,0.8623879367371142,0.1460078224319825,1.8157134281917044,0.0,0.011163461370854541,0.0,0.0,0.0130153681120703,0.9830478879521958,0.0,0.5422816783989529,0.0130153681120703,0.3255758736146215
0.0,0.40161392710377897,0.0,0.0,0.0,0.08981722903933728,0.09966748517328153,1.6728700287394815,0.0,0.49800263110041293,0.0,0.3785311699376467,0.008695706967553821,0.014916241278958409,0.0,0.6725080885371416,0.008695706967553821,1.1450281482908875
0.0,0.27964538512376935,0.0,0.5455843182255697,0.0,0.309933508641172,0.05107492993641579,1.4922952292819764,0.0,0.802605382714332,0.0,0.06193367887587169,0.00435730536895569,0.30011938067579513,0.0,0.9996055239490035,0.00435730536895569,0.5884361585282671
0.0,0.15645922388168576,0.0,0.16878758733055674,0.0,0.02044994769837065,0.0,2.08500550635158,0.0,0.0,0.0,0.03902618258613055,0.0,0.6778968451385743,0.0,0.12638296035424235,0.0,0.6859663489604464
