RedundantThrowsDeclarationCheck_Actual,RedundantThrowsDeclarationCheck_Simulated,S00122_Actual,S00122_Simulated,UselessImportCheck_Actual,UselessImportCheck_Simulated,DuplicatedBlocks_Actual,DuplicatedBlocks_Simulated,S00112_Actual,S00112_Simulated,S1155_Actual,S1155_Simulated,S00108_Actual,S00108_Simulated,S1132_Actual,S1132_Simulated,S1481_Actual,S1481_Simulated
3.367295829986474,3.182826244321462,0.0,0.17804065448848427,0.0,1.0120744067826586,3.784189633918261,3.1131672510296626,5.181783550292085,3.495480419818657,1.3862943611198906,1.4002786624897638,4.844187086458591,4.465479026967496,3.044522437723423,2.3619558113018173,0.0,1.1044258036092558
3.367295829986474,3.6764962683674267,0.0,1.1271322258353063,0.0,0.3247013523856559,3.784189633918261,2.73133390164949,5.181783550292085,4.100315827025475,1.3862943611198906,0.8933293043162549,4.844187086458591,5.742646267443342,3.044522437723423,2.1737502529081802,0.0,0.0
3.367295829986474,3.001199588714147,0.0,0.0,0.0,0.20601887656952256,3.784189633918261,2.60668032650574,5.181783550292085,2.894486633515872,1.3862943611198906,0.8975849382246821,4.844187086458591,4.879582173259516,3.044522437723423,3.265466771542478,0.0,1.2861455479123447
