RedundantThrowsDeclarationCheck_Actual,RedundantThrowsDeclarationCheck_Simulated,S00122_Actual,S00122_Simulated,UselessImportCheck_Actual,UselessImportCheck_Simulated,DuplicatedBlocks_Actual,DuplicatedBlocks_Simulated,S00112_Actual,S00112_Simulated,S1155_Actual,S1155_Simulated,S00108_Actual,S00108_Simulated,S1132_Actual,S1132_Simulated,S1481_Actual,S1481_Simulated
3.367295829986474,3.182826244321462,0.0,0.17804065448848427,0.0,1.0120744067826586,3.784189633918261,3.1131672510296626,5.181783550292085,3.495480419818657,1.3862943611198906,1.4002786624897638,4.844187086458591,4.465479026967496,3.044522437723423,2.3619558113018173,0.0,1.1044258036092558
3.367295829986474,4.129996889661118,0.0,0.5134551397466006,0.0,0.45240967225336093,3.784189633918261,4.102970706567906,5.181783550292085,3.755717258624922,1.3862943611198906,1.5495271536679096,4.844187086458591,4.787638920657828,3.044522437723423,3.3882359837252736,0.0,2.818128193154755
3.367295829986474,3.0877695172884163,0.0,0.4078221650785951,0.0,0.0,3.784189633918261,2.766149482444311,5.181783550292085,2.9136094717336176,1.3862943611198906,0.598036109862292,4.844187086458591,5.2391075940296075,3.044522437723423,2.297575796863512,0.0,0.0
3.367295829986474,3.5553207519136834,0.0,0.13624470526785243,0.0,0.0,3.784189633918261,3.3927920245289815,5.181783550292085,3.1502152253689397,1.3862943611198906,1.0347688967358106,4.844187086458591,3.749560412463486,3.044522437723423,2.795955453794405,0.0,3.0260373944606203
3.367295829986474,3.4538636457916665,0.0,0.0,0.0,2.319206058445503,3.784189633918261,3.1669731343007177,5.181783550292085,3.756007401654637,1.3862943611198906,1.8761049224429858,4.844187086458591,4.409644587945583,3.044522437723423,2.9812558115323173,0.0,2.6344804568682036
3.367295829986474,3.1743058113189466,0.0,0.5110242008564353,0.0,0.0,3.784189633918261,3.6007789707882387,5.181783550292085,2.5410602905290274,1.3862943611198906,0.02410721688733264,4.844187086458591,3.514262547843571,3.044522437723423,1.66648246661696,0.0,2.503949222073881
