S00117_Actual,S00117_Simulated,S1488_Actual,S1488_Simulated,S1226_Actual,S1226_Simulated,S00112_Actual,S00112_Simulated,S1155_Actual,S1155_Simulated,S1132_Actual,S1132_Simulated,S1481_Actual,S1481_Simulated
0.0,0.18857179510065186,0.6931471805599453,0.6742804700449279,0.0,0.0,4.244405256797834,3.4160510287931776,1.0986122886681098,1.1085934909171022,1.0986122886681098,1.098607464109944,0.0,0.2632049367457456
0.0,0.0,0.6931471805599453,0.49987579115157765,0.0,0.0,4.246452340419559,2.1682094885033507,1.0986122886681098,1.1457466461178751,1.0986122886681098,1.0986008780956273,0.0,0.0
0.0,0.0,0.6931471805599453,0.666259899557141,0.0,0.0,4.248495242049359,3.594096867618644,1.0986122886681098,1.0675070913225613,1.0986122886681098,1.0986086703527005,0.0,0.12871519714848717
