DuplicatedBlocks_Actual,DuplicatedBlocks_Simulated,S00112_Actual,S00112_Simulated,S1132_Actual,S1132_Simulated
2.302585092994046,3.347618273965604,4.855928904335275,4.297647226198552,2.9444389791664403,4.16307628472785
2.302585092994046,1.0612899882058233,4.857225080796721,3.082155281406855,2.9444389791664403,0.9721672986510019
2.302585092994046,5.608524684382658,4.858519579359367,4.183028180643246,2.9444389791664403,4.730310508938318
2.302585092994046,0.360924075364077,4.859812404361672,5.111742503566391,2.9444389791664403,6.001800231587095
2.302585092994046,3.6499344159331883,4.90527477843843,4.7029760409726675,2.9444389791664403,5.62075237421133
2.302585092994046,2.9382865919324095,4.948759890378168,4.213717459494712,2.9444389791664403,1.4897495954571252
