S1213_Actual,S1213_Simulated,S00122_Actual,S00122_Simulated,S1488_Actual,S1488_Simulated,DuplicatedBlocks_Actual,DuplicatedBlocks_Simulated,S00112_Actual,S00112_Simulated,S1155_Actual,S1155_Simulated,S00108_Actual,S00108_Simulated,S1151_Actual,S1151_Simulated,S1132_Actual,S1132_Simulated
0.08934510033585008,0.8654164806904682,0.0,0.19170098661429782,0.0,0.051733357324998425,0.0,0.46172097945521134,0.04567003683318844,0.46128570284664755,0.0,0.046991420998253174,0.0,0.19702941544705932,0.04567003683318844,0.6025512276968152,0.0,0.5169270278182613
0.07210329390134407,0.9964505356095043,0.0,0.2519976853045233,0.0,0.0,0.0,0.0,0.036701366850428,0.8496229278041765,0.0,0.0,0.0,0.5927076115952334,0.036701366850428,0.3495453048399992,0.0,0.0
0.0545589842504346,0.9467673772080335,0.0,0.43017281822839937,0.0,0.5368890504344126,0.0,0.3212309624082462,0.027651531330510157,0.7369074422346531,0.0,0.01504235289663973,0.0,0.0,0.027651531330510157,1.0875640464440943,0.0,0.80236572704486
0.0367013668504281,0.4753228420363325,0.0,0.9736791074706687,0.0,0.0,0.0,1.2077802339325718,0.018519047767237597,0.0,0.0,0.01776572641478762,0.0,0.030200157676651435,0.018519047767237597,0.8665267455756033,0.0,0.2407604277671675
0.018519047767237697,1.0870983832297678,0.0,0.0059881737202373275,0.0,0.0,0.0,1.4879603862015136,0.009302392662313554,0.5958986134798179,0.0,0.0,0.0,1.0042994129262484,0.009302392662313554,0.22894553339798074,0.0,0.7269357418931909
0.0,0.5692036675586135,0.0,0.0,0.0,0.17636300178817832,0.0,0.8743990322069938,0.0,0.7599553987724117,0.0,0.08542320743894223,0.0,0.18825353840041853,0.0,1.023048104599168,0.0,0.21197483411149504
