RedundantThrowsDeclarationCheck_Actual,RedundantThrowsDeclarationCheck_Simulated,S00117_Actual,S00117_Simulated,S00112_Actual,S00112_Simulated,S00108_Actual,S00108_Simulated,S1151_Actual,S1151_Simulated,S1132_Actual,S1132_Simulated
5.733341276897746,5.41314405009518,5.811140992976701,5.634506233527824,5.739792912179234,5.480459152123185,4.356708826689592,4.348547832773054,4.663439094112067,4.783498160118609,6.289715570908998,6.054502525136856
5.717027701406222,4.574236228066386,5.808142489980444,5.487047105912804,5.726847747587197,4.903453472168261,4.356708826689592,3.4065173910747975,4.663439094112067,4.461825538898998,6.289715570908998,5.992335515257567
5.707110264748875,4.701421189646674,5.755742213586912,5.958569871967694,5.755742213586912,5.626527227717222,4.343805421853684,5.234956759098136,4.672828834461906,5.549546785088024,6.293419278846481,6.311874726574678
