S00122_Actual,S00122_Simulated,UselessImportCheck_Actual,UselessImportCheck_Simulated,DuplicatedBlocks_Actual,DuplicatedBlocks_Simulated,S00112_Actual,S00112_Simulated,S1155_Actual,S1155_Simulated,S00108_Actual,S00108_Simulated,S1151_Actual,S1151_Simulated,S1132_Actual,S1132_Simulated,S1481_Actual,S1481_Simulated
0.0,0.17804065448848427,0.0,1.0120744067826586,3.784189633918261,3.1131672510296626,5.181783550292085,3.495480419818657,1.3862943611198906,1.4002786624897638,4.844187086458591,4.465479026967496,0.6931471805599453,0.3168034653383228,3.044522437723423,2.3619558113018173,0.0,1.1044258036092558
0.0,0.0,0.0,2.4263195052591167,3.784189633918261,2.949740076183544,5.181783550292085,3.0792126376624585,1.3862943611198906,2.70972564094802,4.844187086458591,4.385532837240164,0.6931471805599453,0.3520671578018843,3.044522437723423,2.2988178566364046,0.0,0.638921202500837
0.0,0.0,0.0,0.0,3.784189633918261,2.967653408884323,5.181783550292085,4.383152170351696,1.3862943611198906,0.48626935075519084,4.844187086458591,4.46949991533313,0.6931471805599453,0.8788157694647272,3.044522437723423,2.9490240282609084,0.0,1.738626775877441
0.0,0.17800278673025954,0.0,2.403021349556573,3.784189633918261,4.169685009230699,5.181783550292085,4.467915156618039,1.3862943611198906,2.540181552851056,4.844187086458591,5.4289683407938805,0.6931471805599453,0.05934334174384709,3.044522437723423,3.0382843561479977,0.0,1.1967875928276714
0.0,0.31178746893759135,0.0,2.5758753222725344,3.784189633918261,3.124988193111844,5.181783550292085,3.7025288176681785,1.3862943611198906,0.37783232104848685,4.844187086458591,3.5500480506085585,0.6931471805599453,0.4382078430413619,3.044522437723423,1.9450950976955543,0.0,0.0
0.0,0.11753687990816877,0.0,2.6381874977700206,3.784189633918261,3.4527745388671733,5.181783550292085,4.882366750066464,1.3862943611198906,1.794008633388245,4.844187086458591,4.5093476235384795,0.6931471805599453,0.13214823497146713,3.044522437723423,2.853791232317522,0.0,0.0
