S1213_Actual,S1213_Simulated,RedundantThrowsDeclarationCheck_Actual,RedundantThrowsDeclarationCheck_Simulated,S1488_Actual,S1488_Simulated,S1905_Actual,S1905_Simulated,DuplicatedBlocks_Actual,DuplicatedBlocks_Simulated,S00112_Actual,S00112_Simulated,S1151_Actual,S1151_Simulated,S1132_Actual,S1132_Simulated,S1481_Actual,S1481_Simulated
5.448173122092414,5.315746943612542,3.1354942159291497,3.5351683455796343,2.268683541318364,2.3448650609869333,0.6931471805599453,2.6336389706392938,5.015069891164122,4.510972925856334,3.091042453358316,2.431549945789797,3.258096538021482,2.7244619324435924,3.5553480614894135,3.4205118984428196,1.9459101490553132,3.001156803470868
5.438079308923196,5.7696458431749225,3.1354942159291497,2.754461257289996,2.1972245773362196,2.1630531106151083,0.6931471805599453,5.245023364214254,5.043425116919247,3.524952246150548,3.091042453358316,1.4303489040423107,3.258096538021482,4.99447630653037,3.5553480614894135,3.424827915258231,1.9459101490553132,6.252853943541587
5.438079308923196,5.5810465506566915,3.1354942159291497,3.238447268330856,2.1972245773362196,1.900147292015638,0.6931471805599453,3.102194546942401,5.043425116919247,4.287425383471874,3.091042453358316,2.4027630887005667,3.258096538021482,1.6276385125978914,3.5553480614894135,3.109963035910311,1.9459101490553132,2.1983764847977056
5.438079308923196,5.398392786865176,3.1354942159291497,3.7976768617823846,2.1972245773362196,0.8188484266277452,0.6931471805599453,2.2787597159887,5.043425116919247,4.966234630480014,3.091042453358316,2.716222559473585,3.258096538021482,2.3227936697548466,3.5553480614894135,4.0104504446141735,1.9459101490553132,1.920110640632128
5.438079308923196,5.854622852837326,3.1354942159291497,3.5874079357567856,2.1972245773362196,2.142036196160319,0.6931471805599453,1.1071697790212,5.043425116919247,3.5275338882784393,3.091042453358316,0.4210561527265124,3.258096538021482,2.912272892119235,3.5553480614894135,3.3232863170676232,1.9459101490553132,3.9738829765033956
5.438079308923196,4.54781750783336,3.1354942159291497,4.061225512353754,2.1972245773362196,2.466274542117878,0.6931471805599453,4.625737010180817,5.043425116919247,5.617252357118648,3.091042453358316,2.688597030638545,3.258096538021482,3.1043319297599408,3.5553480614894135,2.8305408203306053,1.9459101490553132,1.996971569051326
