S1213_Actual,S1213_Simulated,RedundantThrowsDeclarationCheck_Actual,RedundantThrowsDeclarationCheck_Simulated,S00117_Actual,S00117_Simulated,S00122_Actual,S00122_Simulated,S1905_Actual,S1905_Simulated,UselessImportCheck_Actual,UselessImportCheck_Simulated,DuplicatedBlocks_Actual,DuplicatedBlocks_Simulated,S1226_Actual,S1226_Simulated,S00112_Actual,S00112_Simulated,S00108_Actual,S00108_Simulated,S1151_Actual,S1151_Simulated,S1481_Actual,S1481_Simulated
4.465908118654584,3.3825945209430635,1.791759469228055,1.5258465190940453,3.332204510175204,3.185517487281497,1.0986122886681098,0.8851869124461524,0.0,0.27248340536754695,0.0,0.06013802451134424,3.258096538021482,2.783193539307299,4.770684624465665,4.65794133206114,4.996729531780326,4.587536840358895,0.0,0.12872526449715874,2.302585092994046,1.8839713749541658,0.6567795363890704,0.4328759581537327
4.465908118654584,4.59777698207392,1.791759469228055,1.2998615800820184,3.332204510175204,2.852970998521967,1.0986122886681098,1.7203954365634184,0.0,0.3208417476601815,0.0,0.3481642229252272,3.258096538021482,3.325548920223307,4.770684624465665,4.189114254770807,4.997212273764115,4.482654420109449,0.0,0.0,2.302585092994046,3.039423257216999,0.6931471805599453,0.9616662519711484
