,Actual_last_5_vals,Simulated_0,Simulated_1,Simulated_2,Simulated_3,Simulated_4,Simulated_5,Simulated_6,Simulated_7,Simulated_8,Simulated_9,Simulated_10,Simulated_11,Simulated_12,Simulated_13,Simulated_14,Simulated_15,Simulated_16,Simulated_17,Simulated_18,Simulated_19,Simulated_20,Simulated_21,Simulated_22,Simulated_23,Simulated_24,Simulated_25,Simulated_26,Simulated_27,Simulated_28,Simulated_29
135,5600.777777777777,,,,,,,,,,,,,,,,,,,,,,,,,,,,,,
136,5581.333333333333,,,,,,,,,,,,,,,,,,,,,,,,,,,,,,
137,5561.888888888889,,,,,,,,,,,,,,,,,,,,,,,,,,,,,,
138,5542.444444444444,,,,,,,,,,,,,,,,,,,,,,,,,,,,,,
139,5523.0,,,,,,,,,,,,,,,,,,,,,,,,,,,,,,
140,,5352.9810260938275,5352.9810260938275,5352.9810260938275,5352.9810260938275,5352.9810260938275,5352.9810260938275,5352.9810260938275,5352.9810260938275,5352.9810260938275,5352.9810260938275,5352.9810260938275,5352.9810260938275,5352.9810260938275,5352.9810260938275,5352.9810260938275,5352.9810260938275,5352.9810260938275,5352.9810260938275,5352.9810260938275,5352.9810260938275,5352.9810260938275,5352.9810260938275,5352.9810260938275,5352.9810260938275,5352.9810260938275,5352.9810260938275,5352.9810260938275,5352.9810260938275,5352.9810260938275,5352.9810260938275
141,,5481.069904735271,5461.829060082838,6183.318409388396,6518.182537312491,4525.072044552572,5740.618877975489,4889.000610266045,5283.56545878627,5442.637857755163,5600.161917296605,5637.767053822476,6162.744783882193,5192.467407474613,5554.738881416395,4792.180666952494,5709.849801100029,5856.176300361446,5123.052243018574,5112.348145007565,6232.321413065651,5468.324114349047,4895.54803894905,5733.583967349009,4815.643693039844,5730.66710043942,5239.8016559808375,5637.844077193472,5038.3730857217315,5542.153101828008,6259.402784527773
142,,4956.873665817355,4731.444705493287,5546.380628086337,5890.591403074216,5405.558856740421,5255.800370060687,6010.420060537366,5339.841846748068,5593.01078207861,5637.814443796089,5180.490947956471,5757.226367621739,5559.881794448257,5254.8732056741,5495.454351583,4628.046665693658,5561.682672810251,4726.050064061413,6020.685225699503,5887.396071082948,5502.728967363818,5530.618740663883,5052.681115514178,5629.875653851396,5675.658039761185,5338.090020000061,5191.304531988462,5000.5244961395565,5074.341072408945,6166.138992464212
