S00117_Actual,S00117_Simulated,S1226_Actual,S1226_Simulated,S00112_Actual,S00112_Simulated,S1155_Actual,S1155_Simulated,S1151_Actual,S1151_Simulated,S1132_Actual,S1132_Simulated
0.6931471805599453,0.7474193044501546,4.110873864173311,3.914262237314307,2.5546399878026755,2.363278455116825,1.3862943611198906,1.2938383108307667,2.0794415416798357,2.132264774171836,4.189654742026425,4.136555343838462
0.6931471805599453,1.0302495610898978,4.110873864173311,4.101061180608106,2.559807957961118,2.7825096938674236,1.3862943611198906,1.110794260205626,2.0794415416798357,2.0851506107489373,4.189654742026425,4.106080382464106
0.6931471805599453,0.9343382032344938,4.110873864173311,5.4055100728019685,2.5649493574615367,2.0902460465870236,1.3862943611198906,1.3119786558099702,2.0794415416798357,2.033220683233425,4.189654742026425,4.015393729905235
