RedundantThrowsDeclarationCheck_Actual,RedundantThrowsDeclarationCheck_Simulated,S00117_Actual,S00117_Simulated,S00122_Actual,S00122_Simulated,DuplicatedBlocks_Actual,DuplicatedBlocks_Simulated,S1226_Actual,S1226_Simulated,S00112_Actual,S00112_Simulated,S1155_Actual,S1155_Simulated,S00108_Actual,S00108_Simulated,S1132_Actual,S1132_Simulated
1.0986122886681098,0.7506859406485378,1.791759469228055,1.3000568012839122,2.5649493574615367,2.9404301144203595,3.295836866004329,2.3621206429605626,3.7612001156935624,2.945350239029016,3.6635616461296463,3.4455535302596,0.0,0.00845563664876762,1.6094379124341003,0.8320702696305738,1.6094379124341003,1.0863350080236112
1.0986122886681098,0.0,1.791759469228055,1.8710996934261988,2.5649493574615367,3.539902686416417,3.295836866004329,1.7889125980262028,3.7612001156935624,2.9147608112805825,3.7612001156935624,4.070283530928714,0.0,0.0,1.6094379124341003,0.5547081558567268,1.6094379124341003,0.3069247900536145
1.0986122886681098,0.0,1.791759469228055,1.2826601677369056,2.5649493574615367,0.0,3.295836866004329,1.383163649163163,3.7612001156935624,3.753368414522564,3.7612001156935624,2.6348592144854637,0.0,0.0,1.6094379124341003,0.04182669662836924,1.6094379124341003,0.9592583170862536
1.0986122886681098,0.0,1.8458266904983307,0.5444825285393008,2.5649493574615367,6.6129564670523,3.295836866004329,1.4316295262517293,3.7689221617874726,2.527339166327135,3.784189633918261,3.770809942161311,0.0,0.0,1.6094379124341003,1.1283659098506855,1.6094379124341003,1.6959514116915884
1.0986122886681098,0.0,1.8971199848858813,0.5579142086645678,2.5649493574615367,6.978678018544359,3.295836866004329,2.992117964915359,3.7765850345330416,3.1635615880668575,3.8066624897703196,2.498190790592554,0.0,0.0,1.6094379124341003,1.324083108667579,1.6094379124341003,0.0
1.0986122886681098,1.2037329705580229,1.9459101490553132,1.8562725669045093,2.5649493574615367,0.42533772933386205,3.295836866004329,1.0519748076665683,3.784189633918261,2.8431937124901943,3.828641396489095,3.170070903697288,0.0,0.0069093081039950915,1.6094379124341003,1.4111910816409141,1.6094379124341003,0.4458754941932064
