RedundantThrowsDeclarationCheck_Actual,RedundantThrowsDeclarationCheck_Simulated,S00117_Actual,S00117_Simulated,S1905_Actual,S1905_Simulated,S1488_Actual,S1488_Simulated
0.0,1.6495394534030674,0.0,1.0240008494031487,0.0,1.021823466540262,0.0,0.9723747422179743
0.0,3.0879108029964746,0.0,0.0,0.0,0.8760087020179617,0.0,1.7023501122679108
0.0,3.6416238530425424,0.0,3.0191765059882245,0.0,1.640010821653458,0.0,2.9480747501142477
0.0,0.0,0.0,1.4519006271809118,0.0,1.4884476960023083,0.0,3.19822575650541
0.0,2.0811517803732653,0.0,1.2413659595334254,0.0,0.6300783849637422,0.0,0.7584973671913979
0.0,0.08645167347002047,0.0,0.0,0.0,1.0312821625505697,0.0,0.0
