RedundantThrowsDeclarationCheck_Actual,RedundantThrowsDeclarationCheck_Simulated,S00117_Actual,S00117_Simulated,S1905_Actual,S1905_Simulated,S1488_Actual,S1488_Simulated
0.0,1.4446739821717254,0.0,1.0331471147594533,0.0,0.9629036865276639,0.0,0.836983163160586
0.0,1.0043392218421687,0.0,0.9682562121633876,0.0,0.84727501603123,0.0,2.260693326154842
