RedundantThrowsDeclarationCheck_Actual,RedundantThrowsDeclarationCheck_Simulated,S00117_Actual,S00117_Simulated,S1905_Actual,S1905_Simulated,S1488_Actual,S1488_Simulated
0.0,1.6495394534030674,0.0,1.0240008494031487,0.0,1.021823466540262,0.0,0.9723747422179743
0.0,2.553336367203224,0.0,0.9929257204329323,0.0,0.9918751345531098,0.0,1.8471936773660989
0.0,0.0,0.0,0.9749403383298875,0.0,0.9807245749189845,0.0,1.2152560350690254
0.0,1.945910232021007,0.0,1.9518153398479896,0.0,0.5660386565831594,0.0,1.5984827184803225
0.0,0.33830284964113333,0.0,2.2363141905229798,0.0,0.5964472702909054,0.0,0.0
0.0,2.137644888837069,0.0,0.8789707694319947,0.0,0.24401853259124717,0.0,0.09043779921031458
