S1213_Actual,S1213_Simulated,S1488_Actual,S1488_Simulated,S1226_Actual,S1226_Simulated,S00112_Actual,S00112_Simulated,S1155_Actual,S1155_Simulated,S1151_Actual,S1151_Simulated,S1132_Actual,S1132_Simulated,S1481_Actual,S1481_Simulated
6.231355955723415,5.458177381211143,2.302585092994046,2.5639136752782763,3.713572066704308,3.612707620117435,4.634728988229636,4.513232538445416,2.5649493574615367,2.5649445329033713,4.143134726391533,4.136614547411909,3.912023005428146,4.146989142702191,1.9459101490553132,2.1034097347123786
6.231574463317423,5.725806180925592,2.302585092994046,2.3436728256091657,3.713572066704308,3.570622423669681,4.634728988229636,4.528714572133812,2.5649493574615367,2.564939422264885,4.143134726391533,4.1491088632146695,3.912023005428146,4.210971496037274,1.9459101490553132,2.36735883266731
6.231792923176292,5.274464043411385,2.302585092994046,2.843794530866292,3.713572066704308,3.615822958492882,4.634728988229636,4.4914989078498815,2.5649493574615367,2.564941932820881,4.143134726391533,4.154361641696488,3.912023005428146,4.1471827010352635,1.9459101490553132,2.8705165419396215
6.232011335320876,4.546634634373194,2.302585092994046,2.427359752498634,3.713572066704308,3.6351057430368225,4.634728988229636,4.503661657548489,2.5649493574615367,2.5649512114545883,4.143134726391533,4.139544499066553,3.912023005428146,4.09562917378812,1.9459101490553132,2.561515046904434
6.232229699772011,5.6008506515471295,2.302585092994046,2.733524711993891,3.713572066704308,3.6384626050383444,4.634728988229636,4.527561027358765,2.5649493574615367,2.5649412068252886,4.143134726391533,4.131021836222985,3.912023005428146,4.352579997832946,1.9459101490553132,1.5492097241354077
6.2324480165505225,6.88626125070223,2.302585092994046,2.557844111943734,3.713572066704308,3.543701059103318,4.634728988229636,4.539617097887353,2.5649493574615367,2.564945795844255,4.143134726391533,4.153590990474445,3.912023005428146,4.264287255592674,1.9459101490553132,2.1450759955746244
