,Actual_last_5_vals,Mean_Simulation,Simulated_0,Simulated_22,Simulated_11,Simulated_12,Simulated_14,Simulated_15,Simulated_19,Simulated_23,Simulated_7,Simulated_29,Simulated_26,Simulated_8,Simulated_3,Simulated_17,Simulated_25,Simulated_20,Simulated_13,Simulated_16,Simulated_21,Simulated_2,Simulated_28,Simulated_4,Simulated_10,Simulated_27,Simulated_9,Simulated_1,Simulated_24,Simulated_6,Simulated_18,Simulated_5
0,42887.68224299065,,,,,,,,,,,,,,,,,,,,,,,,,,,,,,,
1,42893.26168224299,,,,,,,,,,,,,,,,,,,,,,,,,,,,,,,
2,42898.84112149533,,,,,,,,,,,,,,,,,,,,,,,,,,,,,,,
3,42904.42056074766,,,,,,,,,,,,,,,,,,,,,,,,,,,,,,,
4,42910.0,,,,,,,,,,,,,,,,,,,,,,,,,,,,,,,
5,,77214.45,77214.45,77214.45,77214.45,77214.45,77214.45,77214.45,77214.45,77214.45,77214.45,77214.45,77214.45,77214.45,77214.45,77214.45,77214.45,77214.45,77214.45,77214.45,77214.45,77214.45,77214.45,77214.45,77214.45,77214.45,77214.45,77214.45,77214.45,77214.45,77214.45,77214.45
6,,64469.06,68644.1,64419.48,56156.91,74299.71,67366.25,60432.35,47887.02,83942.11,51196.85,57447.73,73732.78,42777.79,49802.52,34223.76,41021.31,87653.3,51979.34,48217.36,98229.01,21146.29,86559.39,93828.56,54377.64,33533.17,113698.89,105143.42,26500.69,112708.29,99016.31,28129.42
7,,73938.03,70207.65,86352.12,69608.71,79338.09,90739.79,56709.49,79813.78,77433.13,88819.31,97449.67,52602.16,86025.29,93129.19,69229.58,86500.72,86880.68,48469.51,105298.21,59206.11,79615.61,102301.18,96723.06,116957.08,47122.13,64837.28,48637.38,106544.04,43069.32,17777.78,10742.72
8,MAE,,2635.14,4154.56,4213.82,5076.9,6566.32,7088.42,7485.93,7656.05,9384.5,10177.66,10199.86,11259.51,11285.9,11651.25,12003.48,12042.3,12652.75,15870.63,16163.96,16333.45,16817.83,17381.51,17703.49,19250.6,19443.53,21991.67,23524.79,26369.31,30235.83,33178.32
