S00122_Actual,S00122_Simulated,S1488_Actual,S1488_Simulated,DuplicatedBlocks_Actual,DuplicatedBlocks_Simulated,S1226_Actual,S1226_Simulated,S00112_Actual,S00112_Simulated,S1155_Actual,S1155_Simulated,S00108_Actual,S00108_Simulated,S1151_Actual,S1151_Simulated,S1132_Actual,S1132_Simulated
0.0,0.19170098661429782,0.0,0.051733357324998425,0.0,0.46172097945521134,0.0,0.11196008221551346,0.04567003683318844,0.46128570284664755,0.0,0.046991420998253174,0.0,0.19702941544705932,0.04567003683318844,0.6025512276968152,0.0,0.5169270278182613
0.0,0.0,0.0,0.18541526456207724,0.0,2.0434461588231874,0.0,0.0,0.036701366850428,0.5029818039613958,0.0,0.18515725301642436,0.0,0.0,0.036701366850428,0.2867670470090635,0.0,0.0
0.0,0.24508874465655506,0.0,0.0,0.0,0.9764302311342103,0.0,0.08378319545194272,0.027651531330510157,0.0,0.0,0.0,0.0,0.0,0.027651531330510157,0.5241742911832378,0.0,1.119488908761685
0.0,0.6979194037367209,0.0,0.0,0.0,0.636031346337927,0.0,0.4933079290878865,0.018519047767237597,0.6514555753052791,0.0,0.46256343314564885,0.0,0.0,0.018519047767237597,0.3792663526165194,0.0,0.25716828439186484
0.0,0.6608774073539879,0.0,0.22377968393939154,0.0,0.770888803380922,0.0,0.0627790002158562,0.009302392662313554,2.508278972539591,0.0,0.0,0.0,0.0,0.009302392662313554,1.1364017206005756,0.0,0.44156668769238777
0.0,0.3690050763972398,0.0,0.07743839745374731,0.0,1.641455732182792,0.0,0.0,0.0,0.6957103931510699,0.0,0.2058705030558483,0.0,0.17397098061893823,0.0,0.914138760912208,0.0,0.14478778211399385
