S1488_Actual,S1488_Simulated,S1905_Actual,S1905_Simulated,UselessImportCheck_Actual,UselessImportCheck_Simulated,DuplicatedBlocks_Actual,DuplicatedBlocks_Simulated,S1155_Actual,S1155_Simulated,S1132_Actual,S1132_Simulated,S1481_Actual,S1481_Simulated
1.0986122886681098,1.0077415013145123,0.0,1.571048938306501,0.6931471805599453,0.9610498910441571,1.8803128665695001,2.3875430850499346,0.0,0.0,0.0,0.18393647179709674,0.44183275227903923,1.0812651235231558
1.0986122886681098,0.7212932655855508,0.0,1.9755677534903566,0.6931471805599453,0.7274969262608784,1.8632184332102,2.326322234886784,0.0,0.0,0.0,0.7058224936431534,0.36772478012531734,1.2258055867681397
1.0986122886681098,1.0326389729974936,0.0,0.5138467499258252,0.6931471805599453,1.5922650416939503,1.8458266904983307,2.694876985070831,0.0,0.0,0.0,0.4251006035740661,0.2876820724517809,0.3236150755575852
1.0986122886681098,1.1522876137617644,0.0,1.3761058278264933,0.6931471805599453,0.431361296527496,1.8281271133989299,1.8701997204371272,0.0,0.0,0.0,0.0,0.20067069546215122,1.0616599930973016
1.0986122886681098,0.8900421292440452,0.0,0.8992564900373012,0.6931471805599453,1.0434018836467207,1.8101086078962514,2.38436120189496,0.0,0.0,0.0,0.0,0.1053605156578263,1.5339301114642803
1.0986122886681098,1.3576312135578865,0.0,2.131992653472555,0.6931471805599453,0.6130073748953546,1.791759469228055,2.109508181941954,0.0,0.0,0.0,0.17583095440138544,0.0,1.2151250101578843
