S1905_Actual,S1905_Simulated,S1226_Actual,S1226_Simulated,S00112_Actual,S00112_Simulated,S1481_Actual,S1481_Simulated
0.0,0.9071098113340569,4.248495242049359,4.134769788868201,4.1588830833596715,2.499131140053135,2.5649493574615367,3.085545834700197
0.0,0.4622109368897629,4.248495242049359,3.9508631518754846,4.1588830833596715,1.1272415208332598,2.5649493574615367,3.326097474810363
0.0,2.122159578224675,4.248495242049359,4.573840787595177,4.1588830833596715,2.9168223066767722,2.5649493574615367,2.6438195688951582
