S00117_Actual,S00117_Simulated,S00112_Actual,S00112_Simulated,S1155_Actual,S1155_Simulated,S1151_Actual,S1151_Simulated,S1132_Actual,S1132_Simulated,S1481_Actual,S1481_Simulated
0.6931471805599453,0.7474193044501546,2.538973871058276,2.363278455116825,1.3862943611198906,1.2938383108307667,2.0794415416798357,2.132264774171836,4.189654742026425,4.136555343838462,0.0,0.4362929003271627
0.6931471805599453,0.07266492305352668,2.54422322694442,2.6137126297119293,1.3862943611198906,1.5777071433196161,2.0794415416798357,2.327009350780675,4.189654742026425,4.40141418926879,0.0,0.2772034879957114
0.6931471805599453,0.39491235300430494,2.5494451709255714,2.588872198463708,1.3862943611198906,1.3493674027499023,2.0794415416798357,2.0943298409953255,4.189654742026425,3.9001550159849963,0.0,0.5441449194676117
0.6931471805599453,0.7136911495652091,2.5546399878026755,2.2777351235857073,1.3862943611198906,1.7128387248716708,2.0794415416798357,2.1464907864539136,4.189654742026425,3.913294463377451,0.0,0.04710847085658204
0.6931471805599453,0.6502139016271637,2.559807957961118,2.4828717416916883,1.3862943611198906,1.2920325848322594,2.0794415416798357,2.1523638602962807,4.189654742026425,3.9626957896022654,0.0,0.8354812078787532
0.6931471805599453,0.8461742140928259,2.5649493574615367,2.286392986094056,1.3862943611198906,0.9941265504191581,2.0794415416798357,2.053324102354387,4.189654742026425,4.378151273081931,0.0,0.11412254220918006
