S1488_Actual,S1488_Simulated,S1905_Actual,S1905_Simulated,UselessImportCheck_Actual,UselessImportCheck_Simulated,DuplicatedBlocks_Actual,DuplicatedBlocks_Simulated,S00112_Actual,S00112_Simulated,S1155_Actual,S1155_Simulated,S1132_Actual,S1132_Simulated,S1481_Actual,S1481_Simulated
1.0986122886681098,1.0077415013145123,0.0,1.571048938306501,0.6931471805599453,0.9610498910441571,1.8803128665695001,2.3875430850499346,3.332204510175204,1.6889869029199953,0.0,0.0,0.0,0.18393647179709674,0.44183275227903923,1.0812651235231558
1.0986122886681098,1.277400689003752,0.0,1.781353958459565,0.6931471805599453,0.8394774634950457,1.8632184332102,1.3704883284584792,3.332204510175204,2.4255607770722003,0.0,0.0,0.0,0.16009365800489975,0.36772478012531734,1.6049430122089388
1.0986122886681098,0.7342766444172681,0.0,1.2666297479823267,0.6931471805599453,0.44403373423802983,1.8458266904983307,3.3127384731989524,3.332204510175204,2.300044033239347,0.0,0.0,0.0,0.09503770645186115,0.2876820724517809,0.47936907029767906
1.0986122886681098,1.3664776348814986,0.0,2.076889997223509,0.6931471805599453,0.7348192689675643,1.8281271133989299,3.0798592404583323,3.332204510175204,2.309957789591405,0.0,0.0,0.0,0.16436790716269775,0.20067069546215122,1.3857954187030979
1.0986122886681098,0.8661258323723144,0.0,2.8864719351011043,0.6931471805599453,1.756197396666109,1.8101086078962514,1.9701897853875119,3.332204510175204,1.0402636807667838,0.0,0.0,0.0,0.12334372864293429,0.1053605156578263,0.7487845437817753
1.0986122886681098,1.267751455096295,0.0,1.0071142211355082,0.6931471805599453,0.4208508928458774,1.791759469228055,2.6135081760620755,3.332204510175204,1.102138598893547,0.0,0.0,0.0,0.19744951471239544,0.0,0.31946895839653866
