S1488_Actual,S1488_Simulated,S1905_Actual,S1905_Simulated,UselessImportCheck_Actual,UselessImportCheck_Simulated,DuplicatedBlocks_Actual,DuplicatedBlocks_Simulated,S00112_Actual,S00112_Simulated,S1155_Actual,S1155_Simulated,S1132_Actual,S1132_Simulated,S1481_Actual,S1481_Simulated
1.0986122886681098,1.0077415013145123,0.0,1.571048938306501,0.6931471805599453,0.9610498910441571,1.8803128665695001,2.3875430850499346,3.332204510175204,1.6889869029199953,0.0,0.0,0.0,0.18393647179709674,0.44183275227903923,1.0812651235231558
1.0986122886681098,0.45743525884420266,0.0,2.5978230298194527,0.6931471805599453,0.7483773383619554,1.8632184332102,2.7762958471169723,3.332204510175204,2.834407779767565,0.0,0.0,0.0,0.8480570693515582,0.36772478012531734,1.6810120470792258
1.0986122886681098,0.7005330750432085,0.0,0.809746412141061,0.6931471805599453,0.9812615221503441,1.8458266904983307,3.119505589719206,3.332204510175204,1.9802003371050807,0.0,0.0,0.0,0.17106715135780745,0.2876820724517809,1.1338210297102749
1.0986122886681098,1.1874268984034568,0.0,1.9988940736309115,0.6931471805599453,1.20097144938829,1.8281271133989299,2.448758479025996,3.332204510175204,2.753032325514787,0.0,0.0,0.0,0.055587993524780416,0.20067069546215122,0.8116721828609266
1.0986122886681098,0.8457798723970671,0.0,1.2967752734928557,0.6931471805599453,0.7438519469346365,1.8101086078962514,2.62885928747107,3.332204510175204,1.9911060412459483,0.0,0.0,0.0,0.12478202565342467,0.1053605156578263,0.4195309480752243
1.0986122886681098,0.9644992825512777,0.0,2.3125065760333623,0.6931471805599453,0.9458730437360041,1.791759469228055,2.462486366507301,3.332204510175204,0.7156382466754263,0.0,0.0,0.0,0.6476128777399583,0.0,1.064216297393265
