S1488_Actual,S1488_Simulated,S1905_Actual,S1905_Simulated,UselessImportCheck_Actual,UselessImportCheck_Simulated,DuplicatedBlocks_Actual,DuplicatedBlocks_Simulated,S00112_Actual,S00112_Simulated,S1155_Actual,S1155_Simulated,S1132_Actual,S1132_Simulated,S1481_Actual,S1481_Simulated
1.0986122886681098,1.0077415013145123,0.0,1.571048938306501,0.6931471805599453,0.9610498910441571,1.8803128665695001,2.3875430850499346,3.332204510175204,1.6889869029199953,0.0,0.0,0.0,0.18393647179709674,0.44183275227903923,1.0812651235231558
1.0986122886681098,1.2086510138584847,0.0,1.2262790297333788,0.6931471805599453,0.677506529963356,1.8632184332102,2.4096848498830656,3.332204510175204,1.5292094994624585,0.0,0.0,0.0,0.0,0.36772478012531734,0.5991626671371417
1.0986122886681098,1.2045468630175558,0.0,0.8674988889277576,0.6931471805599453,0.7073232112207434,1.8458266904983307,2.3816813641225267,3.332204510175204,1.2878814059604853,0.0,0.0,0.0,0.490901905742533,0.2876820724517809,1.099179788195587
1.0986122886681098,0.8330947235908094,0.0,0.5879338414901139,0.6931471805599453,1.5235479082351646,1.8281271133989299,1.945231643145461,3.332204510175204,2.367231135029769,0.0,0.0,0.0,0.12016646065680181,0.20067069546215122,1.5119407182232742
1.0986122886681098,0.938962499438911,0.0,2.2695044412231287,0.6931471805599453,0.6834256891113335,1.8101086078962514,3.5292010568280423,3.332204510175204,1.3119569846678525,0.0,0.0,0.0,0.8591162344049708,0.1053605156578263,0.42094605483816094
1.0986122886681098,0.7523037912569336,0.0,0.7451306120309229,0.6931471805599453,1.0037181587746282,1.791759469228055,2.2752422849518745,3.332204510175204,1.6519943469478096,0.0,0.0,0.0,0.3925125220196108,0.0,1.2430295779806388
