RedundantThrowsDeclarationCheck_Actual,RedundantThrowsDeclarationCheck_Simulated,S00117_Actual,S00117_Simulated,S1488_Actual,S1488_Simulated,DuplicatedBlocks_Actual,DuplicatedBlocks_Simulated,S00112_Actual,S00112_Simulated
3.258096538021482,3.3944648510557793,2.772588722239781,1.8846891797460226,1.3862943611198906,1.539752183574873,6.016157159698354,4.9970275798126575,7.00397413672268,5.996123387695626
3.332204510175204,4.281048910792551,2.6390573296152584,1.7421486745180228,0.6931471805599453,1.8641654188605408,5.713732805509369,6.760977623888195,6.760414691083428,6.503071978165709
3.332204510175204,2.0809548035535776,2.6390573296152584,1.3007741958989194,0.6931471805599453,1.621868895502614,5.71042701737487,4.994084327945771,6.7357800142423265,6.3612562238833625
3.332204510175204,2.2932705001989646,2.6390573296152584,3.4333879724170013,0.6931471805599453,0.7833872131045941,5.683579767338681,3.5008457931145607,6.734591659972948,3.77700132473551
3.332204510175204,4.335480572283474,2.6390573296152584,0.5822688234978055,0.6931471805599453,1.5976798277953315,5.69035945432406,3.1468450577148825,6.738152494595957,6.774787242119258
3.332204510175204,3.6457192253888757,2.6390573296152584,3.365104729203799,0.6931471805599453,2.1716469280657997,5.697093486505405,6.491413837711264,6.7580945044277305,6.781379920075578
