RedundantThrowsDeclarationCheck_Actual,RedundantThrowsDeclarationCheck_Simulated,S00117_Actual,S00117_Simulated,S1488_Actual,S1488_Simulated,S1226_Actual,S1226_Simulated,S00112_Actual,S00112_Simulated,S1132_Actual,S1132_Simulated,S1481_Actual,S1481_Simulated
1.0663514264498883,0.26424494468692766,0.0,0.18857179510065186,0.6931471805599453,0.6742804700449279,0.0,0.0,4.244405256797834,3.4160510287931776,1.0986122886681098,1.098607464109944,0.0,0.2632049367457456
1.0826119473216684,0.0,0.0,0.0,0.6931471805599453,0.5284162119311926,0.0,0.0,4.246452340419559,4.04057398669784,1.0986122886681098,1.098611904450522,0.0,0.7998354912529411
1.0986122886681098,0.24024424354996637,0.0,0.0,0.6931471805599453,0.7175197697063046,0.0,0.0,4.248495242049359,4.5725997488076695,1.0986122886681098,1.098608356834739,0.0,0.11462197296987311
