RedundantThrowsDeclarationCheck_Actual,RedundantThrowsDeclarationCheck_Simulated,S00117_Actual,S00117_Simulated,S1488_Actual,S1488_Simulated,S1226_Actual,S1226_Simulated,S00112_Actual,S00112_Simulated,S1132_Actual,S1132_Simulated,S1481_Actual,S1481_Simulated
1.0159205728229963,0.26424494468692766,0.0,0.18857179510065186,0.6931471805599453,0.6742804700449279,0.0,0.0,4.23823874188217,3.4160510287931776,1.0986122886681098,1.098607464109944,0.0,0.2632049367457456
1.0330150061822962,0.0,0.0,0.029799227706197973,0.6931471805599453,0.6745661604420249,0.0,0.0,4.24029847484518,2.8366918956732494,1.0986122886681098,1.0986104349044143,0.0,0.5024861058426509
1.0498221244986776,0.4400789882894901,0.0,0.15050009267633124,0.6931471805599453,0.5884115322623232,0.0,0.0,4.242353974027276,4.703317245038249,1.0986122886681098,1.0986017014347067,0.0,0.1303741999563526
1.0663514264498883,0.5438701938586794,0.0,0.3528871227044477,0.6931471805599453,0.753672385767342,0.0,0.0,4.244405256797834,3.857618441573587,1.0986122886681098,1.0986029389981478,0.0,0.34787344265193976
1.0826119473216684,1.0517336720899664,0.0,0.12433583609311792,0.6931471805599453,0.8142037706958765,0.0,0.0,4.246452340419559,2.274084927029085,1.0986122886681098,1.098606445968085,0.0,0.0
1.0986122886681098,0.904776515628553,0.0,0.0,0.6931471805599453,0.7525579159746968,0.0,0.0,4.248495242049359,3.897302763738404,1.0986122886681098,1.0986139270755968,0.0,1.2791809751568959
