S1213_Actual,S1213_Simulated,RedundantThrowsDeclarationCheck_Actual,RedundantThrowsDeclarationCheck_Simulated,S00117_Actual,S00117_Simulated,S00122_Actual,S00122_Simulated,S1905_Actual,S1905_Simulated,UselessImportCheck_Actual,UselessImportCheck_Simulated,S1226_Actual,S1226_Simulated,S00112_Actual,S00112_Simulated,S00108_Actual,S00108_Simulated,S1151_Actual,S1151_Simulated,S1481_Actual,S1481_Simulated
4.465908118654584,2.999826586366925,1.791759469228055,1.3145347176935454,3.332204510175204,3.0269541224917087,1.0986122886681098,0.664494912609079,0.0,0.3594804897243226,0.0,0.045143420275289774,4.770684624465665,4.506338197135906,4.996729531780326,4.339183241919254,0.0,0.1303948359032745,2.302585092994046,1.5851806544732807,0.6567795363890704,0.4960677056471013
4.465908118654584,2.4990541901594483,1.791759469228055,1.2984724945640425,3.332204510175204,3.566681810264027,1.0986122886681098,0.38287140803140285,0.0,0.26745798198089,0.0,0.0,4.770684624465665,4.998340983157555,4.997212273764115,4.074965989653454,0.0,0.431130685078312,2.302585092994046,1.482649507536587,0.6931471805599453,1.2691358147406084
