S1213_Actual,S1213_Simulated,RedundantThrowsDeclarationCheck_Actual,RedundantThrowsDeclarationCheck_Simulated,S00117_Actual,S00117_Simulated,S00122_Actual,S00122_Simulated,S1905_Actual,S1905_Simulated,UselessImportCheck_Actual,UselessImportCheck_Simulated,S1226_Actual,S1226_Simulated,S00112_Actual,S00112_Simulated,S00108_Actual,S00108_Simulated,S1151_Actual,S1151_Simulated,S1481_Actual,S1481_Simulated
4.465908118654584,2.999826586366925,1.791759469228055,1.3145347176935454,3.332204510175204,3.0269541224917087,1.0986122886681098,0.664494912609079,0.0,0.3594804897243226,0.0,0.045143420275289774,4.770684624465665,4.506338197135906,4.99479623006651,4.339183241919254,0.0,0.1303948359032745,2.302585092994046,1.5851806544732807,0.49643688631389105,0.4960677056471013
4.465908118654584,4.191385621233072,1.791759469228055,1.7849635651154288,3.332204510175204,2.7629393028381983,1.0986122886681098,0.6869721156535282,0.0,0.10489972963464073,0.0,0.3115682179727064,4.770684624465665,4.219173027916372,4.995279906013061,4.7656222607531875,0.0,0.636137128505742,2.302585092994046,1.4968617003824796,0.5389965007326869,1.0422788696928684
4.465908118654584,2.5498578411140373,1.791759469228055,1.2623820781269843,3.332204510175204,3.231969066107906,1.0986122886681098,0.6503379181842021,0.0,0.0,0.0,0.0,4.770684624465665,5.486038372913652,4.995763348130285,3.6304428299461042,0.0,0.11399231057661385,2.302585092994046,0.33329039400370797,0.5798184952529422,0.5302734593381018
4.465908118654584,2.604792792840144,1.791759469228055,1.034403379026457,3.332204510175204,2.679049465046,1.0986122886681098,0.952275478244442,0.0,0.674002165734479,0.0,0.0,4.770684624465665,4.479221264495256,4.996246556644156,3.870607402714483,0.0,0.43687536002231264,2.302585092994046,1.4484600568403025,0.6190392084062234,0.19523506329637547
4.465908118654584,2.588687514566274,1.791759469228055,1.6919450433310028,3.332204510175204,2.447229418794647,1.0986122886681098,0.444050108804952,0.0,0.0,0.0,0.1598362923171972,4.770684624465665,4.237623207264902,4.996729531780326,4.281132840388686,0.0,0.2761056734901317,2.302585092994046,0.1017625808320668,0.6567795363890704,0.0
4.465908118654584,2.3760299091033366,1.791759469228055,1.1656548597183674,3.332204510175204,3.515151328393513,1.0986122886681098,0.9783911970498296,0.0,0.2987812736901814,0.0,0.0,4.770684624465665,4.332604561574469,4.997212273764115,3.523969912666562,0.0,0.0,2.302585092994046,2.6991747036375955,0.6931471805599453,0.3401265129866349
