S1905_Actual,S1905_Simulated,S1226_Actual,S1226_Simulated,S00112_Actual,S00112_Simulated,S00108_Actual,S00108_Simulated,S1481_Actual,S1481_Simulated
0.0,0.9071098113340569,4.248495242049359,4.134769788868201,4.1588830833596715,2.499131140053135,1.3862943611198906,1.5415685703871407,2.5649493574615367,3.085545834700197
0.0,0.7051706592240625,4.248495242049359,4.1601474616304355,4.1588830833596715,4.885902829349156,1.3862943611198906,1.038976626019464,2.5649493574615367,3.8461232395766194
0.0,1.4281604307078979,4.248495242049359,4.234893975771953,4.1588830833596715,1.9300027994737032,1.3862943611198906,1.9066407915425871,2.5649493574615367,3.108207322433073
