RedundantThrowsDeclarationCheck_Actual,RedundantThrowsDeclarationCheck_Simulated,S00117_Actual,S00117_Simulated,S1488_Actual,S1488_Simulated,S1226_Actual,S1226_Simulated,S00112_Actual,S00112_Simulated,S1155_Actual,S1155_Simulated,S1132_Actual,S1132_Simulated,S1481_Actual,S1481_Simulated
2.4849066497880004,3.5752879838039395,3.7376696182833684,3.697392449979346,0.0,0.8754362755897771,2.5649493574615367,3.5879241157460826,4.844187086458591,4.276680021083757,0.0,1.7109182803350094,2.9444389791664403,4.1497156410950025,1.0986122886681098,3.437301328727192
2.4849066497880004,3.4284378279916554,3.728100167267218,1.2347607519858474,0.0,0.0,2.5649493574615367,3.900926050124941,4.847331743138063,5.2732130531671135,0.0,1.3603450015447183,2.9444389791664403,4.366510279666552,1.0986122886681098,4.124349590477083
2.4849066497880004,1.5305123027740324,3.7184382563554808,4.783090776007331,0.0,0.0,2.5649493574615367,4.305952529595266,4.850466541943434,3.1201923910965172,0.0,3.8065144738987287,2.9444389791664403,3.8478019209864804,1.0986122886681098,1.6657076710218512
2.4849066497880004,5.311927020270518,3.708682081410116,2.787724247518577,0.0,1.7596659074166456,2.5649493574615367,0.6442178308211979,4.853591544486569,5.780148635153237,0.0,0.06235087006728435,2.9444389791664403,3.707909558800611,1.0986122886681098,2.396958203514469
2.4849066497880004,2.0758489810530087,3.6988297849671046,2.993116825632276,0.0,1.0633646187968708,2.5649493574615367,3.3585948139307633,4.856706811803519,3.3723490116909725,0.0,1.207791753938421,2.9444389791664403,3.454805323623996,1.0986122886681098,4.949811975492612
2.4849066497880004,4.550637188153154,3.6888794541139363,2.4034612406605604,0.0,0.28027048041243074,2.5649493574615367,3.7565682055355722,4.859812404361672,4.145846832375177,0.0,0.7094055344148527,2.9444389791664403,3.200014937745349,1.0986122886681098,3.696547446933733
