RedundantThrowsDeclarationCheck_Actual,RedundantThrowsDeclarationCheck_Simulated,S00117_Actual,S00117_Simulated,S1488_Actual,S1488_Simulated,S1226_Actual,S1226_Simulated,S00112_Actual,S00112_Simulated,S1155_Actual,S1155_Simulated,S1132_Actual,S1132_Simulated,S1481_Actual,S1481_Simulated
2.4849066497880004,3.5752879838039395,3.708682081410116,3.697392449979346,0.0,0.8754362755897771,2.5649493574615367,3.5879241157460826,4.853591544486569,4.276680021083757,0.0,1.7109182803350094,2.9444389791664403,4.1497156410950025,1.0986122886681098,3.437301328727192
2.4849066497880004,4.781605864998151,3.6988297849671046,5.001909272580759,0.0,1.5043152391114463,2.5649493574615367,4.947100611305174,4.856706811803519,4.352314781459396,0.0,0.09842860417024246,2.9444389791664403,2.0210250705746753,1.0986122886681098,4.710776490599913
2.4849066497880004,1.9134861829803518,3.6888794541139363,4.066421967226909,0.0,3.834614446022912,2.5649493574615367,2.3132439000688736,4.859812404361672,5.385372812838185,0.0,4.192264364810248,2.9444389791664403,6.397593932779548,1.0986122886681098,3.3031545474287363
