S00117_Actual,S00117_Simulated,S1226_Actual,S1226_Simulated,S00112_Actual,S00112_Simulated,S1155_Actual,S1155_Simulated,S1151_Actual,S1151_Simulated,S1132_Actual,S1132_Simulated,S1481_Actual,S1481_Simulated
6.695798917058491,6.586562460316259,3.713572066704308,3.6002636883348504,4.634728988229636,4.470513039408297,2.5649493574615367,2.604572279522802,4.143134726391533,4.130553423405633,3.912023005428146,4.1635931852595975,1.791759469228055,2.3170608236106673
6.695798917058491,6.572820513799418,3.713572066704308,3.5832705025129052,4.634728988229636,4.482452318011161,2.5649493574615367,2.5268851200229046,4.143134726391533,4.134326165530908,3.912023005428146,4.164177368003242,1.9459101490553132,2.332420101114349
6.69641677311769,6.57042728403629,3.713572066704308,3.6738671582272593,4.634728988229636,4.367719780409142,2.5649493574615367,2.5464192081797243,4.143134726391533,4.139855929625795,3.912023005428146,3.937863235717995,1.9459101490553132,2.5172495229160665
6.697034247666484,6.648325173505236,3.713572066704308,3.6346909329195096,4.634728988229636,4.466344871267474,2.5649493574615367,2.5499586143471817,4.143134726391533,4.1330912347683535,3.912023005428146,4.139273989415623,1.9459101490553132,2.8834672386857223
6.697651341175731,6.562960023124292,3.713572066704308,3.626866149744183,4.634728988229636,4.304554684094291,2.5649493574615367,2.6468306331289826,4.143134726391533,4.129312134142304,3.912023005428146,4.248170515285903,1.9459101490553132,1.4339267998789174
6.698268054115413,6.528058568017009,3.713572066704308,3.588827201368264,4.634728988229636,4.4088953477476736,2.5649493574615367,2.6167098272061495,4.143134726391533,4.122466970812735,3.912023005428146,4.134071228040881,1.9459101490553132,2.312722310996301
