S00117_Actual,S00117_Simulated,S1226_Actual,S1226_Simulated,S00112_Actual,S00112_Simulated,S1155_Actual,S1155_Simulated,S1151_Actual,S1151_Simulated,S1132_Actual,S1132_Simulated,S1481_Actual,S1481_Simulated
6.695798917058491,6.544627715346055,3.713572066704308,3.5956801464788457,4.634728988229636,4.355698515707799,2.5649493574615367,2.599013406349761,4.143134726391533,4.108846500182435,3.912023005428146,4.124104547864934,1.791759469228055,2.6237983037050836
6.695798917058491,6.560248720116251,3.713572066704308,3.5645404415980977,4.634728988229636,4.320045571212745,2.5649493574615367,2.7023408364292094,4.143134726391533,4.127231434425125,3.912023005428146,4.195502851109379,1.9459101490553132,3.5971588653703375
6.69641677311769,6.5227080913679565,3.713572066704308,3.5384265590862887,4.634728988229636,4.493337252459545,2.5649493574615367,2.5478024124740273,4.143134726391533,4.100685489352028,3.912023005428146,4.234908043561972,1.9459101490553132,2.6864386978635006
6.697034247666484,6.554776630568578,3.713572066704308,3.6333165999407515,4.634728988229636,4.247619466635436,2.5649493574615367,2.520018016922671,4.143134726391533,4.11758338146888,3.912023005428146,4.0255230786206235,1.9459101490553132,3.934005988016035
6.697651341175731,6.4367183780283534,3.713572066704308,3.5334319501465936,4.634728988229636,4.194767759241199,2.5649493574615367,2.5773855546079028,4.143134726391533,4.070028176119747,3.912023005428146,4.087433932907721,1.9459101490553132,3.3755298118683448
6.698268054115413,6.558505782697042,3.713572066704308,3.5626821900409915,4.634728988229636,4.357598142276516,2.5649493574615367,2.6604779780382866,4.143134726391533,4.156175428658745,3.912023005428146,4.006913864180586,1.9459101490553132,2.7519314429431048
