,Actual_last_5_vals,Simulated_0,Simulated_1,Simulated_2,Simulated_3,Simulated_4,Simulated_5,Simulated_6,Simulated_7,Simulated_8,Simulated_9,Simulated_10,Simulated_11,Simulated_12,Simulated_13,Simulated_14,Simulated_15,Simulated_16,Simulated_17,Simulated_18,Simulated_19,Simulated_20,Simulated_21,Simulated_22,Simulated_23,Simulated_24,Simulated_25,Simulated_26,Simulated_27,Simulated_28,Simulated_29
168,53350.0,,,,,,,,,,,,,,,,,,,,,,,,,,,,,,
169,53354.75,,,,,,,,,,,,,,,,,,,,,,,,,,,,,,
170,53359.5,,,,,,,,,,,,,,,,,,,,,,,,,,,,,,
171,53364.25,,,,,,,,,,,,,,,,,,,,,,,,,,,,,,
172,53369.0,,,,,,,,,,,,,,,,,,,,,,,,,,,,,,
173,,49403.695763507596,49403.695763507596,49403.695763507596,49403.695763507596,49403.695763507596,49403.695763507596,49403.695763507596,49403.695763507596,49403.695763507596,49403.695763507596,49403.695763507596,49403.695763507596,49403.695763507596,49403.695763507596,49403.695763507596,49403.695763507596,49403.695763507596,49403.695763507596,49403.695763507596,49403.695763507596,49403.695763507596,49403.695763507596,49403.695763507596,49403.695763507596,49403.695763507596,49403.695763507596,49403.695763507596,49403.695763507596,49403.695763507596,49403.695763507596
174,,43525.058561270336,48387.17786751323,49708.16615286071,48851.10077894916,54633.78156054551,43776.276904955026,52150.38222679217,49191.493062093745,55044.390543012516,46503.44908054265,56139.11024471375,50113.79112756499,52424.394863680565,39085.78058696398,46559.96803913205,50299.717832599774,46105.89825659936,44395.83407603972,48658.93002495318,46353.288218591704,48428.44078130335,47479.66579407302,40492.91741694479,43511.481409218446,46394.6407407841,47586.48431073638,50283.910043895754,47092.45334591776,51034.55770979066,43228.80715888688
175,,49140.77835435225,56804.98721704324,55372.979621073915,47180.53462546224,52090.4839438279,50992.31058556816,50790.18741544301,52067.81856888057,50253.36372079705,47899.91639546108,47195.20409118551,56939.00960232717,44883.98819551121,52549.34173298908,46336.44526415649,48275.167254598106,51256.9723807417,49941.33687395169,43848.08826120991,47733.71575161994,48974.40151301056,44735.21388431692,42373.791491093594,43787.69780695066,51218.36091406862,48176.58609573002,50204.30577157112,50329.46577775746,51591.15275291112,50032.56919312573
