S1213_Actual,S1213_Simulated,RedundantThrowsDeclarationCheck_Actual,RedundantThrowsDeclarationCheck_Simulated,S00117_Actual,S00117_Simulated,S1488_Actual,S1488_Simulated,UselessImportCheck_Actual,UselessImportCheck_Simulated,DuplicatedBlocks_Actual,DuplicatedBlocks_Simulated,S00108_Actual,S00108_Simulated,S1151_Actual,S1151_Simulated,S1132_Actual,S1132_Simulated,S1481_Actual,S1481_Simulated
1.6094379124341003,1.5756497927369877,1.0608719606852626,0.25241187134073034,0.0,0.18529177914319295,0.6931471805599453,0.6743462050229961,0.0,1.1795748374291268,1.9459101490553132,2.628571057555208,1.0986122886681098,0.9743739085513304,1.6094379124341003,1.566371245538988,1.0986122886681098,1.0986074641099446,0.0,0.28515064114304844
1.6094379124341003,1.983630060248225,1.0685348334308318,0.25553161793053114,0.0,0.06010808653779706,0.6931471805599453,0.7181210572032879,0.0,0.4650614618876583,1.9459101490553132,3.0094408339872003,1.0986122886681098,0.9510361563611072,1.6094379124341003,1.712888174615329,1.0986122886681098,1.0986062631981124,0.0,0.5301157033053941
1.6094379124341003,2.1359217461208866,1.076139432816051,0.03482686126687229,0.0,0.1398976109413545,0.6931471805599453,0.6089255742788899,0.0,0.656379231417036,1.9459101490553132,2.736788757070421,1.0986122886681098,1.1474393933206006,1.6094379124341003,1.6024732512140853,1.0986122886681098,1.0986035184512581,0.0,1.2561704775568172
1.6094379124341003,1.9605777892201468,1.083686638451434,0.02896743224656781,0.0,0.0,0.6931471805599453,0.8038999554608669,0.0,1.1342778508390674,1.9459101490553132,2.9255792888731946,1.0986122886681098,0.542282505565019,1.6094379124341003,1.5124977037709237,1.0986122886681098,1.0986055742891814,0.0,0.5954935120398873
1.6094379124341003,1.716488819178624,1.0911773101805915,0.06712520894212096,0.0,0.15214450435900662,0.6931471805599453,0.7862886522619579,0.0,2.371177542333344,1.9459101490553132,2.5514956666308874,1.0986122886681098,1.381792045195999,1.6094379124341003,1.7030915257373351,1.0986122886681098,1.0986076136796141,0.0,0.0
1.6094379124341003,1.6780855091222338,1.0986122886681098,0.0,0.0,0.7491872382671468,0.6931471805599453,0.7442656035467872,0.0,0.0,1.9459101490553132,3.108686672909338,1.0986122886681098,1.1092245187040064,1.6094379124341003,1.7050241097987175,1.0986122886681098,1.0986085787936501,0.0,0.0
