S1905_Actual,S1905_Simulated,UselessImportCheck_Actual,UselessImportCheck_Simulated
0.0,1.528042598680665,0.6931471805599453,0.9419256201061317
0.0,3.0390296163071056,0.6931471805599453,0.2643728790508175
0.0,2.0410344857872538,0.6931471805599453,1.5876438637572452
0.0,2.381002223378141,0.6931471805599453,1.331484765029844
0.0,0.6313814507950427,0.6931471805599453,0.7729288941961173
0.0,1.9084312652757114,0.0,0.3429344693530133
