S1213_Actual,S1213_Simulated,RedundantThrowsDeclarationCheck_Actual,RedundantThrowsDeclarationCheck_Simulated,S00117_Actual,S00117_Simulated,S1488_Actual,S1488_Simulated,UselessImportCheck_Actual,UselessImportCheck_Simulated,DuplicatedBlocks_Actual,DuplicatedBlocks_Simulated,S00112_Actual,S00112_Simulated,S00108_Actual,S00108_Simulated,S1151_Actual,S1151_Simulated,S1132_Actual,S1132_Simulated
1.6094379124341003,1.5756497927369877,1.0608719606852626,0.25241187134073034,0.0,0.18529177914319295,0.6931471805599453,0.6743462050229961,0.0,1.1795748374291268,1.9459101490553132,2.628571057555208,4.243721963296702,3.400715103324849,1.0986122886681098,0.9743739085513304,1.6094379124341003,1.566371245538988,1.0986122886681098,1.0986074641099446
1.6094379124341003,1.7458081244059556,1.0685348334308318,1.016243848688973,0.0,0.0,0.6931471805599453,0.7652157990870068,0.0,1.951680898223882,1.9459101490553132,2.8185378894641966,4.244678443522658,1.7921980913798452,1.0986122886681098,1.1071854564563428,1.6094379124341003,1.6315041584546086,1.0986122886681098,1.0986112967003305
1.6094379124341003,1.6004754764358917,1.076139432816051,0.0,0.0,0.2815184342972032,0.6931471805599453,0.6532082949468881,0.0,1.3766154164528792,1.9459101490553132,2.6703915664754385,4.2456340097683265,4.910914687207257,1.0986122886681098,0.9949388651929473,1.6094379124341003,1.5411802147432936,1.0986122886681098,1.0986035455789027
1.6094379124341003,1.8848650659234032,1.083686638451434,0.5391367173144084,0.0,0.0894811350952517,0.6931471805599453,0.8111117967667458,0.0,0.8601637782453673,1.9459101490553132,2.9606692357644944,4.246588663778778,3.526116229793164,1.0986122886681098,1.0211197145605406,1.6094379124341003,1.6107691220878386,1.0986122886681098,1.0986111119552873
1.6094379124341003,1.790296323995184,1.0911773101805915,0.2645161167902991,0.0,0.844393328488745,0.6931471805599453,0.6545037986283377,0.0,0.1761450836148497,1.9459101490553132,2.065915524497347,4.2475424072940875,6.328048622684519,1.0986122886681098,1.2332796768236527,1.6094379124341003,1.6853133414885697,1.0986122886681098,1.0986065190020426
1.6094379124341003,1.6460207538416791,1.0986122886681098,0.6703374644087883,0.0,0.23806929126521037,0.6931471805599453,0.5700661299047287,0.0,0.8328212213654658,1.9459101490553132,2.5291226824514257,4.248495242049359,4.423706971585891,1.0986122886681098,1.0066328309422115,1.6094379124341003,1.5997871608904541,1.0986122886681098,1.0986085628293862
