S1488_Actual,S1488_Simulated,DuplicatedBlocks_Actual,DuplicatedBlocks_Simulated,S00112_Actual,S00112_Simulated,S1132_Actual,S1132_Simulated
0.0,0.0,2.302585092994046,2.2687233996133904,4.855928904335275,4.825078649361648,2.9444389791664403,2.9444341546082744
0.0,0.0,2.302585092994046,2.255919769086651,4.857225080796721,4.854418486744154,2.9444389791664403,2.9444378694875404
0.0,0.0,2.302585092994046,2.26545999622215,4.858519579359367,4.829223117135878,2.9444389791664403,2.9444406087996424
0.0,0.0,2.302585092994046,2.1542139781330416,4.859812404361672,4.841279231051762,2.9444389791664403,2.944436009711199
0.0,0.0,2.302585092994046,2.2593323989880942,4.90527477843843,4.857183436229407,2.9444389791664403,2.944427664737927
0.0,1.4981511258962684e-07,2.302585092994046,2.245892849592527,4.948759890378168,4.785610694761134,2.9444389791664403,2.9444342464801125
