S1213_Actual,S1213_Simulated,RedundantThrowsDeclarationCheck_Actual,RedundantThrowsDeclarationCheck_Simulated,S1488_Actual,S1488_Simulated,S1905_Actual,S1905_Simulated,DuplicatedBlocks_Actual,DuplicatedBlocks_Simulated,S00112_Actual,S00112_Simulated,S1151_Actual,S1151_Simulated
5.003946305945459,4.189295074572902,3.332204510175204,3.411590488688553,0.6931471805599453,1.5414280278559198,0.6931471805599453,0.08546578921313353,5.69035945432406,5.00170704510986,6.7339969528486705,6.007955147221165,3.6375861597263857,2.133853788746623
5.003946305945459,4.722710073771103,3.332204510175204,3.573810710656002,0.6931471805599453,0.20815552688312633,0.6931471805599453,0.4491455219276864,5.683579767338681,5.450551255652365,6.734591659972948,6.070662205829822,3.6375861597263857,2.5126460035334084
5.0106352940962555,4.445544426749246,3.332204510175204,3.516315412877096,0.6931471805599453,1.1767977133508531,0.6931471805599453,0.09950353977992117,5.700443573390687,6.998299816872988,6.734591659972948,5.9170042327127454,3.6375861597263857,3.280088636469208
5.030437921392435,3.6390752789921765,3.332204510175204,3.0146716942533454,0.6931471805599453,2.5018802432110263,0.6931471805599453,0.0,5.68697535633982,6.674730741286588,6.739336627357174,5.868763292610714,3.6375861597263857,2.982856184136382
5.030437921392435,4.268694092385126,3.332204510175204,4.376975364803922,0.6931471805599453,2.723497100998885,0.6931471805599453,0.0005022231440213604,5.697093486505405,3.530457492348488,6.75343791859778,6.437587863176583,3.6375861597263857,2.162287088048937
5.087596335232384,3.9373058865898347,3.332204510175204,3.653148309466919,0.6931471805599453,2.3210791794242125,0.6931471805599453,0.0,5.6937321388027,6.263617065952542,6.759255270663693,5.449306121992015,3.713572066704308,0.989856309295732
