S1213_Actual,S1213_Simulated,RedundantThrowsDeclarationCheck_Actual,RedundantThrowsDeclarationCheck_Simulated,S1488_Actual,S1488_Simulated,S1905_Actual,S1905_Simulated,DuplicatedBlocks_Actual,DuplicatedBlocks_Simulated,S00112_Actual,S00112_Simulated,S1151_Actual,S1151_Simulated
5.003946305945459,4.189295074572902,3.332204510175204,3.411590488688553,0.6931471805599453,1.5414280278559198,0.6931471805599453,0.08546578921313353,5.69035945432406,5.00170704510986,6.7339969528486705,6.007955147221165,3.6375861597263857,2.133853788746623
5.003946305945459,4.1343466044023,3.332204510175204,3.2360315378495494,0.6931471805599453,0.47359905598355767,0.6931471805599453,0.1409720138421729,5.683579767338681,4.7275675970760505,6.734591659972948,6.747104172116242,3.6375861597263857,1.803043002106412
5.0106352940962555,4.833265254141979,3.332204510175204,4.4660238486331245,0.6931471805599453,2.0887777925822775,0.6931471805599453,0.7156405828875444,5.700443573390687,5.462167527851182,6.734591659972948,5.93210677069007,3.6375861597263857,1.26201342869143
5.030437921392435,3.9681944051385427,3.332204510175204,3.9376392823971553,0.6931471805599453,2.2356321327617974,0.6931471805599453,0.0,5.68697535633982,4.4739977811155285,6.739336627357174,5.567654166208802,3.6375861597263857,2.119773719897027
5.030437921392435,4.141824519666812,3.332204510175204,4.190117239183908,0.6931471805599453,0.5998782810952017,0.6931471805599453,0.2766067098983835,5.697093486505405,4.96986249076857,6.75343791859778,7.116002459598052,3.6375861597263857,2.06826868863364
5.087596335232384,4.058759632995299,3.332204510175204,3.784258512281186,0.6931471805599453,0.5713201072003558,0.6931471805599453,0.0,5.6937321388027,4.090363407749537,6.759255270663693,6.096488644916983,3.713572066704308,3.3379212150997626
