RedundantThrowsDeclarationCheck_Actual,RedundantThrowsDeclarationCheck_Simulated,S1488_Actual,S1488_Simulated,DuplicatedBlocks_Actual,DuplicatedBlocks_Simulated,S00112_Actual,S00112_Simulated
3.258096538021482,3.3944648510557793,1.3862943611198906,1.539752183574873,6.016157159698354,4.9970275798126575,7.00397413672268,5.996123387695626
3.332204510175204,3.855596518488158,0.6931471805599453,1.4483700930556007,5.713732805509369,4.804638884673363,6.760414691083428,4.963200390983924
3.332204510175204,2.787131696343718,0.6931471805599453,1.0193104385557765,5.71042701737487,6.588854932695799,6.7357800142423265,6.3359301392940495
3.332204510175204,3.1152899478395177,0.6931471805599453,2.450670601648058,5.683579767338681,6.077513467920701,6.734591659972948,6.663898677857594
3.332204510175204,3.5024810277610343,0.6931471805599453,0.9772222547111858,5.69035945432406,3.5291644840727048,6.738152494595957,6.423978038834598
3.332204510175204,4.902394063807636,0.6931471805599453,1.1964484082575715,5.697093486505405,5.085523064217325,6.7580945044277305,6.052062160886286
