RedundantThrowsDeclarationCheck_Actual,RedundantThrowsDeclarationCheck_Simulated,S1488_Actual,S1488_Simulated,DuplicatedBlocks_Actual,DuplicatedBlocks_Simulated,S00112_Actual,S00112_Simulated
3.332204510175204,3.3944648510557793,0.6931471805599453,1.539752183574873,5.683579767338681,4.9970275798126575,6.734591659972948,5.996123387695626
3.332204510175204,3.871772065280057,0.6931471805599453,2.6470110985909017,5.69035945432406,5.600919544459659,6.738152494595957,4.693786121472615
3.332204510175204,3.6454542206684657,0.6931471805599453,1.719966510434236,5.697093486505405,3.8781141744805936,6.7580945044277305,5.89100778342872
