RedundantThrowsDeclarationCheck_Actual,RedundantThrowsDeclarationCheck_Simulated,S1488_Actual,S1488_Simulated,DuplicatedBlocks_Actual,DuplicatedBlocks_Simulated,S00112_Actual,S00112_Simulated
3.258096538021482,3.3944648510557793,1.3862943611198906,1.539752183574873,6.016157159698354,4.9970275798126575,7.00397413672268,5.996123387695626
3.332204510175204,2.104006666208216,0.6931471805599453,1.7395614304767972,5.713732805509369,5.655683701189755,6.760414691083428,4.6552919043349466
3.332204510175204,4.231595373135042,0.6931471805599453,0.3873016279205168,5.71042701737487,4.731945111350909,6.7357800142423265,5.005415232106606
3.332204510175204,2.863804014271348,0.6931471805599453,0.4772454983160177,5.683579767338681,6.3576408452104936,6.734591659972948,7.05108187696485
3.332204510175204,3.3198433538836563,0.6931471805599453,1.5577571394836613,5.69035945432406,5.230338126214583,6.738152494595957,4.726579136074176
3.332204510175204,4.369143978821941,0.6931471805599453,2.040692730901715,5.697093486505405,5.662557697520501,6.7580945044277305,6.709779075080981
