RedundantThrowsDeclarationCheck_Actual,RedundantThrowsDeclarationCheck_Simulated,S00122_Actual,S00122_Simulated,S1905_Actual,S1905_Simulated,UselessImportCheck_Actual,UselessImportCheck_Simulated,DuplicatedBlocks_Actual,DuplicatedBlocks_Simulated,S1226_Actual,S1226_Simulated,S1155_Actual,S1155_Simulated,S1151_Actual,S1151_Simulated,S1132_Actual,S1132_Simulated,S1481_Actual,S1481_Simulated
0.0,0.0,0.0,0.0,0.0,0.0,0.23270468455819335,1.6557522151099306,0.0,0.0,0.0,0.0,0.0,0.0,0.021599111803461798,0.3406805409594244,0.0,0.0,0.021599111803461798,0.3406805409594244
0.0,0.0,0.0,0.0,0.0,0.0,0.19029550263309924,2.251093295728822,0.0,0.0,0.0,0.0,0.0,0.0,0.017316450011460875,0.3032051384954534,0.0,0.0,0.017316450011460875,0.24547633149143158
0.0,1.268539830218059e-06,0.0,8.378041888866836e-07,0.0,0.0,0.1460078224319825,2.600627546145947,0.0,0.0,0.0,0.0,0.0,0.0,0.0130153681120703,0.10758930525858451,0.0,1.560503029726675e-06,0.0130153681120703,0.2617014646976919
0.0,0.0,0.0,0.0,0.0,0.0,0.09966748517328153,0.7250601626186444,0.0,0.0,0.0,0.0,0.0,0.0,0.008695706967553821,0.6120298518812178,0.0,2.6478093349283334e-06,0.008695706967553821,0.4593690698226883
0.0,0.0,0.0,0.0,0.0,0.0,0.05107492993641579,1.6552936613612523,0.0,0.0,0.0,0.0,0.0,2.49961974391663e-06,0.00435730536895569,0.7285305771170123,0.0,0.0,0.00435730536895569,0.6963641314885097
0.0,0.0,0.0,0.0,0.0,0.0,0.0,2.8278238539411333,0.0,0.0,0.0,1.3616026311938424e-06,0.0,0.0,0.0,0.3793474946028074,0.0,0.0,0.0,0.30343789426064655
