RedundantThrowsDeclarationCheck_Actual,RedundantThrowsDeclarationCheck_Simulated,S00122_Actual,S00122_Simulated,S1905_Actual,S1905_Simulated,UselessImportCheck_Actual,UselessImportCheck_Simulated,DuplicatedBlocks_Actual,DuplicatedBlocks_Simulated,S1226_Actual,S1226_Simulated,S1155_Actual,S1155_Simulated,S1151_Actual,S1151_Simulated,S1132_Actual,S1132_Simulated,S1481_Actual,S1481_Simulated
0.0,0.0,0.0,0.0,0.0,0.0,0.23270468455819335,1.6557522151099306,0.0,0.0,0.0,0.0,0.0,0.0,0.021599111803461798,0.3406805409594244,0.0,0.0,0.021599111803461798,0.3406805409594244
0.0,0.0,0.0,0.0,0.0,0.0,0.19029550263309924,1.4813501246322525,0.0,1.342538682861689e-07,0.0,0.0,0.0,3.7690963364451187e-07,0.017316450011460875,0.4075140790427561,0.0,0.0,0.017316450011460875,0.48942655546803787
0.0,0.0,0.0,0.0,0.0,2.3154209298299871e-07,0.1460078224319825,1.422474311935947,0.0,0.0,0.0,0.0,0.0,0.0,0.0130153681120703,0.3841452516022251,0.0,1.217196464960951e-06,0.0130153681120703,0.16079607730239415
0.0,0.0,0.0,0.0,0.0,0.0,0.09966748517328153,1.5567159693578871,0.0,0.0,0.0,0.0,0.0,0.0,0.008695706967553821,0.3931908519067199,0.0,0.0,0.008695706967553821,0.26492689203281067
0.0,0.0,0.0,0.0,0.0,0.0,0.05107492993641579,1.3044665200369534,0.0,0.0,0.0,0.0,0.0,0.0,0.00435730536895569,0.5829639616621822,0.0,0.0,0.00435730536895569,0.3923492874710991
0.0,0.0,0.0,0.0,0.0,0.0,0.0,2.110457488763008,0.0,0.0,0.0,8.055455391349521e-07,0.0,0.0,0.0,0.3926883867140726,0.0,0.0,0.0,0.44824423856040185
