S1213_Actual,S1213_Simulated,RedundantThrowsDeclarationCheck_Actual,RedundantThrowsDeclarationCheck_Simulated,S00117_Actual,S00117_Simulated,S1488_Actual,S1488_Simulated,DuplicatedBlocks_Actual,DuplicatedBlocks_Simulated,S00112_Actual,S00112_Simulated,S00108_Actual,S00108_Simulated,S1151_Actual,S1151_Simulated,S1132_Actual,S1132_Simulated,S1481_Actual,S1481_Simulated
1.6094379124341003,1.5756497927369877,1.0608719606852626,0.25241187134073034,0.0,0.18529177914319295,0.6931471805599453,0.6743462050229961,1.9459101490553132,2.628571057555208,4.243721963296702,3.400715103324849,1.0986122886681098,0.9743739085513304,1.6094379124341003,1.566371245538988,1.0986122886681098,1.0986074641099446,0.0,0.28515064114304844
1.6094379124341003,1.652844851096401,1.0685348334308318,0.19161342983453744,0.0,0.37192573057304756,0.6931471805599453,0.6124402992443184,1.9459101490553132,2.5830348475477156,4.244678443522658,4.8108667267761716,1.0986122886681098,0.6892082323118756,1.6094379124341003,1.6165086326372993,1.0986122886681098,1.0986085162621506,0.0,0.0
1.6094379124341003,1.6994194424780862,1.076139432816051,0.0,0.0,0.499700138161297,0.6931471805599453,0.7736315058793095,1.9459101490553132,2.8265843999780635,4.2456340097683265,2.0678079327358856,1.0986122886681098,0.8423468800279259,1.6094379124341003,1.6621270019937158,1.0986122886681098,1.0986033393604608,0.0,0.11174205305340279
1.6094379124341003,1.1906312746044514,1.083686638451434,0.08314236767561128,0.0,0.09697220227411231,0.6931471805599453,0.7116688762946831,1.9459101490553132,2.00600338565971,4.246588663778778,2.8815687316624574,1.0986122886681098,1.0905413196820326,1.6094379124341003,1.6707132629305088,1.0986122886681098,1.0986071076163564,0.0,0.4826970532204714
1.6094379124341003,1.760399051855799,1.0911773101805915,0.22028612903990474,0.0,0.3163474655504218,0.6931471805599453,0.6381848495020819,1.9459101490553132,2.1867758649466773,4.2475424072940875,3.278581488090967,1.0986122886681098,0.6430688956048694,1.6094379124341003,1.6331660772563776,1.0986122886681098,1.098605774263737,0.0,0.2088644929723782
1.6094379124341003,1.5502117084250688,1.0986122886681098,0.012824643176918421,0.0,0.5194274642345783,0.6931471805599453,0.5753578447144385,1.9459101490553132,1.7431094095794961,4.248495242049359,3.9397280567930117,1.0986122886681098,1.1299136768744495,1.6094379124341003,1.4740887841888828,1.0986122886681098,1.0986058644793246,0.0,0.5408926808820873
