S1213_Actual,S1213_Simulated,RedundantThrowsDeclarationCheck_Actual,RedundantThrowsDeclarationCheck_Simulated,S1488_Actual,S1488_Simulated,S1905_Actual,S1905_Simulated,DuplicatedBlocks_Actual,DuplicatedBlocks_Simulated,S1226_Actual,S1226_Simulated,S00112_Actual,S00112_Simulated,S1151_Actual,S1151_Simulated
5.030437921392435,4.258518755013716,3.332204510175204,3.6797685849054034,0.6931471805599453,1.7700568549606421,0.6931471805599453,0.06237811185346072,5.697093486505405,5.424470066708556,0.0,3.037639979308254,6.75343791859778,6.418428521230242,3.6375861597263857,2.4804987608360896
5.087596335232384,3.964668763147208,3.332204510175204,3.4665757172022458,0.6931471805599453,1.3726926267981254,0.6931471805599453,0.3351670815819764,5.6937321388027,5.922297815596007,0.0,5.153700463662933,6.759255270663693,6.014112081709939,3.713572066704308,2.0731072095174845
