S1213_Actual,S1213_Simulated,RedundantThrowsDeclarationCheck_Actual,RedundantThrowsDeclarationCheck_Simulated,S1488_Actual,S1488_Simulated,S1905_Actual,S1905_Simulated,DuplicatedBlocks_Actual,DuplicatedBlocks_Simulated,S1226_Actual,S1226_Simulated,S00112_Actual,S00112_Simulated,S1151_Actual,S1151_Simulated
5.003946305945459,4.258518755013716,3.332204510175204,3.6797685849054034,0.6931471805599453,1.7700568549606421,0.6931471805599453,0.06237811185346072,5.69035945432406,5.424470066708556,0.0,3.037639979308254,6.7339969528486705,6.418428521230242,3.6375861597263857,2.4804987608360896
5.003946305945459,4.213888716517597,3.332204510175204,3.8860995639280627,0.6931471805599453,1.4814057030421104,0.6931471805599453,0.02625253362309833,5.683579767338681,4.434477649047295,0.0,2.6078292852785845,6.734591659972948,6.195185731786682,3.6375861597263857,2.43543502341658
5.0106352940962555,5.068153776380292,3.332204510175204,4.058007748774253,0.6931471805599453,1.769363670115395,0.6931471805599453,0.0,5.700443573390687,6.107968768615173,0.0,0.0,6.734591659972948,6.105975470047018,3.6375861597263857,2.1271665248265124
5.030437921392435,4.366742886536664,3.332204510175204,3.612177638275241,0.6931471805599453,1.9613072870076544,0.6931471805599453,0.33539637536069805,5.68697535633982,4.944654950601138,0.0,0.0,6.739336627357174,6.583998110410689,3.6375861597263857,2.0624228565542504
5.030437921392435,3.9324616163385406,3.332204510175204,4.0128185710886655,0.6931471805599453,1.3155329655154362,0.6931471805599453,0.0,5.697093486505405,5.245780799798605,0.0,5.4026482804682,6.75343791859778,6.089977115920853,3.6375861597263857,2.495140348258519
5.087596335232384,4.0394861314093635,3.332204510175204,3.8288070474388234,0.6931471805599453,1.9337718178804009,0.6931471805599453,0.0,5.6937321388027,5.892759876841482,0.0,7.087316948620865,6.759255270663693,5.8585742338583495,3.713572066704308,2.4599055145378395
