S1213_Actual,S1213_Simulated,RedundantThrowsDeclarationCheck_Actual,RedundantThrowsDeclarationCheck_Simulated,S1488_Actual,S1488_Simulated,S1905_Actual,S1905_Simulated,DuplicatedBlocks_Actual,DuplicatedBlocks_Simulated,S1226_Actual,S1226_Simulated,S00112_Actual,S00112_Simulated,S1151_Actual,S1151_Simulated
5.003946305945459,4.258518755013716,3.332204510175204,3.6797685849054034,0.6931471805599453,1.7700568549606421,0.6931471805599453,0.06237811185346072,5.69035945432406,5.424470066708556,0.0,3.037639979308254,6.7339969528486705,6.418428521230242,3.6375861597263857,2.4804987608360896
5.003946305945459,4.966753319253418,3.332204510175204,3.8883331740691216,0.6931471805599453,1.8912758313237992,0.6931471805599453,0.0,5.683579767338681,4.986906390895245,0.0,0.5876220939902521,6.734591659972948,7.1155895681092,3.6375861597263857,2.4892037306938435
5.0106352940962555,4.046755669764322,3.332204510175204,3.903579173900174,0.6931471805599453,2.0542986118380435,0.6931471805599453,0.0,5.700443573390687,6.013619217231294,0.0,1.910959129148455,6.734591659972948,6.2297376071065065,3.6375861597263857,1.854418443329845
5.030437921392435,4.632884017771556,3.332204510175204,3.336592308598322,0.6931471805599453,2.269984651971325,0.6931471805599453,0.03655929274465536,5.68697535633982,5.367944867192439,0.0,5.660812631166227,6.739336627357174,6.367389610569929,3.6375861597263857,2.490761705259209
5.030437921392435,4.353877984352663,3.332204510175204,3.4533585921046432,0.6931471805599453,1.8212322696275973,0.6931471805599453,0.00736507729618556,5.697093486505405,5.3715167474267815,0.0,6.162489419923039,6.75343791859778,6.372679674841385,3.6375861597263857,2.9683976166553463
5.087596335232384,4.166814739292591,3.332204510175204,3.3676557680681807,0.6931471805599453,1.5687712204296234,0.6931471805599453,0.24535914033480483,5.6937321388027,5.459834908558799,0.0,4.621246476736243,6.759255270663693,5.702734760434631,3.713572066704308,2.691406189938127
