S1488_Actual,S1488_Simulated,UselessImportCheck_Actual,UselessImportCheck_Simulated,DuplicatedBlocks_Actual,DuplicatedBlocks_Simulated,S00112_Actual,S00112_Simulated,S1155_Actual,S1155_Simulated,S1132_Actual,S1132_Simulated,S1481_Actual,S1481_Simulated
1.0986122886681098,1.0077415013145123,0.6931471805599453,0.9610498910441571,1.8803128665695001,2.3875430850499346,3.332204510175204,1.6889869029199953,0.0,0.0,0.0,0.18393647179709674,0.44183275227903923,1.0812651235231558
1.0986122886681098,0.7484885886330737,0.6931471805599453,0.2717468451068429,1.8632184332102,1.7344221064688667,3.332204510175204,1.468081912849245,0.0,3.190839414414847e-07,0.0,0.0,0.36772478012531734,1.6659302697422675
1.0986122886681098,1.1782272669536724,0.6931471805599453,0.07590491969037538,1.8458266904983307,3.204924336004727,3.332204510175204,2.2692749975103528,0.0,0.0,0.0,0.0,0.2876820724517809,0.5092779178080313
1.0986122886681098,0.891059937610547,0.6931471805599453,0.5848714101850832,1.8281271133989299,1.3054081802336852,3.332204510175204,1.4148388938738443,0.0,0.0,0.0,0.47134749509238527,0.20067069546215122,1.0648112630838977
1.0986122886681098,1.0507924628599268,0.6931471805599453,0.7258372312465626,1.8101086078962514,3.4126284652005303,3.332204510175204,1.9163080767999539,0.0,1.017532284871158e-06,0.0,0.3804113999072038,0.1053605156578263,0.8212253313758616
1.0986122886681098,1.2527742042192063,0.6931471805599453,0.19353364413357121,1.791759469228055,2.9210000040554873,3.332204510175204,1.7405566859474397,0.0,0.0,0.0,0.026081678535248537,0.0,0.7478962599927387
