RedundantThrowsDeclarationCheck_Actual,RedundantThrowsDeclarationCheck_Simulated,S1488_Actual,S1488_Simulated,S1905_Actual,S1905_Simulated,UselessImportCheck_Actual,UselessImportCheck_Simulated,S00108_Actual,S00108_Simulated
4.6913478822291435,5.156074832496742,3.258096538021482,3.697697263544742,2.70805020110221,3.461420735491537,4.574710978503383,4.495037878812216,1.3862943611198906,1.6954226165372368
4.955827057601261,4.974851360696091,3.258096538021482,3.3262113576975936,2.70805020110221,4.452981097554499,3.970291913552122,4.714156405974679,1.3862943611198906,1.6906988813504775
4.969813299576001,4.687938411296449,3.258096538021482,4.281655558344114,2.70805020110221,3.1781982090134613,4.143134726391533,4.960341828885504,1.3862943611198906,2.1781669322771338
4.969813299576001,5.446471169673366,3.258096538021482,4.453994644601116,2.70805020110221,6.723515890893979,4.127134385045092,4.483318680637593,1.3862943611198906,1.6503784363043548
4.962844630259907,7.091157365287088,3.5553480614894135,1.9872357129600766,2.5649493574615367,3.46601418879993,4.248495242049359,3.965801455849882,1.3862943611198906,1.601955810203485
4.962844630259907,4.71430774980085,3.5553480614894135,3.8041444351129705,2.5649493574615367,2.5472391574777067,4.23410650459726,4.666391194546695,1.3862943611198906,1.6315845647068945
