RedundantThrowsDeclarationCheck_Actual,RedundantThrowsDeclarationCheck_Simulated,S1488_Actual,S1488_Simulated,S1905_Actual,S1905_Simulated,UselessImportCheck_Actual,UselessImportCheck_Simulated,S00108_Actual,S00108_Simulated
4.6913478822291435,5.156074832496742,3.258096538021482,3.697697263544742,2.70805020110221,3.461420735491537,4.574710978503383,4.495037878812216,1.3862943611198906,1.6954226165372368
4.955827057601261,3.832065437797688,3.258096538021482,2.70527425815703,2.70805020110221,3.354017105961529,3.970291913552122,4.368615765837279,1.3862943611198906,1.67351990714054
4.969813299576001,5.178082346099498,3.258096538021482,3.8060877590077964,2.70805020110221,4.163127238800549,4.143134726391533,4.336570816711526,1.3862943611198906,1.638559745476997
4.969813299576001,4.953912522182328,3.258096538021482,3.1251195293733405,2.70805020110221,3.994230160520308,4.127134385045092,4.738472418727894,1.3862943611198906,1.9684424943690078
4.962844630259907,5.706556189285905,3.5553480614894135,3.71303871602696,2.5649493574615367,4.245432758404714,4.248495242049359,4.515825138371819,1.3862943611198906,1.8950215166507791
4.962844630259907,6.519520494514919,3.5553480614894135,3.8585598696472543,2.5649493574615367,4.20884930674926,4.23410650459726,4.224735813888568,1.3862943611198906,1.4989737339656155
