,Actual_last_5_vals,Mean_Simulation,Simulated_24,Simulated_5,Simulated_6,Simulated_13,Simulated_1,Simulated_21,Simulated_19,Simulated_25,Simulated_20,Simulated_3,Simulated_2,Simulated_18,Simulated_17,Simulated_15,Simulated_29,Simulated_10,Simulated_7,Simulated_27,Simulated_8,Simulated_11,Simulated_16,Simulated_14,Simulated_12,Simulated_0,Simulated_23,Simulated_26,Simulated_28,Simulated_4,Simulated_22,Simulated_9
0,5497.177777777778,,,,,,,,,,,,,,,,,,,,,,,,,,,,,,,
1,5507.133333333333,,,,,,,,,,,,,,,,,,,,,,,,,,,,,,,
2,5517.0888888888885,,,,,,,,,,,,,,,,,,,,,,,,,,,,,,,
3,5527.044444444445,,,,,,,,,,,,,,,,,,,,,,,,,,,,,,,
4,5537.0,,,,,,,,,,,,,,,,,,,,,,,,,,,,,,,
5,,4208.94,4208.94,4208.94,4208.94,4208.94,4208.94,4208.94,4208.94,4208.94,4208.94,4208.94,4208.94,4208.94,4208.94,4208.94,4208.94,4208.94,4208.94,4208.94,4208.94,4208.94,4208.94,4208.94,4208.94,4208.94,4208.94,4208.94,4208.94,4208.94,4208.94,4208.94
6,,4636.36,4613.3,4609.37,4698.11,4538.76,4525.5,4769.22,4771.77,4487.99,4816.07,4877.65,4902.18,4367.51,5011.57,4197.87,5127.84,4138.81,4126.66,4046.19,4020.49,4020.12,3990.01,3866.1,5457.29,5458.58,5462.21,5493.23,5811.48,3116.36,3014.05,6754.41
7,MAE,,11.53,13.49,30.88,48.8,55.43,66.43,67.71,74.18,89.86,120.64,132.91,134.42,187.6,219.24,245.74,248.77,254.85,295.08,307.93,308.12,323.17,385.13,410.47,411.11,412.93,428.43,587.56,760.0,811.15,1059.03
