RedundantThrowsDeclarationCheck_Actual,RedundantThrowsDeclarationCheck_Simulated,S00117_Actual,S00117_Simulated,S00122_Actual,S00122_Simulated,S1905_Actual,S1905_Simulated,UselessImportCheck_Actual,UselessImportCheck_Simulated,DuplicatedBlocks_Actual,DuplicatedBlocks_Simulated,S1226_Actual,S1226_Simulated,S00112_Actual,S00112_Simulated,S00108_Actual,S00108_Simulated,S1151_Actual,S1151_Simulated,S1481_Actual,S1481_Simulated
1.791759469228055,1.3145347176935454,3.332204510175204,3.0269541224917087,1.0986122886681098,0.664494912609079,0.0,0.3594804897243226,0.0,0.045143420275289774,3.258096538021482,2.5343843620444226,4.770684624465665,4.506338197135906,4.996729531780326,4.339183241919254,0.0,0.1303948359032745,2.302585092994046,1.5851806544732807,0.6567795363890704,0.4960677056471013
1.791759469228055,1.0653454996759018,3.332204510175204,2.7809689036207406,1.0986122886681098,0.5517743616905517,0.0,0.0,0.0,0.21306329436373575,3.258096538021482,2.404293409960945,4.770684624465665,4.344544684072339,4.997212273764115,4.592542486447879,0.0,0.7300675769645361,2.302585092994046,1.6534709460048316,0.6931471805599453,0.5127515861248144
