RedundantThrowsDeclarationCheck_Actual,RedundantThrowsDeclarationCheck_Simulated,S00122_Actual,S00122_Simulated,UselessImportCheck_Actual,UselessImportCheck_Simulated,DuplicatedBlocks_Actual,DuplicatedBlocks_Simulated,S00112_Actual,S00112_Simulated,S1155_Actual,S1155_Simulated,S00108_Actual,S00108_Simulated,S1151_Actual,S1151_Simulated,S1132_Actual,S1132_Simulated
3.367295829986474,3.182826244321462,0.0,0.17804065448848427,0.0,1.0120744067826586,3.784189633918261,3.1131672510296626,5.181783550292085,3.495480419818657,1.3862943611198906,1.4002786624897638,4.844187086458591,4.465479026967496,0.6931471805599453,0.3168034653383228,3.044522437723423,2.3619558113018173
3.367295829986474,3.289381264276197,0.0,0.0,0.0,2.1348945646728446,3.784189633918261,3.0488622998565877,5.181783550292085,2.6661157249679155,1.3862943611198906,0.7315521225662203,4.844187086458591,3.003380309999955,0.6931471805599453,0.0,3.044522437723423,1.5185725915859698
3.367295829986474,3.2383844485715976,0.0,0.0,0.0,0.0,3.784189633918261,1.4209596667202382,5.181783550292085,4.557257970195561,1.3862943611198906,0.8797739409018273,4.844187086458591,3.7213190324012326,0.6931471805599453,0.0,3.044522437723423,3.0489317739993798
3.367295829986474,3.461874720187146,0.0,0.481913696988934,0.0,1.4513007183393623,3.784189633918261,3.0446932169840175,5.181783550292085,2.578845804850932,1.3862943611198906,1.4678090127374435,4.844187086458591,4.130644129255817,0.6931471805599453,0.2087222673759815,3.044522437723423,2.2871904744098184
3.367295829986474,3.757119749612037,0.0,0.27605375886911787,0.0,2.1136493742045204,3.784189633918261,3.2171728289813943,5.181783550292085,2.0218271477116723,1.3862943611198906,1.237967226418508,4.844187086458591,4.5931864635436055,0.6931471805599453,0.8734674666051415,3.044522437723423,2.1742937363068506
3.367295829986474,2.808323424095565,0.0,0.27209472539109164,0.0,1.6943501184806478,3.784189633918261,2.246516315969732,5.181783550292085,4.562148776749993,1.3862943611198906,1.1585059629350467,4.844187086458591,4.251984296202572,0.6931471805599453,0.0,3.044522437723423,1.019880545980312
