RedundantThrowsDeclarationCheck_Actual,RedundantThrowsDeclarationCheck_Simulated,S00117_Actual,S00117_Simulated,S1226_Actual,S1226_Simulated,S00112_Actual,S00112_Simulated,S1155_Actual,S1155_Simulated,S00108_Actual,S00108_Simulated,S1132_Actual,S1132_Simulated,S1481_Actual,S1481_Simulated
2.4849066497880004,3.5752879838039395,3.7376696182833684,3.697392449979346,2.5649493574615367,3.5879241157460826,4.844187086458591,4.276680021083757,0.0,1.7109182803350094,1.3862943611198906,0.5443390143275862,2.9444389791664403,4.1497156410950025,1.0986122886681098,3.437301328727192
2.4849066497880004,4.503367073600052,3.728100167267218,4.988360761672402,2.5649493574615367,3.3880581233420117,4.847331743138063,4.448969587505008,0.0,1.4555479490293213,1.3862943611198906,0.0,2.9444389791664403,7.01195291095466,1.0986122886681098,4.313687361271925
2.4849066497880004,2.2842164644063603,3.7184382563554808,4.288857942709829,2.5649493574615367,3.906199649141607,4.850466541943434,4.523835043259838,0.0,0.0,1.3862943611198906,0.356089764142388,2.9444389791664403,5.388714444446528,1.0986122886681098,5.034990777365
2.4849066497880004,3.038933336405986,3.708682081410116,4.555746942630589,2.5649493574615367,3.332708584943778,4.853591544486569,3.657168783246921,0.0,0.0,1.3862943611198906,0.20489942086243346,2.9444389791664403,4.175044113782935,1.0986122886681098,5.882441986707143
2.4849066497880004,4.477823777128192,3.6988297849671046,3.467828295917296,2.5649493574615367,1.9453186059336849,4.856706811803519,4.788050291983276,0.0,0.2639176515007282,1.3862943611198906,1.0142198905411173,2.9444389791664403,3.410599497864774,1.0986122886681098,6.217800076744922
2.4849066497880004,3.968317681746351,3.6888794541139363,3.5781209876263214,2.5649493574615367,4.039826771719744,4.859812404361672,5.645610829898377,0.0,2.521221188081423,1.3862943611198906,0.0,2.9444389791664403,5.853503635555137,1.0986122886681098,1.78093961684856
