S1213_Actual,S1213_Simulated,S00122_Actual,S00122_Simulated,S1488_Actual,S1488_Simulated,S1226_Actual,S1226_Simulated,S00112_Actual,S00112_Simulated,S1155_Actual,S1155_Simulated,S00108_Actual,S00108_Simulated,S1151_Actual,S1151_Simulated,S1132_Actual,S1132_Simulated
0.0367013668504281,0.8654164806904682,0.0,0.19170098661429782,0.0,0.051733357324998425,0.0,0.11196008221551346,0.018519047767237597,0.46128570284664755,0.0,0.046991420998253174,0.0,0.19702941544705932,0.018519047767237597,0.6025512276968152,0.0,0.5169270278182613
0.018519047767237697,1.123647100904663,0.0,0.07483833401962857,0.0,0.0,0.0,0.1483364868311147,0.009302392662313554,0.09667787906228897,0.0,0.0,0.0,0.8017132843639477,0.009302392662313554,0.439554310258743,0.0,1.2958009950948601
0.0,0.7419048458845569,0.0,0.9301376208182847,0.0,0.0,0.0,0.22952780526372463,0.0,1.6592374080678098,0.0,0.0,0.0,0.0,0.0,0.6445057704757772,0.0,2.169685677820963
