RedundantThrowsDeclarationCheck_Actual,RedundantThrowsDeclarationCheck_Simulated,S00117_Actual,S00117_Simulated,S1226_Actual,S1226_Simulated,S1155_Actual,S1155_Simulated,S1132_Actual,S1132_Simulated
0.0,0.48069730238805325,0.0,0.3330249998781985,0.0,0.4384588908821911,0.0,0.366611078015905,0.0,0.22552910144113708
0.0,1.483538522325189,0.0,1.5440128198581775,0.0,0.5353142117823743,0.0,0.2069521728637362,0.0,0.4590421704716715
0.0,0.0,0.0,0.5931246406538326,0.0,1.1370861271563009,0.0,0.0,0.0,0.43052030911047723
0.0,0.0,0.0,0.7115284939884107,0.0,0.4386366040899081,0.0,0.0,0.0,0.0
0.0,0.191009877685832,0.0,0.0,0.0,0.0,0.0,0.0,0.0,0.5448538007446473
0.0,2.093493177487113,0.0,0.6434685622634412,0.0,0.45676425352805006,0.0,0.813786568974117,0.0,0.0
