RedundantThrowsDeclarationCheck_Actual,RedundantThrowsDeclarationCheck_Simulated,S00117_Actual,S00117_Simulated,S1226_Actual,S1226_Simulated,S1155_Actual,S1155_Simulated,S1132_Actual,S1132_Simulated
0.0,0.48069730238805325,0.0,0.3330249998781985,0.0,0.4384588908821911,0.0,0.366611078015905,0.0,0.22552910144113708
0.0,1.331914712952354,0.0,0.5856857509657489,0.0,0.6648370078191435,0.0,1.6026612959992712,0.0,0.6602229759505109
0.0,0.0,0.0,0.7275632885882173,0.0,0.7652019232378597,0.0,0.05001464984080112,0.0,0.1191125019381908
