RedundantThrowsDeclarationCheck_Actual,RedundantThrowsDeclarationCheck_Simulated,S00117_Actual,S00117_Simulated,S1226_Actual,S1226_Simulated,S1155_Actual,S1155_Simulated,S1132_Actual,S1132_Simulated
0.0,0.48069730238805325,0.0,0.3330249998781985,0.0,0.4384588908821911,0.0,0.366611078015905,0.0,0.22552910144113708
0.0,0.42973969044354593,0.0,0.21894450894883186,0.0,0.14599507258015887,0.0,0.0,0.0,0.5290024385988759
0.0,1.0660319558548037,0.0,0.36745113804888274,0.0,1.486954610024786,0.0,1.358820297101801,0.0,0.05460544750265306
