RedundantThrowsDeclarationCheck_Actual,RedundantThrowsDeclarationCheck_Simulated,S00117_Actual,S00117_Simulated,S1488_Actual,S1488_Simulated,S1226_Actual,S1226_Simulated,S1155_Actual,S1155_Simulated,S1132_Actual,S1132_Simulated,S1481_Actual,S1481_Simulated
1.0663514264498883,0.26424494468692766,0.0,0.18857179510065186,0.6931471805599453,0.6742804700449279,0.0,0.0,1.0986122886681098,1.1085934909171022,1.0986122886681098,1.098607464109944,0.0,0.2632049367457456
1.0826119473216684,0.1638309811155157,0.0,0.2403927455635076,0.6931471805599453,0.4990736593056981,0.0,0.0,1.0986122886681098,1.1314025788746465,1.0986122886681098,1.0986088396239921,0.0,0.0
1.0986122886681098,0.2994634869557699,0.0,0.03924475418868201,0.6931471805599453,0.6206585524563837,0.0,0.0,1.0986122886681098,1.2049072217520123,1.0986122886681098,1.0985990056689352,0.0,0.0
