RedundantThrowsDeclarationCheck_Actual,RedundantThrowsDeclarationCheck_Simulated,S00117_Actual,S00117_Simulated,S1488_Actual,S1488_Simulated,S1226_Actual,S1226_Simulated,S00112_Actual,S00112_Simulated,S1155_Actual,S1155_Simulated,S1132_Actual,S1132_Simulated
1.0159205728229963,0.26424494468692766,0.0,0.18857179510065186,0.6931471805599453,0.6742804700449279,0.0,0.0,4.23823874188217,3.4160510287931776,1.0986122886681098,1.1085934909171022,1.0986122886681098,1.098607464109944
1.0330150061822962,0.35036947673060076,0.0,0.26495748201331937,0.6931471805599453,0.7113665501150327,0.0,0.0,4.24029847484518,3.5159922540049955,1.0986122886681098,1.133441609767794,1.0986122886681098,1.0986045178354487
1.0498221244986776,0.036428872595339196,0.0,0.4027172144042769,0.6931471805599453,0.7192731418232762,0.0,0.0,4.242353974027276,3.08439421220861,1.0986122886681098,1.0817823782715945,1.0986122886681098,1.0986069420389275
1.0663514264498883,0.0,0.0,0.14312490566539496,0.6931471805599453,0.6132830327388454,0.0,0.0,4.244405256797834,1.8890089245619321,1.0986122886681098,1.022922573329524,1.0986122886681098,1.098605131013648
1.0826119473216684,0.36385478074239846,0.0,0.25194318915796327,0.6931471805599453,0.5895779581473042,0.0,0.0,4.246452340419559,3.8858077649858056,1.0986122886681098,1.0649777039268635,1.0986122886681098,1.0986053501010058
1.0986122886681098,0.0,0.0,0.44484973245823706,0.6931471805599453,0.6707005508331475,0.0,0.0,4.248495242049359,3.487452699292963,1.0986122886681098,1.1273056744650092,1.0986122886681098,1.0986068806854026
