S1213_Actual,S1213_Simulated,RedundantThrowsDeclarationCheck_Actual,RedundantThrowsDeclarationCheck_Simulated,S00117_Actual,S00117_Simulated,S00122_Actual,S00122_Simulated,S1905_Actual,S1905_Simulated,UselessImportCheck_Actual,UselessImportCheck_Simulated,DuplicatedBlocks_Actual,DuplicatedBlocks_Simulated
5.777652323222656,5.905965091877481,5.707110264748875,5.406354149356674,5.755742213586912,5.623524564790877,6.3080984415095305,6.198847681621536,1.791759469228055,2.218394196647229,2.3978952727983707,3.5535918260069694,5.66988092298052,5.778379256897303
5.777652323222656,5.836216236986539,5.707110264748875,4.943044306499484,5.755742213586912,5.633560113648744,6.3080984415095305,6.283580216778118,1.791759469228055,1.9480707776331718,2.302585092994046,1.3346925537126828,5.66988092298052,6.648828278550058
