S1488_Actual,S1488_Simulated,S1905_Actual,S1905_Simulated,UselessImportCheck_Actual,UselessImportCheck_Simulated,DuplicatedBlocks_Actual,DuplicatedBlocks_Simulated,S00112_Actual,S00112_Simulated,S1155_Actual,S1155_Simulated,S1132_Actual,S1132_Simulated,S1481_Actual,S1481_Simulated
1.0986122886681098,1.1088855841620622,0.0,1.8056633336999126,0.6931471805599453,1.1769031550442708,1.8803128665695001,2.627484856287462,3.332204510175204,1.8688812783663646,0.0,0.0,0.0,0.06701248044621069,0.44183275227903923,1.0016482752473481
1.0986122886681098,1.0946084435855354,0.0,1.2641945098824974,0.6931471805599453,0.9196392938127921,1.8632184332102,3.209872953271656,3.332204510175204,2.9525137418308915,0.0,0.0,0.0,0.13388460058133628,0.36772478012531734,1.4066670959939522
1.0986122886681098,1.1648068039760835,0.0,1.5940624452939214,0.6931471805599453,1.133192670627214,1.8458266904983307,2.974482676234947,3.332204510175204,2.413814937560049,0.0,0.0,0.0,0.0,0.2876820724517809,0.8808803959260458
1.0986122886681098,1.084139185464737,0.0,1.6849083743465298,0.6931471805599453,1.3503201835832472,1.8281271133989299,2.689854233271873,3.332204510175204,2.8822389994667956,0.0,0.0,0.0,0.15892602346986856,0.20067069546215122,1.2029483070960199
1.0986122886681098,1.0171120076896476,0.0,2.1237209009795643,0.6931471805599453,1.2152352467858751,1.8101086078962514,2.8202321246697006,3.332204510175204,1.4190035948774007,0.0,0.0,0.0,0.0,0.1053605156578263,1.2295482989874316
1.0986122886681098,0.9583819276379681,0.0,1.9482822333183634,0.6931471805599453,1.1933823086040407,1.791759469228055,2.110949528451098,3.332204510175204,2.3252916555694005,0.0,0.0,0.0,0.08667007453826772,0.0,1.0046522548219141
