S1488_Actual,S1488_Simulated,S1905_Actual,S1905_Simulated,UselessImportCheck_Actual,UselessImportCheck_Simulated,DuplicatedBlocks_Actual,DuplicatedBlocks_Simulated,S00112_Actual,S00112_Simulated,S1155_Actual,S1155_Simulated,S1132_Actual,S1132_Simulated,S1481_Actual,S1481_Simulated
1.0986122886681098,1.0077415013145123,0.0,1.571048938306501,0.6931471805599453,0.9610498910441571,1.8803128665695001,2.3875430850499346,3.332204510175204,1.6889869029199953,0.0,0.0,0.0,0.18393647179709674,0.44183275227903923,1.0812651235231558
1.0986122886681098,1.1763289741081384,0.0,2.7624733259410013,0.6931471805599453,0.6091107259505983,1.8632184332102,3.069805465006507,3.332204510175204,1.4762008500472072,0.0,0.0,0.0,0.060415373114814264,0.36772478012531734,0.1822003604560447
1.0986122886681098,1.0598561869566219,0.0,1.463653930285673,0.6931471805599453,0.9285940816134618,1.8458266904983307,1.4291342240382754,3.332204510175204,1.1928817867605914,0.0,0.0,0.0,0.0,0.2876820724517809,1.0142177020978211
1.0986122886681098,1.086889967230924,0.0,0.7383548252220168,0.6931471805599453,1.0463770973211555,1.8281271133989299,1.578043007797139,3.332204510175204,1.992514104966688,0.0,0.0,0.0,0.5761292758098826,0.20067069546215122,0.4840859630015766
1.0986122886681098,1.2296520815468506,0.0,0.7429871760774166,0.6931471805599453,1.6925785401972335,1.8101086078962514,2.3071517987292216,3.332204510175204,1.418321978690262,0.0,0.0,0.0,0.667553364187105,0.1053605156578263,1.3533103219839822
1.0986122886681098,0.7901624607539581,0.0,1.3892812163542874,0.6931471805599453,1.4852300829958671,1.791759469228055,1.4713146212450021,3.332204510175204,0.396455658578841,0.0,0.0,0.0,0.08853707532105848,0.0,1.2165176249931362
