S1488_Actual,S1488_Simulated,S1905_Actual,S1905_Simulated,UselessImportCheck_Actual,UselessImportCheck_Simulated,DuplicatedBlocks_Actual,DuplicatedBlocks_Simulated,S00112_Actual,S00112_Simulated,S1155_Actual,S1155_Simulated,S1132_Actual,S1132_Simulated,S1481_Actual,S1481_Simulated
1.0986122886681098,1.1088855841620622,0.0,1.8056633336999126,0.6931471805599453,1.1769031550442708,1.8281271133989299,2.627484856287462,3.332204510175204,1.8688812783663646,0.0,0.0,0.0,0.06701248044621069,0.20067069546215122,1.0016482752473481
1.0986122886681098,0.906380741467198,0.0,1.4688269049755918,0.6931471805599453,1.283388988370708,1.8101086078962514,2.344680440754373,3.332204510175204,1.1948109342651871,0.0,0.0,0.0,0.3452231490861535,0.1053605156578263,1.0386654096955459
1.0986122886681098,1.0282821065192933,0.0,1.1384375654916363,0.6931471805599453,1.3938459682305728,1.791759469228055,3.5643082695244255,3.332204510175204,2.1361055223481507,0.0,0.0,0.0,0.0,0.0,1.314291679818127
