RedundantThrowsDeclarationCheck_Actual,RedundantThrowsDeclarationCheck_Simulated,S00122_Actual,S00122_Simulated,UselessImportCheck_Actual,UselessImportCheck_Simulated,DuplicatedBlocks_Actual,DuplicatedBlocks_Simulated,S00112_Actual,S00112_Simulated,S1155_Actual,S1155_Simulated,S00108_Actual,S00108_Simulated,S1151_Actual,S1151_Simulated,S1481_Actual,S1481_Simulated
3.367295829986474,3.182826244321462,0.0,0.17804065448848427,0.0,1.0120744067826586,3.784189633918261,3.1131672510296626,5.181783550292085,3.495480419818657,1.3862943611198906,1.4002786624897638,4.844187086458591,4.465479026967496,0.6931471805599453,0.3168034653383228,0.0,1.1044258036092558
3.367295829986474,3.430432566865345,0.0,0.14779511352344246,0.0,1.3428991107555255,3.784189633918261,2.017824744515929,5.181783550292085,3.0868551795987984,1.3862943611198906,1.9901941305772117,4.844187086458591,4.227158441123445,0.6931471805599453,0.8989168978652569,0.0,0.0
3.367295829986474,3.4563838105535223,0.0,0.5192449009962525,0.0,0.996811125468296,3.784189633918261,4.302221515368816,5.181783550292085,3.923232492296518,1.3862943611198906,1.484580460469234,4.844187086458591,4.315946094974556,0.6931471805599453,0.5784474225622551,0.0,1.3144259261456286
