RedundantThrowsDeclarationCheck_Actual,RedundantThrowsDeclarationCheck_Simulated,S00122_Actual,S00122_Simulated,UselessImportCheck_Actual,UselessImportCheck_Simulated,DuplicatedBlocks_Actual,DuplicatedBlocks_Simulated,S00112_Actual,S00112_Simulated,S1155_Actual,S1155_Simulated,S00108_Actual,S00108_Simulated,S1151_Actual,S1151_Simulated,S1481_Actual,S1481_Simulated
3.367295829986474,3.182826244321462,0.0,0.17804065448848427,0.0,1.0120744067826586,3.784189633918261,3.1131672510296626,5.181783550292085,3.495480419818657,1.3862943611198906,1.4002786624897638,4.844187086458591,4.465479026967496,0.6931471805599453,0.3168034653383228,0.0,1.1044258036092558
3.367295829986474,2.589781038411759,0.0,0.7405345750390424,0.0,0.9348095119943086,3.784189633918261,2.903487910539648,5.181783550292085,5.102984345540888,1.3862943611198906,1.9803545352777254,4.844187086458591,3.009265706316551,0.6931471805599453,0.389972271429189,0.0,0.31839673488466835
3.367295829986474,3.9140287771112208,0.0,0.0,0.0,0.1458767115606021,3.784189633918261,3.4434911251014673,5.181783550292085,5.225587295015731,1.3862943611198906,0.5737934778100465,4.844187086458591,4.406682031966275,0.6931471805599453,1.140034625586382,0.0,1.7841823246576118
3.367295829986474,2.776125497989897,0.0,0.14958758062791824,0.0,3.354410561143812,3.784189633918261,3.2682799937660874,5.181783550292085,0.0,1.3862943611198906,0.6170490266836218,4.844187086458591,6.352141228653235,0.6931471805599453,0.5927230022006926,0.0,0.09735699803094855
3.367295829986474,2.920874214784236,0.0,0.1710929409698302,0.0,0.12392685264342707,3.784189633918261,2.0710677783000584,5.181783550292085,6.12486064030062,1.3862943611198906,2.067369423806599,4.844187086458591,6.013865764789033,0.6931471805599453,0.16291861582442224,0.0,1.3084253291018844
3.367295829986474,2.490678405226402,0.0,0.806237382808959,0.0,1.195473047662748,3.784189633918261,3.3272498209123587,5.181783550292085,2.7660095286822566,1.3862943611198906,1.038765300225489,4.844187086458591,5.233108199935006,0.6931471805599453,0.0,0.0,1.3272117834415702
