RedundantThrowsDeclarationCheck_Actual,RedundantThrowsDeclarationCheck_Simulated,S00117_Actual,S00117_Simulated,S00122_Actual,S00122_Simulated,S1488_Actual,S1488_Simulated,S1905_Actual,S1905_Simulated,UselessImportCheck_Actual,UselessImportCheck_Simulated,DuplicatedBlocks_Actual,DuplicatedBlocks_Simulated,S1226_Actual,S1226_Simulated,S00112_Actual,S00112_Simulated,S00108_Actual,S00108_Simulated,S1151_Actual,S1151_Simulated
3.1354942159291497,3.5257771575512358,3.5553480614894135,3.3241618483350153,2.4849066497880004,4.288801949621111,2.1972245773362196,2.328170097005313,0.6931471805599453,2.599355956726943,0.0,1.2264470614375145,5.043425116919247,4.534028144429186,3.713572066704308,3.848777899491394,3.091042453358316,2.4454143792319614,5.82600010738045,5.475244663983493,3.258096538021482,2.7747795250883027
3.1354942159291497,4.1350364115348786,3.5553480614894135,2.2946262581007635,2.4849066497880004,4.951088539835204,2.1972245773362196,2.356354828237787,0.6931471805599453,3.0336185169252006,0.0,1.9278663197485286,5.043425116919247,5.550948103918791,3.713572066704308,4.845642655048463,3.091042453358316,2.1666304909729472,5.82600010738045,4.579620108360783,3.258096538021482,2.6739427864974648
