,Actual_last_5_vals,Mean_Simulation,Simulated_8,Simulated_7,Simulated_3,Simulated_14,Simulated_29,Simulated_15,Simulated_26,Simulated_16,Simulated_23,Simulated_12,Simulated_9,Simulated_27,Simulated_24,Simulated_0,Simulated_17,Simulated_5,Simulated_22,Simulated_13,Simulated_2,Simulated_19,Simulated_28,Simulated_25,Simulated_20,Simulated_11,Simulated_10,Simulated_6,Simulated_18,Simulated_1,Simulated_4,Simulated_21
0,5600.777777777777,,,,,,,,,,,,,,,,,,,,,,,,,,,,,,,
1,5581.333333333333,,,,,,,,,,,,,,,,,,,,,,,,,,,,,,,
2,5561.888888888889,,,,,,,,,,,,,,,,,,,,,,,,,,,,,,,
3,5542.444444444444,,,,,,,,,,,,,,,,,,,,,,,,,,,,,,,
4,5523.0,,,,,,,,,,,,,,,,,,,,,,,,,,,,,,,
5,,4958.88,4958.88,4958.88,4958.88,4958.88,4958.88,4958.88,4958.88,4958.88,4958.88,4958.88,4958.88,4958.88,4958.88,4958.88,4958.88,4958.88,4958.88,4958.88,4958.88,4958.88,4958.88,4958.88,4958.88,4958.88,4958.88,4958.88,4958.88,4958.88,4958.88,4958.88
6,,4862.19,4837.94,5013.07,4797.53,4979.66,5162.1,5175.66,5209.81,5404.76,3987.49,4066.94,5517.74,4253.47,3915.59,4557.26,3456.29,3908.06,5532.76,4791.51,3945.46,5582.52,6114.37,3342.92,3944.39,4199.74,6251.71,5937.1,6171.28,6816.12,5287.57,3704.93
7,,4753.74,5069.02,5104.84,4204.94,4118.43,5211.54,5228.73,4261.54,5322.61,4503.49,5088.0,5352.8,4083.7,4387.19,5766.19,4846.73,4140.31,3809.09,6446.01,5612.68,3653.91,5354.4,4408.89,3704.69,6182.22,5540.23,3427.17,3657.0,4096.81,7112.18,2916.8
8,MAE,,113.18,167.33,204.49,250.93,252.57,262.82,279.94,370.48,374.98,376.5,418.2,426.25,437.72,439.13,499.63,522.52,538.41,587.65,591.89,606.72,617.61,621.37,655.62,696.98,725.34,800.49,801.94,870.29,927.94,998.07
