RedundantThrowsDeclarationCheck_Actual,RedundantThrowsDeclarationCheck_Simulated,S00117_Actual,S00117_Simulated,UselessImportCheck_Actual,UselessImportCheck_Simulated,DuplicatedBlocks_Actual,DuplicatedBlocks_Simulated,S00112_Actual,S00112_Simulated,S1132_Actual,S1132_Simulated
3.367295829986474,3.2213065757711092,3.1354942159291497,2.5303576481378562,0.0,0.9905216270195651,3.784189633918261,3.1506115414840274,5.181783550292085,3.5229343997453917,3.044522437723423,2.3890504800855394
3.367295829986474,2.977457079341491,3.1354942159291497,2.9586242726507246,0.0,0.7650986161268212,3.784189633918261,4.758675740457918,5.181783550292085,3.8776791446876433,3.044522437723423,2.181364353715546
3.367295829986474,2.6207694586381436,3.1354942159291497,3.3722640159678163,0.0,1.0716604057884962,3.784189633918261,4.481351067702933,5.181783550292085,2.705645898343474,3.044522437723423,2.120917667494338
3.367295829986474,3.142173800236216,3.1354942159291497,2.722771526383095,0.0,1.36663511192851,3.784189633918261,2.5305029087639967,5.181783550292085,2.671203373434322,3.044522437723423,2.661062343396867
3.367295829986474,2.9666966682737494,3.1354942159291497,2.4382015798043937,0.0,0.0540710328327062,3.784189633918261,3.7149475255504116,5.181783550292085,2.8797492369286934,3.044522437723423,2.2065442189901554
3.367295829986474,3.4316588898278106,3.1354942159291497,2.3543153348301504,0.0,1.6123298029206414,3.784189633918261,3.566200699927415,5.181783550292085,4.626635169547508,3.044522437723423,2.2800684399812905
