RedundantThrowsDeclarationCheck_Actual,RedundantThrowsDeclarationCheck_Simulated,S00117_Actual,S00117_Simulated,S1488_Actual,S1488_Simulated,DuplicatedBlocks_Actual,DuplicatedBlocks_Simulated
3.332204510175204,3.3944648510557793,2.6390573296152584,1.8846891797460226,0.6931471805599453,1.539752183574873,5.683579767338681,4.9970275798126575
3.332204510175204,3.19514320712089,2.6390573296152584,2.148931983144947,0.6931471805599453,1.4839943622299032,5.69035945432406,4.998325133605129
3.332204510175204,2.872173434091215,2.6390573296152584,1.4537605428952993,0.6931471805599453,2.469444116882376,5.697093486505405,3.160028842240138
