RedundantThrowsDeclarationCheck_Actual,RedundantThrowsDeclarationCheck_Simulated,S00117_Actual,S00117_Simulated,S1488_Actual,S1488_Simulated,DuplicatedBlocks_Actual,DuplicatedBlocks_Simulated
3.332204510175204,3.3944648510557793,2.6390573296152584,1.8846891797460226,0.6931471805599453,1.539752183574873,5.683579767338681,4.9970275798126575
3.332204510175204,3.241295932897625,2.6390573296152584,2.042608337400248,0.6931471805599453,2.646015505041098,5.69035945432406,3.7244473015541733
3.332204510175204,3.94024607538016,2.6390573296152584,2.5109813510310186,0.6931471805599453,1.651891430523463,5.697093486505405,5.609929783863672
