RedundantThrowsDeclarationCheck_Actual,RedundantThrowsDeclarationCheck_Simulated,S00117_Actual,S00117_Simulated,S1488_Actual,S1488_Simulated,DuplicatedBlocks_Actual,DuplicatedBlocks_Simulated
3.258096538021482,3.3944648510557793,2.772588722239781,1.8846891797460226,1.3862943611198906,1.539752183574873,6.016157159698354,4.9970275798126575
3.332204510175204,2.9900220683391883,2.6390573296152584,2.1485313483783264,0.6931471805599453,0.5290150017217279,5.713732805509369,5.874762169649159
3.332204510175204,3.0733955072086747,2.6390573296152584,1.3014143663057856,0.6931471805599453,1.196197987126114,5.71042701737487,3.9394679933185746
3.332204510175204,3.099263804940163,2.6390573296152584,0.8724166272862808,0.6931471805599453,0.18115807402293638,5.683579767338681,3.0832783562919586
3.332204510175204,3.3622492094388092,2.6390573296152584,1.8123983939507624,0.6931471805599453,1.6375896579009732,5.69035945432406,5.991560252039891
3.332204510175204,3.877589009634147,2.6390573296152584,1.4604597271222681,0.6931471805599453,1.4434926231488645,5.697093486505405,4.987937114275727
