S1213_Actual,S1213_Simulated,RedundantThrowsDeclarationCheck_Actual,RedundantThrowsDeclarationCheck_Simulated,S00117_Actual,S00117_Simulated,S1905_Actual,S1905_Simulated,UselessImportCheck_Actual,UselessImportCheck_Simulated,DuplicatedBlocks_Actual,DuplicatedBlocks_Simulated,S1226_Actual,S1226_Simulated,S00112_Actual,S00112_Simulated,S00108_Actual,S00108_Simulated,S1151_Actual,S1151_Simulated,S1481_Actual,S1481_Simulated
4.465908118654584,2.999826586366925,1.791759469228055,1.3145347176935454,3.332204510175204,3.0269541224917087,0.0,0.3594804897243226,0.0,0.045143420275289774,3.258096538021482,2.5343843620444226,4.770684624465665,4.506338197135906,4.996729531780326,4.339183241919254,0.0,0.1303948359032745,2.302585092994046,1.5851806544732807,0.6567795363890704,0.4960677056471013
4.465908118654584,2.3634624464976155,1.791759469228055,0.8565652422712602,3.332204510175204,2.500663251994116,0.0,0.5673738101116448,0.0,0.23859299812279236,3.258096538021482,3.086648678612108,4.770684624465665,6.042947962146286,4.997212273764115,3.6097467539278023,0.0,0.0,2.302585092994046,2.2665794791266674,0.6931471805599453,0.0
