RedundantThrowsDeclarationCheck_Actual,RedundantThrowsDeclarationCheck_Simulated,S00117_Actual,S00117_Simulated,S00112_Actual,S00112_Simulated,S00108_Actual,S00108_Simulated,S1151_Actual,S1151_Simulated
5.733341276897746,5.41314405009518,5.811140992976701,5.634506233527824,5.739792912179234,5.480459152123185,4.356708826689592,4.348547832773054,4.663439094112067,4.783498160118609
5.717027701406222,5.744862746099809,5.808142489980444,5.9531307144921195,5.726847747587197,5.828110529199694,4.356708826689592,4.261303630715971,4.663439094112067,3.8455277263466323
5.707110264748875,5.038840869557095,5.755742213586912,5.432156907855234,5.755742213586912,4.822821835056546,4.343805421853684,3.784844402792956,4.672828834461906,3.5480943008123074
