S00117_Actual,S00117_Simulated,S1226_Actual,S1226_Simulated,S00112_Actual,S00112_Simulated,S1151_Actual,S1151_Simulated,S1132_Actual,S1132_Simulated,S1481_Actual,S1481_Simulated
0.6931471805599453,0.7474193044501546,4.110873864173311,3.914262237314307,2.538973871058276,2.363278455116825,2.0794415416798357,2.132264774171836,4.189654742026425,4.136555343838462,0.0,0.4362929003271627
0.6931471805599453,0.23288490954598995,4.110873864173311,3.7434936911060213,2.54422322694442,2.1282380880717375,2.0794415416798357,2.039820502027628,4.189654742026425,3.6240477432175133,0.0,0.15775270614986936
0.6931471805599453,0.680966899074055,4.110873864173311,3.850058405722756,2.5494451709255714,1.9903658736864986,2.0794415416798357,2.1812719386040684,4.189654742026425,4.3406542120504295,0.0,0.27626275493027797
0.6931471805599453,0.741347968783537,4.110873864173311,4.747325928703567,2.5546399878026755,1.8721096162660007,2.0794415416798357,2.085467317402145,4.189654742026425,3.753002260531643,0.0,0.7424250749732335
0.6931471805599453,0.6745425301959304,4.110873864173311,3.2798447405076474,2.559807957961118,2.117730451673703,2.0794415416798357,2.461791714774708,4.189654742026425,4.121067273796511,0.0,0.5818085375260653
0.6931471805599453,0.3205925110241687,4.110873864173311,3.7570135552315334,2.5649493574615367,2.5065110098666086,2.0794415416798357,2.1003909254123103,4.189654742026425,4.144613008646292,0.0,0.6211143565007097
