S1213_Actual,S1213_Simulated,S00122_Actual,S00122_Simulated,S1488_Actual,S1488_Simulated,DuplicatedBlocks_Actual,DuplicatedBlocks_Simulated,S1226_Actual,S1226_Simulated,S00112_Actual,S00112_Simulated,S1155_Actual,S1155_Simulated,S00108_Actual,S00108_Simulated,S1151_Actual,S1151_Simulated
0.0367013668504281,0.8654164806904682,0.0,0.19170098661429782,0.0,0.051733357324998425,0.0,0.46172097945521134,0.0,0.11196008221551346,0.018519047767237597,0.46128570284664755,0.0,0.046991420998253174,0.0,0.19702941544705932,0.018519047767237597,0.6025512276968152
0.018519047767237697,1.324297016590601,0.0,0.3952154655837202,0.0,0.0,0.0,0.0,0.0,0.0,0.009302392662313554,2.0621089741645484,0.0,0.0,0.0,0.0,0.009302392662313554,0.05255208447380422
0.0,0.3641382189003307,0.0,0.07265298916087526,0.0,0.0,0.0,0.25546104017099536,0.0,0.517967474242931,0.0,0.19896526980555035,0.0,0.13444824152860368,0.0,0.0,0.0,0.4168285836565359
