S1905_Actual,S1905_Simulated,S1226_Actual,S1226_Simulated,S00112_Actual,S00112_Simulated,S00108_Actual,S00108_Simulated,S1481_Actual,S1481_Simulated
0.0,0.2582292407615498,4.248495242049359,4.258262203098688,4.1588830833596715,3.1225495094116162,1.3862943611198906,1.60512771954265,2.538973871058276,2.9430171759443082
0.0,0.4217589957846779,4.248495242049359,4.277495811997005,4.1588830833596715,3.2081452366808754,1.3862943611198906,1.496010834123619,2.5520459526256287,3.12431835701996
0.0,0.0,4.248495242049359,4.244389414056745,4.1588830833596715,3.47319379325932,1.3862943611198906,1.5665271781496826,2.5649493574615367,3.6801291012307358
0.0,0.3927900912073289,4.248495242049359,4.214261456185285,4.1588830833596715,3.573287801215994,1.3862943611198906,1.6428871011807793,2.5649493574615367,2.684304389374493
0.0,0.0,4.248495242049359,4.259991106597434,4.1588830833596715,3.492055188805323,1.3862943611198906,1.815410104015804,2.5649493574615367,2.898439320464338
0.0,0.879363101527332,4.248495242049359,4.258699335965228,4.1588830833596715,2.425553547752855,1.3862943611198906,1.814601213840698,2.5649493574615367,3.324353779987393
