S1905_Actual,S1905_Simulated,S1226_Actual,S1226_Simulated,S00112_Actual,S00112_Simulated,S00108_Actual,S00108_Simulated,S1481_Actual,S1481_Simulated
0.0,0.2582292407615498,4.248495242049359,4.258262203098688,4.1588830833596715,3.1225495094116162,1.3862943611198906,1.60512771954265,2.5649493574615367,2.9430171759443082
0.0,0.6104466548034235,4.248495242049359,4.259102201037393,4.1588830833596715,2.898072037751254,1.3862943611198906,1.2566286657892314,2.5649493574615367,3.675174001628607
0.0,0.6486521318792471,4.248495242049359,4.257020832529611,4.1588830833596715,3.118994916435455,1.3862943611198906,1.5827104236506226,2.5649493574615367,3.3068426239396764
