RedundantThrowsDeclarationCheck_Actual,RedundantThrowsDeclarationCheck_Simulated,S00117_Actual,S00117_Simulated,S00108_Actual,S00108_Simulated,S1151_Actual,S1151_Simulated,S1132_Actual,S1132_Simulated
5.733341276897746,5.41314405009518,5.811140992976701,5.634506233527824,4.356708826689592,4.348547832773054,4.663439094112067,4.783498160118609,6.289715570908998,6.054502525136856
5.717027701406222,5.2354332023015475,5.808142489980444,5.952657047889119,4.356708826689592,3.7748133601172293,4.663439094112067,4.8505689247467165,6.289715570908998,6.725495286208877
5.707110264748875,5.790195092606534,5.755742213586912,5.701148220408001,4.343805421853684,3.8333427137089764,4.672828834461906,5.027018492752453,6.293419278846481,5.920252091856723
