RedundantThrowsDeclarationCheck_Actual,RedundantThrowsDeclarationCheck_Simulated,S00117_Actual,S00117_Simulated,S1905_Actual,S1905_Simulated,S1488_Actual,S1488_Simulated
0.0,1.6495394534030674,0.0,1.0240008494031487,0.0,1.021823466540262,0.0,0.9723747422179743
0.0,0.0,0.0,2.663654055697498,0.0,2.059818807132534,0.0,0.0
