UselessImportCheck_Actual,UselessImportCheck_Simulated
0.6931471805599453,0.9419256201061317
0.6931471805599453,0.2596909683226357
0.6931471805599453,0.8446711574777299
0.6931471805599453,1.2585524909337729
0.6931471805599453,1.3260523451394712
0.0,1.0243588379264692
