S1213_Actual,S1213_Simulated,S00117_Actual,S00117_Simulated,S1488_Actual,S1488_Simulated,UselessImportCheck_Actual,UselessImportCheck_Simulated,DuplicatedBlocks_Actual,DuplicatedBlocks_Simulated,S00112_Actual,S00112_Simulated,S00108_Actual,S00108_Simulated,S1151_Actual,S1151_Simulated,S1132_Actual,S1132_Simulated,S1481_Actual,S1481_Simulated
1.6094379124341003,1.5756497927369877,0.0,0.18529177914319295,0.6931471805599453,0.6743462050229961,0.0,1.1795748374291268,1.9459101490553132,2.628571057555208,4.243721963296702,3.400715103324849,1.0986122886681098,0.9743739085513304,1.6094379124341003,1.566371245538988,1.0986122886681098,1.0986074641099446,0.0,0.28515064114304844
1.6094379124341003,1.464506279325771,0.0,0.0,0.6931471805599453,0.7455004464018868,0.0,1.7573586308098605,1.9459101490553132,2.067524661246039,4.244678443522658,3.7592719788273783,1.0986122886681098,0.8230432203083531,1.6094379124341003,1.4568902705033815,1.0986122886681098,1.0986068518192793,0.0,0.0
1.6094379124341003,1.5807631270044835,0.0,0.24425158231746852,0.6931471805599453,0.8099916909023274,0.0,1.0247036772806433,1.9459101490553132,2.8423024654816977,4.2456340097683265,4.494563576442328,1.0986122886681098,0.7588683165468276,1.6094379124341003,1.594122506434855,1.0986122886681098,1.098609548892011,0.0,0.017390162578377166
1.6094379124341003,1.409462882716907,0.0,0.3731912715493514,0.6931471805599453,0.6536004597488247,0.0,1.2262934748344625,1.9459101490553132,2.838692085616869,4.246588663778778,4.246854502132562,1.0986122886681098,0.8287247421102669,1.6094379124341003,1.5983105233784498,1.0986122886681098,1.0986105953464784,0.0,0.0
1.6094379124341003,1.3371891521584083,0.0,0.8056317531353232,0.6931471805599453,0.5199637450445146,0.0,0.31595359702659,1.9459101490553132,3.3854171714088137,4.2475424072940875,4.5497348229363626,1.0986122886681098,1.1650593534627198,1.6094379124341003,1.4387877416966526,1.0986122886681098,1.0986045296073956,0.0,0.0
1.6094379124341003,1.4054924157243769,0.0,0.22571706728191404,0.6931471805599453,0.711993421755841,0.0,1.8936674603060135,1.9459101490553132,2.1447627830944787,4.248495242049359,2.0116510373928054,1.0986122886681098,0.868593024626553,1.6094379124341003,1.6197637919690728,1.0986122886681098,1.098613504743385,0.0,0.9744835396115653
