S1213_Actual,S1213_Simulated,S00117_Actual,S00117_Simulated,S1488_Actual,S1488_Simulated,UselessImportCheck_Actual,UselessImportCheck_Simulated,DuplicatedBlocks_Actual,DuplicatedBlocks_Simulated,S00112_Actual,S00112_Simulated,S00108_Actual,S00108_Simulated,S1151_Actual,S1151_Simulated,S1132_Actual,S1132_Simulated,S1481_Actual,S1481_Simulated
1.6094379124341003,1.5756497927369877,0.0,0.18529177914319295,0.6931471805599453,0.6743462050229961,0.0,1.1795748374291268,1.9459101490553132,2.628571057555208,4.2475424072940875,3.400715103324849,1.0986122886681098,0.9743739085513304,1.6094379124341003,1.566371245538988,1.0986122886681098,1.0986074641099446,0.0,0.28515064114304844
1.6094379124341003,1.6865962400736287,0.0,0.7474073609912192,0.6931471805599453,0.7189198427005108,0.0,0.8001085975791098,1.9459101490553132,2.9102444048888447,4.248495242049359,3.6474046625680634,1.0986122886681098,1.1525839976123207,1.6094379124341003,1.5903603499753864,1.0986122886681098,1.098611237652538,0.0,0.7329293586299664
