RedundantThrowsDeclarationCheck_Actual,RedundantThrowsDeclarationCheck_Simulated,S00117_Actual,S00117_Simulated,S1488_Actual,S1488_Simulated,S1226_Actual,S1226_Simulated,S00112_Actual,S00112_Simulated,S1155_Actual,S1155_Simulated,S00108_Actual,S00108_Simulated,S1132_Actual,S1132_Simulated,S1481_Actual,S1481_Simulated
2.4849066497880004,3.5752879838039395,3.7376696182833684,3.697392449979346,0.0,0.8754362755897771,2.5649493574615367,3.5879241157460826,4.844187086458591,4.276680021083757,0.0,1.7109182803350094,1.3862943611198906,0.5443390143275862,2.9444389791664403,4.1497156410950025,1.0986122886681098,3.437301328727192
2.4849066497880004,4.633519026251439,3.728100167267218,3.8512880763007615,0.0,0.0,2.5649493574615367,3.747130723579087,4.847331743138063,5.225415728280104,0.0,0.0,1.3862943611198906,0.5688945018762723,2.9444389791664403,3.6051637464624235,1.0986122886681098,2.2226411914131625
2.4849066497880004,4.000778391894018,3.7184382563554808,3.7719925814075355,0.0,0.7954810003994612,2.5649493574615367,3.1061978154690206,4.850466541943434,4.087056094264551,0.0,1.3193794989154966,1.3862943611198906,1.6624305467107408,2.9444389791664403,3.979465524188815,1.0986122886681098,0.0
2.4849066497880004,4.28063224880706,3.708682081410116,3.788298661238772,0.0,0.05256944642173145,2.5649493574615367,2.558620410177969,4.853591544486569,5.49742489038116,0.0,1.8171985672524267,1.3862943611198906,0.8234413140686653,2.9444389791664403,6.165025338531004,1.0986122886681098,3.8881155723820777
2.4849066497880004,7.382142546032421,3.6988297849671046,4.2065988109129915,0.0,0.7977937582975891,2.5649493574615367,3.894804594360965,4.856706811803519,1.8486205536949534,0.0,1.1236432072572757,1.3862943611198906,0.14245427040443093,2.9444389791664403,4.375652907265234,1.0986122886681098,1.1456101972895674
2.4849066497880004,3.2904037801042296,3.6888794541139363,4.976802169975016,0.0,0.0,2.5649493574615367,4.551397057164028,4.859812404361672,4.603223050102539,0.0,0.0,1.3862943611198906,1.1173274249011684,2.9444389791664403,4.517988198053771,1.0986122886681098,1.1530790945039682
