S1213_Actual,S1213_Simulated,RedundantThrowsDeclarationCheck_Actual,RedundantThrowsDeclarationCheck_Simulated,S00117_Actual,S00117_Simulated,S1488_Actual,S1488_Simulated,UselessImportCheck_Actual,UselessImportCheck_Simulated,DuplicatedBlocks_Actual,DuplicatedBlocks_Simulated,S00112_Actual,S00112_Simulated,S00108_Actual,S00108_Simulated,S1151_Actual,S1151_Simulated,S1132_Actual,S1132_Simulated
1.6094379124341003,1.5756497927369877,1.0608719606852626,0.25241187134073034,0.0,0.18529177914319295,0.6931471805599453,0.6743462050229961,0.0,1.1795748374291268,1.9459101490553132,2.628571057555208,4.243721963296702,3.400715103324849,1.0986122886681098,0.9743739085513304,1.6094379124341003,1.566371245538988,1.0986122886681098,1.0986074641099446
1.6094379124341003,1.7431332843493594,1.0685348334308318,0.1013288524210397,0.0,0.054016485691945004,0.6931471805599453,0.6330978976056243,0.0,0.6583836720126737,1.9459101490553132,2.734843170039418,4.244678443522658,2.2348404307516345,1.0986122886681098,1.097078386713323,1.6094379124341003,1.5894663764587338,1.0986122886681098,1.0986110632857633
1.6094379124341003,1.3218766519079161,1.076139432816051,0.30570123056262766,0.0,0.0,0.6931471805599453,0.5033774153963615,0.0,0.7922672873251955,1.9459101490553132,3.972970083097368,4.2456340097683265,4.435317414377936,1.0986122886681098,0.7561638617650515,1.6094379124341003,1.4629170734806467,1.0986122886681098,1.098611435848436
1.6094379124341003,1.891146627441944,1.083686638451434,0.7120534920777584,0.0,0.0,0.6931471805599453,0.6968333498096676,0.0,1.4317900740431908,1.9459101490553132,1.89374937609765,4.246588663778778,4.441380812091333,1.0986122886681098,0.933424370889447,1.6094379124341003,1.535356315522755,1.0986122886681098,1.098612625048285
1.6094379124341003,1.1358762930476085,1.0911773101805915,0.0,0.0,0.17098166252959907,0.6931471805599453,0.631328437465849,0.0,1.639132500819605,1.9459101490553132,2.3243360606032706,4.2475424072940875,2.2655388049447907,1.0986122886681098,1.3319549519965215,1.6094379124341003,1.5816099199046003,1.0986122886681098,1.0986110034384402
1.6094379124341003,1.5087006612536344,1.0986122886681098,0.032825291018186986,0.0,0.3552838049062793,0.6931471805599453,0.7154715262255026,0.0,1.7518079117809535,1.9459101490553132,2.8101880778115635,4.248495242049359,3.225569375656411,1.0986122886681098,1.118688435819905,1.6094379124341003,1.5803974680376072,1.0986122886681098,1.0986074942044466
