RedundantThrowsDeclarationCheck_Actual,RedundantThrowsDeclarationCheck_Simulated,S1488_Actual,S1488_Simulated,UselessImportCheck_Actual,UselessImportCheck_Simulated,S00108_Actual,S00108_Simulated
4.969813299576001,5.112958552709485,3.258096538021482,3.1324916786314416,4.127134385045092,3.9462715619334965,1.3862943611198906,1.0310430254238616
4.962844630259907,5.412316601387822,3.5553480614894135,4.108284989593046,4.248495242049359,3.3087751175049704,1.3862943611198906,1.9818532012440169
4.962844630259907,6.133928898156491,3.5553480614894135,2.302189777430455,4.23410650459726,5.117419134625243,1.3862943611198906,0.3381968254788802
