S1213_Actual,S1213_Simulated,RedundantThrowsDeclarationCheck_Actual,RedundantThrowsDeclarationCheck_Simulated,S00117_Actual,S00117_Simulated,S00122_Actual,S00122_Simulated,S1905_Actual,S1905_Simulated,UselessImportCheck_Actual,UselessImportCheck_Simulated,DuplicatedBlocks_Actual,DuplicatedBlocks_Simulated,S1155_Actual,S1155_Simulated
5.765191102784844,5.771524421581102,5.733341276897746,5.653604786185044,5.811140992976701,5.728919493501194,6.298949246855942,6.2581735382246935,1.791759469228055,1.8945216775461122,2.772588722239781,2.6020285529450553,5.66988092298052,5.751421571860264,4.23410650459726,4.175242961401146
5.75890177387728,5.882328540466105,5.703782474656201,5.256282477037288,5.808142489980444,5.802448022489522,6.278521424165844,6.20422779129319,1.791759469228055,1.8379868919865932,2.302585092994046,2.5721316539756427,5.6131281063880705,5.561037692974019,4.23410650459726,4.206063034506294
5.7745515455444085,5.761506021132319,5.717027701406222,5.883565371151199,5.808142489980444,5.256425551765733,6.278521424165844,6.196678805431996,1.791759469228055,1.935138259540786,2.4849066497880004,2.103187912598825,5.616771097666572,5.551364944736964,4.23410650459726,4.283578378417978
5.765191102784844,5.705432161077194,5.71042701737487,5.447207538953033,5.808142489980444,5.6015105421865465,6.2878585601617845,6.467247535560471,1.791759469228055,1.9083230184126736,2.302585092994046,2.6751854275908893,5.616771097666572,5.678689957674083,4.23410650459726,4.18510341126029
5.777652323222656,5.818431337032856,5.707110264748875,5.38457399298267,5.755742213586912,5.611415718959021,6.3080984415095305,6.207638353871333,1.791759469228055,1.931578027649866,2.3978952727983707,2.495936599081408,5.66988092298052,5.59268350485671,4.23410650459726,4.268000844716302
5.777652323222656,5.81886442665592,5.707110264748875,5.889515006873326,5.755742213586912,6.023336493913252,6.3080984415095305,6.15048186262633,1.791759469228055,1.840189593331688,2.302585092994046,2.439424754629412,5.66988092298052,5.601638037565033,4.23410650459726,4.031733813678956
