S1213_Actual,S1213_Simulated,RedundantThrowsDeclarationCheck_Actual,RedundantThrowsDeclarationCheck_Simulated,S00117_Actual,S00117_Simulated,S00122_Actual,S00122_Simulated,S1905_Actual,S1905_Simulated,UselessImportCheck_Actual,UselessImportCheck_Simulated,DuplicatedBlocks_Actual,DuplicatedBlocks_Simulated,S1155_Actual,S1155_Simulated
5.777652323222656,5.771524421581102,5.707110264748875,5.653604786185044,5.755742213586912,5.728919493501194,6.3080984415095305,6.2581735382246935,1.791759469228055,1.8945216775461122,2.3978952727983707,2.6020285529450553,5.66988092298052,5.751421571860264,4.23410650459726,4.175242961401146
5.777652323222656,5.785205861872077,5.707110264748875,5.748012966879324,5.755742213586912,5.606969733233836,6.3080984415095305,6.4253805267239565,1.791759469228055,1.8213746894092415,2.302585092994046,2.3291473975985637,5.66988092298052,5.722920259700112,4.23410650459726,4.219281246611611
