S1213_Actual,S1213_Simulated,RedundantThrowsDeclarationCheck_Actual,RedundantThrowsDeclarationCheck_Simulated,S00117_Actual,S00117_Simulated,S00122_Actual,S00122_Simulated,S1905_Actual,S1905_Simulated,UselessImportCheck_Actual,UselessImportCheck_Simulated,DuplicatedBlocks_Actual,DuplicatedBlocks_Simulated,S1155_Actual,S1155_Simulated
5.765191102784844,5.771524421581102,5.733341276897746,5.653604786185044,5.811140992976701,5.728919493501194,6.298949246855942,6.2581735382246935,1.791759469228055,1.8945216775461122,2.772588722239781,2.6020285529450553,5.66988092298052,5.751421571860264,4.23410650459726,4.175242961401146
5.75890177387728,5.705923895506542,5.703782474656201,5.679035212853841,5.808142489980444,5.364822498504328,6.278521424165844,6.219119092931738,1.791759469228055,2.0053292806580454,2.302585092994046,2.4360248274243164,5.6131281063880705,5.967957150392029,4.23410650459726,3.9941503701067655
5.7745515455444085,5.805277341071416,5.717027701406222,5.700565629714889,5.808142489980444,5.771050021464627,6.278521424165844,6.370540749882013,1.791759469228055,1.9144893779070318,2.4849066497880004,2.704959844902842,5.616771097666572,5.735016914055995,4.23410650459726,4.384042830260362
5.765191102784844,5.639224430459549,5.71042701737487,5.318520370058217,5.808142489980444,6.008284119471034,6.2878585601617845,6.238488985912171,1.791759469228055,1.9161540036199627,2.302585092994046,2.460835160963738,5.616771097666572,5.4771103381862565,4.23410650459726,4.062922872520624
5.777652323222656,5.7247171353172845,5.707110264748875,5.442635553786543,5.755742213586912,5.880275156506622,6.3080984415095305,6.4937532839242476,1.791759469228055,1.9298236528534345,2.3978952727983707,3.1732603344733956,5.66988092298052,5.897740972865372,4.23410650459726,4.438310329941297
5.777652323222656,5.7435282271346955,5.707110264748875,5.517380488372381,5.755742213586912,5.808185329778343,6.3080984415095305,6.25072192131439,1.791759469228055,1.8881883246143374,2.302585092994046,2.495622330104204,5.66988092298052,5.80271073969236,4.23410650459726,4.155286535214142
