S00117_Actual,S00117_Simulated,S1226_Actual,S1226_Simulated,S00112_Actual,S00112_Simulated,S1155_Actual,S1155_Simulated,S1151_Actual,S1151_Simulated,S1132_Actual,S1132_Simulated,S1481_Actual,S1481_Simulated
6.695798917058491,6.60945624352465,3.713572066704308,3.6127418992057194,4.634728988229636,4.510977401788487,2.5649493574615367,2.5649445329033704,4.143134726391533,4.136678371651255,3.912023005428146,4.150235053864945,1.791759469228055,2.078330335476126
6.695798917058491,6.519051197684751,3.713572066704308,3.5136051234460615,4.634728988229636,4.601360796498671,2.5649493574615367,2.56494745718375,4.143134726391533,4.136379112698965,3.912023005428146,3.9759644189435654,1.9459101490553132,1.603336192825299
6.69641677311769,6.548707680877915,3.713572066704308,3.60836263343189,4.634728988229636,4.505433104732203,2.5649493574615367,2.564945417439862,4.143134726391533,4.124053142397672,3.912023005428146,4.191147186526523,1.9459101490553132,2.2891995566123926
6.697034247666484,6.6354619975187115,3.713572066704308,3.678623345726681,4.634728988229636,4.5145993501692185,2.5649493574615367,2.564943434003421,4.143134726391533,4.126909815984556,3.912023005428146,4.084508099025553,1.9459101490553132,2.401348442304899
6.697651341175731,6.632459320773113,3.713572066704308,3.6548712371877117,4.634728988229636,4.41091991771235,2.5649493574615367,2.5649454455723855,4.143134726391533,4.132269252486301,3.912023005428146,4.344238729068418,1.9459101490553132,1.6660109785103925
6.698268054115413,6.57341974203411,3.713572066704308,3.582265295445875,4.634728988229636,4.546017989569665,2.5649493574615367,2.56494608957695,4.143134726391533,4.131396956261757,3.912023005428146,4.037881926821219,1.9459101490553132,1.9750578645685126
