RedundantThrowsDeclarationCheck_Actual,RedundantThrowsDeclarationCheck_Simulated,S00122_Actual,S00122_Simulated,S1905_Actual,S1905_Simulated,UselessImportCheck_Actual,UselessImportCheck_Simulated,DuplicatedBlocks_Actual,DuplicatedBlocks_Simulated,S1226_Actual,S1226_Simulated,S1155_Actual,S1155_Simulated,S1151_Actual,S1151_Simulated,S1132_Actual,S1132_Simulated,S1481_Actual,S1481_Simulated
0.0,0.0,0.0,0.0,0.0,0.0,0.23270468455819335,1.890317909822535,0.0,0.0,0.0,0.0,0.0,0.0,0.021599111803461798,0.45457429699260776,0.0,0.07632307505842023,0.021599111803461798,0.4968134562046181
0.0,0.0,0.0,0.0,0.0,0.0,0.19029550263309924,1.4380998532464029,0.0,0.0,0.0,0.0,0.0,3.243415856319085e-06,0.017316450011460875,0.46354075961558033,0.0,0.0,0.017316450011460875,0.27286097826580347
0.0,0.0,0.0,0.0,0.0,8.767782286936099e-07,0.1460078224319825,2.6894610292386694,0.0,0.0,0.0,0.0,0.0,0.0,0.0130153681120703,0.3753028884468887,0.0,0.0,0.0130153681120703,0.7018197507500332
0.0,0.0,0.0,0.0,0.0,0.0,0.09966748517328153,1.1906594144260185,0.0,0.0,0.0,0.0,0.0,0.0,0.008695706967553821,0.5923655307656004,0.0,0.22906951622139976,0.008695706967553821,0.4816240415588363
0.0,0.0,0.0,0.0,0.0,0.0,0.05107492993641579,2.2460455391099274,0.0,0.0,0.0,0.0,0.0,0.0,0.00435730536895569,0.5384395622256837,0.0,0.0,0.00435730536895569,0.20824286356657018
0.0,1.2267676833619088e-07,0.0,0.0,0.0,0.0,0.0,2.2743808805573664,0.0,0.0,0.0,0.0,0.0,0.0,0.0,0.3061463003322853,0.0,0.10446004632896785,0.0,0.5219081459048157
