RedundantThrowsDeclarationCheck_Actual,RedundantThrowsDeclarationCheck_Simulated,S1488_Actual,S1488_Simulated,S1905_Actual,S1905_Simulated,UselessImportCheck_Actual,UselessImportCheck_Simulated
4.6913478822291435,5.112958552709485,3.258096538021482,3.1324916786314416,2.70805020110221,2.842322744116647,4.574710978503383,3.9462715619334965
4.955827057601261,4.819770611301171,3.258096538021482,2.3965795127914773,2.70805020110221,2.570423130579127,3.970291913552122,4.537636530392476
4.969813299576001,4.192944693504687,3.258096538021482,1.6417674235853794,2.70805020110221,4.676912726566332,4.143134726391533,3.6537913163739466
4.969813299576001,4.40104560888756,3.258096538021482,2.9518085953267494,2.70805020110221,1.8160769078156596,4.127134385045092,4.440393907715463
4.962844630259907,6.400786189106659,3.5553480614894135,2.3136975551380865,2.5649493574615367,2.0137248838023676,4.248495242049359,5.39958003195076
4.962844630259907,4.500848178262165,3.5553480614894135,3.881906990761632,2.5649493574615367,2.749750163521816,4.23410650459726,4.12648537917174
