RedundantThrowsDeclarationCheck_Actual,RedundantThrowsDeclarationCheck_Simulated,S00117_Actual,S00117_Simulated,S00122_Actual,S00122_Simulated,S1488_Actual,S1488_Simulated,S1905_Actual,S1905_Simulated,UselessImportCheck_Actual,UselessImportCheck_Simulated,DuplicatedBlocks_Actual,DuplicatedBlocks_Simulated,S1226_Actual,S1226_Simulated,S00112_Actual,S00112_Simulated,S1155_Actual,S1155_Simulated,S1151_Actual,S1151_Simulated
3.1354942159291497,3.5257771575512358,3.5553480614894135,3.3241618483350153,2.4849066497880004,4.288801949621111,2.1972245773362196,2.328170097005313,0.6931471805599453,2.599355956726943,0.0,1.2264470614375145,5.043425116919247,4.534028144429186,3.713572066704308,3.848777899491394,3.091042453358316,2.4454143792319614,3.5553480614894135,3.375888409448223,3.258096538021482,2.7747795250883027
3.1354942159291497,2.9327185805903966,3.5553480614894135,3.274605604259095,2.4849066497880004,4.968088031306005,2.1972245773362196,2.4522170752975505,0.6931471805599453,4.451809916918556,0.0,3.281920558407323,5.043425116919247,6.098318103118308,3.713572066704308,3.925760026232883,3.091042453358316,2.837835999115933,3.5553480614894135,3.3382058047156407,3.258096538021482,0.3895361392061951
