S00117_Actual,S00117_Simulated,S00108_Actual,S00108_Simulated
2.0794415416798357,2.744867328905036,1.3862943611198906,1.6701743144112084
2.0794415416798357,2.9490267303122764,1.3862943611198906,1.702699953418864
2.1972245773362196,3.697292235256603,1.3862943611198906,1.8708106546776246
2.1972245773362196,2.83650341564329,1.3862943611198906,2.0270086158290264
2.1972245773362196,1.951243633473444,1.3862943611198906,1.6959920716509522
2.1972245773362196,1.7275569947095744,1.3862943611198906,1.0766590060781498
