S00117_Actual,S00117_Simulated,S00108_Actual,S00108_Simulated
2.0794415416798357,2.744867328905036,1.3862943611198906,1.6701743144112084
2.0794415416798357,2.5085044452433607,1.3862943611198906,1.2136268206696894
2.1972245773362196,3.829457514172864,1.3862943611198906,1.6447923875423827
2.1972245773362196,2.4776276307732155,1.3862943611198906,1.2055911686169725
2.1972245773362196,0.8386677672565861,1.3862943611198906,1.2930255064711638
2.1972245773362196,2.653015548630736,1.3862943611198906,0.9942179876605608
