S00117_Actual,S00117_Simulated,S00108_Actual,S00108_Simulated
2.0794415416798357,2.636680193993027,1.3862943611198906,1.0166596193930002
2.0794415416798357,3.3945559622538894,1.3862943611198906,1.550695753210355
2.0794415416798357,2.5796997354051348,1.3862943611198906,1.9257120734493256
2.0794415416798357,4.023032779038051,1.3862943611198906,1.7347426055446515
2.0794415416798357,4.26869119654091,1.3862943611198906,0.0
2.0794415416798357,0.8387290580418867,1.3862943611198906,1.1301379283874633
2.0794415416798357,2.345443213251117,1.3862943611198906,1.3418057208807073
2.0794415416798357,0.0,1.3862943611198906,1.5005915946044588
2.0794415416798357,3.9323842263377458,1.3862943611198906,0.918260290728426
2.0794415416798357,0.3360406100535034,1.3862943611198906,0.0
2.0794415416798357,4.42198738204984,1.3862943611198906,1.5490999293673968
2.0794415416798357,2.906691318318166,1.3862943611198906,1.0845355638847776
2.0794415416798357,0.2873896938209284,1.3862943611198906,0.7457893654948848
2.0794415416798357,2.358915349834478,1.3862943611198906,2.1571565101020767
2.0794415416798357,3.424020350612908,1.3862943611198906,1.5373213483719188
2.0794415416798357,4.220820353792376,1.3862943611198906,0.5036909639788691
2.0794415416798357,1.7709344376444194,1.3862943611198906,0.2739653045291053
2.0794415416798357,1.0455501011213464,1.3862943611198906,1.3249676686088465
2.0794415416798357,1.7376102837332663,1.3862943611198906,1.2322471015703933
2.0794415416798357,2.939409881697554,1.3862943611198906,0.9561430454713542
2.1972245773362196,1.7155726166289416,1.3862943611198906,1.2914598037331406
2.1972245773362196,3.3772888268490138,1.3862943611198906,1.054163277375187
2.1972245773362196,5.048357524416943,1.3862943611198906,1.3222655982549107
2.1972245773362196,2.2047209081337797,1.3862943611198906,0.43610718300154794
