S00117_Actual,S00117_Simulated,S00108_Actual,S00108_Simulated
2.1972245773362196,2.636680193993027,1.3862943611198906,1.0166596193930002
2.1972245773362196,5.006015446112226,1.3862943611198906,2.001790300215908
