S00117_Actual,S00117_Simulated,S00108_Actual,S00108_Simulated
2.0794415416798357,2.636680193993027,1.3862943611198906,1.0166596193930002
2.0794415416798357,3.8284677356924313,1.3862943611198906,0.22462067731654045
2.1972245773362196,2.0478922504756083,1.3862943611198906,1.1589903874925271
2.1972245773362196,2.270749078881907,1.3862943611198906,1.0482321930849707
2.1972245773362196,3.393593429328072,1.3862943611198906,1.0576959203764567
2.1972245773362196,3.5052950761028407,1.3862943611198906,0.8057584406469462
