S00117_Actual,S00117_Simulated,S00108_Actual,S00108_Simulated
2.0794415416798357,2.636680193993027,1.3862943611198906,1.0166596193930002
2.0794415416798357,2.824875450908916,1.3862943611198906,0.7791936719261927
2.1972245773362196,5.917562060896227,1.3862943611198906,1.402511995215454
2.1972245773362196,2.903938827789529,1.3862943611198906,1.6950546476940866
2.1972245773362196,0.0,1.3862943611198906,1.1062547857888263
2.1972245773362196,2.9302077193313316,1.3862943611198906,0.0
