S00117_Actual,S00117_Simulated,S00108_Actual,S00108_Simulated
2.0794415416798357,2.636680193993027,1.3862943611198906,1.0166596193930002
2.0794415416798357,0.0,1.3862943611198906,1.4261703277452515
2.0794415416798357,0.9040056929014728,1.3862943611198906,1.2975020792973044
2.0794415416798357,2.9260649830183185,1.3862943611198906,1.381870623912644
2.0794415416798357,3.1512208043672825,1.3862943611198906,0.8055553448194739
2.0794415416798357,2.613576821552266,1.3862943611198906,1.3646269875490495
2.0794415416798357,2.346551610190158,1.3862943611198906,2.0757709224101495
2.0794415416798357,2.454144965733955,1.3862943611198906,0.8100429107446532
2.0794415416798357,2.265030309052982,1.3862943611198906,0.963880750829218
2.0794415416798357,5.020765107861644,1.3862943611198906,0.5537438783103995
2.0794415416798357,2.0586065046653506,1.3862943611198906,1.4522533630193657
2.0794415416798357,1.9428153853764814,1.3862943611198906,0.07825851574833409
2.0794415416798357,3.2622486295213773,1.3862943611198906,0.8575287081794384
2.0794415416798357,0.6205893827894364,1.3862943611198906,1.8349259282068353
2.0794415416798357,0.7346930872867872,1.3862943611198906,1.9425781126608315
2.0794415416798357,3.7061529114593745,1.3862943611198906,1.2062750450996487
2.0794415416798357,2.8300071588681655,1.3862943611198906,0.08553024303805301
2.0794415416798357,2.1195275276768424,1.3862943611198906,1.378225349374006
2.0794415416798357,1.6108549591012462,1.3862943611198906,0.30981761371625605
2.0794415416798357,2.691093575669133,1.3862943611198906,0.0038822875372834798
2.1972245773362196,1.6560679619698764,1.3862943611198906,0.1685896752798598
2.1972245773362196,3.4270365531707836,1.3862943611198906,1.1753531863188091
2.1972245773362196,0.6950189917070597,1.3862943611198906,0.6444054958086568
2.1972245773362196,3.9625809076440133,1.3862943611198906,0.5375103516243315
