S00117_Actual,S00117_Simulated,S00108_Actual,S00108_Simulated
2.0794415416798357,2.744867328905036,1.3862943611198906,1.6701743144112084
2.0794415416798357,3.2328398249794428,1.3862943611198906,1.7412304852148541
2.0794415416798357,1.6132077863184318,1.3862943611198906,1.871879067777933
2.0794415416798357,1.783388969371992,1.3862943611198906,1.6664510650724516
2.0794415416798357,2.545016256124322,1.3862943611198906,2.34412105513905
2.0794415416798357,3.1078016014822225,1.3862943611198906,1.900454584696156
2.0794415416798357,3.7674133755237005,1.3862943611198906,1.639812675212288
2.0794415416798357,1.426758382593061,1.3862943611198906,2.0126855168453104
2.1972245773362196,3.4705137629641967,1.3862943611198906,1.9871820894804046
2.1972245773362196,2.8998181529200653,1.3862943611198906,2.0993775997530553
2.1972245773362196,2.124575364005877,1.3862943611198906,1.186903093819748
2.1972245773362196,1.6966194923991516,1.3862943611198906,1.224947151621654
