S00117_Actual,S00117_Simulated,S00108_Actual,S00108_Simulated
2.0794415416798357,2.744867328905036,1.3862943611198906,1.6701743144112084
2.0794415416798357,3.5995283388256656,1.3862943611198906,1.5593170223266162
2.1972245773362196,0.9816998379786672,1.3862943611198906,2.2071574381262833
2.1972245773362196,1.7195988815947005,1.3862943611198906,2.015273195180716
2.1972245773362196,3.6047432939220565,1.3862943611198906,1.2878970062793353
2.1972245773362196,4.968045076715283,1.3862943611198906,1.3271216757770867
