S00117_Actual,S00117_Simulated
2.0794415416798357,2.636680193993027
2.0794415416798357,1.451779053267526
2.1972245773362196,2.072107249568082
2.1972245773362196,2.046204132304893
2.1972245773362196,2.395075600958874
2.1972245773362196,2.711397533659303
