S00117_Actual,S00117_Simulated
2.0794415416798357,2.636680193993027
2.0794415416798357,3.786633765146797
2.0794415416798357,3.750349940757317
2.0794415416798357,1.0420882868166144
2.0794415416798357,2.38804755058541
2.0794415416798357,3.282292893128536
2.0794415416798357,5.297971269555242
2.0794415416798357,0.7457123616483083
2.1972245773362196,3.466890164265145
2.1972245773362196,3.1696835007408755
2.1972245773362196,1.184526433687603
2.1972245773362196,1.5215020564558075
