S00117_Actual,S00117_Simulated,S00108_Actual,S00108_Simulated
2.0794415416798357,2.636680193993027,1.3862943611198906,1.0166596193930002
2.0794415416798357,1.4655354317881757,1.3862943611198906,0.903669622424098
2.0794415416798357,2.9346218047828705,1.3862943611198906,1.6416606221158925
2.0794415416798357,3.158694959360625,1.3862943611198906,0.8660494172462981
2.0794415416798357,5.06272782194849,1.3862943611198906,0.14684230118097252
2.0794415416798357,0.8633749492656535,1.3862943611198906,0.0
2.0794415416798357,3.6901961748964265,1.3862943611198906,2.304481295708691
2.0794415416798357,3.7874770408349194,1.3862943611198906,0.0
2.0794415416798357,3.0316400086772077,1.3862943611198906,1.1594661674600877
2.0794415416798357,3.830629093391376,1.3862943611198906,0.5506576731670305
2.0794415416798357,3.0925837444242954,1.3862943611198906,0.01749769379439481
2.0794415416798357,3.730461046906409,1.3862943611198906,0.05033174602088064
2.0794415416798357,2.666839584975529,1.3862943611198906,0.2328717080345678
2.0794415416798357,2.9662424999781107,1.3862943611198906,2.8481633031852396
2.0794415416798357,0.8822103583268768,1.3862943611198906,0.3846905786159066
2.0794415416798357,0.0,1.3862943611198906,0.0
2.0794415416798357,2.547683604580591,1.3862943611198906,0.5923412272668814
2.0794415416798357,0.6593213671385727,1.3862943611198906,2.776130652576456
2.0794415416798357,2.731799645649688,1.3862943611198906,0.9552398462420185
2.0794415416798357,4.525970219902705,1.3862943611198906,1.3863252379806754
2.1972245773362196,6.325362458468753,1.3862943611198906,0.46318053081243693
2.1972245773362196,1.7095498526686368,1.3862943611198906,0.0
2.1972245773362196,2.6667804495468106,1.3862943611198906,0.6715749555829058
2.1972245773362196,2.3237488756141174,1.3862943611198906,1.0339520655411805
