S00117_Actual,S00117_Simulated,S00108_Actual,S00108_Simulated
2.0794415416798357,2.636680193993027,1.3862943611198906,1.0166596193930002
2.0794415416798357,4.243387164362865,1.3862943611198906,1.30006168216961
2.0794415416798357,2.834020893055193,1.3862943611198906,0.11189010446669345
2.0794415416798357,2.939892903311416,1.3862943611198906,0.9768296657657551
2.0794415416798357,4.9387776693941134,1.3862943611198906,0.3247931478538615
2.0794415416798357,2.2584656089240616,1.3862943611198906,0.0771936450477374
2.0794415416798357,1.9697707097039576,1.3862943611198906,0.9845077881746721
2.0794415416798357,2.334376703544067,1.3862943611198906,2.3499499054625286
2.0794415416798357,3.6329308017656228,1.3862943611198906,1.2780431022074734
2.0794415416798357,3.982203823699107,1.3862943611198906,0.7837016968982768
2.0794415416798357,3.695397844825239,1.3862943611198906,0.880064020549654
2.0794415416798357,3.1262819739809404,1.3862943611198906,0.2034732442070578
2.0794415416798357,2.5390253796140665,1.3862943611198906,2.1938079585324792
2.0794415416798357,2.150479363401748,1.3862943611198906,1.124312639972286
2.0794415416798357,1.0080732692971577,1.3862943611198906,1.4047168660124671
2.0794415416798357,2.790931689237227,1.3862943611198906,0.5309157256299448
2.0794415416798357,2.1151031885584315,1.3862943611198906,0.1441739753770518
2.0794415416798357,3.9089407474487223,1.3862943611198906,0.0
2.0794415416798357,2.766666868494493,1.3862943611198906,1.5855446679240777
2.0794415416798357,4.386323090238281,1.3862943611198906,1.6889610558459374
2.1972245773362196,1.702754869898807,1.3862943611198906,0.3027983360385237
2.1972245773362196,2.6310381395844393,1.3862943611198906,1.2470974654795195
2.1972245773362196,3.561426608258166,1.3862943611198906,0.1422347177151928
2.1972245773362196,1.7960666101561884,1.3862943611198906,2.2639580811267512
