RedundantThrowsDeclarationCheck_Actual,RedundantThrowsDeclarationCheck_Simulated,S1488_Actual,S1488_Simulated,S1905_Actual,S1905_Simulated,UselessImportCheck_Actual,UselessImportCheck_Simulated,S00108_Actual,S00108_Simulated
4.969813299576001,5.103045554277688,3.258096538021482,3.6392436171574167,2.70805020110221,3.3928598908698673,4.127134385045092,4.451906016607533,1.3862943611198906,1.6701743144112084
4.962844630259907,4.7633448758365295,3.2188758248682006,3.157730313119984,2.5649493574615367,3.001142566384208,4.23410650459726,4.33575957877452,1.3862943611198906,1.2002525599357101
4.962844630259907,4.992704784104722,3.5553480614894135,4.227019051583462,2.5649493574615367,4.052992261795161,4.23410650459726,4.828825903809923,1.3862943611198906,1.9303922577720787
4.962844630259907,4.781842985789379,3.5553480614894135,4.208768688893752,2.5649493574615367,3.907310087156688,4.23410650459726,3.986355843093046,1.3862943611198906,1.7356085493206137
4.962844630259907,4.694012374857551,3.5553480614894135,3.754202332604623,2.5649493574615367,3.3914797301325152,4.2626798770413155,4.480136152002754,1.3862943611198906,2.1624582939542223
4.962844630259907,5.021720533125788,3.5553480614894135,5.204032797902274,2.5649493574615367,1.1564113622087486,4.248495242049359,4.503293213819815,1.3862943611198906,1.0245728044853055
