RedundantThrowsDeclarationCheck,S1488,S1905,UselessImportCheck,S00108
4.962844630259907,3.5553480614894135,2.5649493574615367,4.2626798770413155,1.3862943611198906
4.962844630259907,3.5553480614894135,2.5649493574615367,4.248495242049359,1.3862943611198906
5.135196135843388,3.1713330573492113,2.8999569237012524,3.9788381153436965,1.0166596193930002
5.0250283339422115,2.9870883574569858,0.0,3.5493736940602734,1.649969790115511
