S00117_Actual,S00117_Simulated
2.0794415416798357,2.636680193993027
2.0794415416798357,2.2587236803935085
2.0794415416798357,3.8456361656618645
2.0794415416798357,1.2007944867071851
2.0794415416798357,3.564816942150804
2.0794415416798357,2.7582199727771886
2.0794415416798357,2.507509585780261
2.0794415416798357,0.0
2.1972245773362196,3.1537706313948948
2.1972245773362196,3.1813119629771127
2.1972245773362196,0.6957947562374154
2.1972245773362196,2.68776511519694
