RedundantThrowsDeclarationCheck_Actual,RedundantThrowsDeclarationCheck_Simulated,S1488_Actual,S1488_Simulated,S1905_Actual,S1905_Simulated,UselessImportCheck_Actual,UselessImportCheck_Simulated,S00108_Actual,S00108_Simulated
4.969813299576001,5.103045554277688,3.258096538021482,3.6392436171574167,2.70805020110221,3.3928598908698673,4.127134385045092,4.451906016607533,1.3862943611198906,1.6701743144112084
4.962844630259907,5.32942744882875,3.2188758248682006,3.390882324505884,2.5649493574615367,2.3117538849863086,4.23410650459726,4.308104418059776,1.3862943611198906,2.121187115785787
4.962844630259907,5.173026292467586,3.5553480614894135,3.706173847485753,2.5649493574615367,3.972362494340855,4.23410650459726,4.925833354614538,1.3862943611198906,2.236080773509614
4.962844630259907,4.785285153161597,3.5553480614894135,4.329041850820036,2.5649493574615367,4.249905715827215,4.23410650459726,5.088467621846411,1.3862943611198906,1.401928288262242
4.962844630259907,5.214919589103211,3.5553480614894135,4.39052995832116,2.5649493574615367,2.839984618403376,4.2626798770413155,4.464974557851446,1.3862943611198906,2.0441554420696337
4.962844630259907,6.162858142434294,3.5553480614894135,3.599639289081562,2.5649493574615367,5.896544780389,4.248495242049359,4.673936634941909,1.3862943611198906,1.4913320472705416
