S00117_Actual,S00117_Simulated,S00108_Actual,S00108_Simulated
2.0794415416798357,2.636680193993027,1.3862943611198906,1.0166596193930002
2.0794415416798357,0.885191605890485,1.3862943611198906,0.8610533623021406
2.1972245773362196,3.560624553897736,1.3862943611198906,2.62926394927663
2.1972245773362196,2.3804016571825337,1.3862943611198906,0.204825568513342
2.1972245773362196,3.2259728480478578,1.3862943611198906,2.0469100202255026
2.1972245773362196,0.0,1.3862943611198906,0.8757059553916702
