S00117_Actual,S00117_Simulated,S00108_Actual,S00108_Simulated
2.0794415416798357,2.636680193993027,1.3862943611198906,1.0166596193930002
2.0794415416798357,1.8785616229435198,1.3862943611198906,1.4722104245511862
2.0794415416798357,0.9503601083795261,1.3862943611198906,1.9416456961748418
2.0794415416798357,3.216414583466439,1.3862943611198906,3.0097047871920903
2.0794415416798357,2.728488972509258,1.3862943611198906,0.6801201294192695
2.0794415416798357,2.7456887398595917,1.3862943611198906,0.8907045629634093
2.0794415416798357,1.9728286041938303,1.3862943611198906,2.1435031616477263
2.0794415416798357,0.0,1.3862943611198906,0.579161521018819
2.1972245773362196,3.734930381584994,1.3862943611198906,0.5732324652297505
2.1972245773362196,1.9105918017033792,1.3862943611198906,0.7539874906663799
2.1972245773362196,4.5227470359356605,1.3862943611198906,0.9418631414914934
2.1972245773362196,2.2063321467475396,1.3862943611198906,1.1069742881304234
