RedundantThrowsDeclarationCheck_Actual,RedundantThrowsDeclarationCheck_Simulated,S1488_Actual,S1488_Simulated,S1905_Actual,S1905_Simulated,UselessImportCheck_Actual,UselessImportCheck_Simulated,S00108_Actual,S00108_Simulated
4.663439094112067,5.103045554277688,3.1780538303479458,3.6392436171574167,2.70805020110221,3.3928598908698673,4.736198448394496,4.451906016607533,1.3862943611198906,1.6701743144112084
4.68213122712422,4.6513825428645506,3.258096538021482,4.506268765832039,2.70805020110221,5.063491067218333,4.564348191467836,4.286105177676389,1.3862943611198906,0.8984556327238867
4.948759890378168,4.019091421654744,3.258096538021482,2.461780803390101,2.70805020110221,4.338621832246611,3.784189633918261,4.972902935747012,1.3862943611198906,2.2123144007220286
4.955827057601261,4.458260184058133,3.258096538021482,3.2968069025891302,2.70805020110221,1.9687289331706868,4.02535169073515,4.548322389052467,1.3862943611198906,1.822409505450022
4.955827057601261,5.3187687664572705,3.258096538021482,3.9893161916633906,2.70805020110221,3.610983813493568,4.060443010546419,4.296754712651906,1.3862943611198906,2.3329599466610342
4.969813299576001,5.125427775309744,3.258096538021482,3.5881164500911096,2.70805020110221,3.80607802916853,4.143134726391533,4.903446007281486,1.3862943611198906,1.5398563478278888
4.969813299576001,5.637605184622474,3.258096538021482,4.65344149408649,2.70805020110221,3.842412339851812,4.127134385045092,4.834419045480664,1.3862943611198906,2.186478261398267
4.962844630259907,4.060798935408219,3.2188758248682006,3.9862995851946903,2.5649493574615367,3.7097976479564774,4.23410650459726,4.322095807747325,1.3862943611198906,1.539544146090657
4.962844630259907,4.649431862961834,3.5553480614894135,3.1902917551491536,2.5649493574615367,3.4024426536690764,4.23410650459726,4.703067689722848,1.3862943611198906,1.465296510316148
4.962844630259907,6.409346614109518,3.5553480614894135,3.3024279119174187,2.5649493574615367,5.4312578497914155,4.23410650459726,4.022464014272522,1.3862943611198906,1.55680096924293
4.962844630259907,5.321339616254711,3.5553480614894135,4.113573436876191,2.5649493574615367,3.1174274619162503,4.2626798770413155,4.443179311340642,1.3862943611198906,1.5882191640639105
4.962844630259907,5.228238805361899,3.5553480614894135,3.3016048152409567,2.5649493574615367,2.9232053163004217,4.248495242049359,4.964685393308062,1.3862943611198906,1.4675629125571006
