S00117_Actual,S00117_Simulated,S00108_Actual,S00108_Simulated
2.0794415416798357,2.636680193993027,1.3862943611198906,1.0166596193930002
2.0794415416798357,3.384111970433404,1.3862943611198906,0.2963225888186177
2.1972245773362196,3.4796120480150567,1.3862943611198906,2.6507239519758237
2.1972245773362196,0.4250578119598307,1.3862943611198906,0.0752807063505524
2.1972245773362196,0.6078566313170319,1.3862943611198906,1.2796925650140583
2.1972245773362196,2.49503846921405,1.3862943611198906,1.0384892607990308
