RedundantThrowsDeclarationCheck_Actual,RedundantThrowsDeclarationCheck_Simulated,S1488_Actual,S1488_Simulated,S1905_Actual,S1905_Simulated,UselessImportCheck_Actual,UselessImportCheck_Simulated,S00108_Actual,S00108_Simulated
4.969813299576001,5.103045554277688,3.258096538021482,3.6392436171574167,2.70805020110221,3.3928598908698673,4.127134385045092,4.451906016607533,1.3862943611198906,1.6701743144112084
4.962844630259907,5.157813426681529,3.2188758248682006,3.777713108626865,2.5649493574615367,1.0642164899120932,4.23410650459726,3.9231838147747062,1.3862943611198906,1.9638567277974177
4.962844630259907,4.970672728315772,3.5553480614894135,4.279575053382847,2.5649493574615367,5.2715721293888285,4.23410650459726,4.277745130236961,1.3862943611198906,1.194507158443181
4.962844630259907,5.690618446841021,3.5553480614894135,2.7023012178116783,2.5649493574615367,3.1530553814515696,4.23410650459726,4.178794659921215,1.3862943611198906,1.6741697084593343
4.962844630259907,5.563496429830126,3.5553480614894135,2.5873995045771947,2.5649493574615367,5.684718512435027,4.2626798770413155,4.336359694335413,1.3862943611198906,0.9708873646658902
4.962844630259907,5.048244144579094,3.5553480614894135,4.341817643409648,2.5649493574615367,2.8470797441398514,4.248495242049359,4.459513000964957,1.3862943611198906,1.9738055023403063
