S00117_Actual,S00117_Simulated,S00108_Actual,S00108_Simulated
2.0794415416798357,2.636680193993027,1.3862943611198906,1.0166596193930002
2.0794415416798357,4.380349909179802,1.3862943611198906,1.066170617036242
2.1972245773362196,2.1843398022716114,1.3862943611198906,0.049021791569894835
2.1972245773362196,3.791183211078287,1.3862943611198906,2.336671142519596
2.1972245773362196,2.454820715422026,1.3862943611198906,1.0221601876236754
2.1972245773362196,3.7406110927264478,1.3862943611198906,0.36952728006761704
