RedundantThrowsDeclarationCheck_Actual,RedundantThrowsDeclarationCheck_Simulated,S1488_Actual,S1488_Simulated,S1905_Actual,S1905_Simulated,UselessImportCheck_Actual,UselessImportCheck_Simulated,S00108_Actual,S00108_Simulated
4.969813299576001,5.103045554277688,3.258096538021482,3.6392436171574167,2.70805020110221,3.3928598908698673,4.127134385045092,4.451906016607533,1.3862943611198906,1.6701743144112084
4.962844630259907,4.889503155704892,3.2188758248682006,3.2064541108267757,2.5649493574615367,2.2924058328570043,4.23410650459726,4.428157859077451,1.3862943611198906,1.1950122452670906
4.962844630259907,4.752938669060505,3.5553480614894135,4.1440221631751735,2.5649493574615367,5.336649577995228,4.23410650459726,5.05418007955495,1.3862943611198906,1.3855248745601967
4.962844630259907,5.830207969480643,3.5553480614894135,3.933035427905794,2.5649493574615367,1.2014799772656972,4.23410650459726,4.760818587747674,1.3862943611198906,1.974939844291036
4.962844630259907,6.211711238769023,3.5553480614894135,2.8145435198742694,2.5649493574615367,3.636837371439375,4.2626798770413155,4.41727666488955,1.3862943611198906,1.6423558572009898
4.962844630259907,5.083706034134184,3.5553480614894135,3.7434913694234537,2.5649493574615367,2.300490935406974,4.248495242049359,4.632039838227713,1.3862943611198906,1.790863102795531
