S00117_Actual,S00117_Simulated,S00108_Actual,S00108_Simulated
2.0794415416798357,2.636680193993027,1.3862943611198906,1.0166596193930002
2.0794415416798357,0.46719400360348784,1.3862943611198906,0.35895123874281953
2.1972245773362196,1.5740649594942289,1.3862943611198906,2.279439810758873
2.1972245773362196,4.627551559272861,1.3862943611198906,1.877081111472641
2.1972245773362196,2.5002882582295967,1.3862943611198906,0.9763625312350929
2.1972245773362196,1.7751197074081624,1.3862943611198906,1.854595835570267
