S00117_Actual,S00117_Simulated
2.0794415416798357,2.636680193993027
2.0794415416798357,5.409304896531844
2.1972245773362196,3.214332953042985
2.1972245773362196,1.2944787068992285
2.1972245773362196,2.5273758989962984
2.1972245773362196,0.0
