RedundantThrowsDeclarationCheck_Actual,RedundantThrowsDeclarationCheck_Simulated,S00117_Actual,S00117_Simulated,S1488_Actual,S1488_Simulated,S1226_Actual,S1226_Simulated,S00112_Actual,S00112_Simulated,S1155_Actual,S1155_Simulated,S1132_Actual,S1132_Simulated,S1481_Actual,S1481_Simulated
1.0159205728229963,0.26424494468692766,0.0,0.18857179510065186,0.6931471805599453,0.6742804700449279,0.0,0.0,4.23823874188217,3.4160510287931776,1.0986122886681098,1.1085934909171022,1.0986122886681098,1.098607464109944,0.0,0.2632049367457456
1.0330150061822962,0.07731094032647731,0.0,0.2620120963230633,0.6931471805599453,0.5554591237978935,0.0,0.0,4.24029847484518,3.224117205725282,1.0986122886681098,1.0328863472998475,1.0986122886681098,1.0986086453802457,0.0,0.5380634471916932
1.0498221244986776,0.5966872858392752,0.0,0.21629338765285033,0.6931471805599453,0.627342371813162,0.0,0.0,4.242353974027276,2.193248080263484,1.0986122886681098,1.1572217058451366,1.0986122886681098,1.0986073522800577,0.0,0.008099462315070804
1.0663514264498883,0.0,0.0,0.18163272813188516,0.6931471805599453,0.7670315057971409,0.0,0.0,4.244405256797834,2.6915657220211227,1.0986122886681098,1.1798912574288378,1.0986122886681098,1.098608744116671,0.0,0.9266446878620345
1.0826119473216684,0.0,0.0,0.25922941280686596,0.6931471805599453,0.6328202620053438,0.0,0.0,4.246452340419559,3.273019608982612,1.0986122886681098,1.145276183821871,1.0986122886681098,1.0986057984445197,0.0,0.0
1.0986122886681098,0.8987788236954088,0.0,0.5003781015700598,0.6931471805599453,0.581616301378968,0.0,0.0,4.248495242049359,4.628180616707626,1.0986122886681098,0.9982075216053916,1.0986122886681098,1.0986033096368024,0.0,0.42605287058572716
