S1213_Actual,S1213_Simulated,RedundantThrowsDeclarationCheck_Actual,RedundantThrowsDeclarationCheck_Simulated,S00117_Actual,S00117_Simulated,S00122_Actual,S00122_Simulated,S1905_Actual,S1905_Simulated,DuplicatedBlocks_Actual,DuplicatedBlocks_Simulated,S1155_Actual,S1155_Simulated
5.765191102784844,5.905965091877481,5.733341276897746,5.406354149356674,5.811140992976701,5.623524564790877,6.298949246855942,6.198847681621536,1.791759469228055,2.218394196647229,5.66988092298052,5.778379256897303,4.23410650459726,3.9342304055250064
5.75890177387728,5.725152336080719,5.703782474656201,5.229902730988058,5.808142489980444,5.651630264038299,6.278521424165844,5.813845720121968,1.791759469228055,1.7600148087235996,5.6131281063880705,5.681300128572283,4.23410650459726,3.8411735997574517
5.7745515455444085,5.98271758880499,5.717027701406222,5.087644530036359,5.808142489980444,5.283788788106196,6.278521424165844,6.542158146521661,1.791759469228055,2.3385857343859358,5.616771097666572,6.299066998208889,4.23410650459726,3.644648893882763
5.765191102784844,5.632722557397611,5.71042701737487,4.783342039382193,5.808142489980444,5.308747246486627,6.2878585601617845,4.611187542772626,1.791759469228055,3.43447293825991,5.616771097666572,6.722199603634906,4.23410650459726,3.5198208838019798
5.777652323222656,5.711062713191814,5.707110264748875,5.072762217209721,5.755742213586912,5.883062621075002,6.3080984415095305,6.0470760285038905,1.791759469228055,3.1502862919832446,5.66988092298052,4.67453718820275,4.23410650459726,4.657668884668321
5.777652323222656,6.408828863359668,5.707110264748875,5.3328038502124215,5.755742213586912,5.514523523721777,6.3080984415095305,6.1320656574005366,1.791759469228055,1.4341942199366318,5.66988092298052,6.077503522989575,4.23410650459726,3.991511377874286
