RedundantThrowsDeclarationCheck_Actual,RedundantThrowsDeclarationCheck_Simulated,S00117_Actual,S00117_Simulated,S1488_Actual,S1488_Simulated,S1226_Actual,S1226_Simulated,S00112_Actual,S00112_Simulated,S1155_Actual,S1155_Simulated,S1132_Actual,S1132_Simulated,S1481_Actual,S1481_Simulated
1.0159205728229963,0.5284949674276187,0.0,0.23444185872781464,0.6931471805599453,0.6931423560017794,0.0,0.0,4.23823874188217,4.138059729609061,1.0986122886681098,1.098607464109944,1.0986122886681098,1.098607464109944,0.0,0.0
1.0330150061822962,0.34412914258591343,0.0,0.4984869263421362,0.6931471805599453,0.6931454565160567,0.0,0.0,4.24029847484518,4.234389571124531,1.0986122886681098,1.0986090887855684,1.0986122886681098,1.0986121189990898,0.0,0.0
1.0498221244986776,0.7214737056041041,0.0,0.345973277719813,0.6931471805599453,0.693141235452293,0.0,0.0,4.242353974027276,4.168098659165176,1.0986122886681098,1.0986062359242728,1.0986122886681098,1.0986011773184587,0.0,9.346720635427615e-07
1.0663514264498883,0.9924197837548971,0.0,0.0,0.6931471805599453,0.6931426583339011,0.0,0.0,4.244405256797834,4.118829010059018,1.0986122886681098,1.098606780884185,1.0986122886681098,1.0986048285531673,0.0,0.0
1.0826119473216684,0.2638784808593544,0.0,0.37954470710831123,0.6931471805599453,0.6931425118397411,0.0,0.0,4.246452340419559,4.093803390233007,1.0986122886681098,1.0986090180689945,1.0986122886681098,1.098607184333707,0.0,0.0
1.0986122886681098,0.0,0.0,0.0,0.6931471805599453,0.6931449192829054,0.0,0.0,4.248495242049359,4.061327788638955,1.0986122886681098,1.098608360410329,1.0986122886681098,1.0986132702384372,0.0,0.0
