RedundantThrowsDeclarationCheck_Actual,RedundantThrowsDeclarationCheck_Simulated,S00117_Actual,S00117_Simulated,S1488_Actual,S1488_Simulated,S1226_Actual,S1226_Simulated,S00112_Actual,S00112_Simulated,S1155_Actual,S1155_Simulated,S1132_Actual,S1132_Simulated,S1481_Actual,S1481_Simulated
1.0159205728229963,0.5284949674276187,0.0,0.23444185872781464,0.6931471805599453,0.6931423560017794,0.0,0.0,4.23823874188217,4.138059729609061,1.0986122886681098,1.098607464109944,1.0986122886681098,1.098607464109944,0.0,0.0
1.0330150061822962,0.6252344016002007,0.0,0.38041835809941527,0.6931471805599453,0.6931412810196612,0.0,0.0,4.24029847484518,4.050558026327938,1.0986122886681098,1.0986060916331528,1.0986122886681098,1.0986056670300577,0.0,0.0
1.0498221244986776,0.8683525842920387,0.0,0.0,0.6931471805599453,0.6931368674766117,0.0,0.0,4.242353974027276,3.9940038216541893,1.0986122886681098,1.0986058375870678,1.0986122886681098,1.098605133856727,0.0,0.0
1.0663514264498883,0.47852470360362553,0.0,0.5051417418927887,0.6931471805599453,0.6931408318070219,0.0,0.0,4.244405256797834,4.0614557809959875,1.0986122886681098,1.0986105288810049,1.0986122886681098,1.0986078095676577,0.0,0.0
1.0826119473216684,0.44449922911877704,0.0,0.43475469301623604,0.6931471805599453,0.6931453763920057,0.0,0.0,4.246452340419559,4.180486800224313,1.0986122886681098,1.098604496563815,1.0986122886681098,1.0986070297381993,0.0,0.0
1.0986122886681098,0.7038945919527841,0.0,0.15066510907515868,0.6931471805599453,0.6931354334913451,0.0,0.0,4.248495242049359,4.329763416304338,1.0986122886681098,1.0986140667062727,1.0986122886681098,1.0986069724588086,0.0,0.0
