RedundantThrowsDeclarationCheck_Actual,RedundantThrowsDeclarationCheck_Simulated,S00117_Actual,S00117_Simulated,S1488_Actual,S1488_Simulated,S1226_Actual,S1226_Simulated,S00112_Actual,S00112_Simulated,S1155_Actual,S1155_Simulated,S1132_Actual,S1132_Simulated,S1481_Actual,S1481_Simulated
1.0663514264498883,0.5284949674276187,0.0,0.23444185872781464,0.6931471805599453,0.6931423560017794,0.0,0.0,4.244405256797834,4.138059729609061,1.0986122886681098,1.098607464109944,1.0986122886681098,1.098607464109944,0.0,0.0
1.0826119473216684,0.7130305804593895,0.0,0.4774006786705552,0.6931471805599453,0.6931472242914198,0.0,0.0,4.246452340419559,4.009718625111064,1.0986122886681098,1.0986072944334846,1.0986122886681098,1.098603776770492,0.0,3.3197761918055754e-06
1.0986122886681098,0.6432183191663943,0.0,0.8027679575191211,0.6931471805599453,0.6931435663069615,0.0,0.0,4.248495242049359,4.022691741333274,1.0986122886681098,1.0986085275163722,1.0986122886681098,1.0986082928971146,0.0,0.0
