RedundantThrowsDeclarationCheck_Actual,RedundantThrowsDeclarationCheck_Simulated,S00117_Actual,S00117_Simulated,S1488_Actual,S1488_Simulated,S1226_Actual,S1226_Simulated,S00112_Actual,S00112_Simulated,S1155_Actual,S1155_Simulated,S1132_Actual,S1132_Simulated,S1481_Actual,S1481_Simulated
2.4849066497880004,3.5752879838039395,3.7376696182833684,3.697392449979346,0.0,0.8754362755897771,2.5649493574615367,3.5879241157460826,4.844187086458591,4.276680021083757,0.0,1.7109182803350094,2.9444389791664403,4.1497156410950025,1.0986122886681098,3.437301328727192
2.4849066497880004,4.004161465693201,3.728100167267218,3.0764137887443552,0.0,0.4329898604997147,2.5649493574615367,4.700556687466119,4.847331743138063,2.551713440004284,0.0,3.8325543667268476,2.9444389791664403,4.593723330105042,1.0986122886681098,3.4149643814946833
2.4849066497880004,3.8335507637526525,3.7184382563554808,5.0482685696155505,0.0,2.019188896067254,2.5649493574615367,3.2359811718373956,4.850466541943434,3.298777468345391,0.0,0.0,2.9444389791664403,4.485408115911735,1.0986122886681098,0.6358290566886615
2.4849066497880004,3.6077247461808017,3.708682081410116,3.138005152436129,0.0,0.0,2.5649493574615367,4.0302197044937635,4.853591544486569,2.226248946929665,0.0,1.0923982088190387,2.9444389791664403,6.111045438726669,1.0986122886681098,4.34614991913471
2.4849066497880004,3.3165737193304476,3.6988297849671046,2.5368380090014035,0.0,2.37729295937028,2.5649493574615367,3.915505419792614,4.856706811803519,4.316582723231701,0.0,4.360175851678502,2.9444389791664403,4.043130391466322,1.0986122886681098,1.227278807786199
2.4849066497880004,3.9117188859984076,3.6888794541139363,2.8070536953567893,0.0,0.0,2.5649493574615367,3.0550701026466323,4.859812404361672,5.559514723992672,0.0,1.3716222704532877,2.9444389791664403,2.3278180663286543,1.0986122886681098,3.8052948185394815
