RedundantThrowsDeclarationCheck_Actual,RedundantThrowsDeclarationCheck_Simulated,S00117_Actual,S00117_Simulated,S1488_Actual,S1488_Simulated,S1226_Actual,S1226_Simulated,S00112_Actual,S00112_Simulated,S1155_Actual,S1155_Simulated,S1132_Actual,S1132_Simulated,S1481_Actual,S1481_Simulated
2.4849066497880004,3.5752879838039395,3.708682081410116,3.697392449979346,0.0,0.8754362755897771,2.5649493574615367,3.5879241157460826,4.853591544486569,4.276680021083757,0.0,1.7109182803350094,2.9444389791664403,4.1497156410950025,1.0986122886681098,3.437301328727192
2.4849066497880004,3.602237691080384,3.6988297849671046,3.458048639126397,0.0,0.0,2.5649493574615367,6.186644456165006,4.856706811803519,3.0952092732430683,0.0,0.6743012264744304,2.9444389791664403,6.6426165548894005,1.0986122886681098,4.01699576840016
2.4849066497880004,3.531187262974766,3.6888794541139363,4.442360438335895,0.0,0.0,2.5649493574615367,2.6682251754383293,4.859812404361672,4.528220005777145,0.0,0.4677930817164735,2.9444389791664403,3.3567064191058917,1.0986122886681098,4.6184395403994625
