RedundantThrowsDeclarationCheck_Actual,RedundantThrowsDeclarationCheck_Simulated,S00117_Actual,S00117_Simulated,S1488_Actual,S1488_Simulated,DuplicatedBlocks_Actual,DuplicatedBlocks_Simulated,S00112_Actual,S00112_Simulated
3.258096538021482,3.436472015969637,2.772588722239781,2.0967971751396535,1.3862943611198906,1.3087577344172137,6.016157159698354,5.82252924894573,7.00397413672268,6.8090660749690075
3.332204510175204,3.2884497064872873,2.6390573296152584,1.6847072854005718,0.6931471805599453,1.748796612853114,5.713732805509369,5.865481989725695,6.760414691083428,6.930827045382195
3.332204510175204,3.1827111094880793,2.6390573296152584,2.0570482444702396,0.6931471805599453,0.9611936838870911,5.71042701737487,5.916441290863953,6.7357800142423265,6.825001186574942
3.332204510175204,3.248524835960962,2.6390573296152584,1.4837471334574412,0.6931471805599453,1.566802172371154,5.683579767338681,5.868088867495174,6.734591659972948,6.723601696010256
3.332204510175204,3.664583505300017,2.6390573296152584,2.342705820519207,0.6931471805599453,1.3962921559470127,5.69035945432406,5.751692721225596,6.738152494595957,6.657370093667328
3.332204510175204,3.468595252711925,2.6390573296152584,2.291267278654902,0.6931471805599453,1.6844543538896537,5.697093486505405,5.8803189489946694,6.7580945044277305,6.8372274281019445
