RedundantThrowsDeclarationCheck_Actual,RedundantThrowsDeclarationCheck_Simulated,S00117_Actual,S00117_Simulated,S1488_Actual,S1488_Simulated,DuplicatedBlocks_Actual,DuplicatedBlocks_Simulated,S00112_Actual,S00112_Simulated
3.258096538021482,3.436472015969637,2.772588722239781,2.0967971751396535,1.3862943611198906,1.3087577344172137,6.016157159698354,5.82252924894573,7.00397413672268,6.8090660749690075
3.332204510175204,3.2896395258633406,2.6390573296152584,1.8950431701170323,0.6931471805599453,1.3666887333697144,5.713732805509369,5.8788877532108135,6.760414691083428,6.745481969753542
3.332204510175204,3.268332018706955,2.6390573296152584,2.75416299117071,0.6931471805599453,1.5078013758479354,5.71042701737487,6.0349368095896665,6.7357800142423265,6.728493377003628
3.332204510175204,2.6480095574222213,2.6390573296152584,2.923573627394795,0.6931471805599453,2.032669441588179,5.683579767338681,5.821768129761946,6.734591659972948,6.8151981098450705
3.332204510175204,3.696356849207115,2.6390573296152584,1.8497188402694884,0.6931471805599453,1.148654818503033,5.69035945432406,5.778753175134655,6.738152494595957,6.780601619632451
3.332204510175204,3.7112829245720027,2.6390573296152584,2.652595938868428,0.6931471805599453,1.1999116235269707,5.697093486505405,5.803550015338314,6.7580945044277305,6.805185405788815
