RedundantThrowsDeclarationCheck_Actual,RedundantThrowsDeclarationCheck_Simulated,S00117_Actual,S00117_Simulated,S1488_Actual,S1488_Simulated,DuplicatedBlocks_Actual,DuplicatedBlocks_Simulated,S00112_Actual,S00112_Simulated
3.258096538021482,3.436472015969637,2.772588722239781,2.0967971751396535,1.3862943611198906,1.3087577344172137,6.016157159698354,5.82252924894573,7.00397413672268,6.8090660749690075
3.332204510175204,3.1416538989485185,2.6390573296152584,2.402902656082427,0.6931471805599453,1.5167068651136006,5.713732805509369,5.852850081294035,6.760414691083428,6.741869308961494
3.332204510175204,3.486999002014094,2.6390573296152584,2.246367364357792,0.6931471805599453,1.0671354384109453,5.71042701737487,5.753443662091951,6.7357800142423265,6.821807424103588
3.332204510175204,3.338291036885717,2.6390573296152584,2.1124569612116164,0.6931471805599453,1.5431785289398832,5.683579767338681,5.890774257926876,6.734591659972948,6.793706880142389
3.332204510175204,2.9634373427198266,2.6390573296152584,2.610633889738809,0.6931471805599453,2.571879828957357,5.69035945432406,5.719615048428971,6.738152494595957,6.66120898090755
3.332204510175204,3.444327948120012,2.6390573296152584,2.5616650822096108,0.6931471805599453,1.3472550543528194,5.697093486505405,5.818523451909252,6.7580945044277305,6.790213865677904
