S1213_Actual,S1213_Simulated,S1488_Actual,S1488_Simulated,S1226_Actual,S1226_Simulated,S00112_Actual,S00112_Simulated,S1155_Actual,S1155_Simulated,S1151_Actual,S1151_Simulated,S1481_Actual,S1481_Simulated
6.231355955723415,5.194460844659627,2.302585092994046,2.427345894429739,3.713572066704308,3.595057177045192,4.634728988229636,4.358025076129445,2.5649493574615367,2.5986783502196977,4.143134726391533,4.109089806957299,1.9459101490553132,2.6344328271877484
6.231574463317423,4.617968776809276,2.302585092994046,2.121489259102681,3.713572066704308,3.625964898766183,4.634728988229636,4.781370457698416,2.5649493574615367,2.5561198771674465,4.143134726391533,4.107320947836408,1.9459101490553132,2.614170054578739
6.231792923176292,5.164318365451224,2.302585092994046,2.8430964247946497,3.713572066704308,3.643336300136045,4.634728988229636,4.632059561339659,2.5649493574615367,2.5653933310479737,4.143134726391533,4.153412743966272,1.9459101490553132,2.118866877538414
6.232011335320876,5.673392270595599,2.302585092994046,2.4243798283050695,3.713572066704308,3.632316561577322,4.634728988229636,3.785974911309501,2.5649493574615367,2.6558278243966624,4.143134726391533,4.063197539932337,1.9459101490553132,1.734173113550571
6.232229699772011,5.2573843595645675,2.302585092994046,2.218014365192842,3.713572066704308,3.6132910378977168,4.634728988229636,4.168053475890069,2.5649493574615367,2.694281942780573,4.143134726391533,4.066598800102853,1.9459101490553132,3.3958678218683525
6.2324480165505225,4.79750869298272,2.302585092994046,2.5320596279072363,3.713572066704308,3.572377195110672,4.634728988229636,4.177826710559147,2.5649493574615367,2.639092465836146,4.143134726391533,4.1087290172730855,1.9459101490553132,2.6802850164301697
