S1213_Actual,S1213_Simulated,S1488_Actual,S1488_Simulated,S1226_Actual,S1226_Simulated,S00112_Actual,S00112_Simulated,S1155_Actual,S1155_Simulated,S1151_Actual,S1151_Simulated,S1481_Actual,S1481_Simulated
6.231355955723415,5.194460844659627,2.302585092994046,2.427345894429739,3.713572066704308,3.595057177045192,4.634728988229636,4.358025076129445,2.5649493574615367,2.5986783502196977,4.143134726391533,4.109089806957299,1.9459101490553132,2.6344328271877484
6.231574463317423,5.92440288180882,2.302585092994046,2.268371863882609,3.713572066704308,3.581515986557309,4.634728988229636,4.690252429354975,2.5649493574615367,2.633225920423336,4.143134726391533,4.131209920122847,1.9459101490553132,2.2885385337098967
6.231792923176292,4.864157367291903,2.302585092994046,3.307374773243198,3.713572066704308,3.6214828637079735,4.634728988229636,4.174501381153955,2.5649493574615367,2.6516196483805556,4.143134726391533,4.110632485010217,1.9459101490553132,2.432259222234217
6.232011335320876,4.835858075200306,2.302585092994046,2.5724391396764488,3.713572066704308,3.511623358314789,4.634728988229636,4.265390725787888,2.5649493574615367,2.6306121195340477,4.143134726391533,4.086115602768993,1.9459101490553132,1.4164048479017888
6.232229699772011,4.862214081586012,2.302585092994046,2.140000835621481,3.713572066704308,3.5047142518808077,4.634728988229636,4.4208810766699385,2.5649493574615367,2.590317191438632,4.143134726391533,4.109338872579701,1.9459101490553132,3.279259023653937
6.2324480165505225,5.242496039231955,2.302585092994046,2.9533776254795123,3.713572066704308,3.530370357769754,4.634728988229636,4.230222513179354,2.5649493574615367,2.551599433476695,4.143134726391533,4.140136140383878,1.9459101490553132,2.9918188532167784
