RedundantThrowsDeclarationCheck_Actual,RedundantThrowsDeclarationCheck_Simulated,S00122_Actual,S00122_Simulated,UselessImportCheck_Actual,UselessImportCheck_Simulated,S00112_Actual,S00112_Simulated,S1155_Actual,S1155_Simulated,S00108_Actual,S00108_Simulated,S1151_Actual,S1151_Simulated,S1132_Actual,S1132_Simulated,S1481_Actual,S1481_Simulated
3.367295829986474,3.182826244321462,0.0,0.17804065448848427,0.0,1.0120744067826586,5.181783550292085,3.495480419818657,1.3862943611198906,1.4002786624897638,4.844187086458591,4.465479026967496,0.6931471805599453,0.3168034653383228,3.044522437723423,2.3619558113018173,0.0,1.1044258036092558
3.367295829986474,3.179039020848886,0.0,0.8758791718053409,0.0,1.2981001965158943,5.181783550292085,2.2023736791178603,1.3862943611198906,1.7081657360318552,4.844187086458591,4.040814717017966,0.6931471805599453,0.3209150829517671,3.044522437723423,2.0766035557137688,0.0,2.1516296521226232
3.367295829986474,2.8944519165640745,0.0,0.1136955565026272,0.0,0.2922818934747634,5.181783550292085,3.3436254424997087,1.3862943611198906,2.1403263116666946,4.844187086458591,3.058805271397138,0.6931471805599453,0.3383930935466844,3.044522437723423,1.7252141959911746,0.0,0.0
