RedundantThrowsDeclarationCheck_Actual,RedundantThrowsDeclarationCheck_Simulated,S00122_Actual,S00122_Simulated,UselessImportCheck_Actual,UselessImportCheck_Simulated,S00112_Actual,S00112_Simulated,S1155_Actual,S1155_Simulated,S00108_Actual,S00108_Simulated,S1151_Actual,S1151_Simulated,S1132_Actual,S1132_Simulated,S1481_Actual,S1481_Simulated
3.367295829986474,3.182826244321462,0.0,0.17804065448848427,0.0,1.0120744067826586,5.181783550292085,3.495480419818657,1.3862943611198906,1.4002786624897638,4.844187086458591,4.465479026967496,0.6931471805599453,0.3168034653383228,3.044522437723423,2.3619558113018173,0.0,1.1044258036092558
3.367295829986474,3.0148458322562495,0.0,0.0,0.0,0.0,5.181783550292085,3.0475650927067264,1.3862943611198906,0.490184644427489,4.844187086458591,6.249094519478405,0.6931471805599453,0.7572944588458075,3.044522437723423,1.6764920939468015,0.0,0.0
3.367295829986474,3.1016010663720315,0.0,0.0,0.0,0.0,5.181783550292085,5.071305705178147,1.3862943611198906,1.7867006005034622,4.844187086458591,1.800107735647528,0.6931471805599453,0.08752975670530141,3.044522437723423,3.6999821787878835,0.0,0.0
