RedundantThrowsDeclarationCheck_Actual,RedundantThrowsDeclarationCheck_Simulated,S00122_Actual,S00122_Simulated,UselessImportCheck_Actual,UselessImportCheck_Simulated,S00112_Actual,S00112_Simulated,S1155_Actual,S1155_Simulated,S00108_Actual,S00108_Simulated,S1151_Actual,S1151_Simulated,S1132_Actual,S1132_Simulated,S1481_Actual,S1481_Simulated
3.367295829986474,3.182826244321462,0.0,0.17804065448848427,0.0,1.0120744067826586,5.181783550292085,3.495480419818657,1.3862943611198906,1.4002786624897638,4.844187086458591,4.465479026967496,0.6931471805599453,0.3168034653383228,3.044522437723423,2.3619558113018173,0.0,1.1044258036092558
3.367295829986474,2.594434773973407,0.0,1.0014021522736125,0.0,1.0196808257920753,5.181783550292085,4.856258543390025,1.3862943611198906,1.8203760044432202,4.844187086458591,3.3403620278151527,0.6931471805599453,0.3213139718801468,3.044522437723423,2.657769047741084,0.0,1.7415548561029
3.367295829986474,2.9322462690569813,0.0,0.07592931679844475,0.0,0.5288515693002955,5.181783550292085,6.234984649553725,1.3862943611198906,0.9241957648742996,4.844187086458591,3.3022777055463273,0.6931471805599453,0.3504693634772015,3.044522437723423,0.48311024263353586,0.0,1.555258581280847
3.367295829986474,3.1120278969396233,0.0,0.0,0.0,3.028430967577851,5.181783550292085,5.299736435954752,1.3862943611198906,0.36615546205857297,4.844187086458591,4.585901922700013,0.6931471805599453,0.5596860952722669,3.044522437723423,2.817863533726639,0.0,0.0
3.367295829986474,3.2639351688060225,0.0,0.0,0.0,0.0,5.181783550292085,2.0017793702281423,1.3862943611198906,2.015470902306713,4.844187086458591,3.996726109216274,0.6931471805599453,1.3621291412610117,3.044522437723423,2.9788731458504065,0.0,0.9706404449264174
3.367295829986474,3.090501617761306,0.0,0.0,0.0,0.5751910569732059,5.181783550292085,4.93049167972957,1.3862943611198906,1.4670643225925621,4.844187086458591,5.044735529056004,0.6931471805599453,0.5036868388380963,3.044522437723423,2.4760358149715684,0.0,1.2847615449323313
