S00117_Actual,S00117_Simulated,UselessImportCheck_Actual,UselessImportCheck_Simulated,DuplicatedBlocks_Actual,DuplicatedBlocks_Simulated,S00112_Actual,S00112_Simulated,S1132_Actual,S1132_Simulated,S1481_Actual,S1481_Simulated
3.1354942159291497,2.5303576481378562,0.0,0.9905216270195651,3.784189633918261,3.1506115414840274,5.181783550292085,3.5229343997453917,3.044522437723423,2.3890504800855394,0.0,1.1165674294446044
3.1354942159291497,3.175226984633884,0.0,0.9436528054484149,3.784189633918261,4.521632727928283,5.181783550292085,2.4955117215813427,3.044522437723423,3.068395627488055,0.0,3.3036987146618237
3.1354942159291497,3.025712968958865,0.0,1.4434105161452833,3.784189633918261,2.1818732362487903,5.181783550292085,3.367488929181077,3.044522437723423,2.0885143683015,0.0,3.6699752909786643
3.1354942159291497,2.765541548991349,0.0,0.5678131478753772,3.784189633918261,1.7403831699520589,5.181783550292085,4.804922088439732,3.044522437723423,1.9202007120816509,0.0,1.4042713717899369
3.1354942159291497,2.8840197679547415,0.0,0.47027984838561054,3.784189633918261,4.1142892168896275,5.181783550292085,4.225204531056085,3.044522437723423,3.28750096331223,0.0,3.185029399702027
3.1354942159291497,1.7335140839186995,0.0,0.27713562923504953,3.784189633918261,3.3836746111597704,5.181783550292085,1.8361834448849423,3.044522437723423,2.7146217883349357,0.0,0.09956932369453697
