S00117_Actual,S00117_Simulated,S1226_Actual,S1226_Simulated,S00112_Actual,S00112_Simulated,S1151_Actual,S1151_Simulated,S1132_Actual,S1132_Simulated,S1481_Actual,S1481_Simulated
6.695798917058491,6.544627715346055,3.713572066704308,3.5956801464788457,4.634728988229636,4.355698515707799,4.143134726391533,4.108846500182435,3.912023005428146,4.124104547864934,1.791759469228055,2.6237983037050836
6.695798917058491,6.581920743347616,3.713572066704308,3.593625040263074,4.634728988229636,4.51036958172664,4.143134726391533,4.085875241893258,3.912023005428146,4.037725568798289,1.9459101490553132,2.46009890490266
6.69641677311769,6.675288350077564,3.713572066704308,3.58727558807732,4.634728988229636,4.3954904608286585,4.143134726391533,4.122557808366461,3.912023005428146,4.109191952701946,1.9459101490553132,2.121116793107077
6.697034247666484,6.510491500003584,3.713572066704308,3.582000915946274,4.634728988229636,4.3882091700288735,4.143134726391533,4.104286608705943,3.912023005428146,4.025357335883752,1.9459101490553132,2.508364489235473
6.697651341175731,6.408718678707008,3.713572066704308,3.612107492959252,4.634728988229636,4.80025328339959,4.143134726391533,4.182778492771317,3.912023005428146,4.3198921595390285,1.9459101490553132,2.9657172022568563
6.698268054115413,6.549403814685709,3.713572066704308,3.572986397532155,4.634728988229636,4.440660129480151,4.143134726391533,4.0734123831188676,3.912023005428146,4.238103512918201,1.9459101490553132,2.493138515205774
