S00117_Actual,S00117_Simulated,S1226_Actual,S1226_Simulated,S00112_Actual,S00112_Simulated,S1151_Actual,S1151_Simulated,S1132_Actual,S1132_Simulated,S1481_Actual,S1481_Simulated
6.697034247666484,6.544627715346055,3.713572066704308,3.5956801464788457,4.634728988229636,4.355698515707799,4.143134726391533,4.108846500182435,3.912023005428146,4.124104547864934,1.9459101490553132,2.6237983037050836
6.697651341175731,6.550488807759685,3.713572066704308,3.5528468330593372,4.634728988229636,4.488246112089494,4.143134726391533,4.097820158342617,3.912023005428146,4.117265607090584,1.9459101490553132,2.9540544821904975
6.698268054115413,6.562290254253078,3.713572066704308,3.5432722985848244,4.634728988229636,4.755667276718681,4.143134726391533,4.121138197758373,3.912023005428146,4.233427594382328,1.9459101490553132,3.4121776545617886
