Steps,Total MAE
1,0.0
2,193774.65000000002
6,256661.6
12,354703.32
24,367295.97000000003
