S00117_Actual,S00117_Simulated,S1226_Actual,S1226_Simulated,S00112_Actual,S00112_Simulated,S1155_Actual,S1155_Simulated,S1151_Actual,S1151_Simulated,S1132_Actual,S1132_Simulated,S1481_Actual,S1481_Simulated
6.695798917058491,6.60945624352465,3.713572066704308,3.6127418992057194,4.634728988229636,4.510977401788487,2.5649493574615367,2.5649445329033704,4.143134726391533,4.136678371651255,3.912023005428146,4.150235053864945,1.791759469228055,2.078330335476126
6.695798917058491,6.624966341115476,3.713572066704308,3.676580808662769,4.634728988229636,4.6238847054144845,2.5649493574615367,2.5649478608420466,4.143134726391533,4.115489638200976,3.912023005428146,4.400045661672326,1.9459101490553132,2.0206799042588477
6.69641677311769,6.666753093163134,3.713572066704308,3.506938373699567,4.634728988229636,4.528070573659634,2.5649493574615367,2.564945170618999,4.143134726391533,4.14163390746715,3.912023005428146,4.194283635943725,1.9459101490553132,2.216597499451602
6.697034247666484,6.703053998144662,3.713572066704308,3.6586892268422404,4.634728988229636,4.5284461843759685,2.5649493574615367,2.564945476022893,4.143134726391533,4.143410519805924,3.912023005428146,4.126042783246227,1.9459101490553132,1.64488840638507
6.697651341175731,6.51591302654685,3.713572066704308,3.608890924412639,4.634728988229636,4.50113563908521,2.5649493574615367,2.564947291967604,4.143134726391533,4.1367039247658175,3.912023005428146,4.062090151560488,1.9459101490553132,2.583737784715405
6.698268054115413,6.622207361546593,3.713572066704308,3.6210533731896573,4.634728988229636,4.431784757131881,2.5649493574615367,2.564949112589867,4.143134726391533,4.115826163464634,3.912023005428146,4.0845329644505,1.9459101490553132,1.4031224024700881
