,Actual_last_5_vals,Simulated_0,Simulated_1,Simulated_2,Simulated_3,Simulated_4,Simulated_5,Simulated_6,Simulated_7,Simulated_8,Simulated_9,Simulated_10,Simulated_11,Simulated_12,Simulated_13,Simulated_14,Simulated_15,Simulated_16,Simulated_17,Simulated_18,Simulated_19,Simulated_20,Simulated_21,Simulated_22,Simulated_23,Simulated_24,Simulated_25,Simulated_26,Simulated_27,Simulated_28,Simulated_29
279,75578.0,,,,,,,,,,,,,,,,,,,,,,,,,,,,,,
280,77148.0,,,,,,,,,,,,,,,,,,,,,,,,,,,,,,
281,77176.0,,,,,,,,,,,,,,,,,,,,,,,,,,,,,,
282,78669.0,,,,,,,,,,,,,,,,,,,,,,,,,,,,,,
283,81155.0,,,,,,,,,,,,,,,,,,,,,,,,,,,,,,
284,,78802.35907843681,78802.35907843681,78802.35907843681,78802.35907843681,78802.35907843681,78802.35907843681,78802.35907843681,78802.35907843681,78802.35907843681,78802.35907843681,78802.35907843681,78802.35907843681,78802.35907843681,78802.35907843681,78802.35907843681,78802.35907843681,78802.35907843681,78802.35907843681,78802.35907843681,78802.35907843681,78802.35907843681,78802.35907843681,78802.35907843681,78802.35907843681,78802.35907843681,78802.35907843681,78802.35907843681,78802.35907843681,78802.35907843681,78802.35907843681
285,,75446.7325252984,85626.6315847534,76753.9084526436,83744.0154671733,85219.14457608959,77215.35809119596,78110.42086439223,90405.62952123428,84775.52687501448,77626.893902331,73162.90849458647,77283.56713225973,72944.17896540955,79763.67855554647,81711.53186351793,78452.59689274283,82726.37841624377,81294.17145595215,89260.18392616343,73512.42822183274,77468.19133068561,85454.26015911398,84010.38245935104,84515.87387300724,78283.6132092298,77784.29860932683,71400.59419032709,78914.73897066254,73601.4138072803,83105.12657593575
