RedundantThrowsDeclarationCheck_Actual,RedundantThrowsDeclarationCheck_Simulated,S00122_Actual,S00122_Simulated,S1905_Actual,S1905_Simulated,UselessImportCheck_Actual,UselessImportCheck_Simulated,DuplicatedBlocks_Actual,DuplicatedBlocks_Simulated,S1226_Actual,S1226_Simulated,S1155_Actual,S1155_Simulated,S1151_Actual,S1151_Simulated,S1132_Actual,S1132_Simulated,S1481_Actual,S1481_Simulated
0.0,0.13061218153693147,0.0,0.19903756679548096,0.0,0.0627247989161265,0.23270468455819335,2.067760709232467,0.0,0.4722537343060408,0.0,0.11086315715662766,0.0,0.05140755755911177,0.021599111803461798,0.6143608525794846,0.0,0.5357143502130369,0.021599111803461798,0.794859720905366
0.0,0.0,0.0,0.4715118222591601,0.0,0.0,0.19029550263309924,2.930013675991725,0.0,1.9191401908851793,0.0,0.0,0.0,0.06133110997228235,0.017316450011460875,0.7875195402022149,0.0,0.0,0.017316450011460875,0.0
0.0,0.0,0.0,0.6762000858012007,0.0,0.3933798489457967,0.1460078224319825,1.8078962839535302,0.0,0.0,0.0,0.0,0.0,0.0,0.0130153681120703,0.5874574716320553,0.0,2.889652433972326,0.0130153681120703,1.7439434726028478
0.0,0.0,0.0,0.0,0.0,0.13594440513452025,0.09966748517328153,2.246717806668598,0.0,0.6283124255126155,0.0,0.0,0.0,0.0,0.008695706967553821,0.7306837010916121,0.0,0.25967874571919625,0.008695706967553821,0.5966246201910008
0.0,0.45957144351686907,0.0,0.2637022085038567,0.0,0.0659824600096991,0.05107492993641579,1.5219248338439226,0.0,1.4402779291718733,0.0,0.438108090393071,0.0,0.0,0.00435730536895569,0.30994045742717186,0.0,1.3037703606367623,0.00435730536895569,0.805014735722506
0.0,0.5810679125804739,0.0,0.0,0.0,0.0,0.0,1.3972849980333706,0.0,1.840968500466817,0.0,0.2291381089898436,0.0,0.030080100722441095,0.0,0.479716724300996,0.0,0.0,0.0,1.6323731440335107
