RedundantThrowsDeclarationCheck_Actual,RedundantThrowsDeclarationCheck_Simulated,S00122_Actual,S00122_Simulated,S1905_Actual,S1905_Simulated,UselessImportCheck_Actual,UselessImportCheck_Simulated,DuplicatedBlocks_Actual,DuplicatedBlocks_Simulated,S1226_Actual,S1226_Simulated,S1155_Actual,S1155_Simulated,S1151_Actual,S1151_Simulated,S1132_Actual,S1132_Simulated,S1481_Actual,S1481_Simulated
0.0,0.13061218153693147,0.0,0.19903756679548096,0.0,0.0627247989161265,0.23270468455819335,2.067760709232467,0.0,0.4722537343060408,0.0,0.11086315715662766,0.0,0.05140755755911177,0.021599111803461798,0.6143608525794846,0.0,0.5357143502130369,0.021599111803461798,0.794859720905366
0.0,0.5709748596186406,0.0,0.0,0.0,0.4067294806576809,0.19029550263309924,0.6072184884084109,0.0,1.4081600866674084,0.0,0.30131265162624793,0.0,0.07492123799890041,0.017316450011460875,0.8711128844034022,0.0,0.39392285363690926,0.017316450011460875,1.2730324120144776
0.0,0.35464881192491654,0.0,0.0,0.0,0.0,0.1460078224319825,1.4356652721748402,0.0,0.0,0.0,0.07647342786446087,0.0,0.019666265405176207,0.0130153681120703,0.7774844842720751,0.0,0.0,0.0130153681120703,0.4478428724511781
0.0,0.18694430038298515,0.0,0.0,0.0,0.0,0.09966748517328153,1.3086879831434066,0.0,0.9553176081720356,0.0,0.024464519275979146,0.0,0.0,0.008695706967553821,0.3319657533725053,0.0,1.0608384943708087,0.008695706967553821,0.6430558798408514
0.0,0.27566385728871046,0.0,0.6932021895093485,0.0,0.0,0.05107492993641579,0.523941352575322,0.0,1.0066319760965308,0.0,0.0,0.0,0.21970662797328536,0.00435730536895569,0.9879388778481606,0.0,0.0,0.00435730536895569,0.6128591147210161
0.0,0.026015405704354122,0.0,0.0,0.0,0.15435119018771826,0.0,3.8811238141814286,0.0,0.16026660684655364,0.0,0.0923496237690875,0.0,0.2514137592796426,0.0,0.0,0.0,1.0537833944017034,0.0,0.47688639518342985
