,Actual_last_5_vals,Simulated_0,Simulated_1,Simulated_2,Simulated_3,Simulated_4,Simulated_5,Simulated_6,Simulated_7,Simulated_8,Simulated_9,Simulated_10,Simulated_11,Simulated_12,Simulated_13,Simulated_14,Simulated_15,Simulated_16,Simulated_17,Simulated_18,Simulated_19,Simulated_20,Simulated_21,Simulated_22,Simulated_23,Simulated_24,Simulated_25,Simulated_26,Simulated_27,Simulated_28,Simulated_29
279,75578.0,,,,,,,,,,,,,,,,,,,,,,,,,,,,,,
280,77148.0,,,,,,,,,,,,,,,,,,,,,,,,,,,,,,
281,77176.0,,,,,,,,,,,,,,,,,,,,,,,,,,,,,,
282,78669.0,,,,,,,,,,,,,,,,,,,,,,,,,,,,,,
283,81155.0,,,,,,,,,,,,,,,,,,,,,,,,,,,,,,
284,,76505.15154386716,76505.15154386716,76505.15154386716,76505.15154386716,76505.15154386716,76505.15154386716,76505.15154386716,76505.15154386716,76505.15154386716,76505.15154386716,76505.15154386716,76505.15154386716,76505.15154386716,76505.15154386716,76505.15154386716,76505.15154386716,76505.15154386716,76505.15154386716,76505.15154386716,76505.15154386716,76505.15154386716,76505.15154386716,76505.15154386716,76505.15154386716,76505.15154386716,76505.15154386716,76505.15154386716,76505.15154386716,76505.15154386716,76505.15154386716
285,,67171.67086563837,61286.7135809528,75877.22785055178,75681.9535721385,76530.81161000852,72103.49233734353,68676.78525433657,75849.8570716106,72850.64019130994,74225.30142305627,66486.9129972293,71399.5235921641,63742.75138858741,77255.53382444715,69088.87951778405,85403.13000245189,81659.94018345959,68035.16456458041,78728.98376366717,79729.48159151325,78770.13403700427,73720.36962932238,71281.01342521723,75096.24900899112,76510.16680769659,81441.57938974061,76614.79286685036,71671.25764030404,76626.2860806601,70858.12963351682
