S1213_Actual,S1213_Simulated,RedundantThrowsDeclarationCheck_Actual,RedundantThrowsDeclarationCheck_Simulated,S00117_Actual,S00117_Simulated,S1488_Actual,S1488_Simulated,UselessImportCheck_Actual,UselessImportCheck_Simulated,S00112_Actual,S00112_Simulated,S00108_Actual,S00108_Simulated,S1151_Actual,S1151_Simulated,S1132_Actual,S1132_Simulated,S1481_Actual,S1481_Simulated
1.6094379124341003,1.5756497927369877,1.0608719606852626,0.25241187134073034,0.0,0.18529177914319295,0.6931471805599453,0.6743462050229961,0.0,1.1795748374291268,4.243721963296702,3.400715103324849,1.0986122886681098,0.9743739085513304,1.6094379124341003,1.566371245538988,1.0986122886681098,1.0986074641099446,0.0,0.28515064114304844
1.6094379124341003,1.6624821824834273,1.0685348334308318,0.0,0.0,0.3637297923777419,0.6931471805599453,0.6535782869798787,0.0,0.0,4.244678443522658,1.9096194155291903,1.0986122886681098,1.0153696406101087,1.6094379124341003,1.5208700509426771,1.0986122886681098,1.09860802175128,0.0,0.21251516051776137
1.6094379124341003,1.3070227360227018,1.076139432816051,0.5735726086232739,0.0,0.0,0.6931471805599453,0.5790690260625362,0.0,1.462941813762073,4.2456340097683265,2.9928245477754625,1.0986122886681098,0.8916206320629739,1.6094379124341003,1.390038405512523,1.0986122886681098,1.098616278309909,0.0,0.0
1.6094379124341003,1.656104899523776,1.083686638451434,0.0,0.0,0.05114389911396949,0.6931471805599453,0.7899207611229346,0.0,2.1744707164337003,4.246588663778778,3.834424114693619,1.0986122886681098,0.7350811816407917,1.6094379124341003,1.551112251420972,1.0986122886681098,1.0986018523530718,0.0,0.527802104769721
1.6094379124341003,1.78760439571912,1.0911773101805915,0.0,0.0,0.6826040154148401,0.6931471805599453,0.6195086174999094,0.0,0.17099018788245868,4.2475424072940875,3.7019730295161897,1.0986122886681098,0.9276774262507032,1.6094379124341003,1.5088490359803668,1.0986122886681098,1.0986043149383826,0.0,0.2091997422418303
1.6094379124341003,1.6070891982792979,1.0986122886681098,0.8531749921694967,0.0,0.45197500499613813,0.6931471805599453,0.7264119842713637,0.0,1.0203573072528782,4.248495242049359,3.654467214023822,1.0986122886681098,1.1753305558845002,1.6094379124341003,1.5046665241597308,1.0986122886681098,1.0986036620554824,0.0,1.5820198860569288
