S1213_Actual,S1213_Simulated,RedundantThrowsDeclarationCheck_Actual,RedundantThrowsDeclarationCheck_Simulated,S00117_Actual,S00117_Simulated,S00122_Actual,S00122_Simulated,DuplicatedBlocks_Actual,DuplicatedBlocks_Simulated,S1226_Actual,S1226_Simulated,S00112_Actual,S00112_Simulated,S1155_Actual,S1155_Simulated,S00108_Actual,S00108_Simulated
4.442651256490317,3.9736462603351703,1.0986122886681098,0.7506859406485378,1.791759469228055,1.3000568012839122,2.5649493574615367,2.9404301144203595,3.295836866004329,2.3621206429605626,3.7612001156935624,2.945350239029016,3.6635616461296463,3.4455535302596,0.0,0.00845563664876762,1.6094379124341003,0.8320702696305738
4.454347296253507,3.5840543340321114,1.0986122886681098,0.0,1.791759469228055,0.7493438206774827,2.5649493574615367,3.5048021763308554,3.295836866004329,2.799079062866122,3.7612001156935624,2.6887873977223298,3.7612001156935624,3.619495018192338,0.0,0.0,1.6094379124341003,0.43386172524068123
4.465908118654584,3.7987285453717585,1.0986122886681098,2.167604657146443,1.791759469228055,2.4148040485749633,2.5649493574615367,3.792280975066391,3.295836866004329,1.3861045928520697,3.7612001156935624,2.3132362886103572,3.7612001156935624,3.055625962478287,0.0,0.08713213774000486,1.6094379124341003,1.1042011073692404
4.473541743509655,4.446124231374724,1.0986122886681098,0.0,1.8458266904983307,2.3786066294950685,2.5649493574615367,2.1768441337127773,3.295836866004329,3.07517100760964,3.7689221617874726,4.139833845956031,3.784189633918261,3.153476446617129,0.0,0.0,1.6094379124341003,0.0
4.481117537318112,3.9424030673533172,1.0986122886681098,1.1901879173292378,1.8971199848858813,0.8098911206031227,2.5649493574615367,5.356914370416309,3.295836866004329,2.7484387464693647,3.7765850345330416,2.82288685121536,3.8066624897703196,2.6241487791523075,0.0,0.0,1.6094379124341003,0.5798299188351567
4.48863636973214,4.121173191275152,1.0986122886681098,0.0032335516134139874,1.9459101490553132,1.2887012399496751,2.5649493574615367,0.5980844997033112,3.295836866004329,4.240530508573725,3.784189633918261,3.1311628603447486,3.828641396489095,3.0420167041475517,0.0,0.0,1.6094379124341003,0.9501266901214179
