S1213_Actual,S1213_Simulated,RedundantThrowsDeclarationCheck_Actual,RedundantThrowsDeclarationCheck_Simulated,S1488_Actual,S1488_Simulated,S1905_Actual,S1905_Simulated,DuplicatedBlocks_Actual,DuplicatedBlocks_Simulated,S1226_Actual,S1226_Simulated,S1151_Actual,S1151_Simulated
5.003946305945459,4.189295074572902,3.332204510175204,3.411590488688553,0.6931471805599453,1.5414280278559198,0.6931471805599453,0.08546578921313353,5.69035945432406,5.00170704510986,0.0,3.0021800730187986,3.6375861597263857,2.133853788746623
5.003946305945459,3.8303289067067157,3.332204510175204,3.408283436407985,0.6931471805599453,1.6353678325796717,0.6931471805599453,0.03993773197494841,5.683579767338681,5.171038363839009,0.0,3.4159950217654207,3.6375861597263857,3.153815414704674
5.0106352940962555,4.428410867823802,3.332204510175204,3.0476577404465375,0.6931471805599453,3.081409960257723,0.6931471805599453,0.16727020649050706,5.700443573390687,7.4387077549279494,0.0,0.715972053139879,3.6375861597263857,2.457577751136892
5.030437921392435,4.995697629720563,3.332204510175204,3.049869311099363,0.6931471805599453,1.7803411288570918,0.6931471805599453,0.0,5.68697535633982,4.308967659102947,0.0,0.3338045282298707,3.6375861597263857,2.687090521143287
5.030437921392435,4.032735671112275,3.332204510175204,3.1733839966882145,0.6931471805599453,1.2340805425560855,0.6931471805599453,0.007774633248321311,5.697093486505405,4.983473868606541,0.0,3.376620390886514,3.6375861597263857,0.6074955662955879
5.087596335232384,4.20320921071707,3.332204510175204,3.703623067691065,0.6931471805599453,1.8551990606132072,0.6931471805599453,0.0,5.6937321388027,4.79712072164955,0.0,3.489951421761275,3.713572066704308,2.3060256909023225
