,Actual_last_5_vals,Simulated_0,Simulated_1,Simulated_2,Simulated_3,Simulated_4,Simulated_5,Simulated_6,Simulated_7,Simulated_8,Simulated_9,Simulated_10,Simulated_11,Simulated_12,Simulated_13,Simulated_14,Simulated_15,Simulated_16,Simulated_17,Simulated_18,Simulated_19,Simulated_20,Simulated_21,Simulated_22,Simulated_23,Simulated_24,Simulated_25,Simulated_26,Simulated_27,Simulated_28,Simulated_29
422,57596.857142857145,,,,,,,,,,,,,,,,,,,,,,,,,,,,,,
423,57733.142857142855,,,,,,,,,,,,,,,,,,,,,,,,,,,,,,
424,57869.42857142857,,,,,,,,,,,,,,,,,,,,,,,,,,,,,,
425,58005.71428571428,,,,,,,,,,,,,,,,,,,,,,,,,,,,,,
426,58142.0,,,,,,,,,,,,,,,,,,,,,,,,,,,,,,
427,,51641.30531081262,51641.30531081262,51641.30531081262,51641.30531081262,51641.30531081262,51641.30531081262,51641.30531081262,51641.30531081262,51641.30531081262,51641.30531081262,51641.30531081262,51641.30531081262,51641.30531081262,51641.30531081262,51641.30531081262,51641.30531081262,51641.30531081262,51641.30531081262,51641.30531081262,51641.30531081262,51641.30531081262,51641.30531081262,51641.30531081262,51641.30531081262,51641.30531081262,51641.30531081262,51641.30531081262,51641.30531081262,51641.30531081262,51641.30531081262
428,,49088.78215414123,53252.66361443,50612.904355315775,45850.89523727403,50954.724774702656,52384.57827114192,46917.970228555525,40639.410853408466,51084.26539237685,43457.68553932011,43021.96648586435,51796.885389173076,51761.3832986637,50739.41130583706,47097.32787743838,48833.55370589322,55157.73546237126,40724.15866088616,54245.240636103845,37619.16667430103,45127.730457710466,70682.30921213591,58878.88266679461,48249.461467297646,62011.645885449005,55131.00429654405,52968.54111231878,48955.39781809838,40738.297923473125,49150.1626330117
