S1213_Actual,S1213_Simulated,S1488_Actual,S1488_Simulated,S1226_Actual,S1226_Simulated,S00112_Actual,S00112_Simulated,S1155_Actual,S1155_Simulated,S1151_Actual,S1151_Simulated,S1132_Actual,S1132_Simulated,S1481_Actual,S1481_Simulated
6.231355955723415,5.458177381211143,2.302585092994046,2.5639136752782763,3.713572066704308,3.612707620117435,4.634728988229636,4.513232538445416,2.5649493574615367,2.5649445329033713,4.143134726391533,4.136614547411909,3.912023005428146,4.146989142702191,1.9459101490553132,2.1034097347123786
6.231574463317423,6.395529975198774,2.302585092994046,2.6277802862528734,3.713572066704308,3.6591069988540776,4.634728988229636,4.445891605618203,2.5649493574615367,2.5649473743038183,4.143134726391533,4.130052488005139,3.912023005428146,4.270686415777306,1.9459101490553132,1.6185444183916942
6.231792923176292,4.696413857695318,2.302585092994046,2.5878812399128797,3.713572066704308,3.566851667907931,4.634728988229636,4.703327980676243,2.5649493574615367,2.5649397571119743,4.143134726391533,4.145016236793387,3.912023005428146,4.175027966104971,1.9459101490553132,1.496934754148687
6.232011335320876,6.006603965367376,2.302585092994046,2.583292116379997,3.713572066704308,3.6037003739554314,4.634728988229636,4.357011360570752,2.5649493574615367,2.56494747161645,4.143134726391533,4.134869814506805,3.912023005428146,4.147503797286178,1.9459101490553132,2.5453396538350312
6.232229699772011,5.05546313825962,2.302585092994046,2.4627578011495874,3.713572066704308,3.5778727789591036,4.634728988229636,4.419173863320156,2.5649493574615367,2.564944741037154,4.143134726391533,4.146983833538562,3.912023005428146,3.995212442696753,1.9459101490553132,1.7277503532215595
6.2324480165505225,5.909045963759832,2.302585092994046,2.5864537558897664,3.713572066704308,3.6409372259373396,4.634728988229636,4.542069657133871,2.5649493574615367,2.564944201384052,4.143134726391533,4.128926813677157,3.912023005428146,4.01382735728359,1.9459101490553132,2.478204043997505
