RedundantThrowsDeclarationCheck_Actual,RedundantThrowsDeclarationCheck_Simulated,S00122_Actual,S00122_Simulated,DuplicatedBlocks_Actual,DuplicatedBlocks_Simulated,S00112_Actual,S00112_Simulated,S1155_Actual,S1155_Simulated,S00108_Actual,S00108_Simulated,S1151_Actual,S1151_Simulated,S1132_Actual,S1132_Simulated,S1481_Actual,S1481_Simulated
3.367295829986474,3.182826244321462,0.0,0.17804065448848427,3.784189633918261,3.1131672510296626,5.181783550292085,3.495480419818657,1.3862943611198906,1.4002786624897638,4.844187086458591,4.465479026967496,0.6931471805599453,0.3168034653383228,3.044522437723423,2.3619558113018173,0.0,1.1044258036092558
3.367295829986474,3.0867225120484085,0.0,0.0,3.784189633918261,3.13445437932636,5.181783550292085,5.991460102796321,1.3862943611198906,0.4616668701626173,4.844187086458591,5.705000366123462,0.6931471805599453,0.4741560218085218,3.044522437723423,2.5858210022772536,0.0,1.4491427521735671
3.367295829986474,3.3742799950107054,0.0,0.046996939189319825,3.784189633918261,3.884532077604558,5.181783550292085,3.2065796720095436,1.3862943611198906,0.0061326670407471084,4.844187086458591,4.866766892675733,0.6931471805599453,0.6104868400533283,3.044522437723423,1.5682799943622738,0.0,3.2502422737112076
3.367295829986474,3.5028176334738808,0.0,0.6243691612797369,3.784189633918261,3.0825733530443507,5.181783550292085,1.5270200876764972,1.3862943611198906,2.772117964593228,4.844187086458591,4.978364862242908,0.6931471805599453,0.5913790992750869,3.044522437723423,2.9749316885619246,0.0,0.9872064068294448
3.367295829986474,2.516303921032317,0.0,0.4990058123050295,3.784189633918261,1.5274206538700237,5.181783550292085,5.542313934543436,1.3862943611198906,1.2803767008359654,4.844187086458591,5.524545018634456,0.6931471805599453,0.7002747149197861,3.044522437723423,3.1433682559380802,0.0,0.9261554277120572
3.367295829986474,3.5456386759251886,0.0,0.0,3.784189633918261,0.9861176849658704,5.181783550292085,2.9340475960159704,1.3862943611198906,1.9113733715586494,4.844187086458591,4.539057316916746,0.6931471805599453,0.997101704250419,3.044522437723423,0.9243801504326765,0.0,4.163960130993221
