,Actual_last_5_vals,Simulated_0,Simulated_1,Simulated_2,Simulated_3,Simulated_4,Simulated_5,Simulated_6,Simulated_7,Simulated_8,Simulated_9,Simulated_10,Simulated_11,Simulated_12,Simulated_13,Simulated_14,Simulated_15,Simulated_16,Simulated_17,Simulated_18,Simulated_19,Simulated_20,Simulated_21,Simulated_22,Simulated_23,Simulated_24,Simulated_25,Simulated_26,Simulated_27,Simulated_28,Simulated_29
183,30189.266666666663,,,,,,,,,,,,,,,,,,,,,,,,,,,,,,
184,30268.7,,,,,,,,,,,,,,,,,,,,,,,,,,,,,,
185,30348.13333333333,,,,,,,,,,,,,,,,,,,,,,,,,,,,,,
186,30427.566666666666,,,,,,,,,,,,,,,,,,,,,,,,,,,,,,
187,30507.0,,,,,,,,,,,,,,,,,,,,,,,,,,,,,,
188,,30025.374681161735,30025.374681161735,30025.374681161735,30025.374681161735,30025.374681161735,30025.374681161735,30025.374681161735,30025.374681161735,30025.374681161735,30025.374681161735,30025.374681161735,30025.374681161735,30025.374681161735,30025.374681161735,30025.374681161735,30025.374681161735,30025.374681161735,30025.374681161735,30025.374681161735,30025.374681161735,30025.374681161735,30025.374681161735,30025.374681161735,30025.374681161735,30025.374681161735,30025.374681161735,30025.374681161735,30025.374681161735,30025.374681161735,30025.374681161735
189,,30043.058866939664,31173.896302976576,28516.58412388013,29234.703986536675,30718.27702202333,29292.56328319914,28654.854979595544,30615.125731398803,29516.763855568777,28287.767367912063,29381.22354696765,29366.47619500727,28563.792585930736,30233.52412079033,30525.932167100258,30724.125311789623,30149.43619857595,31078.006832810617,30380.686223263256,29261.62498828405,28713.35120664406,29120.25346416632,29225.29160070424,31169.286773519023,31199.359257531753,28774.210387358686,29932.26576028816,28094.217807865392,32108.81045676658,30976.888943105165
190,,30547.162091755814,29659.571007517534,29736.889192169972,28343.591479480634,27597.46863178607,28864.89489085013,30499.789449582888,32535.988990609345,30348.23825839306,32102.692538444437,27634.311458946417,30211.922872638992,31765.82184877892,29208.640714266396,31158.725148079986,28787.719150032295,27974.954278704663,27438.208159199155,31330.735317764767,30242.523307926196,31039.89290867252,29881.40980782876,29346.40015028043,30150.123595620564,29208.277194761904,28532.60665948068,30218.82854254409,30077.670395746165,30909.25778627,31019.549773928975
