S1488_Actual,S1488_Simulated,S1905_Actual,S1905_Simulated,UselessImportCheck_Actual,UselessImportCheck_Simulated,DuplicatedBlocks_Actual,DuplicatedBlocks_Simulated,S00112_Actual,S00112_Simulated,S1155_Actual,S1155_Simulated,S1132_Actual,S1132_Simulated,S1481_Actual,S1481_Simulated
1.0986122886681098,1.0077415013145123,0.0,1.571048938306501,0.6931471805599453,0.9610498910441571,1.8803128665695001,2.3875430850499346,3.332204510175204,1.6889869029199953,0.0,0.0,0.0,0.18393647179709674,0.44183275227903923,1.0812651235231558
1.0986122886681098,0.6235503761859478,0.0,0.8204230615722529,0.6931471805599453,0.02890549673781051,1.8632184332102,1.8161775557204085,3.332204510175204,3.227822314336599,0.0,0.0,0.0,0.4004946395897775,0.36772478012531734,0.5961393869193389
1.0986122886681098,0.979974595636557,0.0,1.5621156548209507,0.6931471805599453,1.3343808653261593,1.8458266904983307,1.6396319764916627,3.332204510175204,1.1101495929347673,0.0,0.0,0.0,0.46562487281644105,0.2876820724517809,0.7938608316649538
1.0986122886681098,1.5015039194342903,0.0,1.7930939610312808,0.6931471805599453,0.6099831637848734,1.8281271133989299,3.2521023189923888,3.332204510175204,1.442306033518759,0.0,0.0,0.0,0.0,0.20067069546215122,1.1088153113094663
1.0986122886681098,1.2882895604624207,0.0,1.7464131359001436,0.6931471805599453,1.4935933870519207,1.8101086078962514,2.3306163452984476,3.332204510175204,1.3431377020351194,0.0,0.0,0.0,0.0,0.1053605156578263,0.564819698834805
1.0986122886681098,0.46494146142171144,0.0,1.041454918355353,0.6931471805599453,0.600100219072289,1.791759469228055,2.899350778946042,3.332204510175204,2.5188826514334957,0.0,0.0,0.0,0.3205380457154542,0.0,0.9177355180526223
