S1488_Actual,S1488_Simulated,S1905_Actual,S1905_Simulated,UselessImportCheck_Actual,UselessImportCheck_Simulated,DuplicatedBlocks_Actual,DuplicatedBlocks_Simulated,S00112_Actual,S00112_Simulated,S1155_Actual,S1155_Simulated,S1132_Actual,S1132_Simulated,S1481_Actual,S1481_Simulated
1.0986122886681098,1.0077415013145123,0.0,1.571048938306501,0.6931471805599453,0.9610498910441571,1.8281271133989299,2.3875430850499346,3.332204510175204,1.6889869029199953,0.0,0.0,0.0,0.18393647179709674,0.20067069546215122,1.0812651235231558
1.0986122886681098,1.3854246841534748,0.0,1.4050834642355496,0.6931471805599453,0.6321160788320901,1.8101086078962514,1.7077384570625653,3.332204510175204,2.1440980006077854,0.0,0.0,0.0,0.11657810400969296,0.1053605156578263,1.6601755296189382
1.0986122886681098,0.8236486646284069,0.0,2.6661423620100533,0.6931471805599453,0.7061543593585915,1.791759469228055,3.1601240397119774,3.332204510175204,2.2745524111942337,0.0,2.6428382198291065e-06,0.0,0.33609383051065683,0.0,1.2419085234535447
