S1488_Actual,S1488_Simulated,S1905_Actual,S1905_Simulated,UselessImportCheck_Actual,UselessImportCheck_Simulated,DuplicatedBlocks_Actual,DuplicatedBlocks_Simulated,S00112_Actual,S00112_Simulated,S1155_Actual,S1155_Simulated,S1132_Actual,S1132_Simulated,S1481_Actual,S1481_Simulated
1.0986122886681098,1.0077415013145123,0.0,1.571048938306501,0.6931471805599453,0.9610498910441571,1.8281271133989299,2.3875430850499346,3.332204510175204,1.6889869029199953,0.0,0.0,0.0,0.18393647179709674,0.20067069546215122,1.0812651235231558
1.0986122886681098,1.2712320688836898,0.0,2.0226749986550088,0.6931471805599453,1.339183326085359,1.8101086078962514,1.9756493516404252,3.332204510175204,1.5056711256913597,0.0,0.0,0.0,0.0,0.1053605156578263,1.651588179682312
1.0986122886681098,0.978989045707214,0.0,2.3364761255322435,0.6931471805599453,0.14183180014263042,1.791759469228055,3.167833270258532,3.332204510175204,1.827344221609049,0.0,0.0,0.0,0.4957392327880167,0.0,0.859989088714771
