RedundantThrowsDeclarationCheck_Actual,RedundantThrowsDeclarationCheck_Simulated,S00117_Actual,S00117_Simulated,S1488_Actual,S1488_Simulated,S1226_Actual,S1226_Simulated,S00112_Actual,S00112_Simulated,S1155_Actual,S1155_Simulated,S00108_Actual,S00108_Simulated,S1132_Actual,S1132_Simulated,S1481_Actual,S1481_Simulated
2.4849066497880004,2.4351529294238996,3.708682081410116,3.6722441908396397,0.0,0.0,2.5649493574615367,2.5672529730537423,4.853591544486569,4.8074087568215615,0.0,0.40739436740944157,1.3862943611198906,0.6401965770877169,2.9444389791664403,2.944434154608274,1.0986122886681098,1.6906070759942677
2.4849066497880004,2.4282154419302726,3.6988297849671046,3.6514467980483505,0.0,0.0,2.5649493574615367,2.5827416585214995,4.856706811803519,4.847970638445347,0.0,0.9364432637958914,1.3862943611198906,0.613337772905533,2.9444389791664403,2.944433885076442,1.0986122886681098,2.065253789096699
2.4849066497880004,2.3636771210824685,3.6888794541139363,3.6910230439849805,0.0,0.0,2.5649493574615367,2.5679975977384086,4.859812404361672,4.796391297279993,0.0,0.0802307963430885,1.3862943611198906,0.04547718611126772,2.9444389791664403,2.9444299868909978,1.0986122886681098,1.3276854506155562
