RedundantThrowsDeclarationCheck_Actual,RedundantThrowsDeclarationCheck_Simulated,S00117_Actual,S00117_Simulated,S1488_Actual,S1488_Simulated,S00112_Actual,S00112_Simulated
3.332204510175204,3.3944648510557793,2.6390573296152584,1.8846891797460226,0.6931471805599453,1.539752183574873,6.734591659972948,5.996123387695626
3.332204510175204,1.9649474735802275,2.6390573296152584,1.5859663337437135,0.6931471805599453,2.3480101633261343,6.738152494595957,5.526366030293756
3.332204510175204,2.127100202476129,2.6390573296152584,1.6402917928510745,0.6931471805599453,1.4065373814068631,6.7580945044277305,8.185568547364243
