S1488_Actual,S1488_Simulated,DuplicatedBlocks_Actual,DuplicatedBlocks_Simulated,S00112_Actual,S00112_Simulated,S1132_Actual,S1132_Simulated
0.0,0.8908388900930552,2.302585092994046,3.347618273965604,4.855928904335275,4.297647226198552,2.9444389791664403,4.16307628472785
0.0,2.766633286250994,2.302585092994046,1.7396731604451785,4.857225080796721,4.568450661106552,2.9444389791664403,3.645708996221673
0.0,0.0,2.302585092994046,1.5815597369643755,4.858519579359367,3.2848684495735645,2.9444389791664403,2.9598033648169197
0.0,2.0810055781206493,2.302585092994046,2.876127264828071,4.859812404361672,3.6884440661057636,2.9444389791664403,4.67620643707361
0.0,0.7274848154323802,2.302585092994046,2.204149284982485,4.90527477843843,3.356297368231411,2.9444389791664403,4.917737559099065
0.0,0.18547938117747442,2.302585092994046,2.6769625165482496,4.948759890378168,5.4787303904820455,2.9444389791664403,3.629843946203983
