S1213_Actual,S1213_Simulated,RedundantThrowsDeclarationCheck_Actual,RedundantThrowsDeclarationCheck_Simulated,S00117_Actual,S00117_Simulated,S00122_Actual,S00122_Simulated,DuplicatedBlocks_Actual,DuplicatedBlocks_Simulated,S1226_Actual,S1226_Simulated,S00112_Actual,S00112_Simulated,S1155_Actual,S1155_Simulated,S00108_Actual,S00108_Simulated,S1132_Actual,S1132_Simulated
4.442651256490317,3.9736462603351703,1.0986122886681098,0.7506859406485378,1.791759469228055,1.3000568012839122,2.5649493574615367,2.9404301144203595,3.295836866004329,2.3621206429605626,3.7612001156935624,2.945350239029016,3.6635616461296463,3.4455535302596,0.0,0.00845563664876762,1.6094379124341003,0.8320702696305738,1.6094379124341003,1.0863350080236112
4.454347296253507,3.4771972198816163,1.0986122886681098,1.6777715049885846,1.791759469228055,0.7852344939123669,2.5649493574615367,3.1546791084509964,3.295836866004329,1.135824040286262,3.7612001156935624,3.644055230634631,3.7612001156935624,3.202218579981244,0.0,0.004971309816211099,1.6094379124341003,1.0438134761417837,1.6094379124341003,1.2475886603361437
4.465908118654584,5.871980779688354,1.0986122886681098,0.36829790833315684,1.791759469228055,1.8607036317125591,2.5649493574615367,0.9451922097189396,3.295836866004329,1.7193269239211457,3.7612001156935624,2.838656200837299,3.7612001156935624,2.899937908796507,0.0,0.007359957533853306,1.6094379124341003,0.12082543188666195,1.6094379124341003,2.1991409335079926
4.473541743509655,3.7271304545917148,1.0986122886681098,0.7949851132176451,1.8458266904983307,2.245003822396085,2.5649493574615367,5.216715687657424,3.295836866004329,1.7386652295491138,3.7689221617874726,3.2519647879283524,3.784189633918261,3.1563099250569,0.0,0.05462053937643324,1.6094379124341003,0.1060371100682741,1.6094379124341003,0.545257583698689
4.481117537318112,3.8150707882706683,1.0986122886681098,0.287906091600388,1.8971199848858813,0.5191957830656213,2.5649493574615367,0.0,3.295836866004329,2.3578052172868214,3.7765850345330416,3.8787404404399712,3.8066624897703196,3.0338977348125753,0.0,0.0039964429183669626,1.6094379124341003,0.9267405418093994,1.6094379124341003,1.1163164619622425
4.48863636973214,2.7462411422465154,1.0986122886681098,0.0,1.9459101490553132,1.1157415629886465,2.5649493574615367,0.0,3.295836866004329,3.3919889158485024,3.784189633918261,3.021019997811961,3.828641396489095,3.347112226926543,0.0,0.12214375918400946,1.6094379124341003,1.107505398723538,1.6094379124341003,1.0849280359408167
