RedundantThrowsDeclarationCheck_Actual,RedundantThrowsDeclarationCheck_Simulated,S00117_Actual,S00117_Simulated,S1488_Actual,S1488_Simulated,S1226_Actual,S1226_Simulated,S00112_Actual,S00112_Simulated,S1155_Actual,S1155_Simulated,S00108_Actual,S00108_Simulated,S1132_Actual,S1132_Simulated,S1481_Actual,S1481_Simulated
2.4849066497880004,3.09869076197318,3.7376696182833684,3.862241102623614,0.0,0.5553946319325878,2.5649493574615367,3.1280534608775152,4.844187086458591,4.574321195118864,0.0,1.1585418191760293,1.3862943611198906,0.42504688606181995,2.9444389791664403,3.5705404073532963,1.0986122886681098,2.7187529269694917
2.4849066497880004,4.0963505728561715,3.728100167267218,3.828778886732806,0.0,0.0,2.5649493574615367,0.9624100537747364,4.847331743138063,4.014697471807596,0.0,0.22522536319445574,1.3862943611198906,0.19492656274639608,2.9444389791664403,3.7834014395654116,1.0986122886681098,2.358381471990127
2.4849066497880004,2.633984291670082,3.7184382563554808,3.6623027785825357,0.0,0.8355274156504839,2.5649493574615367,2.845782056511602,4.850466541943434,4.983892230013719,0.0,2.1903058623630223,1.3862943611198906,0.0,2.9444389791664403,1.4694814712035984,1.0986122886681098,1.3605660818395926
2.4849066497880004,2.4873821381752013,3.708682081410116,4.186209809586594,0.0,1.0419301651526047,2.5649493574615367,2.862937357158817,4.853591544486569,4.209821286106584,0.0,1.2946493489748618,1.3862943611198906,0.810201315525128,2.9444389791664403,2.7038937624494555,1.0986122886681098,5.642430772391835
2.4849066497880004,4.607934427101047,3.6988297849671046,3.1001780315293885,0.0,1.2683929269979854,2.5649493574615367,2.741858576375493,4.856706811803519,4.054962683733141,0.0,0.46112932159143816,1.3862943611198906,0.3881012776837182,2.9444389791664403,4.639772098412731,1.0986122886681098,2.673881275663151
2.4849066497880004,2.558874081243245,3.6888794541139363,4.6727806918787795,0.0,1.4415728002934722,2.5649493574615367,2.8487803186316047,4.859812404361672,3.8463530915636683,0.0,1.2343161343238283,1.3862943611198906,0.13655092130937596,2.9444389791664403,3.696404757779373,1.0986122886681098,3.4400548260992276
