RedundantThrowsDeclarationCheck_Actual,RedundantThrowsDeclarationCheck_Simulated,S00117_Actual,S00117_Simulated,S1488_Actual,S1488_Simulated,S1226_Actual,S1226_Simulated,S00112_Actual,S00112_Simulated,S1155_Actual,S1155_Simulated,S00108_Actual,S00108_Simulated,S1132_Actual,S1132_Simulated,S1481_Actual,S1481_Simulated
2.4849066497880004,3.09869076197318,3.7376696182833684,3.862241102623614,0.0,0.5553946319325878,2.5649493574615367,3.1280534608775152,4.844187086458591,4.574321195118864,0.0,1.1585418191760293,1.3862943611198906,0.42504688606181995,2.9444389791664403,3.5705404073532963,1.0986122886681098,2.7187529269694917
2.4849066497880004,3.1883421589098053,3.728100167267218,3.9712819332558644,0.0,0.13910109151902977,2.5649493574615367,3.938908902400039,4.847331743138063,4.842293163519892,0.0,0.0,1.3862943611198906,0.0,2.9444389791664403,2.8678043850935726,1.0986122886681098,2.802083860311049
2.4849066497880004,0.7846639650883014,3.7184382563554808,3.2276420725315735,0.0,0.0,2.5649493574615367,3.3704149418595133,4.850466541943434,4.193196505149098,0.0,1.5586106417112098,1.3862943611198906,0.9318667503646227,2.9444389791664403,5.321797205090781,1.0986122886681098,2.4555189446595023
2.4849066497880004,2.4649594518868865,3.708682081410116,3.717859482427338,0.0,0.2670732001873131,2.5649493574615367,3.8497778433235506,4.853591544486569,4.165792170068923,0.0,0.06453710651700906,1.3862943611198906,1.209275034696617,2.9444389791664403,5.201764433590208,1.0986122886681098,5.811173289116185
2.4849066497880004,1.8418455759617132,3.6988297849671046,3.5529175452832193,0.0,0.0,2.5649493574615367,2.2457966837796812,4.856706811803519,4.0686871627238395,0.0,1.5931469376582879,1.3862943611198906,0.45920279775875017,2.9444389791664403,4.890910620610016,1.0986122886681098,1.1824721873498574
2.4849066497880004,0.0,3.6888794541139363,4.157230185080212,0.0,0.40246550844352047,2.5649493574615367,2.34635558259627,4.859812404361672,4.263405714126432,0.0,2.8308284287402024,1.3862943611198906,0.0,2.9444389791664403,4.094241039184787,1.0986122886681098,1.0221236297225564
