S1213_Actual,S1213_Simulated,RedundantThrowsDeclarationCheck_Actual,RedundantThrowsDeclarationCheck_Simulated,S00122_Actual,S00122_Simulated,S1488_Actual,S1488_Simulated,S1905_Actual,S1905_Simulated,UselessImportCheck_Actual,UselessImportCheck_Simulated,DuplicatedBlocks_Actual,DuplicatedBlocks_Simulated,S1226_Actual,S1226_Simulated,S00112_Actual,S00112_Simulated,S1155_Actual,S1155_Simulated,S00108_Actual,S00108_Simulated,S1151_Actual,S1151_Simulated,S1132_Actual,S1132_Simulated,S1481_Actual,S1481_Simulated
5.043425116919247,4.98696277983771,2.772588722239781,2.523224370174143,2.3978952727983707,2.8281600480032405,2.1972245773362196,1.7358608600617236,0.0,0.9213926515514955,0.6931471805599453,1.5749249081075742,3.828641396489095,3.701565418118755,4.248495242049359,4.140461665288957,4.1588830833596715,2.5010016100841277,0.6931471805599453,0.4619605043402298,1.3862943611198906,1.5502472928698183,0.0,0.0,3.4339872044851463,3.496338106951025,2.5649493574615367,3.0944630585136337
5.043425116919247,4.866716038904691,2.772588722239781,2.2312351794004965,2.3978952727983707,3.9477209415485772,2.1972245773362196,1.6046417591314543,0.0,0.08982885561204546,0.6931471805599453,0.07073214138004835,3.828641396489095,4.6259026832813115,4.248495242049359,4.166991646048916,4.1588830833596715,2.5644367986901946,0.6931471805599453,0.0,1.3862943611198906,1.1985546574208996,0.0,0.0,3.4339872044851463,3.580038655034682,2.5649493574615367,2.373124400130397
