RedundantThrowsDeclarationCheck_Actual,RedundantThrowsDeclarationCheck_Simulated,S00117_Actual,S00117_Simulated,S1488_Actual,S1488_Simulated,DuplicatedBlocks_Actual,DuplicatedBlocks_Simulated
3.332204510175204,3.3944648510557793,2.6390573296152584,1.8846891797460226,0.6931471805599453,1.539752183574873,5.683579767338681,4.9970275798126575
3.332204510175204,3.2338065373296385,2.6390573296152584,1.5148717086145684,0.6931471805599453,2.622090454073434,5.69035945432406,6.219755189446092
3.332204510175204,2.2618747290017147,2.6390573296152584,2.816342708071803,0.6931471805599453,1.688039774873384,5.697093486505405,3.890697336283054
