S1213_Actual,S1213_Simulated,S00122_Actual,S00122_Simulated,S1488_Actual,S1488_Simulated,DuplicatedBlocks_Actual,DuplicatedBlocks_Simulated,S00112_Actual,S00112_Simulated,S1155_Actual,S1155_Simulated,S00108_Actual,S00108_Simulated,S1151_Actual,S1151_Simulated,S1132_Actual,S1132_Simulated
0.0367013668504281,0.8654164806904682,0.0,0.19170098661429782,0.0,0.051733357324998425,0.0,0.46172097945521134,0.018519047767237597,0.46128570284664755,0.0,0.046991420998253174,0.0,0.19702941544705932,0.018519047767237597,0.6025512276968152,0.0,0.5169270278182613
0.018519047767237697,0.9571502319573332,0.0,1.3511969447132401,0.0,0.0,0.0,0.0,0.009302392662313554,0.8522931510185859,0.0,0.0,0.0,0.30025559531163354,0.009302392662313554,0.17102244278263046,0.0,0.075476248228455
0.0,0.5202964452315502,0.0,0.5098886637770986,0.0,0.0,0.0,0.0,0.0,0.6980980938288286,0.0,0.08773204042751194,0.0,0.0,0.0,1.5126230949092856,0.0,0.38678753950166866
