S1213_Actual,S1213_Simulated,S00122_Actual,S00122_Simulated,S1488_Actual,S1488_Simulated,DuplicatedBlocks_Actual,DuplicatedBlocks_Simulated,S00112_Actual,S00112_Simulated,S1155_Actual,S1155_Simulated,S00108_Actual,S00108_Simulated,S1151_Actual,S1151_Simulated,S1132_Actual,S1132_Simulated
0.08934510033585008,0.8654164806904682,0.0,0.19170098661429782,0.0,0.051733357324998425,0.0,0.46172097945521134,0.04567003683318844,0.46128570284664755,0.0,0.046991420998253174,0.0,0.19702941544705932,0.04567003683318844,0.6025512276968152,0.0,0.5169270278182613
0.07210329390134407,0.25868317772439176,0.0,0.2444345422470688,0.0,0.4261823634768054,0.0,0.0,0.036701366850428,1.0310055556384192,0.0,0.2780258959639883,0.0,0.0,0.036701366850428,0.0,0.0,0.0
0.0545589842504346,0.47886540175235687,0.0,0.1673849655759025,0.0,0.02725787291575441,0.0,0.0,0.027651531330510157,0.6214072057578163,0.0,0.0,0.0,0.0,0.027651531330510157,0.5358395265997719,0.0,0.0
0.0367013668504281,0.0,0.0,0.4400988469706303,0.0,0.3943436648346329,0.0,0.0,0.018519047767237597,0.4694443599070496,0.0,0.0,0.0,0.3527905890080951,0.018519047767237597,1.0264979892811648,0.0,1.0889894200186365
0.018519047767237697,1.5566799718208078,0.0,0.05188457272668123,0.0,0.025680369402356774,0.0,0.0,0.009302392662313554,0.0,0.0,0.07290300976892015,0.0,0.0,0.009302392662313554,0.24892484855511626,0.0,0.8249539126884817
0.0,1.0730401222036716,0.0,0.46295468731467027,0.0,0.0,0.0,0.9719204830683392,0.0,0.0,0.0,0.0,0.0,0.2962095108095082,0.0,0.6105272737613401,0.0,0.0
