S1213_Actual,S1213_Simulated,S00122_Actual,S00122_Simulated,S1488_Actual,S1488_Simulated,DuplicatedBlocks_Actual,DuplicatedBlocks_Simulated,S00112_Actual,S00112_Simulated,S1155_Actual,S1155_Simulated,S00108_Actual,S00108_Simulated,S1151_Actual,S1151_Simulated,S1132_Actual,S1132_Simulated
0.0367013668504281,0.8654164806904682,0.0,0.19170098661429782,0.0,0.051733357324998425,0.0,0.46172097945521134,0.018519047767237597,0.46128570284664755,0.0,0.046991420998253174,0.0,0.19702941544705932,0.018519047767237597,0.6025512276968152,0.0,0.5169270278182613
0.018519047767237697,1.2099578710594492,0.0,0.0,0.0,0.0,0.0,0.0,0.009302392662313554,0.5846285017686035,0.0,0.1510727524571933,0.0,0.0,0.009302392662313554,1.2726565859583534,0.0,0.0
0.0,0.994247503106187,0.0,0.29892920488205993,0.0,0.0,0.0,0.0,0.0,0.028541879022587757,0.0,0.3579796826905151,0.0,0.46050977180747116,0.0,1.2576469741099774,0.0,0.0
