RedundantThrowsDeclarationCheck_Actual,RedundantThrowsDeclarationCheck_Simulated,S00122_Actual,S00122_Simulated,UselessImportCheck_Actual,UselessImportCheck_Simulated,DuplicatedBlocks_Actual,DuplicatedBlocks_Simulated,S00112_Actual,S00112_Simulated,S00108_Actual,S00108_Simulated,S1151_Actual,S1151_Simulated,S1132_Actual,S1132_Simulated,S1481_Actual,S1481_Simulated
3.367295829986474,3.182826244321462,0.0,0.17804065448848427,0.0,1.0120744067826586,3.784189633918261,3.1131672510296626,5.181783550292085,3.495480419818657,4.844187086458591,4.465479026967496,0.6931471805599453,0.3168034653383228,3.044522437723423,2.3619558113018173,0.0,1.1044258036092558
3.367295829986474,4.194610721421233,0.0,0.517994537155399,0.0,0.2804926163276399,3.784189633918261,2.052306012396807,5.181783550292085,2.7263627305626184,4.844187086458591,4.811067576676374,0.6931471805599453,0.4579364933853149,3.044522437723423,3.5265626577847047,0.0,3.4836615306191723
3.367295829986474,3.4034700179362387,0.0,1.3197651500229808,0.0,0.0,3.784189633918261,2.830500986906374,5.181783550292085,3.777108469717961,4.844187086458591,3.167721523452763,0.6931471805599453,0.701324050847993,3.044522437723423,3.012693930293421,0.0,2.441779836407119
