RedundantThrowsDeclarationCheck_Actual,RedundantThrowsDeclarationCheck_Simulated,S00122_Actual,S00122_Simulated,UselessImportCheck_Actual,UselessImportCheck_Simulated,DuplicatedBlocks_Actual,DuplicatedBlocks_Simulated,S00112_Actual,S00112_Simulated,S00108_Actual,S00108_Simulated,S1151_Actual,S1151_Simulated,S1132_Actual,S1132_Simulated,S1481_Actual,S1481_Simulated
3.367295829986474,3.182826244321462,0.0,0.17804065448848427,0.0,1.0120744067826586,3.784189633918261,3.1131672510296626,5.181783550292085,3.495480419818657,4.844187086458591,4.465479026967496,0.6931471805599453,0.3168034653383228,3.044522437723423,2.3619558113018173,0.0,1.1044258036092558
3.367295829986474,3.515592600706202,0.0,0.8345037787598623,0.0,1.4100898172418903,3.784189633918261,3.2603994678689974,5.181783550292085,5.433293005078596,4.844187086458591,1.9253828293077628,0.6931471805599453,0.6859445437700147,3.044522437723423,2.100389424721937,0.0,2.0117463028141196
3.367295829986474,2.8817673247061046,0.0,0.38444018063401064,0.0,0.0,3.784189633918261,2.8664663381906097,5.181783550292085,2.6367338333070123,4.844187086458591,4.225909048128757,0.6931471805599453,0.5888104357248403,3.044522437723423,2.751244650156085,0.0,1.9365676479953167
