RedundantThrowsDeclarationCheck_Actual,RedundantThrowsDeclarationCheck_Simulated,S00122_Actual,S00122_Simulated,UselessImportCheck_Actual,UselessImportCheck_Simulated,DuplicatedBlocks_Actual,DuplicatedBlocks_Simulated,S00112_Actual,S00112_Simulated,S00108_Actual,S00108_Simulated,S1151_Actual,S1151_Simulated,S1132_Actual,S1132_Simulated,S1481_Actual,S1481_Simulated
3.367295829986474,3.182826244321462,0.0,0.17804065448848427,0.0,1.0120744067826586,3.784189633918261,3.1131672510296626,5.181783550292085,3.495480419818657,4.844187086458591,4.465479026967496,0.6931471805599453,0.3168034653383228,3.044522437723423,2.3619558113018173,0.0,1.1044258036092558
3.367295829986474,3.586943135092816,0.0,0.23952173092296708,0.0,0.1893207897998046,3.784189633918261,2.9792488145103997,5.181783550292085,2.324245058801993,4.844187086458591,3.8247469107038206,0.6931471805599453,0.0,3.044522437723423,3.326305757037872,0.0,0.2840937941971151
3.367295829986474,2.8914737028342987,0.0,0.27121375316079727,0.0,0.14859631242135818,3.784189633918261,3.4790059260804056,5.181783550292085,3.8573122208172284,4.844187086458591,5.446158958739068,0.6931471805599453,0.17624256552005738,3.044522437723423,2.2680370768770235,0.0,4.024326934429539
3.367295829986474,3.1885098209829166,0.0,0.689697758777491,0.0,0.0,3.784189633918261,4.386621233651271,5.181783550292085,2.5254185517805707,4.844187086458591,3.175125775894114,0.6931471805599453,0.0,3.044522437723423,2.703836124662053,0.0,0.3176295799675094
3.367295829986474,3.435035560220613,0.0,0.15476116843951654,0.0,2.008125613114466,3.784189633918261,3.4384495307762535,5.181783550292085,4.07719863716475,4.844187086458591,4.929386965631077,0.6931471805599453,0.0049927528992076975,3.044522437723423,2.281019904293903,0.0,1.1988163870772732
3.367295829986474,3.665257819590124,0.0,0.0720084537809949,0.0,1.6475375808751287,3.784189633918261,3.3938394826463107,5.181783550292085,4.579986149926588,4.844187086458591,3.309836726007431,0.6931471805599453,0.6589444219811662,3.044522437723423,2.084842769658802,0.0,1.1475811371198241
