RedundantThrowsDeclarationCheck_Actual,RedundantThrowsDeclarationCheck_Simulated,S00117_Actual,S00117_Simulated,S1488_Actual,S1488_Simulated,S1226_Actual,S1226_Simulated,S00112_Actual,S00112_Simulated,S1155_Actual,S1155_Simulated,S00108_Actual,S00108_Simulated,S1132_Actual,S1132_Simulated,S1481_Actual,S1481_Simulated
2.4849066497880004,3.5752879838039395,3.708682081410116,3.697392449979346,0.0,0.8754362755897771,2.5649493574615367,3.5879241157460826,4.853591544486569,4.276680021083757,0.0,1.7109182803350094,1.3862943611198906,0.5443390143275862,2.9444389791664403,4.1497156410950025,1.0986122886681098,3.437301328727192
2.4849066497880004,4.43725241478046,3.6988297849671046,3.849710132320011,0.0,0.0,2.5649493574615367,3.7490955731648037,4.856706811803519,4.422510452238199,0.0,2.307522450629567,1.3862943611198906,0.0,2.9444389791664403,5.8971570469943355,1.0986122886681098,5.578591798699447
2.4849066497880004,6.624113366898419,3.6888794541139363,4.465831872886817,0.0,0.0,2.5649493574615367,2.962442395414725,4.859812404361672,4.418081169528587,0.0,1.9304727565533513,1.3862943611198906,0.9012961982859876,2.9444389791664403,6.130460226375416,1.0986122886681098,2.7842089758451243
