RedundantThrowsDeclarationCheck_Actual,RedundantThrowsDeclarationCheck_Simulated,S00117_Actual,S00117_Simulated,S1488_Actual,S1488_Simulated,S1226_Actual,S1226_Simulated,S00112_Actual,S00112_Simulated,S1155_Actual,S1155_Simulated,S00108_Actual,S00108_Simulated,S1132_Actual,S1132_Simulated,S1481_Actual,S1481_Simulated
2.4849066497880004,3.5752879838039395,3.708682081410116,3.697392449979346,0.0,0.8754362755897771,2.5649493574615367,3.5879241157460826,4.853591544486569,4.276680021083757,0.0,1.7109182803350094,1.3862943611198906,0.5443390143275862,2.9444389791664403,4.1497156410950025,1.0986122886681098,3.437301328727192
2.4849066497880004,3.179621442318279,3.6988297849671046,2.752363806335808,0.0,1.445119867588319,2.5649493574615367,5.10146017746196,4.856706811803519,4.436272618232854,0.0,0.0,1.3862943611198906,0.6809126028862258,2.9444389791664403,4.2211876981010015,1.0986122886681098,6.4059321380208765
2.4849066497880004,5.001813737372534,3.6888794541139363,4.394037132804909,0.0,1.240921050344499,2.5649493574615367,3.3145507426291294,4.859812404361672,4.869987426691679,0.0,2.588641933125964,1.3862943611198906,0.26935652936566246,2.9444389791664403,4.886996768814949,1.0986122886681098,0.0
