S1213_Actual,S1213_Simulated,S00117_Actual,S00117_Simulated,S1488_Actual,S1488_Simulated,UselessImportCheck_Actual,UselessImportCheck_Simulated,DuplicatedBlocks_Actual,DuplicatedBlocks_Simulated,S00112_Actual,S00112_Simulated,S00108_Actual,S00108_Simulated,S1151_Actual,S1151_Simulated,S1132_Actual,S1132_Simulated,S1481_Actual,S1481_Simulated
1.6094379124341003,1.5756497927369877,0.0,0.18529177914319295,0.6931471805599453,0.6743462050229961,0.0,1.1795748374291268,1.9459101490553132,2.628571057555208,4.243721963296702,3.400715103324849,1.0986122886681098,0.9743739085513304,1.6094379124341003,1.566371245538988,1.0986122886681098,1.0986074641099446,0.0,0.28515064114304844
1.6094379124341003,1.540829213313367,0.0,0.0,0.6931471805599453,0.6779943011940458,0.0,0.4154190584148444,1.9459101490553132,2.199004912599195,4.244678443522658,4.095054003885545,1.0986122886681098,0.7935714237997634,1.6094379124341003,1.6485971114140525,1.0986122886681098,1.0986138318533323,0.0,0.0
1.6094379124341003,1.3446332898365378,0.0,0.25627063269989836,0.6931471805599453,0.6007059119833276,0.0,1.3072495969498967,1.9459101490553132,2.8382111517213606,4.2456340097683265,4.31798244847885,1.0986122886681098,1.2942247231403585,1.6094379124341003,1.812503434531813,1.0986122886681098,1.098608433576673,0.0,1.618658830256992
1.6094379124341003,1.2766667741012934,0.0,0.0,0.6931471805599453,0.687884343585485,0.0,1.3392987476712181,1.9459101490553132,2.8498179026614556,4.246588663778778,3.6693961471795866,1.0986122886681098,0.9699611542060634,1.6094379124341003,1.5695873383559193,1.0986122886681098,1.0986142211603855,0.0,0.0
1.6094379124341003,1.788584179342082,0.0,0.26889959933682256,0.6931471805599453,0.5933997642041593,0.0,2.6462549268993643,1.9459101490553132,2.5573488605286383,4.2475424072940875,4.53761464020143,1.0986122886681098,1.3245866873044758,1.6094379124341003,1.6570993332183963,1.0986122886681098,1.0986081502191583,0.0,0.2483662511041431
1.6094379124341003,1.112915278916812,0.0,0.0,0.6931471805599453,0.7082167933190026,0.0,1.3081417452076927,1.9459101490553132,2.3900604212943626,4.248495242049359,0.7689431698481184,1.0986122886681098,0.8297572303313938,1.6094379124341003,1.5178042735042767,1.0986122886681098,1.0986079334327796,0.0,0.0
