S1213_Actual,S1213_Simulated,RedundantThrowsDeclarationCheck_Actual,RedundantThrowsDeclarationCheck_Simulated,S00117_Actual,S00117_Simulated,S00122_Actual,S00122_Simulated,DuplicatedBlocks_Actual,DuplicatedBlocks_Simulated,S1226_Actual,S1226_Simulated,S00112_Actual,S00112_Simulated,S1155_Actual,S1155_Simulated,S00108_Actual,S00108_Simulated,S1132_Actual,S1132_Simulated
4.442651256490317,4.181531202167077,1.0986122886681098,1.0400762128809047,1.791759469228055,1.7791560542061882,2.5649493574615367,0.7997232563008877,3.295836866004329,2.8403309614286116,3.7612001156935624,3.64862190693301,3.6635616461296463,3.42740187791648,0.0,0.0,1.6094379124341003,1.208443618175531,1.6094379124341003,1.4124946207788092
4.454347296253507,4.7008036322418425,1.0986122886681098,1.1949048979970687,1.791759469228055,2.033004704179373,2.5649493574615367,1.358778544949165,3.295836866004329,3.1921717652022896,3.7612001156935624,3.5350038020969365,3.7612001156935624,3.0626081865579806,0.0,0.0,1.6094379124341003,1.501782689131158,1.6094379124341003,1.3941398391842972
4.465908118654584,4.794235704867397,1.0986122886681098,1.0267316841776932,1.791759469228055,1.7990598811171004,2.5649493574615367,0.9891290519501322,3.295836866004329,3.2355145307818733,3.7612001156935624,3.6046465111997414,3.7612001156935624,3.6418889099441145,0.0,0.0,1.6094379124341003,1.2831838374170916,1.6094379124341003,1.2997892449811892
4.473541743509655,3.9113013193595787,1.0986122886681098,0.7936901130250977,1.8458266904983307,2.304609614641839,2.5649493574615367,2.1790629868364975,3.295836866004329,3.562912990581525,3.7689221617874726,3.8039925476079497,3.784189633918261,3.2005598153014403,0.0,0.0,1.6094379124341003,1.2834124007163301,1.6094379124341003,1.4346608702289394
4.481117537318112,4.451535111928961,1.0986122886681098,1.1748115994505617,1.8971199848858813,1.5145081642587663,2.5649493574615367,0.36854430675948197,3.295836866004329,3.1988026962577085,3.7765850345330416,3.735430834947999,3.8066624897703196,3.685356676055675,0.0,0.0,1.6094379124341003,1.2844683275542306,1.6094379124341003,1.3966660084076985
4.48863636973214,3.5021189736165317,1.0986122886681098,1.0898533783966242,1.9459101490553132,2.309981373344044,2.5649493574615367,1.6697283823900295,3.295836866004329,2.7084723829071358,3.784189633918261,3.650584276350271,3.828641396489095,3.42713144462434,0.0,0.0,1.6094379124341003,1.3826075214149371,1.6094379124341003,1.5804037471206578
