S1213_Actual,S1213_Simulated,RedundantThrowsDeclarationCheck_Actual,RedundantThrowsDeclarationCheck_Simulated,S00117_Actual,S00117_Simulated,S00122_Actual,S00122_Simulated,DuplicatedBlocks_Actual,DuplicatedBlocks_Simulated,S1226_Actual,S1226_Simulated,S00112_Actual,S00112_Simulated,S1155_Actual,S1155_Simulated,S00108_Actual,S00108_Simulated,S1132_Actual,S1132_Simulated
4.442651256490317,3.9736462603351703,1.0986122886681098,0.7506859406485378,1.791759469228055,1.3000568012839122,2.5649493574615367,2.9404301144203595,3.295836866004329,2.3621206429605626,3.7612001156935624,2.945350239029016,3.6635616461296463,3.4455535302596,0.0,0.00845563664876762,1.6094379124341003,0.8320702696305738,1.6094379124341003,1.0863350080236112
4.454347296253507,5.123074700359383,1.0986122886681098,0.6406201483732019,1.791759469228055,2.25935462435011,2.5649493574615367,0.0,3.295836866004329,1.334569839586938,3.7612001156935624,3.2806759969417136,3.7612001156935624,3.3320420624998586,0.0,0.0,1.6094379124341003,1.5464554170694509,1.6094379124341003,0.6872912444558552
4.465908118654584,3.9344093071922357,1.0986122886681098,0.0,1.791759469228055,2.191364441019644,2.5649493574615367,8.360730734440356,3.295836866004329,2.483790397546827,3.7612001156935624,3.6444595313959525,3.7612001156935624,4.499033207398741,0.0,0.0,1.6094379124341003,0.7097377426444181,1.6094379124341003,0.0
4.473541743509655,4.010610620720915,1.0986122886681098,1.1050244124340864,1.8458266904983307,0.9884126309394607,2.5649493574615367,5.145528731017354,3.295836866004329,2.187004557481125,3.7689221617874726,2.1756622574722075,3.784189633918261,3.523234915365594,0.0,0.024986692941095213,1.6094379124341003,0.389219875948052,1.6094379124341003,2.472551207094944
4.481117537318112,3.791418095126531,1.0986122886681098,0.2729452410005682,1.8971199848858813,2.0775437932002316,2.5649493574615367,2.193727243966802,3.295836866004329,2.977504082255466,3.7765850345330416,2.7543758822666677,3.8066624897703196,1.8250073731358776,0.0,0.062416994649483144,1.6094379124341003,0.8363673853792519,1.6094379124341003,0.0
4.48863636973214,3.6694394968053183,1.0986122886681098,0.694213597697612,1.9459101490553132,1.86432328630469,2.5649493574615367,3.7888231603083495,3.295836866004329,1.0825789459450086,3.784189633918261,3.7581617074900757,3.828641396489095,1.8733891215890617,0.0,0.06884354439739988,1.6094379124341003,1.9236917481500257,1.6094379124341003,0.0
