S1213_Actual,S1213_Simulated,RedundantThrowsDeclarationCheck_Actual,RedundantThrowsDeclarationCheck_Simulated,S00117_Actual,S00117_Simulated,S00122_Actual,S00122_Simulated,DuplicatedBlocks_Actual,DuplicatedBlocks_Simulated,S1226_Actual,S1226_Simulated,S00112_Actual,S00112_Simulated,S1155_Actual,S1155_Simulated,S00108_Actual,S00108_Simulated,S1132_Actual,S1132_Simulated
4.442651256490317,3.9736462603351703,1.0986122886681098,0.7506859406485378,1.791759469228055,1.3000568012839122,2.5649493574615367,2.9404301144203595,3.295836866004329,2.3621206429605626,3.7612001156935624,2.945350239029016,3.6635616461296463,3.4455535302596,0.0,0.00845563664876762,1.6094379124341003,0.8320702696305738,1.6094379124341003,1.0863350080236112
4.454347296253507,4.196287646522475,1.0986122886681098,0.6677224544615055,1.791759469228055,0.0,2.5649493574615367,0.0,3.295836866004329,1.4710932162715429,3.7612001156935624,3.6248352129402406,3.7612001156935624,3.5480946825412674,0.0,0.12771846988986468,1.6094379124341003,0.21029346598228282,1.6094379124341003,2.190690727201101
4.465908118654584,3.2779885905203443,1.0986122886681098,1.8165680875481343,1.791759469228055,2.3857770783190224,2.5649493574615367,5.8390051167855255,3.295836866004329,2.615326636562147,3.7612001156935624,2.222162927791034,3.7612001156935624,2.5016600457111497,0.0,0.010114135840983595,1.6094379124341003,0.0,1.6094379124341003,1.987762368889977
4.473541743509655,3.2546687035431447,1.0986122886681098,0.921940620198681,1.8458266904983307,0.12871730067987208,2.5649493574615367,3.6722729753387022,3.295836866004329,2.0338182101810873,3.7689221617874726,4.995793039989693,3.784189633918261,4.506747451665696,0.0,0.0,1.6094379124341003,0.8645996814430974,1.6094379124341003,0.7756915690349444
4.481117537318112,5.539293563016936,1.0986122886681098,0.16495024097241928,1.8971199848858813,1.3851877216532869,2.5649493574615367,2.728291449482738,3.295836866004329,4.432570704672413,3.7765850345330416,2.159754860361785,3.8066624897703196,2.502277322534816,0.0,0.08043077034091636,1.6094379124341003,0.47073843209194194,1.6094379124341003,1.2196363455017256
4.48863636973214,4.199396853372188,1.0986122886681098,0.0,1.9459101490553132,0.4549199227229722,2.5649493574615367,1.2437790141588467,3.295836866004329,3.9390418523801802,3.784189633918261,1.9651176859890693,3.828641396489095,3.0956577197288135,0.0,0.019594375568191005,1.6094379124341003,1.7548941694867803,1.6094379124341003,1.1857375298466604
