S1213_Actual,S1213_Simulated,RedundantThrowsDeclarationCheck_Actual,RedundantThrowsDeclarationCheck_Simulated,S00117_Actual,S00117_Simulated,S00122_Actual,S00122_Simulated,DuplicatedBlocks_Actual,DuplicatedBlocks_Simulated,S1226_Actual,S1226_Simulated,S00112_Actual,S00112_Simulated,S1155_Actual,S1155_Simulated,S00108_Actual,S00108_Simulated,S1132_Actual,S1132_Simulated
4.442651256490317,4.181531202167077,1.0986122886681098,1.0400762128809047,1.791759469228055,1.7791560542061882,2.5649493574615367,0.7997232563008877,3.295836866004329,2.8403309614286116,3.7612001156935624,3.64862190693301,3.6635616461296463,3.42740187791648,0.0,0.0,1.6094379124341003,1.208443618175531,1.6094379124341003,1.4124946207788092
4.454347296253507,4.41387719905718,1.0986122886681098,0.9993604248485388,1.791759469228055,2.046216401145218,2.5649493574615367,0.0,3.295836866004329,2.7463054274577856,3.7612001156935624,3.586085663466204,3.7612001156935624,3.530190191796586,0.0,8.40694831820419e-07,1.6094379124341003,1.0452772899583607,1.6094379124341003,1.3379005328419835
4.465908118654584,4.14105291160909,1.0986122886681098,0.9869669869042345,1.791759469228055,1.0765674430235632,2.5649493574615367,0.0,3.295836866004329,2.6417032639130964,3.7612001156935624,3.587305747473034,3.7612001156935624,3.353133923556281,0.0,0.0,1.6094379124341003,0.6917722338511726,1.6094379124341003,1.6408366668715177
4.473541743509655,4.504718514902468,1.0986122886681098,1.0178990810204258,1.8458266904983307,1.7903890393794808,2.5649493574615367,0.0,3.295836866004329,3.291817810046183,3.7689221617874726,3.5738976732665715,3.784189633918261,3.102874226954744,0.0,0.0,1.6094379124341003,1.2258069186070346,1.6094379124341003,1.5217537024859467
4.481117537318112,3.7191171357572568,1.0986122886681098,1.0036167026433969,1.8971199848858813,1.8051597723215522,2.5649493574615367,0.672081056577643,3.295836866004329,3.550979471475626,3.7765850345330416,3.805287465922752,3.8066624897703196,3.086243192300334,0.0,9.982730926112355e-07,1.6094379124341003,1.2881357899234707,1.6094379124341003,1.46001629683268
4.48863636973214,4.260597040749697,1.0986122886681098,1.1522660340321471,1.9459101490553132,1.6426529111819455,2.5649493574615367,0.0,3.295836866004329,2.4114807842692825,3.784189633918261,3.594119921021124,3.828641396489095,3.259808306013517,0.0,0.0,1.6094379124341003,1.3180790411342607,1.6094379124341003,1.355547430868787
