S1213_Actual,S1213_Simulated,RedundantThrowsDeclarationCheck_Actual,RedundantThrowsDeclarationCheck_Simulated,S00117_Actual,S00117_Simulated,S00122_Actual,S00122_Simulated,S1488_Actual,S1488_Simulated,S1905_Actual,S1905_Simulated,UselessImportCheck_Actual,UselessImportCheck_Simulated,DuplicatedBlocks_Actual,DuplicatedBlocks_Simulated,S1226_Actual,S1226_Simulated,S00112_Actual,S00112_Simulated,S1155_Actual,S1155_Simulated,S1151_Actual,S1151_Simulated,S1132_Actual,S1132_Simulated,S1481_Actual,S1481_Simulated
5.043425116919247,4.98696277983771,2.772588722239781,2.523224370174143,2.0794415416798357,2.192246286688818,2.3978952727983707,2.8281600480032405,2.1972245773362196,1.7358608600617236,0.0,0.9213926515514955,0.6931471805599453,1.5749249081075742,3.828641396489095,3.701565418118755,4.248495242049359,4.140461665288957,4.1588830833596715,2.5010016100841277,0.6931471805599453,0.4619605043402298,0.0,0.0,3.4339872044851463,3.496338106951025,2.5649493574615367,3.0944630585136337
5.043425116919247,4.862576743004184,2.772588722239781,2.851526891295955,2.0794415416798357,1.941366833080944,2.3978952727983707,4.825148653408088,2.1972245773362196,1.395975848810528,0.0,0.8538892404892863,0.6931471805599453,3.5164246225185822,3.828641396489095,3.2847410975751763,4.248495242049359,4.006741592077095,4.1588830833596715,0.9110542595988749,0.6931471805599453,0.41676521430022484,0.0,0.0,3.4339872044851463,3.885760711853823,2.5649493574615367,2.9893609426183647
