S1213_Actual,S1213_Simulated,S00122_Actual,S00122_Simulated,S1488_Actual,S1488_Simulated,DuplicatedBlocks_Actual,DuplicatedBlocks_Simulated,S1226_Actual,S1226_Simulated,S00112_Actual,S00112_Simulated,S1155_Actual,S1155_Simulated,S00108_Actual,S00108_Simulated,S1132_Actual,S1132_Simulated
0.08934510033585008,0.8654164806904682,0.0,0.19170098661429782,0.0,0.051733357324998425,0.0,0.46172097945521134,0.0,0.11196008221551346,0.04567003683318844,0.46128570284664755,0.0,0.046991420998253174,0.0,0.19702941544705932,0.0,0.5169270278182613
0.07210329390134407,1.3972133214504008,0.0,0.0,0.0,0.06217993442798566,0.0,0.5941573774993302,0.0,0.0,0.036701366850428,0.0,0.0,0.18502957236531964,0.0,0.0,0.0,0.39308098136172226
0.0545589842504346,1.3542261548831718,0.0,0.0,0.0,0.19802619621418427,0.0,0.23908202009986065,0.0,0.643663160231754,0.027651531330510157,0.37408649666648475,0.0,0.0,0.0,0.6797393035807812,0.0,1.9369836598958963
0.0367013668504281,0.8312720673729248,0.0,0.5932282378658295,0.0,0.0,0.0,0.0,0.0,0.05617438923090831,0.018519047767237597,0.3356232772270912,0.0,0.0,0.0,0.16091722274009912,0.0,0.5768598270141542
0.018519047767237697,0.16526953406793987,0.0,0.2497779706751067,0.0,0.0,0.0,0.0,0.0,0.2863029900048881,0.009302392662313554,0.6735583211326135,0.0,0.2724384077393871,0.0,0.9354149844758151,0.0,2.112956804937919
0.0,0.10803064917474514,0.0,0.5967267477817186,0.0,0.3636832011781248,0.0,0.0,0.0,0.0,0.0,0.7620781565566814,0.0,0.24055859514640432,0.0,0.0,0.0,0.1545169478157113
