S1213_Actual,S1213_Simulated,S00122_Actual,S00122_Simulated,S1488_Actual,S1488_Simulated,DuplicatedBlocks_Actual,DuplicatedBlocks_Simulated,S1226_Actual,S1226_Simulated,S00112_Actual,S00112_Simulated,S1155_Actual,S1155_Simulated,S00108_Actual,S00108_Simulated,S1132_Actual,S1132_Simulated
0.08934510033585008,0.8654164806904682,0.0,0.19170098661429782,0.0,0.051733357324998425,0.0,0.46172097945521134,0.0,0.11196008221551346,0.04567003683318844,0.46128570284664755,0.0,0.046991420998253174,0.0,0.19702941544705932,0.0,0.5169270278182613
0.07210329390134407,0.4629365194594397,0.0,0.0,0.0,0.3216585279898867,0.0,2.983185403534644,0.0,0.0,0.036701366850428,1.3676699476552105,0.0,0.0,0.0,0.8111645236941009,0.0,0.8869321434264166
0.0545589842504346,0.727007259133951,0.0,0.0,0.0,0.1180211441078567,0.0,0.0,0.0,0.320238028975081,0.027651531330510157,0.5246931665682789,0.0,0.0,0.0,0.0,0.0,0.0
0.0367013668504281,0.0,0.0,0.05989797137241276,0.0,0.15128205894098426,0.0,0.0,0.0,0.4301821081368094,0.018519047767237597,0.0,0.0,0.0,0.0,0.0,0.0,1.0355510432958064
0.018519047767237697,0.9604522650775071,0.0,0.7606555435121528,0.0,0.0,0.0,0.9183413973332826,0.0,0.48029362853920304,0.009302392662313554,0.47638854605697817,0.0,0.0,0.0,0.08957211077449441,0.0,0.9128665255296406
0.0,1.0335200365733401,0.0,0.056222872761985954,0.0,0.4680626731185725,0.0,1.2635487073044103,0.0,0.0,0.0,1.0432523376113942,0.0,0.2417171685958781,0.0,0.8917122720334367,0.0,0.0
