S00108_Actual,S00108_Simulated
1.3862943611198906,1.0166596193930002
1.3862943611198906,0.32468012672460445
1.3862943611198906,1.0067850865906565
1.3862943611198906,1.0354429065783262
1.3862943611198906,0.9171112518075858
1.3862943611198906,1.3293753118216523
1.3862943611198906,0.4293584572088255
1.3862943611198906,0.37110928412434574
1.3862943611198906,0.8247299849337244
1.3862943611198906,1.1525833258493674
1.3862943611198906,0.036834728618067025
1.3862943611198906,1.7099928379733669
