S1213_Actual,S1213_Simulated,RedundantThrowsDeclarationCheck_Actual,RedundantThrowsDeclarationCheck_Simulated,S00122_Actual,S00122_Simulated,S1905_Actual,S1905_Simulated,UselessImportCheck_Actual,UselessImportCheck_Simulated,DuplicatedBlocks_Actual,DuplicatedBlocks_Simulated,S1226_Actual,S1226_Simulated,S00112_Actual,S00112_Simulated,S00108_Actual,S00108_Simulated,S1151_Actual,S1151_Simulated,S1481_Actual,S1481_Simulated
4.465908118654584,2.999826586366925,1.791759469228055,1.3145347176935454,1.0986122886681098,0.664494912609079,0.0,0.3594804897243226,0.0,0.045143420275289774,3.258096538021482,2.5343843620444226,4.770684624465665,4.506338197135906,4.99479623006651,4.339183241919254,0.0,0.1303948359032745,2.302585092994046,1.5851806544732807,0.49643688631389105,0.4960677056471013
4.465908118654584,2.1479319024461576,1.791759469228055,0.9722364683813609,1.0986122886681098,1.631975057784508,0.0,0.30515187861666526,0.0,0.0,3.258096538021482,2.161854371210859,4.770684624465665,3.792048371152408,4.995279906013061,5.125530447569432,0.0,0.06951474146015517,2.302585092994046,0.8731720263291893,0.5389965007326869,0.5545976078735999
4.465908118654584,2.465450315302535,1.791759469228055,0.26810364107836304,1.0986122886681098,0.7065049934203358,0.0,0.0,0.0,0.3564329644657391,3.258096538021482,1.5655758139169638,4.770684624465665,4.824359274287409,4.995763348130285,4.943239261078024,0.0,0.06330196930240427,2.302585092994046,2.100003816804038,0.5798184952529422,0.8304949555675138
4.465908118654584,2.7206598979346523,1.791759469228055,1.7091604479264209,1.0986122886681098,1.1282009545381428,0.0,0.0,0.0,0.0,3.258096538021482,2.8337617412816334,4.770684624465665,4.242124596006753,4.996246556644156,4.089257116855461,0.0,0.0,2.302585092994046,2.5084575229320403,0.6190392084062234,0.14806627388405175
4.465908118654584,3.1622497521915713,1.791759469228055,1.6918868255766748,1.0986122886681098,0.28305137060644237,0.0,0.7006700577020677,0.0,0.012684747350815317,3.258096538021482,0.9451014377303277,4.770684624465665,4.083913469049645,4.996729531780326,4.164447134010713,0.0,0.0,2.302585092994046,1.28053427614097,0.6567795363890704,0.2595978728783934
4.465908118654584,2.074268666802763,1.791759469228055,0.45488905978314476,1.0986122886681098,0.7611516285658749,0.0,0.0,0.0,0.0,3.258096538021482,2.3502230074925525,4.770684624465665,5.399427668650916,4.997212273764115,5.620479041152307,0.0,0.2418630825602866,2.302585092994046,2.12606435558932,0.6931471805599453,0.28340055953722276
