S1905_Actual,S1905_Simulated,DuplicatedBlocks_Actual,DuplicatedBlocks_Simulated,S1481_Actual,S1481_Simulated
0.0,0.36172044398760594,3.258096538021482,2.5129296442372437,0.5108256237659906,0.502759145915681
0.0,0.6500007765440554,3.258096538021482,3.528768095337319,0.6061358035703155,0.4560518299354357
0.0,0.3285360123905332,3.258096538021482,2.425854946355969,0.6931471805599453,0.5337095664096759
