S1905_Actual,S1905_Simulated,DuplicatedBlocks_Actual,DuplicatedBlocks_Simulated,S1481_Actual,S1481_Simulated
0.0,0.36172044398760594,3.258096538021482,2.5129296442372437,0.15415067982725825,0.502759145915681
0.0,0.2284597522478184,3.258096538021482,1.8325146191186823,0.2876820724517809,0.0
0.0,0.3033633083880534,3.258096538021482,2.6962618651253574,0.4054651081081644,0.21991850519109862
0.0,0.42163243729636424,3.258096538021482,3.2099824290162022,0.5108256237659906,0.15389855062573338
0.0,0.0,3.258096538021482,2.80495074275278,0.6061358035703155,0.05660039988507398
0.0,0.5040293793198938,3.258096538021482,2.9231219834807707,0.6931471805599453,0.0
