S1213_Actual,S1213_Simulated,RedundantThrowsDeclarationCheck_Actual,RedundantThrowsDeclarationCheck_Simulated,S00117_Actual,S00117_Simulated,S00122_Actual,S00122_Simulated,DuplicatedBlocks_Actual,DuplicatedBlocks_Simulated,S1226_Actual,S1226_Simulated,S00112_Actual,S00112_Simulated,S1155_Actual,S1155_Simulated,S00108_Actual,S00108_Simulated,S1132_Actual,S1132_Simulated
4.442651256490317,3.9736462603351703,1.0986122886681098,0.7506859406485378,1.791759469228055,1.3000568012839122,2.5649493574615367,2.9404301144203595,3.295836866004329,2.3621206429605626,3.7612001156935624,2.945350239029016,3.6635616461296463,3.4455535302596,0.0,0.00845563664876762,1.6094379124341003,0.8320702696305738,1.6094379124341003,1.0863350080236112
4.454347296253507,5.165806009343376,1.0986122886681098,0.7055374659492192,1.791759469228055,0.42206390297529583,2.5649493574615367,1.4469670438306164,3.295836866004329,3.0774974196760807,3.7612001156935624,4.330907698951517,3.7612001156935624,3.5125309993724554,0.0,0.0,1.6094379124341003,0.9308570845570561,1.6094379124341003,0.5438380901932597
4.465908118654584,3.9614065594137444,1.0986122886681098,0.5064240675519263,1.791759469228055,1.9413879540767387,2.5649493574615367,2.6580202762106735,3.295836866004329,2.947024887600786,3.7612001156935624,2.453902081470691,3.7612001156935624,3.940440062872081,0.0,0.04496486997785399,1.6094379124341003,0.0,1.6094379124341003,1.9263320836409568
4.473541743509655,4.575947295341069,1.0986122886681098,0.46438220727936796,1.8458266904983307,1.317861218709158,2.5649493574615367,0.0,3.295836866004329,1.595976710883137,3.7689221617874726,3.3844670316755585,3.784189633918261,4.23078864270208,0.0,0.013845213907668106,1.6094379124341003,0.7724441974911519,1.6094379124341003,1.4772099420230633
4.481117537318112,3.2756821978013746,1.0986122886681098,1.5441162992796864,1.8971199848858813,0.3200981635771305,2.5649493574615367,1.0666162665019348,3.295836866004329,1.87585391661503,3.7765850345330416,2.6492484630664794,3.8066624897703196,3.150680790022376,0.0,0.0,1.6094379124341003,1.2081217636496187,1.6094379124341003,0.09840615252873519
4.48863636973214,3.079550788407425,1.0986122886681098,1.2830985097564596,1.9459101490553132,0.09649453078107983,2.5649493574615367,2.7438403360323886,3.295836866004329,1.4017158028741252,3.784189633918261,3.2879406328277847,3.828641396489095,3.3257089186389948,0.0,0.0,1.6094379124341003,0.8562541859699226,1.6094379124341003,0.40789200443054763
