S1213_Actual,S1213_Simulated,S00122_Actual,S00122_Simulated,S1488_Actual,S1488_Simulated,DuplicatedBlocks_Actual,DuplicatedBlocks_Simulated,S1226_Actual,S1226_Simulated,S00112_Actual,S00112_Simulated,S1155_Actual,S1155_Simulated,S00108_Actual,S00108_Simulated,S1151_Actual,S1151_Simulated,S1132_Actual,S1132_Simulated
0.08934510033585008,0.7399706292237076,0.0,0.0,0.0,0.0,0.0,0.0,0.0,0.0,0.04567003683318844,0.4008023151512786,0.0,0.0,0.0,0.0,0.04567003683318844,0.4491699626036771,0.0,0.06698009956454791
0.07210329390134407,0.8839067058339705,0.0,0.0,0.0,0.0,0.0,0.0,0.0,0.0,0.036701366850428,0.44353872366913083,0.0,0.0,0.0,1.8176159525868664e-06,0.036701366850428,1.1332312391539885,0.0,0.15012704715474204
0.0545589842504346,0.6811056628320932,0.0,0.0,0.0,0.0,0.0,0.0,0.0,3.6472861852059992e-06,0.027651531330510157,0.3056253070677998,0.0,0.0,0.0,0.0,0.027651531330510157,0.4467038772825368,0.0,0.11052239247068427
0.0367013668504281,0.9181556898986042,0.0,0.0,0.0,0.0,0.0,0.0,0.0,0.0,0.018519047767237597,0.5028684381989993,0.0,0.0,0.0,1.535880046192139e-06,0.018519047767237597,0.6570501865766787,0.0,0.0
0.018519047767237697,0.6546850336549986,0.0,0.0,0.0,0.0,0.0,0.0,0.0,0.0,0.009302392662313554,0.4979490168700357,0.0,0.0,0.0,1.350153795305344e-07,0.009302392662313554,0.31373625087919893,0.0,0.0
0.0,1.1522439081921305,0.0,0.0,0.0,0.0,0.0,0.0,0.0,0.0,0.0,0.548816173424241,0.0,2.526243450016962e-06,0.0,0.0,0.0,0.16238176865593573,0.0,0.0
