S1905_Actual,S1905_Simulated,S1226_Actual,S1226_Simulated,S00112_Actual,S00112_Simulated,S00108_Actual,S00108_Simulated,S1481_Actual,S1481_Simulated
0.0,0.2582292407615498,4.248495242049359,4.258262203098688,4.1588830833596715,3.1225495094116162,1.3862943611198906,1.60512771954265,2.538973871058276,2.9430171759443082
0.0,0.40389189691616645,4.248495242049359,4.24430359822986,4.1588830833596715,3.572650749616647,1.3862943611198906,1.850912708969013,2.5520459526256287,2.319172095375886
0.0,0.0,4.248495242049359,4.280826896939345,4.1588830833596715,2.908699353571845,1.3862943611198906,1.469414789042624,2.5649493574615367,2.709081336609807
0.0,0.09255704571413234,4.248495242049359,4.269048248284993,4.1588830833596715,3.323593951642469,1.3862943611198906,1.2551525459673156,2.5649493574615367,3.456209416739714
0.0,0.6661890050761574,4.248495242049359,4.281193126901849,4.1588830833596715,3.3852785221699704,1.3862943611198906,1.5200034477108861,2.5649493574615367,3.368868414493654
0.0,0.42914013810050383,4.248495242049359,4.225558900326725,4.1588830833596715,3.078404576456245,1.3862943611198906,1.7278714782553755,2.5649493574615367,2.8787522031295154
