S1905_Actual,S1905_Simulated,S1226_Actual,S1226_Simulated,S00112_Actual,S00112_Simulated,S00108_Actual,S00108_Simulated,S1481_Actual,S1481_Simulated
0.0,0.2582292407615498,4.248495242049359,4.258262203098688,4.1588830833596715,3.1225495094116162,1.3862943611198906,1.60512771954265,2.538973871058276,2.9430171759443082
0.0,1.0831477254088777,4.248495242049359,4.270603900802491,4.1588830833596715,2.98358467724887,1.3862943611198906,1.6485806245705124,2.5520459526256287,2.628858961538895
0.0,0.3441048276050626,4.248495242049359,4.23190907203411,4.1588830833596715,3.046034590818996,1.3862943611198906,1.8884524868149328,2.5649493574615367,2.290510506833426
0.0,0.0,4.248495242049359,4.255880866587901,4.1588830833596715,2.586941012535848,1.3862943611198906,1.5663025171284304,2.5649493574615367,2.575102424127992
0.0,0.48721710583684597,4.248495242049359,4.263039108067787,4.1588830833596715,2.9536357903939945,1.3862943611198906,1.6713510084764538,2.5649493574615367,3.4868246055617886
0.0,0.5158678392344198,4.248495242049359,4.225307290917532,4.1588830833596715,2.2175921453542102,1.3862943611198906,1.7413836990485965,2.5649493574615367,3.474699919042028
