S1905_Actual,S1905_Simulated,S1226_Actual,S1226_Simulated,S00112_Actual,S00112_Simulated,S00108_Actual,S00108_Simulated,S1481_Actual,S1481_Simulated
0.0,0.2582292407615498,4.248495242049359,4.258262203098688,4.1588830833596715,3.1225495094116162,1.3862943611198906,1.60512771954265,2.538973871058276,2.9430171759443082
0.0,0.0,4.248495242049359,4.24365860627407,4.1588830833596715,2.881672964423101,1.3862943611198906,1.8065676204634729,2.5520459526256287,4.111380386057687
0.0,0.0,4.248495242049359,4.261911342380672,4.1588830833596715,2.6895909639406628,1.3862943611198906,1.5339202394909974,2.5649493574615367,2.6676400244836147
0.0,0.0,4.248495242049359,4.268525720184442,4.1588830833596715,2.9752910894070332,1.3862943611198906,1.9067964252118146,2.5649493574615367,3.4244500241348774
0.0,0.001559803134855542,4.248495242049359,4.27773730588983,4.1588830833596715,3.663682379082621,1.3862943611198906,1.5498859659921378,2.5649493574615367,3.1545109171042296
0.0,0.39912925410422895,4.248495242049359,4.304217353186083,4.1588830833596715,3.1418198630554324,1.3862943611198906,1.551198303788252,2.5649493574615367,2.4234813145484697
