S1213_Actual,S1213_Simulated,RedundantThrowsDeclarationCheck_Actual,RedundantThrowsDeclarationCheck_Simulated,S1488_Actual,S1488_Simulated,S1905_Actual,S1905_Simulated,DuplicatedBlocks_Actual,DuplicatedBlocks_Simulated,S1226_Actual,S1226_Simulated,S00112_Actual,S00112_Simulated,S1151_Actual,S1151_Simulated
5.003946305945459,4.544840046131564,3.332204510175204,3.6589403319833846,0.6931471805599453,1.69023413040792,0.6931471805599453,0.09356951724488577,5.69035945432406,5.678047592396958,0.0,2.5186291081753365,6.7339969528486705,6.65624499473925,3.6375861597263857,2.567614368012328
5.003946305945459,4.325134799669718,3.332204510175204,4.1574397950068365,0.6931471805599453,2.0235039996211737,0.6931471805599453,0.14622540884154536,5.683579767338681,5.654592855643564,0.0,3.5435329522639036,6.734591659972948,6.6835042000287315,3.6375861597263857,2.716287054991185
5.0106352940962555,4.4403187454488995,3.332204510175204,3.8297448293596026,0.6931471805599453,2.500635788690511,0.6931471805599453,0.18897530499938286,5.700443573390687,5.567172815491155,0.0,0.0,6.734591659972948,6.632624694651912,3.6375861597263857,2.5502527942266835
5.030437921392435,4.623572773420852,3.332204510175204,3.968168464707231,0.6931471805599453,2.573450731556854,0.6931471805599453,0.12428021675218433,5.68697535633982,5.953484705670582,0.0,1.7841532964924105,6.739336627357174,6.600327331844708,3.6375861597263857,2.3955661211456087
5.030437921392435,4.617594557405726,3.332204510175204,3.527602029271578,0.6931471805599453,2.0331837778651978,0.6931471805599453,0.1510266315330953,5.697093486505405,5.653041685498565,0.0,0.0,6.75343791859778,7.186680585413006,3.6375861597263857,3.3627424031168545
5.087596335232384,4.8276047289676915,3.332204510175204,3.9413099910516607,0.6931471805599453,1.7575397851440044,0.6931471805599453,0.19332834405194613,5.6937321388027,5.474514308944529,0.0,1.5808571735380608,6.759255270663693,6.748829354680681,3.713572066704308,2.7444950341992875
