S1213_Actual,S1213_Simulated,RedundantThrowsDeclarationCheck_Actual,RedundantThrowsDeclarationCheck_Simulated,S1488_Actual,S1488_Simulated,S1905_Actual,S1905_Simulated,DuplicatedBlocks_Actual,DuplicatedBlocks_Simulated,S1226_Actual,S1226_Simulated,S00112_Actual,S00112_Simulated,S1151_Actual,S1151_Simulated
5.030437921392435,4.544840046131564,3.332204510175204,3.6589403319833846,0.6931471805599453,1.69023413040792,0.6931471805599453,0.09356951724488577,5.697093486505405,5.678047592396958,0.0,2.5186291081753365,6.75343791859778,6.65624499473925,3.6375861597263857,2.567614368012328
5.087596335232384,4.280804686553055,3.332204510175204,3.446556248152108,0.6931471805599453,1.4131764551216033,0.6931471805599453,0.044005478264802965,5.6937321388027,5.7818216164103235,0.0,0.1121471601226065,6.759255270663693,6.890104705262345,3.713572066704308,2.570157717029864
