S1213_Actual,S1213_Simulated,S00122_Actual,S00122_Simulated,S1488_Actual,S1488_Simulated,DuplicatedBlocks_Actual,DuplicatedBlocks_Simulated,S1226_Actual,S1226_Simulated,S00112_Actual,S00112_Simulated,S1155_Actual,S1155_Simulated,S00108_Actual,S00108_Simulated,S1151_Actual,S1151_Simulated,S1132_Actual,S1132_Simulated
0.0367013668504281,0.8654164806904682,0.0,0.19170098661429782,0.0,0.051733357324998425,0.0,0.46172097945521134,0.0,0.11196008221551346,0.018519047767237597,0.46128570284664755,0.0,0.046991420998253174,0.0,0.19702941544705932,0.018519047767237597,0.6025512276968152,0.0,0.5169270278182613
0.018519047767237697,0.12174658224032553,0.0,0.0,0.0,0.13472111370781903,0.0,0.8728885887635388,0.0,0.283941550733548,0.009302392662313554,0.8715719778360447,0.0,0.08527605126260271,0.0,0.6151950215575879,0.009302392662313554,0.9006088536245913,0.0,1.914646442097058
0.0,0.0,0.0,0.0,0.0,0.39679106602660497,0.0,0.0,0.0,0.13192481309407217,0.0,0.6099735594456379,0.0,0.03930178843136332,0.0,0.0,0.0,0.0,0.0,0.0
