S1213_Actual,S1213_Simulated,S00122_Actual,S00122_Simulated,S1488_Actual,S1488_Simulated,DuplicatedBlocks_Actual,DuplicatedBlocks_Simulated,S1226_Actual,S1226_Simulated,S00112_Actual,S00112_Simulated,S1155_Actual,S1155_Simulated,S00108_Actual,S00108_Simulated,S1151_Actual,S1151_Simulated,S1132_Actual,S1132_Simulated
0.08934510033585008,0.8654164806904682,0.0,0.19170098661429782,0.0,0.051733357324998425,0.0,0.46172097945521134,0.0,0.11196008221551346,0.04567003683318844,0.46128570284664755,0.0,0.046991420998253174,0.0,0.19702941544705932,0.04567003683318844,0.6025512276968152,0.0,0.5169270278182613
0.07210329390134407,0.9433084432383786,0.0,0.7170963384006078,0.0,0.08209298516804844,0.0,0.0,0.0,0.058460867966601895,0.036701366850428,0.2116381905216434,0.0,0.0012124184097430588,0.0,0.0,0.036701366850428,0.1545262446814718,0.0,0.17104982849310174
0.0545589842504346,1.6212901396815678,0.0,1.3010703529978644,0.0,0.24754383918698733,0.0,0.30262544055418794,0.0,0.15784859601478862,0.027651531330510157,0.2619673080333691,0.0,0.2187553594569742,0.0,0.0,0.027651531330510157,0.6505148736168199,0.0,1.3686073826772467
0.0367013668504281,0.49726118599856833,0.0,0.15000315074567358,0.0,0.0,0.0,0.0,0.0,0.27749019924145324,0.018519047767237597,0.7082127576707378,0.0,0.0,0.0,0.0,0.018519047767237597,0.10634695525961407,0.0,1.4649412996949744
0.018519047767237697,0.9188713577942448,0.0,0.17469661529249492,0.0,0.33682194352772643,0.0,0.1916596072885493,0.0,0.0,0.009302392662313554,1.1390786640290975,0.0,0.28738943040269244,0.0,0.902142322669041,0.009302392662313554,0.6306173537625428,0.0,0.10618973105572216
0.0,0.831283858115674,0.0,1.136433626183953,0.0,0.0,0.0,0.0,0.0,0.10071384119238316,0.0,0.3252496047860792,0.0,0.0757786888133503,0.0,0.0,0.0,0.5920179824843566,0.0,3.181233295419309
