S1213_Actual,S1213_Simulated,S00122_Actual,S00122_Simulated,S1488_Actual,S1488_Simulated,DuplicatedBlocks_Actual,DuplicatedBlocks_Simulated,S1226_Actual,S1226_Simulated,S00112_Actual,S00112_Simulated,S1155_Actual,S1155_Simulated,S00108_Actual,S00108_Simulated,S1151_Actual,S1151_Simulated,S1132_Actual,S1132_Simulated
0.0367013668504281,0.8654164806904682,0.0,0.19170098661429782,0.0,0.051733357324998425,0.0,0.46172097945521134,0.0,0.11196008221551346,0.018519047767237597,0.46128570284664755,0.0,0.046991420998253174,0.0,0.19702941544705932,0.018519047767237597,0.6025512276968152,0.0,0.5169270278182613
0.018519047767237697,1.106614670986217,0.0,0.0,0.0,0.0,0.0,0.0,0.0,0.0,0.009302392662313554,0.0,0.0,0.0,0.0,0.0,0.009302392662313554,0.5993931307526404,0.0,0.0
0.0,0.580436324534678,0.0,0.569619057565136,0.0,0.17154029532586923,0.0,0.0,0.0,0.0,0.0,0.014340224408587787,0.0,0.11840221986562033,0.0,0.6877629694934086,0.0,0.7298198312534568,0.0,0.4555600662733896
