S1905_Actual,S1905_Simulated,S1226_Actual,S1226_Simulated,S00108_Actual,S00108_Simulated,S1481_Actual,S1481_Simulated
0.0,0.9071098113340569,4.248495242049359,4.134769788868201,1.3862943611198906,1.5415685703871407,2.5649493574615367,3.085545834700197
0.0,1.6441796060730822,4.248495242049359,4.259566898847761,1.3862943611198906,1.590453260528512,2.5649493574615367,3.2342206678984775
0.0,0.75753362921956,4.248495242049359,4.357959387996261,1.3862943611198906,1.7331845030796333,2.5649493574615367,3.0020161062890502
