S1905_Actual,S1905_Simulated,S1226_Actual,S1226_Simulated,S00108_Actual,S00108_Simulated,S1481_Actual,S1481_Simulated
0.0,0.9071098113340569,4.248495242049359,4.134769788868201,1.3862943611198906,1.5415685703871407,2.538973871058276,3.085545834700197
0.0,1.517129898723556,4.248495242049359,3.964047852118897,1.3862943611198906,1.404513905729311,2.5520459526256287,2.179663019483099
0.0,0.452041971797661,4.248495242049359,3.561764429745074,1.3862943611198906,1.4055558805566546,2.5649493574615367,3.4176327666931687
0.0,0.6417031449865029,4.248495242049359,3.7357423015854576,1.3862943611198906,1.0225277680483853,2.5649493574615367,2.9881880478813954
0.0,1.2972067333357218,4.248495242049359,4.283422811386877,1.3862943611198906,1.0454676535532907,2.5649493574615367,3.8530880423452745
0.0,1.1503507380757323,4.248495242049359,3.492371641589718,1.3862943611198906,2.041902847246896,2.5649493574615367,3.4900766006458026
