RedundantThrowsDeclarationCheck_Actual,RedundantThrowsDeclarationCheck_Simulated,S00117_Actual,S00117_Simulated,S1488_Actual,S1488_Simulated,S1226_Actual,S1226_Simulated,S00112_Actual,S00112_Simulated,S1155_Actual,S1155_Simulated,S00108_Actual,S00108_Simulated,S1481_Actual,S1481_Simulated
2.4849066497880004,3.5752879838039395,3.7376696182833684,3.697392449979346,0.0,0.8754362755897771,2.5649493574615367,3.5879241157460826,4.844187086458591,4.276680021083757,0.0,1.7109182803350094,1.3862943611198906,0.5443390143275862,1.0986122886681098,3.437301328727192
2.4849066497880004,4.191139565333187,3.728100167267218,2.4751696420323945,0.0,0.13989776467230264,2.5649493574615367,4.510279650737114,4.847331743138063,3.330108231153679,0.0,4.647562606584219,1.3862943611198906,0.9441203308167263,1.0986122886681098,1.695321033158617
2.4849066497880004,4.529167227663514,3.7184382563554808,3.9556118820965547,0.0,0.7044612568866133,2.5649493574615367,5.176200582225108,4.850466541943434,4.79358877999347,0.0,4.2481272685557805,1.3862943611198906,0.0,1.0986122886681098,2.4238732068865603
2.4849066497880004,2.8715276522895152,3.708682081410116,4.293916896044945,0.0,0.0,2.5649493574615367,6.508222328248947,4.853591544486569,3.4137905738869514,0.0,0.0,1.3862943611198906,1.1615232778855131,1.0986122886681098,7.024144053446794
2.4849066497880004,1.9490437376355907,3.6988297849671046,3.5062820010032163,0.0,2.244309279084778,2.5649493574615367,3.7314635157985454,4.856706811803519,4.501157644608115,0.0,1.3626499809672454,1.3862943611198906,0.7550951806490663,1.0986122886681098,2.1974127994055843
2.4849066497880004,3.7181151113113446,3.6888794541139363,3.634856507818246,0.0,0.7412461914550272,2.5649493574615367,3.1501097273088314,4.859812404361672,4.808094921671423,0.0,2.1543450797966583,1.3862943611198906,0.5731134278080996,1.0986122886681098,4.031669011580848
