S1213_Actual,S1213_Simulated,RedundantThrowsDeclarationCheck_Actual,RedundantThrowsDeclarationCheck_Simulated,S1488_Actual,S1488_Simulated,S1905_Actual,S1905_Simulated,S1226_Actual,S1226_Simulated,S00112_Actual,S00112_Simulated,S1151_Actual,S1151_Simulated
5.003946305945459,4.189295074572902,3.332204510175204,3.411590488688553,0.6931471805599453,1.5414280278559198,0.6931471805599453,0.08546578921313353,0.0,3.0021800730187986,6.7339969528486705,6.007955147221165,3.6375861597263857,2.133853788746623
5.003946305945459,3.8611943686860353,3.332204510175204,1.3200496750031196,0.6931471805599453,0.7459824905248854,0.6931471805599453,0.0,0.0,2.5589013754388965,6.734591659972948,7.2895408650316025,3.6375861597263857,2.5062784954187363
5.0106352940962555,4.3303584645748225,3.332204510175204,2.6428303149820396,0.6931471805599453,1.6697701808359002,0.6931471805599453,0.3709494682525794,0.0,3.515879483504753,6.734591659972948,7.902876771340048,3.6375861597263857,1.2720511093577151
5.030437921392435,4.055277960291505,3.332204510175204,3.1755204559712586,0.6931471805599453,0.6166154935352174,0.6931471805599453,0.13047481813705655,0.0,3.46912564940622,6.739336627357174,6.872318227050258,3.6375861597263857,1.9912774772351831
5.030437921392435,3.772951004608834,3.332204510175204,3.5298791464819956,0.6931471805599453,2.126402026626163,0.6931471805599453,0.0,0.0,5.475690226328133,6.75343791859778,3.9071499271689647,3.6375861597263857,2.731159471760959
5.087596335232384,3.997857581210285,3.332204510175204,3.4512029780012194,0.6931471805599453,1.8908892759229066,0.6931471805599453,0.49730379282184906,0.0,3.8516602613877984,6.759255270663693,4.488415494440333,3.713572066704308,2.3942351536738755
