S1213_Actual,S1213_Simulated,RedundantThrowsDeclarationCheck_Actual,RedundantThrowsDeclarationCheck_Simulated,S00117_Actual,S00117_Simulated,S00122_Actual,S00122_Simulated,S1905_Actual,S1905_Simulated,UselessImportCheck_Actual,UselessImportCheck_Simulated,S1155_Actual,S1155_Simulated
5.765191102784844,5.905965091877481,5.733341276897746,5.406354149356674,5.811140992976701,5.623524564790877,6.298949246855942,6.198847681621536,1.791759469228055,2.218394196647229,2.772588722239781,3.5535918260069694,4.23410650459726,3.9342304055250064
5.75890177387728,6.479000428780314,5.703782474656201,5.18580368729131,5.808142489980444,5.644253020232269,6.278521424165844,6.5589662200369485,1.791759469228055,2.3345101238272896,2.302585092994046,3.8402386003344393,4.23410650459726,4.302878943848997
5.7745515455444085,6.269587208476813,5.717027701406222,5.632455913732903,5.808142489980444,5.90720433194194,6.278521424165844,5.578415431914611,1.791759469228055,1.429446629637984,2.4849066497880004,2.1531751662804806,4.23410650459726,3.5873089258595
5.765191102784844,6.518396746772699,5.71042701737487,5.088036522519902,5.808142489980444,5.391437349771472,6.2878585601617845,5.806785878203625,1.791759469228055,3.462090431121405,2.302585092994046,3.2911553569487175,4.23410650459726,4.005297744079448
5.777652323222656,5.531653968932664,5.707110264748875,4.904863658553675,5.755742213586912,5.53574282278878,6.3080984415095305,5.675767854091211,1.791759469228055,1.2668288556526912,2.3978952727983707,3.9127886892492607,4.23410650459726,4.475321519430464
5.777652323222656,6.355412871561902,5.707110264748875,5.545023373207054,5.755742213586912,4.9030723398391345,6.3080984415095305,6.338315835144493,1.791759469228055,2.215891577322533,2.302585092994046,3.945180778282813,4.23410650459726,3.926507826541953
