RedundantThrowsDeclarationCheck_Actual,RedundantThrowsDeclarationCheck_Simulated,S00122_Actual,S00122_Simulated,UselessImportCheck_Actual,UselessImportCheck_Simulated,DuplicatedBlocks_Actual,DuplicatedBlocks_Simulated,S00112_Actual,S00112_Simulated,S1155_Actual,S1155_Simulated,S00108_Actual,S00108_Simulated,S1151_Actual,S1151_Simulated,S1481_Actual,S1481_Simulated
3.367295829986474,3.182826244321462,0.0,0.17804065448848427,0.0,1.0120744067826586,3.784189633918261,3.1131672510296626,5.181783550292085,3.495480419818657,1.3862943611198906,1.4002786624897638,4.844187086458591,4.465479026967496,0.6931471805599453,0.3168034653383228,0.0,1.1044258036092558
3.367295829986474,2.6973033089171334,0.0,0.6113417070124921,0.0,1.4422516580222586,3.784189633918261,1.8952852028901046,5.181783550292085,4.451068267473771,1.3862943611198906,1.2298386469400926,4.844187086458591,3.1913146480920336,0.6931471805599453,0.8029085974833688,0.0,0.6123879612356475
3.367295829986474,2.6146607824009847,0.0,0.0,0.0,1.3656476625180114,3.784189633918261,2.2577638691223405,5.181783550292085,3.1264777673795385,1.3862943611198906,2.4189075693031015,4.844187086458591,4.378502672482235,0.6931471805599453,0.2730392741373673,0.0,1.943214455768843
