S00117_Actual,S00117_Simulated,S1226_Actual,S1226_Simulated,S00112_Actual,S00112_Simulated,S1155_Actual,S1155_Simulated,S1151_Actual,S1151_Simulated,S1132_Actual,S1132_Simulated,S1481_Actual,S1481_Simulated
6.697034247666484,6.60945624352465,3.713572066704308,3.6127418992057194,4.634728988229636,4.510977401788487,2.5649493574615367,2.5649445329033704,4.143134726391533,4.136678371651255,3.912023005428146,4.150235053864945,1.9459101490553132,2.078330335476126
6.697651341175731,6.74676114772158,3.713572066704308,3.618875531073776,4.634728988229636,4.440509187866382,2.5649493574615367,2.564946902005044,4.143134726391533,4.124951030103142,3.912023005428146,4.1948117870345305,1.9459101490553132,1.6874535521497496
6.698268054115413,6.598715153359539,3.713572066704308,3.5468884115467216,4.634728988229636,4.411524753655383,2.5649493574615367,2.564947399912855,4.143134726391533,4.110276266011078,3.912023005428146,4.341015528948896,1.9459101490553132,2.397048260881675
