S1905_Actual,S1905_Simulated,UselessImportCheck_Actual,UselessImportCheck_Simulated
0.0,1.7502802663316022,0.6931471805599453,1.1475316940959217
0.0,0.6725692246853778,0.0,1.143175000835082
