RedundantThrowsDeclarationCheck_Actual,RedundantThrowsDeclarationCheck_Simulated,S00117_Actual,S00117_Simulated,S00112_Actual,S00112_Simulated,S1151_Actual,S1151_Simulated,S1132_Actual,S1132_Simulated
0.0,0.0,1.0986122886681098,0.747335632553444,3.332204510175204,1.6889869029199953,0.0,0.0,0.0,0.18393647179709674
0.0,0.0,1.0986122886681098,1.0540678017980074,3.332204510175204,1.7987498755683486,0.0,0.0,0.0,0.10538699123835858
0.0,0.0,1.0986122886681098,0.39547108269194303,3.332204510175204,1.4816801616592434,0.0,0.0,0.0,0.18867451055418843
