RedundantThrowsDeclarationCheck_Actual,RedundantThrowsDeclarationCheck_Simulated,S00117_Actual,S00117_Simulated,S00112_Actual,S00112_Simulated,S1151_Actual,S1151_Simulated,S1132_Actual,S1132_Simulated
0.0,0.0,1.0986122886681098,0.747335632553444,3.332204510175204,1.6889869029199953,0.0,0.0,0.0,0.18393647179709674
0.0,0.0,1.0986122886681098,1.4657558967998352,3.332204510175204,2.7514816533490034,0.0,0.0,0.0,0.29983676900752887
0.0,0.0,1.0986122886681098,0.7785479316717202,3.332204510175204,2.007712945080871,0.0,0.0,0.0,0.1967568232279054
