RedundantThrowsDeclarationCheck_Actual,RedundantThrowsDeclarationCheck_Simulated,S00117_Actual,S00117_Simulated,S00112_Actual,S00112_Simulated,S00108_Actual,S00108_Simulated,S1151_Actual,S1151_Simulated,S1132_Actual,S1132_Simulated
5.733341276897746,5.201489016465883,5.811140992976701,5.3697148959676095,5.739792912179234,5.359716958139057,4.356708826689592,3.9062712683878256,4.663439094112067,4.333938571671718,6.289715570908998,5.774400498626462
5.717027701406222,4.564834562131744,5.808142489980444,5.683243632999876,5.726847747587197,4.475853481779486,4.356708826689592,4.227899513391613,4.663439094112067,4.619254531855261,6.289715570908998,6.860336499372625
5.707110264748875,5.026427802882405,5.755742213586912,4.875075354977914,5.755742213586912,4.7053449026517775,4.343805421853684,3.37846684016739,4.672828834461906,4.29265795967852,6.293419278846481,6.048947840288118
