RedundantThrowsDeclarationCheck_Actual,RedundantThrowsDeclarationCheck_Simulated,S00117_Actual,S00117_Simulated,S00112_Actual,S00112_Simulated,S00108_Actual,S00108_Simulated,S1151_Actual,S1151_Simulated,S1132_Actual,S1132_Simulated
5.733341276897746,5.201489016465883,5.811140992976701,5.3697148959676095,5.739792912179234,5.359716958139057,4.356708826689592,3.9062712683878256,4.663439094112067,4.333938571671718,6.289715570908998,5.774400498626462
5.717027701406222,5.592496564019315,5.808142489980444,5.880481053412801,5.726847747587197,5.564783570552023,4.356708826689592,3.927032681912863,4.663439094112067,3.590171045128491,6.289715570908998,4.457599836787477
5.707110264748875,5.2277812488920885,5.755742213586912,5.486382219324606,5.755742213586912,5.079806514585621,4.343805421853684,4.3572513991676844,4.672828834461906,4.732079868846546,6.293419278846481,5.885643962369121
