RedundantThrowsDeclarationCheck_Actual,RedundantThrowsDeclarationCheck_Simulated,S00117_Actual,S00117_Simulated,S00112_Actual,S00112_Simulated,S00108_Actual,S00108_Simulated,S1151_Actual,S1151_Simulated,S1132_Actual,S1132_Simulated
5.733341276897746,5.201489016465883,5.811140992976701,5.3697148959676095,5.739792912179234,5.359716958139057,4.356708826689592,3.9062712683878256,4.663439094112067,4.333938571671718,6.289715570908998,5.774400498626462
5.717027701406222,6.447785403130096,5.808142489980444,6.188261456457085,5.726847747587197,4.933339125418712,4.356708826689592,4.112922186045015,4.663439094112067,4.885544422078802,6.289715570908998,5.81374428526781
5.707110264748875,4.808171287394475,5.755742213586912,4.384024728406505,5.755742213586912,5.408010132951702,4.343805421853684,3.9972321454441495,4.672828834461906,4.681485858867328,6.293419278846481,4.971932093202889
