S1213_Actual,S1213_Simulated,RedundantThrowsDeclarationCheck_Actual,RedundantThrowsDeclarationCheck_Simulated,S00117_Actual,S00117_Simulated,S00122_Actual,S00122_Simulated,DuplicatedBlocks_Actual,DuplicatedBlocks_Simulated,S1226_Actual,S1226_Simulated,S00112_Actual,S00112_Simulated,S1155_Actual,S1155_Simulated,S00108_Actual,S00108_Simulated,S1132_Actual,S1132_Simulated
4.442651256490317,3.9736462603351703,1.0986122886681098,0.7506859406485378,1.791759469228055,1.3000568012839122,2.5649493574615367,2.9404301144203595,3.295836866004329,2.3621206429605626,3.7612001156935624,2.945350239029016,3.6635616461296463,3.4455535302596,0.0,0.00845563664876762,1.6094379124341003,0.8320702696305738,1.6094379124341003,1.0863350080236112
4.454347296253507,4.025328442746046,1.0986122886681098,0.7775749374975675,1.791759469228055,2.675385857692244,2.5649493574615367,0.1412391442243517,3.295836866004329,3.2572174150821818,3.7612001156935624,4.086809011317439,3.7612001156935624,3.4995196916370968,0.0,0.11902673805099168,1.6094379124341003,2.0055010319252062,1.6094379124341003,0.4511176018038199
4.465908118654584,3.7876638402452953,1.0986122886681098,1.388089694074763,1.791759469228055,2.4735304166529812,2.5649493574615367,4.1120051368237425,3.295836866004329,3.6088770743194076,3.7612001156935624,3.193878955172021,3.7612001156935624,4.3590114708092536,0.0,0.021261515950049374,1.6094379124341003,0.6422038240055781,1.6094379124341003,1.7966451860189312
4.473541743509655,3.7923624055625136,1.0986122886681098,1.8859215776545268,1.8458266904983307,0.6248961823547892,2.5649493574615367,4.553058969568933,3.295836866004329,3.238606405609028,3.7689221617874726,1.0777988891286656,3.784189633918261,4.275137892974339,0.0,0.0,1.6094379124341003,0.0,1.6094379124341003,0.451645298877944
4.481117537318112,4.34428299734861,1.0986122886681098,0.5440975062050615,1.8971199848858813,1.1094726143375824,2.5649493574615367,0.9686245305855183,3.295836866004329,4.133523072102134,3.7765850345330416,1.3573253248922543,3.8066624897703196,3.8653900407599058,0.0,0.0,1.6094379124341003,1.5657046377075747,1.6094379124341003,1.868856317427428
4.48863636973214,4.234872887325409,1.0986122886681098,1.3696228891206679,1.9459101490553132,1.603062314565358,2.5649493574615367,3.7193549594767514,3.295836866004329,2.8035155405493297,3.784189633918261,2.716954530928046,3.828641396489095,4.4811182360120405,0.0,0.008811791643337128,1.6094379124341003,1.1318016823180446,1.6094379124341003,2.4016985230586543
