S1213_Actual,S1213_Simulated,RedundantThrowsDeclarationCheck_Actual,RedundantThrowsDeclarationCheck_Simulated,S00117_Actual,S00117_Simulated,S00122_Actual,S00122_Simulated,DuplicatedBlocks_Actual,DuplicatedBlocks_Simulated,S1226_Actual,S1226_Simulated,S00112_Actual,S00112_Simulated,S1155_Actual,S1155_Simulated,S00108_Actual,S00108_Simulated,S1132_Actual,S1132_Simulated
4.481117537318112,3.9736462603351703,1.0986122886681098,0.7506859406485378,1.8971199848858813,1.3000568012839122,2.5649493574615367,2.9404301144203595,3.295836866004329,2.3621206429605626,3.7765850345330416,2.945350239029016,3.8066624897703196,3.4455535302596,0.0,0.00845563664876762,1.6094379124341003,0.8320702696305738,1.6094379124341003,1.0863350080236112
4.48863636973214,3.7928043981855173,1.0986122886681098,0.36548368795178343,1.9459101490553132,1.0680314444391303,2.5649493574615367,0.1330698469902032,3.295836866004329,2.132495857056309,3.784189633918261,3.036118994845421,3.828641396489095,3.467691202060093,0.0,0.2223716572042524,1.6094379124341003,0.23075483451631362,1.6094379124341003,0.5833090807002606
