S1213_Actual,S1213_Simulated,RedundantThrowsDeclarationCheck_Actual,RedundantThrowsDeclarationCheck_Simulated,S00117_Actual,S00117_Simulated,S1488_Actual,S1488_Simulated,DuplicatedBlocks_Actual,DuplicatedBlocks_Simulated,S00112_Actual,S00112_Simulated,S00108_Actual,S00108_Simulated,S1151_Actual,S1151_Simulated,S1132_Actual,S1132_Simulated,S1481_Actual,S1481_Simulated
1.6094379124341003,1.5756497927369877,1.0608719606852626,0.25241187134073034,0.0,0.18529177914319295,0.6931471805599453,0.6743462050229961,1.9459101490553132,2.628571057555208,4.243721963296702,3.400715103324849,1.0986122886681098,0.9743739085513304,1.6094379124341003,1.566371245538988,1.0986122886681098,1.0986074641099446,0.0,0.28515064114304844
1.6094379124341003,1.7214542635040113,1.0685348334308318,0.73561137250674,0.0,0.0,0.6931471805599453,0.6413908133562298,1.9459101490553132,3.0530731228383075,4.244678443522658,3.9597566406315114,1.0986122886681098,0.684625768055914,1.6094379124341003,1.7245923909282819,1.0986122886681098,1.0986101676276887,0.0,0.6764425107821379
1.6094379124341003,1.410052839934811,1.076139432816051,0.46563382661050606,0.0,0.0809680768053505,0.6931471805599453,0.5770354660399154,1.9459101490553132,2.592173710399431,4.2456340097683265,2.982575345870314,1.0986122886681098,0.9382018947921672,1.6094379124341003,1.5689806161984923,1.0986122886681098,1.0985979929404117,0.0,0.0
1.6094379124341003,1.509474183355248,1.083686638451434,0.0,0.0,0.297515471919367,0.6931471805599453,0.7024086697162067,1.9459101490553132,2.09461510308459,4.246588663778778,3.3344208390186973,1.0986122886681098,0.7362312316946962,1.6094379124341003,1.590284538205395,1.0986122886681098,1.0986066116880397,0.0,1.051854663177152
1.6094379124341003,1.2302721324783732,1.0911773101805915,0.0,0.0,0.2660661501068442,0.6931471805599453,0.7825491236100022,1.9459101490553132,3.1802357653397526,4.2475424072940875,3.22465182669161,1.0986122886681098,0.9043724588784772,1.6094379124341003,1.4912787756622752,1.0986122886681098,1.0986081605729605,0.0,0.32261873414443853
1.6094379124341003,1.4229565153119952,1.0986122886681098,0.0,0.0,0.3690359989608596,0.6931471805599453,0.7548973794935021,1.9459101490553132,3.292513240091488,4.248495242049359,5.588777049097564,1.0986122886681098,0.9441185323697117,1.6094379124341003,1.309614580367825,1.0986122886681098,1.098611799459991,0.0,0.0
