S1213_Actual,S1213_Simulated,RedundantThrowsDeclarationCheck_Actual,RedundantThrowsDeclarationCheck_Simulated,S00117_Actual,S00117_Simulated,S1488_Actual,S1488_Simulated,DuplicatedBlocks_Actual,DuplicatedBlocks_Simulated,S00112_Actual,S00112_Simulated,S00108_Actual,S00108_Simulated,S1151_Actual,S1151_Simulated,S1132_Actual,S1132_Simulated,S1481_Actual,S1481_Simulated
1.6094379124341003,1.5756497927369877,1.0608719606852626,0.25241187134073034,0.0,0.18529177914319295,0.6931471805599453,0.6743462050229961,1.9459101490553132,2.628571057555208,4.243721963296702,3.400715103324849,1.0986122886681098,0.9743739085513304,1.6094379124341003,1.566371245538988,1.0986122886681098,1.0986074641099446,0.0,0.28515064114304844
1.6094379124341003,1.431759765740621,1.0685348334308318,0.0,0.0,0.8874855148942097,0.6931471805599453,0.711857029632834,1.9459101490553132,3.2662605711420847,4.244678443522658,4.012008446595312,1.0986122886681098,0.9703104714807863,1.6094379124341003,1.6363682828930877,1.0986122886681098,1.0986141856549734,0.0,0.7879024839949791
1.6094379124341003,1.7527384915462454,1.076139432816051,0.7331286666482815,0.0,0.5585438362049648,0.6931471805599453,0.6210185085220571,1.9459101490553132,3.034616279139778,4.2456340097683265,1.0712152800334804,1.0986122886681098,1.0176355474064875,1.6094379124341003,1.6513916992970736,1.0986122886681098,1.0986039535025331,0.0,0.5222302346496441
1.6094379124341003,1.7447131628217778,1.083686638451434,0.0,0.0,0.6384960464321932,0.6931471805599453,0.7506371186263789,1.9459101490553132,3.149864486952812,4.246588663778778,2.8231590284732304,1.0986122886681098,1.4240780785207643,1.6094379124341003,1.6317350539821724,1.0986122886681098,1.0986095464067018,0.0,0.49596160988180105
1.6094379124341003,1.6261573994951835,1.0911773101805915,0.14069266511186834,0.0,0.0,0.6931471805599453,0.7109420981734403,1.9459101490553132,1.6693956003195747,4.2475424072940875,4.923282462737443,1.0986122886681098,1.0934368828438406,1.6094379124341003,1.3814912542171776,1.0986122886681098,1.0986030889495808,0.0,0.5126424166627549
1.6094379124341003,1.6357673096429475,1.0986122886681098,0.023876752910825,0.0,0.02605582499316081,0.6931471805599453,0.695478078754204,1.9459101490553132,3.1174446676176184,4.248495242049359,3.740869268143415,1.0986122886681098,0.7433490793166802,1.6094379124341003,1.6203647515353172,1.0986122886681098,1.0986034685367279,0.0,0.0
