S00117_Actual,S00117_Simulated,S1226_Actual,S1226_Simulated,S00112_Actual,S00112_Simulated,S1155_Actual,S1155_Simulated,S1151_Actual,S1151_Simulated,S1132_Actual,S1132_Simulated,S1481_Actual,S1481_Simulated
6.695798917058491,6.544627715346055,3.713572066704308,3.5956801464788457,4.634728988229636,4.355698515707799,2.5649493574615367,2.599013406349761,4.143134726391533,4.108846500182435,3.912023005428146,4.124104547864934,1.791759469228055,2.6237983037050836
6.695798917058491,6.713528295259031,3.713572066704308,3.6420798071686664,4.634728988229636,4.16674730874306,2.5649493574615367,2.6007463605485928,4.143134726391533,4.143951164731644,3.912023005428146,4.084344276843426,1.9459101490553132,2.0264492191121777
6.69641677311769,6.461215291891056,3.713572066704308,3.491336596804495,4.634728988229636,4.152649684776593,2.5649493574615367,2.536086836426693,4.143134726391533,4.1054790030881705,3.912023005428146,4.140375260460882,1.9459101490553132,2.528855671890116
6.697034247666484,6.553329835613432,3.713572066704308,3.6742710991534975,4.634728988229636,3.93158329387424,2.5649493574615367,2.5543430702318344,4.143134726391533,4.103539623743708,3.912023005428146,4.083087678672813,1.9459101490553132,2.4367689565155697
6.697651341175731,6.460161145479109,3.713572066704308,3.5422342212124693,4.634728988229636,4.537140194437381,2.5649493574615367,2.6504160325895967,4.143134726391533,4.079396493153055,3.912023005428146,4.211000681498737,1.9459101490553132,3.4269884735768326
6.698268054115413,6.4756287394403635,3.713572066704308,3.508091884278802,4.634728988229636,4.668776170777367,2.5649493574615367,2.4243813761401047,4.143134726391533,4.067709182944484,3.912023005428146,4.088938682909523,1.9459101490553132,2.777126897729452
