RedundantThrowsDeclarationCheck_Actual,RedundantThrowsDeclarationCheck_Simulated,S00122_Actual,S00122_Simulated,UselessImportCheck_Actual,UselessImportCheck_Simulated,DuplicatedBlocks_Actual,DuplicatedBlocks_Simulated,S00112_Actual,S00112_Simulated,S1155_Actual,S1155_Simulated,S00108_Actual,S00108_Simulated,S1151_Actual,S1151_Simulated,S1132_Actual,S1132_Simulated,S1481_Actual,S1481_Simulated
3.367295829986474,3.3331252332484014,0.0,0.08304238131212635,0.0,0.25552243955118464,3.784189633918261,3.677693041393701,5.181783550292085,4.506015685221908,1.3862943611198906,1.5126584539233403,4.844187086458591,4.951048185017842,0.6931471805599453,0.5891701679370687,3.044522437723423,2.9667565766053383,0.0,0.08795534274398453
3.367295829986474,3.350549935512023,0.0,0.0,0.0,0.06903500173282578,3.784189633918261,3.730696399207211,5.181783550292085,4.637864027094654,1.3862943611198906,1.3427533104988636,4.844187086458591,5.006466584040498,0.6931471805599453,0.3221351074129384,3.044522437723423,3.175899350130359,0.0,0.34976182152400304
3.367295829986474,3.343055814487737,0.0,0.0,0.0,0.0,3.784189633918261,3.550402848515496,5.181783550292085,4.102644364853653,1.3862943611198906,1.4497571217486453,4.844187086458591,4.868619654368144,0.6931471805599453,0.5891433682923879,3.044522437723423,2.694198459348725,0.0,0.07982242658917767
