RedundantThrowsDeclarationCheck_Actual,RedundantThrowsDeclarationCheck_Simulated,S00122_Actual,S00122_Simulated,UselessImportCheck_Actual,UselessImportCheck_Simulated,DuplicatedBlocks_Actual,DuplicatedBlocks_Simulated,S00112_Actual,S00112_Simulated,S1155_Actual,S1155_Simulated,S00108_Actual,S00108_Simulated,S1151_Actual,S1151_Simulated,S1132_Actual,S1132_Simulated,S1481_Actual,S1481_Simulated
3.367295829986474,3.3331252332484014,0.0,0.08304238131212635,0.0,0.25552243955118464,3.784189633918261,3.677693041393701,5.181783550292085,4.506015685221908,1.3862943611198906,1.5126584539233403,4.844187086458591,4.951048185017842,0.6931471805599453,0.5891701679370687,3.044522437723423,2.9667565766053383,0.0,0.08795534274398453
3.367295829986474,3.3024866364550305,0.0,0.0,0.0,0.0,3.784189633918261,3.920653110669474,5.181783550292085,4.576586180228396,1.3862943611198906,1.9185698350931588,4.844187086458591,4.926712750497002,0.6931471805599453,1.0546754318738172,3.044522437723423,3.1893524827989426,0.0,0.0
3.367295829986474,3.3552087441349885,0.0,0.0,0.0,0.5337967696722901,3.784189633918261,3.6342195621683704,5.181783550292085,4.577735848124594,1.3862943611198906,1.989451035742242,4.844187086458591,5.0232931135311025,0.6931471805599453,0.7191561373729244,3.044522437723423,2.9211669902319777,0.0,0.04757808491250224
3.367295829986474,3.3555124242238046,0.0,0.055917158358719285,0.0,0.5711610050465212,3.784189633918261,3.655561282918946,5.181783550292085,3.2652706596181273,1.3862943611198906,1.1824551506286571,4.844187086458591,5.039567423541441,0.6931471805599453,0.39127543642052065,3.044522437723423,2.718667769395725,0.0,0.0
3.367295829986474,3.333976881104355,0.0,0.25950665609490176,0.0,0.500315227614406,3.784189633918261,3.6251985766621284,5.181783550292085,4.608389359860636,1.3862943611198906,1.6753698252250375,4.844187086458591,5.049382369770566,0.6931471805599453,0.8511830515811394,3.044522437723423,3.3037477680906906,0.0,0.36793945629194574
3.367295829986474,3.31312417889548,0.0,0.0,0.0,0.8982124428170586,3.784189633918261,3.7326969413288724,5.181783550292085,4.943611056755057,1.3862943611198906,1.8327929167279986,4.844187086458591,4.944106370066716,0.6931471805599453,0.4185142487730861,3.044522437723423,2.5549634089641513,0.0,0.0
