RedundantThrowsDeclarationCheck_Actual,RedundantThrowsDeclarationCheck_Simulated,S00117_Actual,S00117_Simulated,S00112_Actual,S00112_Simulated,S00108_Actual,S00108_Simulated,S1151_Actual,S1151_Simulated
0.0,0.0,1.0986122886681098,0.747335632553444,3.332204510175204,1.6889869029199953,0.0,0.0,0.0,0.0
0.0,0.0,1.0986122886681098,0.3943016094825842,3.332204510175204,2.558364357166798,0.0,0.0,0.0,0.0
0.0,2.0528446609212642e-07,1.0986122886681098,0.3511259127255719,3.332204510175204,2.0635302938327174,0.0,0.0,0.0,0.0
