RedundantThrowsDeclarationCheck_Actual,RedundantThrowsDeclarationCheck_Simulated,S00117_Actual,S00117_Simulated,UselessImportCheck_Actual,UselessImportCheck_Simulated,DuplicatedBlocks_Actual,DuplicatedBlocks_Simulated,S00112_Actual,S00112_Simulated,S1481_Actual,S1481_Simulated
3.367295829986474,3.2213065757711092,3.1354942159291497,2.5303576481378562,0.0,0.9905216270195651,3.784189633918261,3.1506115414840274,5.181783550292085,3.5229343997453917,0.0,1.1165674294446044
3.367295829986474,3.4734326697454128,3.1354942159291497,2.802648691978929,0.0,1.2836958926342499,3.784189633918261,3.622350127861873,5.181783550292085,3.5333443247077496,0.0,2.1000897344391785
3.367295829986474,3.0136571026831627,3.1354942159291497,2.598747398197131,0.0,1.5061629068787195,3.784189633918261,2.966212460356735,5.181783550292085,2.1746586053935157,0.0,0.7212568959039084
3.367295829986474,2.9275205512418374,3.1354942159291497,2.689354099562829,0.0,0.2883977380889803,3.784189633918261,2.9850840661118596,5.181783550292085,2.5569927990203536,0.0,2.324574094669085
3.367295829986474,3.5333583355988463,3.1354942159291497,2.559075896258804,0.0,1.709724401608444,3.784189633918261,2.478415303338874,5.181783550292085,3.007730035957293,0.0,0.5503070411209966
3.367295829986474,3.4035944095052484,3.1354942159291497,2.0016628101720366,0.0,1.7616194076581473,3.784189633918261,2.942671723364489,5.181783550292085,2.482824676564645,0.0,0.0
