S00122_Actual,S00122_Simulated,S1905_Actual,S1905_Simulated,UselessImportCheck_Actual,UselessImportCheck_Simulated,DuplicatedBlocks_Actual,DuplicatedBlocks_Simulated,S1226_Actual,S1226_Simulated,S1155_Actual,S1155_Simulated,S1151_Actual,S1151_Simulated,S1132_Actual,S1132_Simulated,S1481_Actual,S1481_Simulated
0.0,0.19903756679548096,0.0,0.0627247989161265,0.05107492993641579,2.067760709232467,0.0,0.4722537343060408,0.0,0.11086315715662766,0.0,0.05140755755911177,0.00435730536895569,0.6143608525794846,0.0,0.5357143502130369,0.00435730536895569,0.794859720905366
0.0,0.16172040717093714,0.0,0.0,0.0,1.994566021578736,0.0,0.17884093461471656,0.0,0.47808208111781886,0.0,0.11970368542705373,0.0,0.7146394475716973,0.0,1.7733950574890875,0.0,0.6550121572774567
