S1905_Actual,S1905_Simulated,S1226_Actual,S1226_Simulated,S00112_Actual,S00112_Simulated,S1481_Actual,S1481_Simulated
0.0,0.9071098113340569,4.248495242049359,4.134769788868201,4.1588830833596715,2.499131140053135,2.5649493574615367,3.085545834700197
0.0,1.2675263765704787,4.248495242049359,4.569563457859228,4.1588830833596715,3.1372162877308885,2.5649493574615367,3.733695271058455
0.0,0.679763490470324,4.248495242049359,4.3386679137658,4.1588830833596715,2.099193305225832,2.5649493574615367,3.5000521726681453
