,Actual_last_5_vals,Simulated_0,Simulated_1,Simulated_2,Simulated_3,Simulated_4,Simulated_5,Simulated_6,Simulated_7,Simulated_8,Simulated_9,Simulated_10,Simulated_11,Simulated_12,Simulated_13,Simulated_14,Simulated_15,Simulated_16,Simulated_17,Simulated_18,Simulated_19,Simulated_20,Simulated_21,Simulated_22,Simulated_23,Simulated_24,Simulated_25,Simulated_26,Simulated_27,Simulated_28,Simulated_29
155,39587.5,,,,,,,,,,,,,,,,,,,,,,,,,,,,,,
156,40272.625,,,,,,,,,,,,,,,,,,,,,,,,,,,,,,
157,40957.75,,,,,,,,,,,,,,,,,,,,,,,,,,,,,,
158,41642.875,,,,,,,,,,,,,,,,,,,,,,,,,,,,,,
159,42328.0,,,,,,,,,,,,,,,,,,,,,,,,,,,,,,
160,,35735.068114615344,35735.068114615344,35735.068114615344,35735.068114615344,35735.068114615344,35735.068114615344,35735.068114615344,35735.068114615344,35735.068114615344,35735.068114615344,35735.068114615344,35735.068114615344,35735.068114615344,35735.068114615344,35735.068114615344,35735.068114615344,35735.068114615344,35735.068114615344,35735.068114615344,35735.068114615344,35735.068114615344,35735.068114615344,35735.068114615344,35735.068114615344,35735.068114615344,35735.068114615344,35735.068114615344,35735.068114615344,35735.068114615344,35735.068114615344
161,,37924.11186906526,34067.382584662366,33175.339917421894,32518.79602863169,42160.27024614891,37029.15551446799,27915.555281127545,32841.20272188096,35790.0319098676,34290.67056316453,36054.69019774361,43906.54575531884,33698.49884028714,39034.22413289223,32106.237067430902,39984.151460585694,30251.569604508913,33783.8098419057,33573.7888799628,39799.23206074222,40958.29900212062,38228.78575208528,35355.70028350738,40836.27976545087,31155.510075585975,39790.4354635912,33590.57966980104,37114.83284952093,36955.44553368575,36271.432703206665
162,,30766.65930043041,37746.57269059745,32960.5728023471,34156.24100530469,38341.624255249095,40635.55295890087,32753.806647291836,33996.99593742061,34159.2552272383,36004.66290074613,36392.86514275597,41224.21218738385,31054.835591124393,22743.208188489014,40498.293203732675,38419.93191666932,39867.59767630042,32034.61522901424,39327.28596922419,33553.10142361619,32484.009762333528,35789.35589331139,30874.130058351915,36570.98246737085,24519.871623551455,42569.21705804947,40410.79843181472,43139.82120672995,32471.30183493529,41100.50888347583
