RedundantThrowsDeclarationCheck_Actual,RedundantThrowsDeclarationCheck_Simulated,S1488_Actual,S1488_Simulated,S1905_Actual,S1905_Simulated,DuplicatedBlocks_Actual,DuplicatedBlocks_Simulated,S1226_Actual,S1226_Simulated,S00112_Actual,S00112_Simulated,S1151_Actual,S1151_Simulated,S1132_Actual,S1132_Simulated,S1481_Actual,S1481_Simulated
3.1354942159291497,3.5351683455796343,2.1972245773362196,2.3448650609869333,0.6931471805599453,2.6336389706392938,5.043425116919247,4.510972925856334,3.713572066704308,3.8233103768142858,3.091042453358316,2.431549945789797,3.258096538021482,2.7244619324435924,3.5553480614894135,3.4205118984428196,1.9459101490553132,3.001156803470868
3.1354942159291497,4.3329674564327725,2.1972245773362196,3.448164038188954,0.6931471805599453,2.4541527054453502,5.043425116919247,4.930755276514076,3.713572066704308,4.001750102462127,3.091042453358316,2.9018161386051093,3.258096538021482,4.5157951217294485,3.5553480614894135,3.485040069712647,1.9459101490553132,2.214928993131768
3.1354942159291497,3.9982254509002857,2.1972245773362196,1.939354670520193,0.6931471805599453,2.991246713664242,5.043425116919247,4.6684833236332155,3.713572066704308,3.6933428769740577,3.091042453358316,2.027723911183872,3.258096538021482,2.0174489016859187,3.5553480614894135,3.1999543449257355,1.9459101490553132,2.6109716043174807
