RedundantThrowsDeclarationCheck_Actual,RedundantThrowsDeclarationCheck_Simulated,S1488_Actual,S1488_Simulated,S1905_Actual,S1905_Simulated,DuplicatedBlocks_Actual,DuplicatedBlocks_Simulated,S1226_Actual,S1226_Simulated,S00112_Actual,S00112_Simulated,S1151_Actual,S1151_Simulated,S1132_Actual,S1132_Simulated,S1481_Actual,S1481_Simulated
3.1354942159291497,3.5351683455796343,2.268683541318364,2.3448650609869333,0.6931471805599453,2.6336389706392938,5.015069891164122,4.510972925856334,3.721669276936927,3.8233103768142858,3.091042453358316,2.431549945789797,3.258096538021482,2.7244619324435924,3.5553480614894135,3.4205118984428196,1.9459101490553132,3.001156803470868
3.1354942159291497,3.661248819219279,2.1972245773362196,2.2914651695567105,0.6931471805599453,3.889532746483259,5.043425116919247,5.011596961794637,3.713572066704308,3.5655417064191206,3.091042453358316,1.9991218868223206,3.258096538021482,5.587041966998401,3.5553480614894135,3.3673443976969697,1.9459101490553132,4.908155393444263
3.1354942159291497,2.8146407909841713,2.1972245773362196,3.03295653835226,0.6931471805599453,2.956918890021584,5.043425116919247,4.803828063649577,3.713572066704308,4.167189262403175,3.091042453358316,2.2270059282349446,3.258096538021482,4.427449449442051,3.5553480614894135,3.5959623410738404,1.9459101490553132,3.907113330444421
3.1354942159291497,3.3860448871755287,2.1972245773362196,2.8096771986550806,0.6931471805599453,3.8151793901684314,5.043425116919247,3.769668915541289,3.713572066704308,2.4624419207739017,3.091042453358316,2.0963530416912297,3.258096538021482,2.1296503260411064,3.5553480614894135,3.3478195177829853,1.9459101490553132,5.2709241801828774
3.1354942159291497,3.5345828345735573,2.1972245773362196,2.582528131647862,0.6931471805599453,0.3953153112376966,5.043425116919247,3.114597757114862,3.713572066704308,3.39498934110614,3.091042453358316,2.3608946682549656,3.258096538021482,1.6367357359117565,3.5553480614894135,3.3934083556565557,1.9459101490553132,3.1866080316618666
3.1354942159291497,3.3709342163369556,2.1972245773362196,3.265136505105523,0.6931471805599453,3.187507835647984,5.043425116919247,6.21552086335378,3.713572066704308,3.110503779531797,3.091042453358316,2.4698661307875662,3.258096538021482,2.2135138221695994,3.5553480614894135,3.872561612688311,1.9459101490553132,5.208169181443473
