RedundantThrowsDeclarationCheck_Actual,RedundantThrowsDeclarationCheck_Simulated,S1488_Actual,S1488_Simulated,S1905_Actual,S1905_Simulated,DuplicatedBlocks_Actual,DuplicatedBlocks_Simulated,S1226_Actual,S1226_Simulated,S00112_Actual,S00112_Simulated,S1151_Actual,S1151_Simulated,S1132_Actual,S1132_Simulated,S1481_Actual,S1481_Simulated
3.1354942159291497,3.5351683455796343,2.268683541318364,2.3448650609869333,0.6931471805599453,2.6336389706392938,5.015069891164122,4.510972925856334,3.721669276936927,3.8233103768142858,3.091042453358316,2.431549945789797,3.258096538021482,2.7244619324435924,3.5553480614894135,3.4205118984428196,1.9459101490553132,3.001156803470868
3.1354942159291497,3.085734221607039,2.1972245773362196,2.5825132964656214,0.6931471805599453,1.5185225670109463,5.043425116919247,3.4869232133613237,3.713572066704308,3.4277291742960667,3.091042453358316,3.107357304619281,3.258096538021482,5.4279986558773015,3.5553480614894135,3.681635601966612,1.9459101490553132,2.165466943611417
3.1354942159291497,3.9150877031949767,2.1972245773362196,2.1232072609816033,0.6931471805599453,4.6435859491497045,5.043425116919247,4.8233374461045555,3.713572066704308,3.7431605884570724,3.091042453358316,2.339822392279394,3.258096538021482,4.9257030757169105,3.5553480614894135,3.162295755797176,1.9459101490553132,2.2830923816488546
3.1354942159291497,3.8988947137580916,2.1972245773362196,2.3934109837402993,0.6931471805599453,4.465904547712956,5.043425116919247,5.6401574600184,3.713572066704308,3.7801601085733854,3.091042453358316,2.160627247546537,3.258096538021482,3.965478119182986,3.5553480614894135,4.104752561667346,1.9459101490553132,3.7231908860635223
3.1354942159291497,3.9565057684471894,2.1972245773362196,2.4981729911184147,0.6931471805599453,2.483890816479233,5.043425116919247,5.639737906525957,3.713572066704308,3.766903297003514,3.091042453358316,1.8412686425460063,3.258096538021482,4.299066175416041,3.5553480614894135,3.787234738606448,1.9459101490553132,2.4176568432319376
3.1354942159291497,3.1746607603957466,2.1972245773362196,2.958790857568251,0.6931471805599453,1.6636813417651686,5.043425116919247,4.121703559063617,3.713572066704308,4.244137292094849,3.091042453358316,2.234854085871416,3.258096538021482,3.1207625525245364,3.5553480614894135,2.6077155807310373,1.9459101490553132,3.9842341147681304
