RedundantThrowsDeclarationCheck_Actual,RedundantThrowsDeclarationCheck_Simulated,S1488_Actual,S1488_Simulated,S1905_Actual,S1905_Simulated,UselessImportCheck_Actual,UselessImportCheck_Simulated,S00108_Actual,S00108_Simulated
4.969813299576001,5.112958552709485,3.258096538021482,3.1324916786314416,2.70805020110221,2.842322744116647,4.127134385045092,3.9462715619334965,1.3862943611198906,1.0310430254238616
4.962844630259907,6.056091690754294,3.5553480614894135,3.662591376146594,2.5649493574615367,3.766932802273326,4.248495242049359,3.8683926181916464,1.3862943611198906,1.4748398543119263
4.962844630259907,3.6956105086979507,3.5553480614894135,0.3572285828990749,2.5649493574615367,1.5191808762744017,4.23410650459726,4.064861205543235,1.3862943611198906,0.3209370125067802
