RedundantThrowsDeclarationCheck_Actual,RedundantThrowsDeclarationCheck_Simulated,S1488_Actual,S1488_Simulated,S1905_Actual,S1905_Simulated,UselessImportCheck_Actual,UselessImportCheck_Simulated,S00108_Actual,S00108_Simulated
4.969813299576001,5.112958552709485,3.258096538021482,3.1324916786314416,2.70805020110221,2.842322744116647,4.127134385045092,3.9462715619334965,1.3862943611198906,1.0310430254238616
4.962844630259907,2.6716190423732584,3.5553480614894135,2.818962874434169,2.5649493574615367,1.3211939494444531,4.248495242049359,4.197058473303702,1.3862943611198906,0.0
4.962844630259907,4.609135143650405,3.5553480614894135,2.589725295859269,2.5649493574615367,4.932001595955293,4.23410650459726,2.720302138652526,1.3862943611198906,0.7801331451154112
