RedundantThrowsDeclarationCheck_Actual,RedundantThrowsDeclarationCheck_Simulated,S00117_Actual,S00117_Simulated,UselessImportCheck_Actual,UselessImportCheck_Simulated,DuplicatedBlocks_Actual,DuplicatedBlocks_Simulated,S00112_Actual,S00112_Simulated,S1132_Actual,S1132_Simulated,S1481_Actual,S1481_Simulated
3.367295829986474,3.332192698719968,3.1354942159291497,2.9323272629177195,0.0,0.24500423701696514,3.784189633918261,3.676123727950596,5.181783550292085,4.49894425524749,3.044522437723423,2.962690728286328,0.0,0.09294902044915726
3.367295829986474,3.3558156189916164,3.1354942159291497,3.4421005594504983,0.0,0.46419423569585416,3.784189633918261,3.6841949984037505,5.181783550292085,4.480918798135662,3.044522437723423,2.25489678954103,0.0,0.2020571750110296
3.367295829986474,3.350615828832663,3.1354942159291497,3.303254600764429,0.0,0.3407222247541075,3.784189633918261,3.711790127972148,5.181783550292085,4.165003310951229,3.044522437723423,3.3561315663574596,0.0,0.0
3.367295829986474,3.321569483119867,3.1354942159291497,3.0132740006807475,0.0,0.0,3.784189633918261,3.782483297100474,5.181783550292085,5.141324517567035,3.044522437723423,2.5167689072440877,0.0,0.23055529274645056
3.367295829986474,3.337303021706276,3.1354942159291497,2.8719010571187518,0.0,0.1947206078995512,3.784189633918261,3.6218299816827977,5.181783550292085,4.109067277414556,3.044522437723423,2.7073810953313866,0.0,0.02484572603452806
3.367295829986474,3.3353126688174335,3.1354942159291497,3.0904002984361645,0.0,0.32009109449807216,3.784189633918261,3.4996721842210174,5.181783550292085,4.740060475420064,3.044522437723423,2.5815724787703838,0.0,0.9073574413144501
