RedundantThrowsDeclarationCheck_Actual,RedundantThrowsDeclarationCheck_Simulated,S00117_Actual,S00117_Simulated,UselessImportCheck_Actual,UselessImportCheck_Simulated,DuplicatedBlocks_Actual,DuplicatedBlocks_Simulated,S00112_Actual,S00112_Simulated,S1132_Actual,S1132_Simulated,S1481_Actual,S1481_Simulated
3.367295829986474,3.332192698719968,3.1354942159291497,2.9323272629177195,0.0,0.24500423701696514,3.784189633918261,3.676123727950596,5.181783550292085,4.49894425524749,3.044522437723423,2.962690728286328,0.0,0.09294902044915726
3.367295829986474,3.3259021879054105,3.1354942159291497,2.676327267694866,0.0,0.17357933233989012,3.784189633918261,3.703532167048894,5.181783550292085,4.878704490111757,3.044522437723423,3.047605975163457,0.0,0.5694651109335107
3.367295829986474,3.3771226004583372,3.1354942159291497,2.8460683010634704,0.0,0.5264552696342251,3.784189633918261,3.791309615122953,5.181783550292085,4.460595216173947,3.044522437723423,3.524702612183958,0.0,0.0
3.367295829986474,3.3341075989053883,3.1354942159291497,2.283215477919102,0.0,0.0,3.784189633918261,3.5880093788310425,5.181783550292085,4.053163059140592,3.044522437723423,3.0696019207500744,0.0,0.0
3.367295829986474,3.3506332398105605,3.1354942159291497,2.71929630836934,0.0,0.16382642108735762,3.784189633918261,3.6462273691620357,5.181783550292085,4.560691490259639,3.044522437723423,2.77868977769957,0.0,0.060834829553282774
3.367295829986474,3.2983421437637643,3.1354942159291497,3.2716972126828723,0.0,0.9998710392833547,3.784189633918261,3.672381091667703,5.181783550292085,3.3544223838265728,3.044522437723423,2.8521348526192263,0.0,0.0
