RedundantThrowsDeclarationCheck_Actual,RedundantThrowsDeclarationCheck_Simulated,S00117_Actual,S00117_Simulated,S1226_Actual,S1226_Simulated,S1155_Actual,S1155_Simulated,S1132_Actual,S1132_Simulated
0.0,0.48069730238805325,0.0,0.3330249998781985,0.0,0.4384588908821911,0.0,0.366611078015905,0.0,0.22552910144113708
0.0,0.8576038247674238,0.0,1.00046639897242,0.0,0.23895664395417826,0.0,0.7721213353582661,0.0,0.3095922535249728
0.0,1.2063105130167198,0.0,0.7366441866098996,0.0,0.0,0.0,0.0,0.0,0.0
