RedundantThrowsDeclarationCheck_Actual,RedundantThrowsDeclarationCheck_Simulated,S00117_Actual,S00117_Simulated,S1226_Actual,S1226_Simulated,S1155_Actual,S1155_Simulated,S1132_Actual,S1132_Simulated
0.0,0.48069730238805325,0.0,0.3330249998781985,0.0,0.4384588908821911,0.0,0.366611078015905,0.0,0.22552910144113708
0.0,2.156106591763338,0.0,0.0,0.0,0.0,0.0,0.0,0.0,0.6859469088150196
0.0,0.0,0.0,0.17202699286428735,0.0,0.10544100045908722,0.0,0.6917179851441665,0.0,0.21305078290954527
0.0,0.8629780456447684,0.0,0.0,0.0,1.8698165794169492,0.0,0.0,0.0,0.0
0.0,0.0,0.0,0.0,0.0,1.2444352248942974,0.0,1.2686387611154148,0.0,0.8861818541468733
0.0,2.2665974349855826,0.0,0.3228300361664305,0.0,0.0,0.0,0.047383725453511105,0.0,0.0
