RedundantThrowsDeclarationCheck_Actual,RedundantThrowsDeclarationCheck_Simulated,S00117_Actual,S00117_Simulated,S1226_Actual,S1226_Simulated,S1155_Actual,S1155_Simulated,S1132_Actual,S1132_Simulated
0.0,0.48069730238805325,0.0,0.3330249998781985,0.0,0.4384588908821911,0.0,0.366611078015905,0.0,0.22552910144113708
0.0,0.836711089494137,0.0,1.7701429049219264,0.0,0.27123897333932667,0.0,0.0,0.0,0.0
0.0,1.268299068543431,0.0,0.675565173667191,0.0,1.2135128639677246,0.0,0.821235807494608,0.0,1.245811142975778
0.0,0.0,0.0,0.0,0.0,1.0823925086398272,0.0,0.0,0.0,0.0
0.0,1.8933960083344574,0.0,1.3304308245122052,0.0,0.38699936829662296,0.0,0.09295560286937377,0.0,0.0
0.0,0.0,0.0,1.622267762159696,0.0,0.4802841617298592,0.0,0.0,0.0,0.9522327214719195
