RedundantThrowsDeclarationCheck_Actual,RedundantThrowsDeclarationCheck_Simulated,S00117_Actual,S00117_Simulated,S1226_Actual,S1226_Simulated,S1155_Actual,S1155_Simulated,S1132_Actual,S1132_Simulated
0.0,0.48069730238805325,0.0,0.3330249998781985,0.0,0.4384588908821911,0.0,0.366611078015905,0.0,0.22552910144113708
0.0,2.177879387961912,0.0,0.0,0.0,0.156263336507718,0.0,0.9201549262592127,0.0,1.1204273366169806
0.0,0.22389658501716092,0.0,2.1989690487016635,0.0,1.22917564514609,0.0,0.20947504813624204,0.0,0.40427064620300274
0.0,0.8438255998805635,0.0,0.0,0.0,0.0,0.0,0.33866868590340454,0.0,0.8501358911466239
0.0,2.404400556950455,0.0,0.0,0.0,1.1563013845482024,0.0,0.0,0.0,0.0
0.0,0.1159411017810748,0.0,1.1563056583827813,0.0,0.0,0.0,1.045087910301318,0.0,0.0
