RedundantThrowsDeclarationCheck_Actual,RedundantThrowsDeclarationCheck_Simulated,S00117_Actual,S00117_Simulated,UselessImportCheck_Actual,UselessImportCheck_Simulated,DuplicatedBlocks_Actual,DuplicatedBlocks_Simulated,S00112_Actual,S00112_Simulated,S1132_Actual,S1132_Simulated
3.367295829986474,3.2213065757711092,3.1354942159291497,2.5303576481378562,0.0,0.9905216270195651,3.784189633918261,3.1506115414840274,5.181783550292085,3.5229343997453917,3.044522437723423,2.3890504800855394
3.367295829986474,3.3154868329898006,3.1354942159291497,3.1250272164438453,0.0,0.2796010841738903,3.784189633918261,4.065112800922062,5.181783550292085,1.4273541708025057,3.044522437723423,2.75701500673179
3.367295829986474,3.224974127477563,3.1354942159291497,2.7004677884970087,0.0,1.7937357343007005,3.784189633918261,3.7767563849805916,5.181783550292085,5.229166217618964,3.044522437723423,1.844376843887177
3.367295829986474,3.82167809552626,3.1354942159291497,3.0033746227760396,0.0,0.95311964979954,3.784189633918261,2.518150738004463,5.181783550292085,2.1061042274548427,3.044522437723423,1.6410451512137867
3.367295829986474,2.9969639535350563,3.1354942159291497,2.8834674057689895,0.0,0.7979117113520596,3.784189633918261,2.2642442661362843,5.181783550292085,5.07145514658249,3.044522437723423,2.1554189750517163
3.367295829986474,2.730487402842218,3.1354942159291497,2.3682780412403024,0.0,1.8105135364116538,3.784189633918261,3.4785634297913046,5.181783550292085,3.167521286762931,3.044522437723423,1.8006455351907278
