S00122_Actual,S00122_Simulated,S1905_Actual,S1905_Simulated,UselessImportCheck_Actual,UselessImportCheck_Simulated,DuplicatedBlocks_Actual,DuplicatedBlocks_Simulated,S1226_Actual,S1226_Simulated,S1155_Actual,S1155_Simulated,S1151_Actual,S1151_Simulated,S1132_Actual,S1132_Simulated,S1481_Actual,S1481_Simulated
0.0,0.19903756679548096,0.0,0.0627247989161265,0.23270468455819335,2.067760709232467,0.0,0.4722537343060408,0.0,0.11086315715662766,0.0,0.05140755755911177,0.021599111803461798,0.6143608525794846,0.0,0.5357143502130369,0.021599111803461798,0.794859720905366
0.0,0.0,0.0,0.0,0.19029550263309924,1.763420458901479,0.0,0.0,0.0,0.0,0.0,0.0,0.017316450011460875,0.6113482298542102,0.0,0.00036926820408800243,0.017316450011460875,0.856380911588187
0.0,0.3751280588558691,0.0,0.07465128487085283,0.1460078224319825,1.0406365901239372,0.0,2.8675438642842686,0.0,0.0,0.0,0.0,0.0130153681120703,0.5559447730782996,0.0,0.0,0.0130153681120703,0.933985273126175
0.0,0.12024905847925332,0.0,0.5614943001954417,0.09966748517328153,1.7343551059758973,0.0,1.5248237666438418,0.0,0.04201644735915701,0.0,0.20776046063051734,0.008695706967553821,0.0,0.0,1.7920374991299903,0.008695706967553821,1.3444243203901425
0.0,0.08845533130434262,0.0,0.4675652170109321,0.05107492993641579,2.8970619549444017,0.0,0.979379942699531,0.0,0.0,0.0,0.5871500828238899,0.00435730536895569,0.685096773971672,0.0,0.6160142335738384,0.00435730536895569,0.6172475249420143
0.0,0.36146232462958044,0.0,0.0,0.0,2.996047346596912,0.0,0.31001560147924856,0.0,0.0,0.0,0.0,0.0,0.07112142417655953,0.0,0.9272034819913791,0.0,0.8005265671201983
