S1905_Actual,S1905_Simulated,S1226_Actual,S1226_Simulated,S00112_Actual,S00112_Simulated,S1481_Actual,S1481_Simulated
0.0,0.9071098113340569,4.248495242049359,4.134769788868201,4.1588830833596715,2.499131140053135,2.538973871058276,3.085545834700197
0.0,0.0,4.248495242049359,4.370363761893259,4.1588830833596715,2.803440076995201,2.5520459526256287,2.937972329498842
0.0,0.5359073813246602,4.248495242049359,4.677254278621217,4.1588830833596715,2.3680037382299464,2.5649493574615367,3.96274528881448
0.0,0.35691928006309126,4.248495242049359,3.810817426214542,4.1588830833596715,0.4270174610432518,2.5649493574615367,2.596829613989427
0.0,0.990586966157447,4.248495242049359,3.8227671860318986,4.1588830833596715,1.4811846637955943,2.5649493574615367,2.781248297985239
0.0,0.0,4.248495242049359,3.679267239365033,4.1588830833596715,3.218617261791837,2.5649493574615367,3.24724300393052
