S1905_Actual,S1905_Simulated,S1226_Actual,S1226_Simulated,S00112_Actual,S00112_Simulated,S1481_Actual,S1481_Simulated
0.0,0.9071098113340569,4.248495242049359,4.134769788868201,4.1588830833596715,2.499131140053135,2.538973871058276,3.085545834700197
0.0,2.32878723142094,4.248495242049359,3.8937073347688984,4.1588830833596715,4.58191942136548,2.5520459526256287,3.1362826027917903
0.0,0.9920117394313908,4.248495242049359,3.910539641853131,4.1588830833596715,2.4528246447788473,2.5649493574615367,2.9404117848680564
0.0,0.7906171405221736,4.248495242049359,4.072825192266194,4.1588830833596715,3.5657038820101934,2.5649493574615367,3.963411826971153
0.0,1.0550681670772992,4.248495242049359,4.25595801197017,4.1588830833596715,0.8593999223548261,2.5649493574615367,2.3312528600514826
0.0,2.411523614655052,4.248495242049359,4.716251039742932,4.1588830833596715,0.9017624157286765,2.5649493574615367,2.3937344768374977
