RedundantThrowsDeclarationCheck_Actual,RedundantThrowsDeclarationCheck_Simulated,S00122_Actual,S00122_Simulated,UselessImportCheck_Actual,UselessImportCheck_Simulated,DuplicatedBlocks_Actual,DuplicatedBlocks_Simulated,S00112_Actual,S00112_Simulated,S1155_Actual,S1155_Simulated,S00108_Actual,S00108_Simulated,S1151_Actual,S1151_Simulated,S1132_Actual,S1132_Simulated,S1481_Actual,S1481_Simulated
3.367295829986474,3.3331252332484014,0.0,0.08304238131212635,0.0,0.25552243955118464,3.784189633918261,3.677693041393701,5.181783550292085,4.506015685221908,1.3862943611198906,1.5126584539233403,4.844187086458591,4.951048185017842,0.6931471805599453,0.5891701679370687,3.044522437723423,2.9667565766053383,0.0,0.08795534274398453
3.367295829986474,3.372385180517525,0.0,0.5696999820537639,0.0,0.7395721204564779,3.784189633918261,3.6082881089173062,5.181783550292085,4.65770233102003,1.3862943611198906,2.054978551879993,4.844187086458591,4.877227532534981,0.6931471805599453,0.19400992957504004,3.044522437723423,3.0832516214252816,0.0,0.0
3.367295829986474,3.3051062535634914,0.0,0.17535385766197184,0.0,0.4132736933993633,3.784189633918261,3.606001912722845,5.181783550292085,4.001893680846603,1.3862943611198906,0.9754555570770056,4.844187086458591,4.8871147600747555,0.6931471805599453,0.924526747982622,3.044522437723423,2.8533515502704723,0.0,0.2964128554638731
3.367295829986474,3.3606652269289867,0.0,0.2837796626774725,0.0,0.6280603016707897,3.784189633918261,3.7843932269900318,5.181783550292085,3.189531424662273,1.3862943611198906,1.0925475047846303,4.844187086458591,4.9029335555612805,0.6931471805599453,0.45377691563962763,3.044522437723423,2.855752003760564,0.0,0.68241078389402
3.367295829986474,3.3010657325006116,0.0,0.0,0.0,0.0,3.784189633918261,3.5613543535814505,5.181783550292085,4.497680978666061,1.3862943611198906,1.2392049650121717,4.844187086458591,4.926124052011441,0.6931471805599453,0.47634695455431586,3.044522437723423,3.453947545908437,0.0,0.0
3.367295829986474,3.292881251307359,0.0,0.0,0.0,0.8503173327503719,3.784189633918261,3.6145516412289225,5.181783550292085,3.0044718532078263,1.3862943611198906,0.9727801167148094,4.844187086458591,4.9401129221179865,0.6931471805599453,0.1370886223404596,3.044522437723423,2.9902743519324315,0.0,0.0
