RedundantThrowsDeclarationCheck_Actual,RedundantThrowsDeclarationCheck_Simulated,S00122_Actual,S00122_Simulated,UselessImportCheck_Actual,UselessImportCheck_Simulated,DuplicatedBlocks_Actual,DuplicatedBlocks_Simulated,S00112_Actual,S00112_Simulated,S1155_Actual,S1155_Simulated,S00108_Actual,S00108_Simulated,S1151_Actual,S1151_Simulated,S1132_Actual,S1132_Simulated,S1481_Actual,S1481_Simulated
3.367295829986474,3.182826244321462,0.0,0.17804065448848427,0.0,1.0120744067826586,3.784189633918261,3.1131672510296626,5.181783550292085,3.495480419818657,1.3862943611198906,1.4002786624897638,4.844187086458591,4.465479026967496,0.6931471805599453,0.3168034653383228,3.044522437723423,2.3619558113018173,0.0,1.1044258036092558
3.367295829986474,2.384894240449396,0.0,0.6934431634627979,0.0,0.7657473605803342,3.784189633918261,2.4619877510576753,5.181783550292085,0.3506639310714763,1.3862943611198906,1.5503821675891318,4.844187086458591,4.192802886749965,0.6931471805599453,0.27160838024210315,3.044522437723423,3.064803335941897,0.0,2.49375062601617
3.367295829986474,4.016837336946396,0.0,0.9612139470483779,0.0,0.18434666404394728,3.784189633918261,4.293892975986549,5.181783550292085,2.754824978664274,1.3862943611198906,1.4797813480521766,4.844187086458591,5.278914478774626,0.6931471805599453,0.47173120328920876,3.044522437723423,2.2528062642952875,0.0,1.6609498739572899
3.367295829986474,2.768371052522968,0.0,0.9623357676061063,0.0,2.041454437300515,3.784189633918261,2.65266369338287,5.181783550292085,4.165272859622339,1.3862943611198906,2.3707051128921655,4.844187086458591,3.0895182124268894,0.6931471805599453,0.022443104039319595,3.044522437723423,1.7741414102740285,0.0,0.8506525674736829
3.367295829986474,2.4455943939011973,0.0,1.0324115841815962,0.0,1.9252346682003232,3.784189633918261,5.017191058721649,5.181783550292085,2.1446089222084606,1.3862943611198906,1.7469494372240608,4.844187086458591,3.3712477786607598,0.6931471805599453,0.24109678365317425,3.044522437723423,1.479133772066339,0.0,1.0244522959358222
3.367295829986474,2.9148253192183295,0.0,0.7530940947742207,0.0,0.588260529186796,3.784189633918261,2.271811921949489,5.181783550292085,3.194574838274413,1.3862943611198906,2.0009584869131363,4.844187086458591,5.883237465278072,0.6931471805599453,0.09147606303272152,3.044522437723423,2.37170054610048,0.0,0.5936846495536529
