S00117_Actual,S00117_Simulated
2.0794415416798357,2.636680193993027
2.0794415416798357,4.1282218193174725
2.1972245773362196,3.8920484887029394
2.1972245773362196,4.183617108473605
2.1972245773362196,3.894647574522528
2.1972245773362196,5.561000014794994
