S00117_Actual,S00117_Simulated
2.0794415416798357,2.636680193993027
2.0794415416798357,3.793559744621254
2.0794415416798357,0.5686256653943378
2.0794415416798357,3.850574412357718
2.0794415416798357,2.4117140061351776
2.0794415416798357,3.2317718108504137
2.0794415416798357,1.103760784920776
2.0794415416798357,1.8561405641738973
2.1972245773362196,1.967167392528249
2.1972245773362196,1.1651671414107216
2.1972245773362196,1.6795522308365591
2.1972245773362196,3.980780509153907
