S1213_Actual,S1213_Simulated,S00122_Actual,S00122_Simulated,S1488_Actual,S1488_Simulated,DuplicatedBlocks_Actual,DuplicatedBlocks_Simulated,S1226_Actual,S1226_Simulated,S00112_Actual,S00112_Simulated,S1155_Actual,S1155_Simulated,S00108_Actual,S00108_Simulated,S1151_Actual,S1151_Simulated
0.08934510033585008,0.8654164806904682,0.0,0.19170098661429782,0.0,0.051733357324998425,0.0,0.46172097945521134,0.0,0.11196008221551346,0.04567003683318844,0.46128570284664755,0.0,0.046991420998253174,0.0,0.19702941544705932,0.04567003683318844,0.6025512276968152
0.07210329390134407,0.6616993419314663,0.0,0.2271250015792347,0.0,0.3559128250334357,0.0,1.1832548044909057,0.0,0.0,0.036701366850428,1.0612918610985786,0.0,0.2669204691317763,0.0,0.286502347082477,0.036701366850428,0.6063192009099181
0.0545589842504346,0.9338972459927629,0.0,0.733710476650715,0.0,0.06422437118302068,0.0,0.0,0.0,0.0,0.027651531330510157,1.0633701759780625,0.0,0.0695276770794883,0.0,1.003172929329538,0.027651531330510157,0.9132885911225495
0.0367013668504281,0.17660913791900013,0.0,0.33804344622637816,0.0,0.45546625896690396,0.0,0.0,0.0,0.0,0.018519047767237597,0.0,0.0,0.25501243428453374,0.0,0.0,0.018519047767237597,0.5549158971430636
0.018519047767237697,0.0,0.0,0.19710588433833184,0.0,0.036982657308843134,0.0,0.12057860334856818,0.0,0.0,0.009302392662313554,0.9693224614675309,0.0,0.0,0.0,0.0,0.009302392662313554,0.7242475448716474
0.0,0.40908150279357863,0.0,0.010179555034238508,0.0,0.0,0.0,1.124919830842863,0.0,0.0,0.0,0.17831942778456022,0.0,0.4986245544952303,0.0,0.0,0.0,1.0665491776916147
