RedundantThrowsDeclarationCheck_Actual,RedundantThrowsDeclarationCheck_Simulated,S1905_Actual,S1905_Simulated,UselessImportCheck_Actual,UselessImportCheck_Simulated,S00108_Actual,S00108_Simulated
4.6913478822291435,5.112958552709485,2.70805020110221,2.842322744116647,4.574710978503383,3.9462715619334965,1.3862943611198906,1.0310430254238616
4.955827057601261,4.80608113843134,2.70805020110221,2.560958851604869,3.970291913552122,2.501929554830933,1.3862943611198906,1.3196211693697744
4.969813299576001,6.201057246642033,2.70805020110221,5.0554184806005305,4.143134726391533,3.366515462497617,1.3862943611198906,2.013804714565333
4.969813299576001,6.046819201052731,2.70805020110221,0.6154638700039383,4.127134385045092,4.332537711419419,1.3862943611198906,0.8524684941892089
4.962844630259907,8.412453948938435,2.5649493574615367,3.790078455358347,4.248495242049359,5.058762697464839,1.3862943611198906,1.3764420301997862
4.962844630259907,2.4529511867429328,2.5649493574615367,5.456107509567164,4.23410650459726,2.7475625008023297,1.3862943611198906,1.1125520136744995
