S00117_Actual,S00117_Simulated,S1226_Actual,S1226_Simulated,S00112_Actual,S00112_Simulated,S1155_Actual,S1155_Simulated,S1132_Actual,S1132_Simulated,S1481_Actual,S1481_Simulated
6.695798917058491,6.544627715346055,3.713572066704308,3.5956801464788457,4.634728988229636,4.355698515707799,2.5649493574615367,2.599013406349761,3.912023005428146,4.124104547864934,1.791759469228055,2.6237983037050836
6.695798917058491,6.395730508326714,3.713572066704308,3.568445180281567,4.634728988229636,4.3682488883351684,2.5649493574615367,2.5191102681527386,3.912023005428146,4.074969930349786,1.9459101490553132,1.6558465607577868
6.69641677311769,6.585755614988455,3.713572066704308,3.5754813878243414,4.634728988229636,4.214892319697969,2.5649493574615367,2.6162597199962723,3.912023005428146,4.24696361850482,1.9459101490553132,2.565331719510406
6.697034247666484,6.663752630065957,3.713572066704308,3.561691592066001,4.634728988229636,4.484535200308496,2.5649493574615367,2.7335534548919282,3.912023005428146,4.145289580530071,1.9459101490553132,1.5718936026708097
6.697651341175731,6.720170231783449,3.713572066704308,3.587799298410223,4.634728988229636,4.478149677572629,2.5649493574615367,2.626040758386655,3.912023005428146,4.258890662436916,1.9459101490553132,2.6852785913447605
6.698268054115413,6.423790554829199,3.713572066704308,3.5862197921437824,4.634728988229636,4.5392485878445505,2.5649493574615367,2.6534154651065256,3.912023005428146,4.424014601041646,1.9459101490553132,1.6116583693612485
