S00117_Actual,S00117_Simulated,S1226_Actual,S1226_Simulated,S00112_Actual,S00112_Simulated,S1155_Actual,S1155_Simulated,S1132_Actual,S1132_Simulated,S1481_Actual,S1481_Simulated
6.695798917058491,6.544627715346055,3.713572066704308,3.5956801464788457,4.634728988229636,4.355698515707799,2.5649493574615367,2.599013406349761,3.912023005428146,4.124104547864934,1.791759469228055,2.6237983037050836
6.695798917058491,6.591062378404497,3.713572066704308,3.6517191779698464,4.634728988229636,4.226831937760749,2.5649493574615367,2.5408612330800437,3.912023005428146,4.1162072004652455,1.9459101490553132,2.2873575855851236
6.69641677311769,6.583426199546453,3.713572066704308,3.608568978293462,4.634728988229636,4.594458748385765,2.5649493574615367,2.5697464076920418,3.912023005428146,4.414433422775227,1.9459101490553132,2.442626409736416
6.697034247666484,6.605977546013413,3.713572066704308,3.6065279702352844,4.634728988229636,4.798997329057976,2.5649493574615367,2.6528602985067784,3.912023005428146,4.241246653457887,1.9459101490553132,2.2836532460417898
6.697651341175731,6.463819241700874,3.713572066704308,3.671118573463991,4.634728988229636,4.700406018012997,2.5649493574615367,2.649431621377657,3.912023005428146,4.14856023964388,1.9459101490553132,2.836287938565168
6.698268054115413,6.601588460012723,3.713572066704308,3.6462622157093643,4.634728988229636,4.341571498787936,2.5649493574615367,2.626879282074039,3.912023005428146,4.312014466650362,1.9459101490553132,2.4844573499497207
