S1213_Actual,S1213_Simulated,RedundantThrowsDeclarationCheck_Actual,RedundantThrowsDeclarationCheck_Simulated,S1488_Actual,S1488_Simulated,S1905_Actual,S1905_Simulated,DuplicatedBlocks_Actual,DuplicatedBlocks_Simulated,S1226_Actual,S1226_Simulated,S1151_Actual,S1151_Simulated,S1132_Actual,S1132_Simulated,S1481_Actual,S1481_Simulated
5.448173122092414,5.315746943612542,3.1354942159291497,3.5351683455796343,2.268683541318364,2.3448650609869333,0.6931471805599453,2.6336389706392938,5.015069891164122,4.510972925856334,3.721669276936927,3.8233103768142858,3.258096538021482,2.7244619324435924,3.5553480614894135,3.4205118984428196,1.9459101490553132,3.001156803470868
5.438079308923196,5.951092726940247,3.1354942159291497,3.705684661073198,2.1972245773362196,2.5455394709664674,0.6931471805599453,3.671917789314935,5.043425116919247,4.282017775859624,3.713572066704308,3.2285004796398074,3.258096538021482,1.0487561746592093,3.5553480614894135,3.573116422797146,1.9459101490553132,3.1309781180113747
5.438079308923196,4.870970974759749,3.1354942159291497,4.017388683694189,2.1972245773362196,3.0950262157495247,0.6931471805599453,4.08674323894664,5.043425116919247,4.591772126885368,3.713572066704308,5.703153636947869,3.258096538021482,3.4005002184474753,3.5553480614894135,3.7458068518422594,1.9459101490553132,2.4116526575959703
5.438079308923196,5.928532649499396,3.1354942159291497,2.9038843740137534,2.1972245773362196,1.5564363973164987,0.6931471805599453,4.614214196959637,5.043425116919247,5.197085570329882,3.713572066704308,2.7553568115288645,3.258096538021482,1.1442539800739235,3.5553480614894135,4.204375357702583,1.9459101490553132,3.614053818281986
5.438079308923196,6.120173408826301,3.1354942159291497,3.8871474912963695,2.1972245773362196,2.1091788735571795,0.6931471805599453,3.5036741212860547,5.043425116919247,5.001173161963652,3.713572066704308,3.462962509125166,3.258096538021482,1.874496556882512,3.5553480614894135,3.2950556433055795,1.9459101490553132,3.4361761474465635
5.438079308923196,6.532197630100454,3.1354942159291497,3.838543757134181,2.1972245773362196,2.4333895822082154,0.6931471805599453,3.660477104253392,5.043425116919247,4.337578529641,3.713572066704308,3.0153460354260684,3.258096538021482,2.1417517890366256,3.5553480614894135,3.1199105520505177,1.9459101490553132,3.2901997691134635
