S1213_Actual,S1213_Simulated,S00117_Actual,S00117_Simulated,S1488_Actual,S1488_Simulated,UselessImportCheck_Actual,UselessImportCheck_Simulated,DuplicatedBlocks_Actual,DuplicatedBlocks_Simulated,S00112_Actual,S00112_Simulated,S00108_Actual,S00108_Simulated,S1151_Actual,S1151_Simulated,S1132_Actual,S1132_Simulated,S1481_Actual,S1481_Simulated
1.6094379124341003,1.5756497927369877,0.0,0.18529177914319295,0.6931471805599453,0.6743462050229961,0.0,1.1795748374291268,1.9459101490553132,2.628571057555208,4.2475424072940875,3.400715103324849,1.0986122886681098,0.9743739085513304,1.6094379124341003,1.566371245538988,1.0986122886681098,1.0986074641099446,0.0,0.28515064114304844
1.6094379124341003,1.9086905107024408,0.0,0.0,0.6931471805599453,0.6799601764013378,0.0,2.701182024923821,1.9459101490553132,2.117135513573209,4.248495242049359,4.24663896293322,1.0986122886681098,0.783566685771348,1.6094379124341003,1.6723824140291519,1.0986122886681098,1.0986047266807644,0.0,0.2937602842877293
