S00117_Actual,S00117_Simulated,S00122_Actual,S00122_Simulated,S1488_Actual,S1488_Simulated,S1905_Actual,S1905_Simulated,UselessImportCheck_Actual,UselessImportCheck_Simulated,DuplicatedBlocks_Actual,DuplicatedBlocks_Simulated,S1226_Actual,S1226_Simulated,S00112_Actual,S00112_Simulated,S1155_Actual,S1155_Simulated,S00108_Actual,S00108_Simulated,S1151_Actual,S1151_Simulated
3.5553480614894135,3.3241618483350153,2.4849066497880004,4.288801949621111,2.1972245773362196,2.328170097005313,0.6931471805599453,2.599355956726943,0.0,1.2264470614375145,5.043425116919247,4.534028144429186,3.713572066704308,3.848777899491394,3.091042453358316,2.4454143792319614,3.5553480614894135,3.375888409448223,5.82600010738045,5.475244663983493,3.258096538021482,2.7747795250883027
3.5553480614894135,2.348193051331229,2.4849066497880004,3.56751230588627,2.1972245773362196,1.329921085916971,0.6931471805599453,2.3081002369579693,0.0,1.0562599323146402,5.043425116919247,3.6694772889185785,3.713572066704308,4.249258129602703,3.091042453358316,3.4037461075251443,3.5553480614894135,2.6932275852237932,5.82600010738045,4.945060516624209,3.258096538021482,1.7912240924336125
