S1213_Actual,S1213_Simulated,RedundantThrowsDeclarationCheck_Actual,RedundantThrowsDeclarationCheck_Simulated,S1488_Actual,S1488_Simulated,S1905_Actual,S1905_Simulated,DuplicatedBlocks_Actual,DuplicatedBlocks_Simulated,S00112_Actual,S00112_Simulated,S1151_Actual,S1151_Simulated,S1132_Actual,S1132_Simulated,S1481_Actual,S1481_Simulated
5.448173122092414,5.315746943612542,3.1354942159291497,3.5351683455796343,2.268683541318364,2.3448650609869333,0.6931471805599453,2.6336389706392938,5.015069891164122,4.510972925856334,3.091042453358316,2.431549945789797,3.258096538021482,2.7244619324435924,3.5553480614894135,3.4205118984428196,1.9459101490553132,3.001156803470868
5.438079308923196,5.317233239672757,3.1354942159291497,3.895562128662465,2.1972245773362196,1.8310223124010108,0.6931471805599453,4.560132390993904,5.043425116919247,3.5994682146305808,3.091042453358316,1.840690153774398,3.258096538021482,3.26924164108898,3.5553480614894135,4.284250853691419,1.9459101490553132,3.2790779848631306
5.438079308923196,6.0463851906944095,3.1354942159291497,3.839923486065542,2.1972245773362196,2.109418856316934,0.6931471805599453,5.449934821731575,5.043425116919247,5.420978830389655,3.091042453358316,2.7757436323550913,3.258096538021482,4.671802410478694,3.5553480614894135,3.4863108542464367,1.9459101490553132,5.630835580379872
5.438079308923196,5.069344968008885,3.1354942159291497,3.2808451171210287,2.1972245773362196,3.3142142424465666,0.6931471805599453,2.3783235287502693,5.043425116919247,4.893502236492192,3.091042453358316,2.026434282860743,3.258096538021482,3.4777108088913016,3.5553480614894135,3.300246338120755,1.9459101490553132,3.2654850101951447
5.438079308923196,5.45084778401311,3.1354942159291497,4.434504943274046,2.1972245773362196,2.4236998129170857,0.6931471805599453,4.164657818195414,5.043425116919247,5.007892664080543,3.091042453358316,3.1887476581656675,3.258096538021482,2.4688237033932845,3.5553480614894135,4.253345619619262,1.9459101490553132,3.231183355790633
5.438079308923196,5.8823824243860265,3.1354942159291497,4.045747382749741,2.1972245773362196,2.0854884968998926,0.6931471805599453,2.6003298216143156,5.043425116919247,2.9742690540468146,3.091042453358316,2.310109553939751,3.258096538021482,3.2577946186914604,3.5553480614894135,3.3783844319528926,1.9459101490553132,2.369088951415765
