S1213_Actual,S1213_Simulated,S00122_Actual,S00122_Simulated,S1488_Actual,S1488_Simulated,DuplicatedBlocks_Actual,DuplicatedBlocks_Simulated,S1226_Actual,S1226_Simulated,S00112_Actual,S00112_Simulated,S1155_Actual,S1155_Simulated,S00108_Actual,S00108_Simulated,S1151_Actual,S1151_Simulated,S1132_Actual,S1132_Simulated
0.08934510033585008,0.8654164806904682,0.0,0.19170098661429782,0.0,0.051733357324998425,0.0,0.46172097945521134,0.0,0.11196008221551346,0.04567003683318844,0.46128570284664755,0.0,0.046991420998253174,0.0,0.19702941544705932,0.04567003683318844,0.6025512276968152,0.0,0.5169270278182613
0.07210329390134407,0.8802918410998432,0.0,0.5248712567751636,0.0,0.0,0.0,0.0,0.0,0.0,0.036701366850428,0.9258250568959896,0.0,0.07197694764340312,0.0,0.0,0.036701366850428,0.11612946408333047,0.0,0.05452471909343326
0.0545589842504346,0.7090235680052065,0.0,0.0,0.0,0.02876449333115323,0.0,0.0,0.0,0.15580922449797457,0.027651531330510157,2.011490496247982,0.0,0.0,0.0,0.09580386866658955,0.027651531330510157,0.0750948006905866,0.0,1.5185171276739973
0.0367013668504281,0.5121770526767704,0.0,0.3947004809942581,0.0,0.004947834192216907,0.0,1.6522795782748583,0.0,0.0,0.018519047767237597,0.8570847480052028,0.0,0.5197847736682304,0.0,0.0,0.018519047767237597,0.6752531783215263,0.0,0.5164853933922969
0.018519047767237697,0.8519991063626884,0.0,0.4176783680968129,0.0,0.0,0.0,0.0,0.0,0.3948407682720472,0.009302392662313554,1.1757549535642262,0.0,0.0,0.0,0.024030892744554916,0.009302392662313554,0.315404832719102,0.0,0.7835034332953552
0.0,0.23837722208981893,0.0,0.6599906914995177,0.0,0.45105839664650016,0.0,0.8048014967245984,0.0,0.3597362871560096,0.0,0.0,0.0,0.048446176142098125,0.0,0.0,0.0,0.0,0.0,2.303680385832149
