S1213_Actual,S1213_Simulated,S1488_Actual,S1488_Simulated,S1226_Actual,S1226_Simulated,S00112_Actual,S00112_Simulated,S1155_Actual,S1155_Simulated,S1151_Actual,S1151_Simulated,S1132_Actual,S1132_Simulated,S1481_Actual,S1481_Simulated
6.231355955723415,5.194460844659627,2.302585092994046,2.427345894429739,3.713572066704308,3.595057177045192,4.634728988229636,4.358025076129445,2.5649493574615367,2.5986783502196977,4.143134726391533,4.109089806957299,3.912023005428146,4.123671636980064,1.9459101490553132,2.6344328271877484
6.231574463317423,5.3897421473779055,2.302585092994046,2.0047418431118276,3.713572066704308,3.5757431646244506,4.634728988229636,4.973996572675125,2.5649493574615367,2.6510461541890917,4.143134726391533,4.123625865043654,3.912023005428146,4.161154247855196,1.9459101490553132,3.3077823389176224
6.231792923176292,5.624629471557108,2.302585092994046,2.624712544885817,3.713572066704308,3.6322683803304776,4.634728988229636,4.601433738805047,2.5649493574615367,2.59784800272351,4.143134726391533,4.096834103570275,3.912023005428146,4.204180524333758,1.9459101490553132,2.6509541266195993
6.232011335320876,4.829044025462561,2.302585092994046,1.7586745100029946,3.713572066704308,3.589951722791579,4.634728988229636,4.242908299675889,2.5649493574615367,2.579956200584788,4.143134726391533,4.07356639766538,3.912023005428146,4.219765696759311,1.9459101490553132,2.2097754924425828
6.232229699772011,5.561032512092827,2.302585092994046,2.857963614348954,3.713572066704308,3.6642104567919223,4.634728988229636,4.262397899945721,2.5649493574615367,2.583575659648602,4.143134726391533,4.117563454467185,3.912023005428146,4.200687710381203,1.9459101490553132,3.369562569968861
6.2324480165505225,5.947407341344877,2.302585092994046,1.9781363160366683,3.713572066704308,3.592454141453357,4.634728988229636,3.910642913396755,2.5649493574615367,2.620910842019171,4.143134726391533,4.0479405839715685,3.912023005428146,4.003248197695269,1.9459101490553132,2.964533954574353
