S1213_Actual,S1213_Simulated,RedundantThrowsDeclarationCheck_Actual,RedundantThrowsDeclarationCheck_Simulated,S00117_Actual,S00117_Simulated,S00122_Actual,S00122_Simulated,DuplicatedBlocks_Actual,DuplicatedBlocks_Simulated,S1226_Actual,S1226_Simulated,S00112_Actual,S00112_Simulated,S1155_Actual,S1155_Simulated,S00108_Actual,S00108_Simulated,S1132_Actual,S1132_Simulated
4.442651256490317,3.9736462603351703,1.0986122886681098,0.7506859406485378,1.791759469228055,1.3000568012839122,2.5649493574615367,2.9404301144203595,3.295836866004329,2.3621206429605626,3.7612001156935624,2.945350239029016,3.6635616461296463,3.4455535302596,0.0,0.00845563664876762,1.6094379124341003,0.8320702696305738,1.6094379124341003,1.0863350080236112
4.454347296253507,3.931765274769379,1.0986122886681098,0.7442818581572496,1.791759469228055,0.720670120720427,2.5649493574615367,0.577264815822792,3.295836866004329,3.4760820965843786,3.7612001156935624,2.398828462386141,3.7612001156935624,5.193697926018976,0.0,0.0,1.6094379124341003,0.3348937155084814,1.6094379124341003,1.097476464554432
4.465908118654584,3.9741991473185614,1.0986122886681098,1.7676881207793746,1.791759469228055,2.0636648616571787,2.5649493574615367,3.6377604340509255,3.295836866004329,1.586648109260007,3.7612001156935624,2.8694477115720503,3.7612001156935624,3.477972064851577,0.0,0.0,1.6094379124341003,1.226194822272043,1.6094379124341003,0.0
4.473541743509655,4.100886828647326,1.0986122886681098,0.2000844143025189,1.8458266904983307,2.125272445070449,2.5649493574615367,4.28918843930188,3.295836866004329,1.9071688420505466,3.7689221617874726,3.029179433916176,3.784189633918261,3.75333303770023,0.0,0.0,1.6094379124341003,0.6089718122904201,1.6094379124341003,1.782468267311026
4.481117537318112,4.625364459911261,1.0986122886681098,0.897656206537579,1.8971199848858813,1.7586065076663873,2.5649493574615367,4.097297697144173,3.295836866004329,3.1399695838711263,3.7765850345330416,3.8379758574741842,3.8066624897703196,2.83006754628197,0.0,0.15525427443182638,1.6094379124341003,1.5689918578761664,1.6094379124341003,1.621425586161528
4.48863636973214,4.884554114654556,1.0986122886681098,0.49308968272349296,1.9459101490553132,0.4235848090688563,2.5649493574615367,4.252894469153817,3.295836866004329,1.725641176377698,3.784189633918261,2.3714945554928146,3.828641396489095,3.410260045448441,0.0,0.008118248958050328,1.6094379124341003,1.2988182782703714,1.6094379124341003,1.8980648653388106
