S1213_Actual,S1213_Simulated,RedundantThrowsDeclarationCheck_Actual,RedundantThrowsDeclarationCheck_Simulated,S00117_Actual,S00117_Simulated,S00122_Actual,S00122_Simulated,DuplicatedBlocks_Actual,DuplicatedBlocks_Simulated,S1226_Actual,S1226_Simulated,S00112_Actual,S00112_Simulated,S1155_Actual,S1155_Simulated,S00108_Actual,S00108_Simulated,S1132_Actual,S1132_Simulated
4.481117537318112,3.9736462603351703,1.0986122886681098,0.7506859406485378,1.8971199848858813,1.3000568012839122,2.5649493574615367,2.9404301144203595,3.295836866004329,2.3621206429605626,3.7765850345330416,2.945350239029016,3.8066624897703196,3.4455535302596,0.0,0.00845563664876762,1.6094379124341003,0.8320702696305738,1.6094379124341003,1.0863350080236112
4.48863636973214,4.796693821250301,1.0986122886681098,0.48265936807434184,1.9459101490553132,1.130141732282794,2.5649493574615367,5.329021492224372,3.295836866004329,1.5155242887778793,3.784189633918261,2.4506974863361433,3.828641396489095,3.293422910361071,0.0,0.012174629945418135,1.6094379124341003,1.2734278084322188,1.6094379124341003,2.0172781181948634
