RedundantThrowsDeclarationCheck_Actual,RedundantThrowsDeclarationCheck_Simulated,UselessImportCheck_Actual,UselessImportCheck_Simulated,DuplicatedBlocks_Actual,DuplicatedBlocks_Simulated,S00112_Actual,S00112_Simulated,S1132_Actual,S1132_Simulated,S1481_Actual,S1481_Simulated
3.367295829986474,3.2213065757711092,0.0,0.9905216270195651,3.784189633918261,3.1506115414840274,5.181783550292085,3.5229343997453917,3.044522437723423,2.3890504800855394,0.0,1.1165674294446044
3.367295829986474,3.2535321367023986,0.0,3.440168833253602,3.784189633918261,2.928097402157371,5.181783550292085,4.71923185929,3.044522437723423,3.546626790612687,0.0,1.6032268284944111
3.367295829986474,3.5241996790033374,0.0,0.3698829816885343,3.784189633918261,3.650009003457818,5.181783550292085,5.398267439040055,3.044522437723423,2.427207684511132,0.0,2.6166027524055866
3.367295829986474,3.231653983136254,0.0,0.2734435037466135,3.784189633918261,3.2273407802997425,5.181783550292085,4.5781684009743255,3.044522437723423,1.7264809416287445,0.0,2.647500884445621
3.367295829986474,2.757077386207447,0.0,0.9320026642221717,3.784189633918261,1.6039868706956588,5.181783550292085,3.666025291918911,3.044522437723423,1.5026148520264844,0.0,0.0
3.367295829986474,3.4222446625654226,0.0,0.08123979398365566,3.784189633918261,3.2553719149788805,5.181783550292085,3.8106355316585923,3.044522437723423,2.726346828936123,0.0,2.564221702385029
