RedundantThrowsDeclarationCheck_Actual,RedundantThrowsDeclarationCheck_Simulated,S00117_Actual,S00117_Simulated,S1488_Actual,S1488_Simulated,S1226_Actual,S1226_Simulated,S00112_Actual,S00112_Simulated,S1155_Actual,S1155_Simulated,S1132_Actual,S1132_Simulated,S1481_Actual,S1481_Simulated
2.4849066497880004,3.5752879838039395,3.7376696182833684,3.697392449979346,0.0,0.8754362755897771,2.5649493574615367,3.5879241157460826,4.844187086458591,4.276680021083757,0.0,1.7109182803350094,2.9444389791664403,4.1497156410950025,1.0986122886681098,3.437301328727192
2.4849066497880004,4.541802176510967,3.728100167267218,3.4655935585510407,0.0,0.0,2.5649493574615367,3.287788817981211,4.847331743138063,4.381603555889416,0.0,0.0,2.9444389791664403,5.0257997385863415,1.0986122886681098,3.805153402216941
2.4849066497880004,4.627952639823512,3.7184382563554808,4.31211397412007,0.0,1.910849371420449,2.5649493574615367,5.9612445839860655,4.850466541943434,3.3540860085917488,0.0,0.4565102167238546,2.9444389791664403,6.054976180845078,1.0986122886681098,3.837056870220879
2.4849066497880004,6.605076042711714,3.708682081410116,4.334509753663756,0.0,0.550638943051651,2.5649493574615367,4.249500150162598,4.853591544486569,5.142004311009381,0.0,2.1017603196162704,2.9444389791664403,3.920542511007769,1.0986122886681098,2.842830479814412
2.4849066497880004,5.414646777176141,3.6988297849671046,3.4243121839066486,0.0,1.9510075946580796,2.5649493574615367,2.7435823339142797,4.856706811803519,2.1216585233728122,0.0,4.312602847848511,2.9444389791664403,3.7587351105549374,1.0986122886681098,2.7748782056625183
2.4849066497880004,5.87639938893939,3.6888794541139363,5.109077617730113,0.0,0.22943876075435543,2.5649493574615367,3.901752898935361,4.859812404361672,3.549386648020885,0.0,1.2688028621319662,2.9444389791664403,2.2797523675553935,1.0986122886681098,8.023275264867374
