S00117_Actual,S00117_Simulated,S00108_Actual,S00108_Simulated
2.0794415416798357,2.636680193993027,1.3862943611198906,1.0166596193930002
2.0794415416798357,2.8389551991007664,1.3862943611198906,1.2824052627435334
2.1972245773362196,2.211831551193121,1.3862943611198906,0.5547251871965116
2.1972245773362196,0.4090068263055908,1.3862943611198906,0.6476725413127893
2.1972245773362196,3.1878817960792136,1.3862943611198906,0.0
2.1972245773362196,1.9066604808093053,1.3862943611198906,1.560417116855708
