S00117_Actual,S00117_Simulated,S00108_Actual,S00108_Simulated
2.0794415416798357,2.636680193993027,1.3862943611198906,1.0166596193930002
2.0794415416798357,0.6210492903928513,1.3862943611198906,0.3547908041521919
2.1972245773362196,2.8167875188282143,1.3862943611198906,1.3570975448060987
2.1972245773362196,3.7984320172112316,1.3862943611198906,0.6150522891356387
2.1972245773362196,0.0,1.3862943611198906,0.6964071021112638
2.1972245773362196,3.4840152275348526,1.3862943611198906,1.5141014125876708
