S1213_Actual,S1213_Simulated,RedundantThrowsDeclarationCheck_Actual,RedundantThrowsDeclarationCheck_Simulated,S1488_Actual,S1488_Simulated,S1905_Actual,S1905_Simulated,DuplicatedBlocks_Actual,DuplicatedBlocks_Simulated,S1226_Actual,S1226_Simulated,S00112_Actual,S00112_Simulated,S1151_Actual,S1151_Simulated
5.003946305945459,4.544840046131564,3.332204510175204,3.6589403319833846,0.6931471805599453,1.69023413040792,0.6931471805599453,0.09356951724488577,5.69035945432406,5.678047592396958,0.0,2.5186291081753365,6.7339969528486705,6.65624499473925,3.6375861597263857,2.567614368012328
5.003946305945459,4.402102075835702,3.332204510175204,3.1430936902004163,0.6931471805599453,1.1877872479497582,0.6931471805599453,0.0,5.683579767338681,5.756000245448243,0.0,1.0839302585179122,6.734591659972948,6.762623895842782,3.6375861597263857,2.7271841126472567
5.0106352940962555,4.478857775142953,3.332204510175204,3.8642356419223507,0.6931471805599453,1.2457310324533788,0.6931471805599453,0.0,5.700443573390687,5.781691148190741,0.0,3.792658266056591,6.734591659972948,6.692818837377957,3.6375861597263857,2.4074345014342264
5.030437921392435,4.908912170531778,3.332204510175204,3.785899349980503,0.6931471805599453,2.7659266318854896,0.6931471805599453,0.31348808442595777,5.68697535633982,5.883440849654823,0.0,4.5200154847368,6.739336627357174,6.964129850418727,3.6375861597263857,2.5325728665496143
5.030437921392435,4.549344236018431,3.332204510175204,3.955624908438871,0.6931471805599453,1.643614976113437,0.6931471805599453,0.0,5.697093486505405,5.814397977035162,0.0,3.8722677453601384,6.75343791859778,6.542543874917508,3.6375861597263857,2.3249704016997312
5.087596335232384,4.495104750824612,3.332204510175204,3.5671843366512093,0.6931471805599453,2.0991971771954763,0.6931471805599453,0.2725912345701527,5.6937321388027,5.624838051711181,0.0,6.7069255970508,6.759255270663693,6.93979151150436,3.713572066704308,3.2733640511269764
