RedundantThrowsDeclarationCheck_Actual,RedundantThrowsDeclarationCheck_Simulated,S1488_Actual,S1488_Simulated,S1905_Actual,S1905_Simulated,UselessImportCheck_Actual,UselessImportCheck_Simulated,S00108_Actual,S00108_Simulated
4.969813299576001,5.112958552709485,3.258096538021482,3.1324916786314416,2.70805020110221,2.842322744116647,4.127134385045092,3.9462715619334965,1.3862943611198906,1.0310430254238616
4.962844630259907,5.385474837943813,3.5553480614894135,3.3734141912926905,2.5649493574615367,2.687903365892514,4.248495242049359,1.9553325936662138,1.3862943611198906,0.24941320798428324
4.962844630259907,6.723284296241495,3.5553480614894135,4.29488293369911,2.5649493574615367,2.6385066654951905,4.23410650459726,4.11850462021957,1.3862943611198906,1.3845933221322522
