S1213_Actual,S1213_Simulated,S1488_Actual,S1488_Simulated,S1226_Actual,S1226_Simulated,S00112_Actual,S00112_Simulated,S1155_Actual,S1155_Simulated,S1151_Actual,S1151_Simulated,S1132_Actual,S1132_Simulated,S1481_Actual,S1481_Simulated
6.231355955723415,5.322131600535442,2.302585092994046,2.6006746894002077,3.713572066704308,3.599857828352987,4.634728988229636,4.473648311735318,2.5649493574615367,2.6050859816435126,4.143134726391533,4.130698363920785,3.912023005428146,4.162823514237498,1.9459101490553132,2.3346919493317135
6.231574463317423,4.735704281730835,2.302585092994046,2.6872474114958282,3.713572066704308,3.5367285958638295,4.634728988229636,4.433497917643942,2.5649493574615367,2.6078487508322565,4.143134726391533,4.140322073262543,3.912023005428146,4.276350968328682,1.9459101490553132,1.3339965871952644
6.231792923176292,5.153566830677278,2.302585092994046,2.423037001041678,3.713572066704308,3.69115624816316,4.634728988229636,4.432754290128432,2.5649493574615367,2.572723575238133,4.143134726391533,4.119258471348431,3.912023005428146,4.360377576979331,1.9459101490553132,1.9217981791851346
6.232011335320876,5.743936463793417,2.302585092994046,2.5670357310570626,3.713572066704308,3.545787758493566,4.634728988229636,4.421924821500811,2.5649493574615367,2.5322878444326826,4.143134726391533,4.124092511064233,3.912023005428146,4.150598398664226,1.9459101490553132,2.474957463918211
6.232229699772011,5.38618051238976,2.302585092994046,2.557383605442911,3.713572066704308,3.558800937672072,4.634728988229636,4.528969893525772,2.5649493574615367,2.684319914746647,4.143134726391533,4.121667816118596,3.912023005428146,4.382605617630315,1.9459101490553132,2.5791308652312273
6.2324480165505225,5.818715962080288,2.302585092994046,2.7263907846711,3.713572066704308,3.5402910692874334,4.634728988229636,4.536409146065694,2.5649493574615367,2.6562767761690877,4.143134726391533,4.1159943285733105,3.912023005428146,4.098396586856002,1.9459101490553132,2.067232082693824
