S1213_Actual,S1213_Simulated,RedundantThrowsDeclarationCheck_Actual,RedundantThrowsDeclarationCheck_Simulated,S00117_Actual,S00117_Simulated,S1488_Actual,S1488_Simulated,UselessImportCheck_Actual,UselessImportCheck_Simulated,DuplicatedBlocks_Actual,DuplicatedBlocks_Simulated,S00108_Actual,S00108_Simulated,S1151_Actual,S1151_Simulated,S1132_Actual,S1132_Simulated,S1481_Actual,S1481_Simulated
1.6094379124341003,1.5756497927369877,1.0608719606852626,0.25241187134073034,0.0,0.18529177914319295,0.6931471805599453,0.6743462050229961,0.0,1.1795748374291268,1.9459101490553132,2.628571057555208,1.0986122886681098,0.9743739085513304,1.6094379124341003,1.566371245538988,1.0986122886681098,1.0986074641099446,0.0,0.28515064114304844
1.6094379124341003,1.8563026339416577,1.0685348334308318,0.1756177071967292,0.0,0.0,0.6931471805599453,0.7605384975138335,0.0,0.0,1.9459101490553132,3.357033197349919,1.0986122886681098,0.8662034145760831,1.6094379124341003,1.4280171713702963,1.0986122886681098,1.0986078624970577,0.0,1.104529897698527
1.6094379124341003,1.6409243622018999,1.076139432816051,0.8105675942719663,0.0,0.3047180790696739,0.6931471805599453,0.5852720516120814,0.0,1.9436727987169355,1.9459101490553132,2.172734171241771,1.0986122886681098,0.6971143354443854,1.6094379124341003,1.7192519381786633,1.0986122886681098,1.0986062696787473,0.0,0.5688275105260125
1.6094379124341003,1.9140760102230054,1.083686638451434,0.0,0.0,0.13779506065044755,0.6931471805599453,0.6660142768004117,0.0,1.6100312500465437,1.9459101490553132,1.3369617696820262,1.0986122886681098,0.8308767036622879,1.6094379124341003,1.6054881753751236,1.0986122886681098,1.0986092793798348,0.0,0.4176254507516427
1.6094379124341003,1.5580386083563729,1.0911773101805915,0.0674941763082654,0.0,0.2815393941063695,0.6931471805599453,0.6845767240896052,0.0,1.0768672509240218,1.9459101490553132,2.751196861392142,1.0986122886681098,1.1550798100429749,1.6094379124341003,1.4714098510482163,1.0986122886681098,1.0986037414233756,0.0,0.5938324022101114
1.6094379124341003,1.6310295298019246,1.0986122886681098,0.2707122962680923,0.0,0.6206479016923248,0.6931471805599453,0.8551390143346239,0.0,1.439144999773163,1.9459101490553132,2.3239800238986286,1.0986122886681098,1.0444230889136197,1.6094379124341003,1.4686442728347329,1.0986122886681098,1.0986134843345061,0.0,0.371810250402165
