S1226_Actual,S1226_Simulated,S00112_Actual,S00112_Simulated,S1155_Actual,S1155_Simulated,S1151_Actual,S1151_Simulated,S1132_Actual,S1132_Simulated,S1481_Actual,S1481_Simulated
4.110873864173311,3.914262237314307,2.5546399878026755,2.363278455116825,1.3862943611198906,1.2938383108307667,2.0794415416798357,2.132264774171836,4.189654742026425,4.136555343838462,0.0,0.4362929003271627
4.110873864173311,3.9179962146426677,2.559807957961118,2.4764639961922983,1.3862943611198906,1.1047240864282857,2.0794415416798357,2.1048065984634916,4.189654742026425,4.16126736389814,0.0,0.0
4.110873864173311,3.9190257917264977,2.5649493574615367,2.3069727264363884,1.3862943611198906,1.1535067490771063,2.0794415416798357,1.91153660627555,4.189654742026425,3.8932606898969393,0.0,0.5320409912996562
