S1226_Actual,S1226_Simulated,S00112_Actual,S00112_Simulated,S1155_Actual,S1155_Simulated,S1151_Actual,S1151_Simulated,S1132_Actual,S1132_Simulated,S1481_Actual,S1481_Simulated
4.110873864173311,3.914262237314307,2.5546399878026755,2.363278455116825,1.3862943611198906,1.2938383108307667,2.0794415416798357,2.132264774171836,4.189654742026425,4.136555343838462,0.0,0.4362929003271627
4.110873864173311,3.218319046145483,2.559807957961118,2.1711312820012436,1.3862943611198906,1.1873717552494514,2.0794415416798357,1.988323430067984,4.189654742026425,3.8214867849081946,0.0,0.06940377588628838
4.110873864173311,3.2162558865885145,2.5649493574615367,2.376713533070109,1.3862943611198906,1.5746148032112606,2.0794415416798357,2.2150469451202945,4.189654742026425,4.115925526676193,0.0,0.7877189414951481
