S00117_Actual,S00117_Simulated,S1226_Actual,S1226_Simulated,S00112_Actual,S00112_Simulated,S1155_Actual,S1155_Simulated,S1151_Actual,S1151_Simulated,S1132_Actual,S1132_Simulated,S1481_Actual,S1481_Simulated
6.695798917058491,6.544627715346055,3.713572066704308,3.5956801464788457,4.634728988229636,4.355698515707799,2.5649493574615367,2.599013406349761,4.143134726391533,4.108846500182435,3.912023005428146,4.124104547864934,1.791759469228055,2.6237983037050836
6.695798917058491,6.4902331263165465,3.713572066704308,3.589491833567042,4.634728988229636,4.120763739263856,2.5649493574615367,2.7047679415081314,4.143134726391533,4.141653883581114,3.912023005428146,3.9671728828432413,1.9459101490553132,2.2640998630280835
6.69641677311769,6.5823985881537554,3.713572066704308,3.544196846023531,4.634728988229636,4.370668203912464,2.5649493574615367,2.712383661336071,4.143134726391533,4.014312527919948,3.912023005428146,4.243911123264256,1.9459101490553132,2.299640874682465
6.697034247666484,6.576159988179486,3.713572066704308,3.6205612419722257,4.634728988229636,4.575060293060613,2.5649493574615367,2.6282964630952037,4.143134726391533,4.157405802154112,3.912023005428146,4.022977051582575,1.9459101490553132,2.0662144728550214
6.697651341175731,6.661241016126144,3.713572066704308,3.627902704441513,4.634728988229636,4.30707043422585,2.5649493574615367,2.6110353496444323,4.143134726391533,4.121475129090171,3.912023005428146,4.09304751142346,1.9459101490553132,2.614712724426635
6.698268054115413,6.487372669863444,3.713572066704308,3.6108144060272394,4.634728988229636,4.616105464571218,2.5649493574615367,2.7000920500264867,4.143134726391533,4.16140170239794,3.912023005428146,4.094198058117445,1.9459101490553132,1.8219252743951344
