S1213_Actual,S1213_Simulated,RedundantThrowsDeclarationCheck_Actual,RedundantThrowsDeclarationCheck_Simulated,S1488_Actual,S1488_Simulated,DuplicatedBlocks_Actual,DuplicatedBlocks_Simulated,S1226_Actual,S1226_Simulated,S00112_Actual,S00112_Simulated,S1151_Actual,S1151_Simulated
5.003946305945459,4.189295074572902,3.332204510175204,3.411590488688553,0.6931471805599453,1.5414280278559198,5.69035945432406,5.00170704510986,0.0,3.0021800730187986,6.7339969528486705,6.007955147221165,3.6375861597263857,2.133853788746623
5.003946305945459,3.763765691580473,3.332204510175204,5.374790044696606,0.6931471805599453,1.5808051679793094,5.683579767338681,4.413715299704084,0.0,0.6831493525793602,6.734591659972948,6.980099624027998,3.6375861597263857,1.4768878472635731
5.0106352940962555,4.358353611823296,3.332204510175204,4.284855256994032,0.6931471805599453,2.4125407331784925,5.700443573390687,5.493531038641484,0.0,2.5977630820304762,6.734591659972948,5.627745998497469,3.6375861597263857,3.2376328616072265
5.030437921392435,4.042983222526175,3.332204510175204,3.787199893467874,0.6931471805599453,2.290344873788131,5.68697535633982,4.421958567578725,0.0,4.599723865473772,6.739336627357174,6.326253708202357,3.6375861597263857,2.0156962718813483
5.030437921392435,3.979962824720223,3.332204510175204,3.177899980931773,0.6931471805599453,0.5333737633181783,5.697093486505405,4.576333473771416,0.0,4.369283995759888,6.75343791859778,5.520603812318915,3.6375861597263857,2.741370295496343
5.087596335232384,4.361166501238231,3.332204510175204,2.843067257597296,0.6931471805599453,0.4206125820066604,5.6937321388027,5.83677454077202,0.0,5.0094252343822525,6.759255270663693,7.117051339631206,3.713572066704308,2.507640386939571
