S1213_Actual,S1213_Simulated,RedundantThrowsDeclarationCheck_Actual,RedundantThrowsDeclarationCheck_Simulated,S1488_Actual,S1488_Simulated,DuplicatedBlocks_Actual,DuplicatedBlocks_Simulated,S1226_Actual,S1226_Simulated,S00112_Actual,S00112_Simulated,S1151_Actual,S1151_Simulated
5.003946305945459,4.189295074572902,3.332204510175204,3.411590488688553,0.6931471805599453,1.5414280278559198,5.69035945432406,5.00170704510986,0.0,3.0021800730187986,6.7339969528486705,6.007955147221165,3.6375861597263857,2.133853788746623
5.003946305945459,4.708212644255434,3.332204510175204,4.664433727910774,0.6931471805599453,0.8957949080527448,5.683579767338681,5.577754882964744,0.0,0.9775616346184122,6.734591659972948,4.243288441843271,3.6375861597263857,3.409192100668318
5.0106352940962555,4.06288322840942,3.332204510175204,4.360523216532785,0.6931471805599453,1.1083604123413993,5.700443573390687,5.105463949998514,0.0,0.07997898465379505,6.734591659972948,7.350365179219503,3.6375861597263857,3.2397210464290307
5.030437921392435,4.4428001531642245,3.332204510175204,3.230562428940844,0.6931471805599453,1.4106066007161804,5.68697535633982,5.381088023112037,0.0,4.0365678086492816,6.739336627357174,5.742369328699681,3.6375861597263857,1.6514972651605697
5.030437921392435,4.731260920271806,3.332204510175204,3.675893063573938,0.6931471805599453,1.3852355656205386,5.697093486505405,5.394422939989395,0.0,4.28682867995631,6.75343791859778,4.6454078140108495,3.6375861597263857,1.5224820667558026
5.087596335232384,4.25476407781857,3.332204510175204,3.1348641111999465,0.6931471805599453,2.680899636534249,5.6937321388027,4.385992340323927,0.0,0.9424262434213166,6.759255270663693,6.391631928161216,3.713572066704308,1.8288127581591391
