DuplicatedBlocks_Actual,DuplicatedBlocks_Simulated,S1481_Actual,S1481_Simulated
3.258096538021482,2.5129296442372437,0.15415067982725825,0.502759145915681
3.258096538021482,2.292639681213903,0.2876820724517809,0.6096644959460091
3.258096538021482,2.8836933589256657,0.4054651081081644,0.9934051358796064
3.258096538021482,3.24120143714668,0.5108256237659906,0.0
3.258096538021482,3.2529234462210646,0.6061358035703155,0.5245567497943482
3.258096538021482,2.095234174269829,0.6931471805599453,0.6785741862249106
