S1213_Actual,S1213_Simulated,RedundantThrowsDeclarationCheck_Actual,RedundantThrowsDeclarationCheck_Simulated,S00117_Actual,S00117_Simulated,S00122_Actual,S00122_Simulated,DuplicatedBlocks_Actual,DuplicatedBlocks_Simulated,S1226_Actual,S1226_Simulated,S1155_Actual,S1155_Simulated,S00108_Actual,S00108_Simulated,S1132_Actual,S1132_Simulated
4.442651256490317,3.9736462603351703,1.0986122886681098,0.7506859406485378,1.791759469228055,1.3000568012839122,2.5649493574615367,2.9404301144203595,3.295836866004329,2.3621206429605626,3.7612001156935624,2.945350239029016,0.0,0.00845563664876762,1.6094379124341003,0.8320702696305738,1.6094379124341003,1.0863350080236112
4.454347296253507,4.2421567623829795,1.0986122886681098,0.09913747095326475,1.791759469228055,1.9226022392500242,2.5649493574615367,0.8426980940417819,3.295836866004329,2.6134392948247154,3.7612001156935624,2.0617305254015235,0.0,0.0,1.6094379124341003,0.5018701616996539,1.6094379124341003,0.9756917781094648
4.465908118654584,3.123349212220685,1.0986122886681098,0.0,1.791759469228055,2.496449644155401,2.5649493574615367,2.683913494778816,3.295836866004329,4.1689133800200775,3.7612001156935624,2.8073418268731585,0.0,0.07550053421726494,1.6094379124341003,0.6137549972244785,1.6094379124341003,0.9289748017883861
4.473541743509655,5.458193390217761,1.0986122886681098,1.3158688589669265,1.8458266904983307,1.6509973270716272,2.5649493574615367,8.063490456551017,3.295836866004329,2.498211826848379,3.7689221617874726,2.1579088513801095,0.0,0.0,1.6094379124341003,1.1832121648706793,1.6094379124341003,0.5207468304307843
4.481117537318112,3.4839232528112114,1.0986122886681098,1.4404173829466997,1.8971199848858813,0.886364657490096,2.5649493574615367,1.8550955247141585,3.295836866004329,2.0462786071631838,3.7765850345330416,2.6252870038246976,0.0,0.0,1.6094379124341003,1.4748371564998402,1.6094379124341003,1.6113982029821932
4.48863636973214,4.451782288439111,1.0986122886681098,0.6042543536947063,1.9459101490553132,0.7107046358555665,2.5649493574615367,0.6633288425382577,3.295836866004329,1.9769029138893295,3.784189633918261,3.458783671748934,0.0,0.0,1.6094379124341003,0.9129021661558216,1.6094379124341003,0.45039894810158776
