S1213_Actual,S1213_Simulated,RedundantThrowsDeclarationCheck_Actual,RedundantThrowsDeclarationCheck_Simulated,S00117_Actual,S00117_Simulated,S00122_Actual,S00122_Simulated,DuplicatedBlocks_Actual,DuplicatedBlocks_Simulated,S1226_Actual,S1226_Simulated,S1155_Actual,S1155_Simulated,S00108_Actual,S00108_Simulated,S1132_Actual,S1132_Simulated
4.442651256490317,3.9736462603351703,1.0986122886681098,0.7506859406485378,1.791759469228055,1.3000568012839122,2.5649493574615367,2.9404301144203595,3.295836866004329,2.3621206429605626,3.7612001156935624,2.945350239029016,0.0,0.00845563664876762,1.6094379124341003,0.8320702696305738,1.6094379124341003,1.0863350080236112
4.454347296253507,4.652384990506194,1.0986122886681098,1.9477689164913299,1.791759469228055,1.0787814940329927,2.5649493574615367,1.8047394045370004,3.295836866004329,2.1680489510480325,3.7612001156935624,2.822792988094981,0.0,0.0,1.6094379124341003,1.0271143135396756,1.6094379124341003,1.1914562318142388
4.465908118654584,3.654804455625931,1.0986122886681098,0.9294337391190886,1.791759469228055,0.12334741037684394,2.5649493574615367,2.623377907441759,3.295836866004329,1.5292132151605722,3.7612001156935624,0.7703673192503304,0.0,0.0,1.6094379124341003,1.2573254019381717,1.6094379124341003,1.3813982167836152
4.473541743509655,2.886633563994068,1.0986122886681098,1.5104997619859124,1.8458266904983307,1.4219433162683246,2.5649493574615367,0.0869260219492558,3.295836866004329,3.3661410373305642,3.7689221617874726,2.1924927818599107,0.0,0.0,1.6094379124341003,0.9003172444161335,1.6094379124341003,2.1531385144441417
4.481117537318112,3.6876540286525112,1.0986122886681098,1.2037854530954708,1.8971199848858813,1.3225101327407245,2.5649493574615367,1.1764312744439192,3.295836866004329,2.827976514432068,3.7765850345330416,2.5643845478039293,0.0,0.19607921134444106,1.6094379124341003,0.947412557118038,1.6094379124341003,0.5395270865554469
4.48863636973214,3.5349581725038743,1.0986122886681098,1.5119073136811467,1.9459101490553132,2.1035129173953426,2.5649493574615367,6.271241751038804,3.295836866004329,2.57579413842211,3.784189633918261,2.464081584045634,0.0,0.15267132274958248,1.6094379124341003,0.25646697933250084,1.6094379124341003,1.7104933455324787
