RedundantThrowsDeclarationCheck_Actual,RedundantThrowsDeclarationCheck_Simulated,S1488_Actual,S1488_Simulated,S1905_Actual,S1905_Simulated,DuplicatedBlocks_Actual,DuplicatedBlocks_Simulated,S1226_Actual,S1226_Simulated,S00112_Actual,S00112_Simulated,S1151_Actual,S1151_Simulated,S1132_Actual,S1132_Simulated,S1481_Actual,S1481_Simulated
3.1354942159291497,3.5351683455796343,2.268683541318364,2.3448650609869333,0.6931471805599453,2.6336389706392938,5.015069891164122,4.510972925856334,3.721669276936927,3.8233103768142858,3.091042453358316,2.431549945789797,3.258096538021482,2.7244619324435924,3.5553480614894135,3.4205118984428196,1.9459101490553132,3.001156803470868
3.1354942159291497,2.8426956555877947,2.1972245773362196,1.4504910485388394,0.6931471805599453,0.0,5.043425116919247,4.168933791455374,3.713572066704308,2.7805364842108764,3.091042453358316,2.2368125241974566,3.258096538021482,3.686655212003207,3.5553480614894135,3.47184791198491,1.9459101490553132,3.6743059420022313
3.1354942159291497,4.590135903330754,2.1972245773362196,2.0416479255587903,0.6931471805599453,3.4547494795105487,5.043425116919247,4.10750338936291,3.713572066704308,4.1007682747604015,3.091042453358316,2.0754903169558783,3.258096538021482,1.4365816341422204,3.5553480614894135,3.062906321595779,1.9459101490553132,2.7189689369484196
3.1354942159291497,3.6032462239657352,2.1972245773362196,2.420771973682902,0.6931471805599453,1.0505929796179183,5.043425116919247,3.5508816744158667,3.713572066704308,5.551051509495303,3.091042453358316,2.435989851681824,3.258096538021482,6.5026526213554705,3.5553480614894135,3.1744292768848554,1.9459101490553132,2.8890729232581895
3.1354942159291497,3.5040768395311477,2.1972245773362196,1.638472193165235,0.6931471805599453,3.6561371808188055,5.043425116919247,4.98557872698171,3.713572066704308,5.610481677258731,3.091042453358316,2.189623809361384,3.258096538021482,2.241868712354897,3.5553480614894135,3.616520469150507,1.9459101490553132,1.8647821932403594
3.1354942159291497,4.158614864305675,2.1972245773362196,1.966963359307149,0.6931471805599453,2.329767072404396,5.043425116919247,4.952565607541588,3.713572066704308,4.0197864564016985,3.091042453358316,1.6145740073697041,3.258096538021482,0.0042816964704561755,3.5553480614894135,3.7609536572585274,1.9459101490553132,2.4001994491624616
