RedundantThrowsDeclarationCheck_Actual,RedundantThrowsDeclarationCheck_Simulated,S1488_Actual,S1488_Simulated,S1905_Actual,S1905_Simulated,DuplicatedBlocks_Actual,DuplicatedBlocks_Simulated,S1226_Actual,S1226_Simulated,S00112_Actual,S00112_Simulated,S1151_Actual,S1151_Simulated,S1132_Actual,S1132_Simulated,S1481_Actual,S1481_Simulated
3.1354942159291497,3.5351683455796343,2.1972245773362196,2.3448650609869333,0.6931471805599453,2.6336389706392938,5.043425116919247,4.510972925856334,3.713572066704308,3.8233103768142858,3.091042453358316,2.431549945789797,3.258096538021482,2.7244619324435924,3.5553480614894135,3.4205118984428196,1.9459101490553132,3.001156803470868
3.1354942159291497,3.4978992568812384,2.1972245773362196,1.386284383868425,0.6931471805599453,5.483329081346813,5.043425116919247,4.102610235958558,3.713572066704308,2.055140294800374,3.091042453358316,2.5849358376815044,3.258096538021482,4.697253667030553,3.5553480614894135,3.6643817598128843,1.9459101490553132,2.5542308685214214
3.1354942159291497,3.0902770860107163,2.1972245773362196,2.8418542775088955,0.6931471805599453,0.18134630106944583,5.043425116919247,4.1408927901195955,3.713572066704308,3.4949554583138136,3.091042453358316,2.5144906345664135,3.258096538021482,4.7725359519153026,3.5553480614894135,2.950378404335738,1.9459101490553132,2.828567513153189
