RedundantThrowsDeclarationCheck_Actual,RedundantThrowsDeclarationCheck_Simulated,S00122_Actual,S00122_Simulated,UselessImportCheck_Actual,UselessImportCheck_Simulated,DuplicatedBlocks_Actual,DuplicatedBlocks_Simulated,S00112_Actual,S00112_Simulated,S1155_Actual,S1155_Simulated,S1151_Actual,S1151_Simulated,S1132_Actual,S1132_Simulated,S1481_Actual,S1481_Simulated
3.367295829986474,3.182826244321462,0.0,0.17804065448848427,0.0,1.0120744067826586,3.784189633918261,3.1131672510296626,5.181783550292085,3.495480419818657,1.3862943611198906,1.4002786624897638,0.6931471805599453,0.3168034653383228,3.044522437723423,2.3619558113018173,0.0,1.1044258036092558
3.367295829986474,3.261505957413523,0.0,0.0,0.0,1.2963020638780336,3.784189633918261,5.179552368608574,5.181783550292085,4.086358271410496,1.3862943611198906,1.3781877243668053,0.6931471805599453,0.4299172028945556,3.044522437723423,3.350877230590231,0.0,0.9923688466664067
3.367295829986474,3.301312227377082,0.0,0.3140048403541883,0.0,0.4035325158845059,3.784189633918261,3.6606342332902164,5.181783550292085,3.887050759508189,1.3862943611198906,0.4430803816038932,0.6931471805599453,0.0,3.044522437723423,0.9780820483642081,0.0,0.0
3.367295829986474,3.540912044610021,0.0,0.0,0.0,2.447132270157731,3.784189633918261,4.020117705501655,5.181783550292085,1.2247728758841698,1.3862943611198906,1.702104762788991,0.6931471805599453,0.6825085544626492,3.044522437723423,3.6763063302971366,0.0,4.424647546987935
3.367295829986474,2.8420401670849915,0.0,0.0,0.0,1.3318599936188396,3.784189633918261,1.6225364096448804,5.181783550292085,5.909127872800429,1.3862943611198906,1.5684827435844808,0.6931471805599453,0.22013642486290816,3.044522437723423,2.4821364619538437,0.0,0.0
3.367295829986474,3.8169019428381232,0.0,0.0,0.0,1.1910038517901484,3.784189633918261,4.299087057600838,5.181783550292085,2.419509257186037,1.3862943611198906,0.0,0.6931471805599453,0.5380097162064502,3.044522437723423,1.1759176892068783,0.0,0.26519215478034686
