RedundantThrowsDeclarationCheck_Actual,RedundantThrowsDeclarationCheck_Simulated,S00122_Actual,S00122_Simulated,UselessImportCheck_Actual,UselessImportCheck_Simulated,DuplicatedBlocks_Actual,DuplicatedBlocks_Simulated,S00112_Actual,S00112_Simulated,S1155_Actual,S1155_Simulated,S1151_Actual,S1151_Simulated,S1132_Actual,S1132_Simulated,S1481_Actual,S1481_Simulated
3.367295829986474,3.182826244321462,0.0,0.17804065448848427,0.0,1.0120744067826586,3.784189633918261,3.1131672510296626,5.181783550292085,3.495480419818657,1.3862943611198906,1.4002786624897638,0.6931471805599453,0.3168034653383228,3.044522437723423,2.3619558113018173,0.0,1.1044258036092558
3.367295829986474,3.2251646905847657,0.0,0.2384201820972967,0.0,0.6407302839666145,3.784189633918261,4.349655422145741,5.181783550292085,3.1713130987078193,1.3862943611198906,2.218033250445678,0.6931471805599453,0.6612149947994259,3.044522437723423,2.2493570308207325,0.0,0.0
3.367295829986474,3.1046547507124735,0.0,0.7646935271252682,0.0,1.05395670154688,3.784189633918261,2.3473662531873174,5.181783550292085,3.3173825828661463,1.3862943611198906,1.0858468178703895,0.6931471805599453,0.641881531164638,3.044522437723423,2.169655997689719,0.0,0.0
3.367295829986474,3.2232914142328415,0.0,0.0,0.0,2.247312746168057,3.784189633918261,5.612575334681155,5.181783550292085,2.2751866270480026,1.3862943611198906,3.0291772925795213,0.6931471805599453,0.5270548563623716,3.044522437723423,3.7134361057362133,0.0,1.140612595943465
3.367295829986474,3.2962301198375346,0.0,0.0,0.0,0.8065509857720743,3.784189633918261,3.210441600917291,5.181783550292085,5.289870825995727,1.3862943611198906,1.6535795234333823,0.6931471805599453,0.005008300780627473,3.044522437723423,2.1090860479068025,0.0,2.8761688407493935
3.367295829986474,3.0371776424334045,0.0,0.24906734147415133,0.0,0.027238102652359375,3.784189633918261,4.382954047703034,5.181783550292085,5.60525922789603,1.3862943611198906,0.33725839752676956,0.6931471805599453,0.0,3.044522437723423,1.5894482693484813,0.0,1.2703423068972401
