RedundantThrowsDeclarationCheck_Actual,RedundantThrowsDeclarationCheck_Simulated,S00122_Actual,S00122_Simulated,UselessImportCheck_Actual,UselessImportCheck_Simulated,DuplicatedBlocks_Actual,DuplicatedBlocks_Simulated,S00112_Actual,S00112_Simulated,S1155_Actual,S1155_Simulated,S00108_Actual,S00108_Simulated,S1151_Actual,S1151_Simulated,S1132_Actual,S1132_Simulated,S1481_Actual,S1481_Simulated
3.367295829986474,3.182826244321462,0.0,0.17804065448848427,0.0,1.0120744067826586,3.784189633918261,3.1131672510296626,5.181783550292085,3.495480419818657,1.3862943611198906,1.4002786624897638,4.844187086458591,4.465479026967496,0.6931471805599453,0.3168034653383228,3.044522437723423,2.3619558113018173,0.0,1.1044258036092558
3.367295829986474,2.556559557905494,0.0,0.0,0.0,1.612977763782566,3.784189633918261,3.7955454866296696,5.181783550292085,3.6495797705524384,1.3862943611198906,1.3480412933906525,4.844187086458591,1.97483043374827,0.6931471805599453,0.17938605491914048,3.044522437723423,1.3548405331357642,0.0,0.0378468650597934
3.367295829986474,3.3080107796408473,0.0,0.0480874352248567,0.0,0.6675701703032232,3.784189633918261,2.1193102827592325,5.181783550292085,6.117371890929272,1.3862943611198906,2.9628335670471024,4.844187086458591,2.5696244192963515,0.6931471805599453,0.07440880421469764,3.044522437723423,1.5711947421818442,0.0,3.3814666312754023
3.367295829986474,3.995152060730666,0.0,0.0,0.0,0.12601872523562097,3.784189633918261,4.936221193562163,5.181783550292085,4.101474628182239,1.3862943611198906,1.5751943444338226,4.844187086458591,3.5900472064537507,0.6931471805599453,0.3916705191151864,3.044522437723423,2.2014076319895604,0.0,2.1944050881779003
3.367295829986474,3.4809783600093245,0.0,0.3740154923243376,0.0,1.0671183233993116,3.784189633918261,3.0802762123254332,5.181783550292085,1.8835897437947826,1.3862943611198906,0.6494811465740234,4.844187086458591,4.172717633747357,0.6931471805599453,0.0,3.044522437723423,0.43444273808679257,0.0,0.692284942373661
3.367295829986474,3.2790931737605886,0.0,0.19956581973989002,0.0,1.2659688781379919,3.784189633918261,4.572845909160215,5.181783550292085,5.303561644355211,1.3862943611198906,1.6430968585920445,4.844187086458591,3.676738579610858,0.6931471805599453,0.2844811335411875,3.044522437723423,1.763691145254676,0.0,2.4791892106348596
