RedundantThrowsDeclarationCheck_Actual,RedundantThrowsDeclarationCheck_Simulated,S00122_Actual,S00122_Simulated,UselessImportCheck_Actual,UselessImportCheck_Simulated,DuplicatedBlocks_Actual,DuplicatedBlocks_Simulated,S00112_Actual,S00112_Simulated,S1155_Actual,S1155_Simulated,S00108_Actual,S00108_Simulated,S1151_Actual,S1151_Simulated,S1132_Actual,S1132_Simulated,S1481_Actual,S1481_Simulated
3.367295829986474,3.182826244321462,0.0,0.17804065448848427,0.0,1.0120744067826586,3.784189633918261,3.1131672510296626,5.181783550292085,3.495480419818657,1.3862943611198906,1.4002786624897638,4.844187086458591,4.465479026967496,0.6931471805599453,0.3168034653383228,3.044522437723423,2.3619558113018173,0.0,1.1044258036092558
3.367295829986474,2.6433325446429126,0.0,0.0,0.0,1.1630318350961977,3.784189633918261,3.271428138242819,5.181783550292085,3.1790698653769174,1.3862943611198906,0.9914329674439217,4.844187086458591,6.223030213847615,0.6931471805599453,0.42794485737315324,3.044522437723423,2.9234218016134257,0.0,0.0
3.367295829986474,3.6152744195102344,0.0,0.7985953230980869,0.0,1.5800485041670072,3.784189633918261,3.4082312553241505,5.181783550292085,3.594244430453647,1.3862943611198906,1.1313004175323695,4.844187086458591,6.099441378198403,0.6931471805599453,0.0,3.044522437723423,2.1826462707876573,0.0,0.0
