RedundantThrowsDeclarationCheck_Actual,RedundantThrowsDeclarationCheck_Simulated,S00122_Actual,S00122_Simulated,UselessImportCheck_Actual,UselessImportCheck_Simulated,DuplicatedBlocks_Actual,DuplicatedBlocks_Simulated,S00112_Actual,S00112_Simulated,S1155_Actual,S1155_Simulated,S00108_Actual,S00108_Simulated,S1151_Actual,S1151_Simulated,S1132_Actual,S1132_Simulated,S1481_Actual,S1481_Simulated
3.367295829986474,3.182826244321462,0.0,0.17804065448848427,0.0,1.0120744067826586,3.784189633918261,3.1131672510296626,5.181783550292085,3.495480419818657,1.3862943611198906,1.4002786624897638,4.844187086458591,4.465479026967496,0.6931471805599453,0.3168034653383228,3.044522437723423,2.3619558113018173,0.0,1.1044258036092558
3.367295829986474,3.010971223749555,0.0,0.3246380499266479,0.0,0.0,3.784189633918261,3.6624796300972444,5.181783550292085,4.437441703098564,1.3862943611198906,1.0656031378920217,4.844187086458591,5.910827724032584,0.6931471805599453,0.4411656190434686,3.044522437723423,2.039989239688539,0.0,3.1601899893305756
3.367295829986474,3.522486264454445,0.0,1.213249772963743,0.0,2.0638997818247105,3.784189633918261,4.1417090776807095,5.181783550292085,4.474887992256224,1.3862943611198906,0.9169703124676357,4.844187086458591,4.823085409169779,0.6931471805599453,0.7748468826807345,3.044522437723423,3.022067968652311,0.0,0.08116555040202655
3.367295829986474,3.187593739743908,0.0,0.2760098261001707,0.0,1.115853580059815,3.784189633918261,2.3502626872508126,5.181783550292085,3.5311059297126626,1.3862943611198906,1.63697414005688,4.844187086458591,3.9655757987362543,0.6931471805599453,0.0,3.044522437723423,2.884847534755246,0.0,1.1135364674413397
3.367295829986474,3.229210013506689,0.0,0.7114254637167782,0.0,0.5697006848711638,3.784189633918261,1.6582355362970544,5.181783550292085,3.5171056666231366,1.3862943611198906,1.3494475635487735,4.844187086458591,6.066057114010439,0.6931471805599453,0.662656255586332,3.044522437723423,2.9242769180259054,0.0,2.2516102747274696
3.367295829986474,4.316093995261667,0.0,0.0,0.0,0.6947647129282928,3.784189633918261,3.1834159686480925,5.181783550292085,4.655450193139692,1.3862943611198906,0.009972760967944971,4.844187086458591,5.047597706884592,0.6931471805599453,0.06473067414183858,3.044522437723423,2.4498526884176264,0.0,0.169173176768751
