S1213_Actual,S1213_Simulated,RedundantThrowsDeclarationCheck_Actual,RedundantThrowsDeclarationCheck_Simulated,S1488_Actual,S1488_Simulated,S1905_Actual,S1905_Simulated,DuplicatedBlocks_Actual,DuplicatedBlocks_Simulated,S1226_Actual,S1226_Simulated,S00112_Actual,S00112_Simulated,S1151_Actual,S1151_Simulated,S1132_Actual,S1132_Simulated
5.448173122092414,5.315746943612542,3.1354942159291497,3.5351683455796343,2.268683541318364,2.3448650609869333,0.6931471805599453,2.6336389706392938,5.015069891164122,4.510972925856334,3.721669276936927,3.8233103768142858,3.091042453358316,2.431549945789797,3.258096538021482,2.7244619324435924,3.5553480614894135,3.4205118984428196
5.438079308923196,4.7914655390902015,3.1354942159291497,3.261802753597677,2.1972245773362196,1.972294907923166,0.6931471805599453,5.733402548301402,5.043425116919247,4.692586113732794,3.713572066704308,4.176516721457058,3.091042453358316,3.1199559500365037,3.258096538021482,3.5247676990231764,3.5553480614894135,3.6432601180937443
5.438079308923196,5.8330335446423,3.1354942159291497,4.032497842687576,2.1972245773362196,3.21113580839522,0.6931471805599453,3.093581622011212,5.043425116919247,3.0730515536199325,3.713572066704308,3.5031080106268133,3.091042453358316,2.7336016986163516,3.258096538021482,1.4320490962621888,3.5553480614894135,3.285093002768545
5.438079308923196,6.096568572570933,3.1354942159291497,3.255480454617685,2.1972245773362196,2.161648731169442,0.6931471805599453,2.233876429091147,5.043425116919247,5.465098294916765,3.713572066704308,4.369812886718166,3.091042453358316,2.812231791788923,3.258096538021482,2.0705742188958025,3.5553480614894135,3.90508099569796
5.438079308923196,4.760258410448846,3.1354942159291497,2.894015185138173,2.1972245773362196,1.3662642313363014,0.6931471805599453,0.7814697974605764,5.043425116919247,5.105599547347006,3.713572066704308,4.869211709634746,3.091042453358316,2.4627859874856166,3.258096538021482,1.2673493846034163,3.5553480614894135,3.3267547476070183
5.438079308923196,6.581474392305621,3.1354942159291497,4.412911836332588,2.1972245773362196,2.3806406650740093,0.6931471805599453,5.048621898171973,5.043425116919247,3.451318184833456,3.713572066704308,4.200695913894059,3.091042453358316,2.1676364218067814,3.258096538021482,3.6897440291746544,3.5553480614894135,3.0087809968594175
