RedundantThrowsDeclarationCheck_Actual,RedundantThrowsDeclarationCheck_Simulated,S00117_Actual,S00117_Simulated,S1905_Actual,S1905_Simulated,S1488_Actual,S1488_Simulated
0.0,1.4446739821717254,0.0,1.0331471147594533,0.0,0.9629036865276639,0.0,0.836983163160586
0.0,2.2699274391348947,0.0,1.0433712803349973,0.0,1.350546963927188,0.0,0.788393208617215
0.0,4.618460100372625,0.0,0.0,0.0,0.27923687944797826,0.0,0.6856037322378241
0.0,1.8044544908024929,0.0,1.7867434869659218,0.0,1.2357768920634495,0.0,0.0
0.0,0.8539006771466601,0.0,0.6780127921020236,0.0,0.0,0.0,2.144221348278733
0.0,4.7018308108238305,0.0,0.6605703289703705,0.0,0.24794723582590694,0.0,0.5504132064173135
