RedundantThrowsDeclarationCheck_Actual,RedundantThrowsDeclarationCheck_Simulated,S00117_Actual,S00117_Simulated,S1905_Actual,S1905_Simulated,S1488_Actual,S1488_Simulated
0.0,1.4446739821717254,0.0,1.0331471147594533,0.0,0.9629036865276639,0.0,0.836983163160586
0.0,2.5698427053146906,0.0,3.4672228481898157,0.0,2.317181441345206,0.0,1.4987942069262983
0.0,1.2638330287643063,0.0,2.822091614855978,0.0,2.331562674712528,0.0,3.3046566114480105
0.0,2.022509817042967,0.0,0.6955142003939896,0.0,0.9689072848688198,0.0,0.9594936035321451
0.0,1.3770298862631414,0.0,0.2623704174718048,0.0,0.6499338901248397,0.0,2.1509982886962646
0.0,0.7489654534259597,0.0,1.6102690706199911,0.0,2.653781949944745,0.0,0.0
