S1213_Actual,S1213_Simulated,RedundantThrowsDeclarationCheck_Actual,RedundantThrowsDeclarationCheck_Simulated,S00117_Actual,S00117_Simulated,S1488_Actual,S1488_Simulated,UselessImportCheck_Actual,UselessImportCheck_Simulated,DuplicatedBlocks_Actual,DuplicatedBlocks_Simulated,S00112_Actual,S00112_Simulated,S00108_Actual,S00108_Simulated,S1132_Actual,S1132_Simulated,S1481_Actual,S1481_Simulated
1.6094379124341003,1.5756497927369877,1.0608719606852626,0.25241187134073034,0.0,0.18529177914319295,0.6931471805599453,0.6743462050229961,0.0,1.1795748374291268,1.9459101490553132,2.628571057555208,4.243721963296702,3.400715103324849,1.0986122886681098,0.9743739085513304,1.0986122886681098,1.0986074641099446,0.0,0.28515064114304844
1.6094379124341003,2.3560302810158125,1.0685348334308318,0.0,0.0,0.20294804794088403,0.6931471805599453,0.6393964320070747,0.0,2.47612955602135,1.9459101490553132,1.961389173323774,4.244678443522658,6.2405004913381665,1.0986122886681098,0.4451584262300128,1.0986122886681098,1.0986033738015266,0.0,0.14352355588542967
1.6094379124341003,1.8775814679126248,1.076139432816051,0.5332961632597812,0.0,0.21378835759813253,0.6931471805599453,0.6093187546296468,0.0,3.5407474270988235,1.9459101490553132,2.9891790282499993,4.2456340097683265,4.146538938002579,1.0986122886681098,0.9735721902168746,1.0986122886681098,1.0986090698103481,0.0,0.0
1.6094379124341003,1.4851950765922837,1.083686638451434,0.0,0.0,0.040330652936265005,0.6931471805599453,0.5456730219155199,0.0,0.08915763726082271,1.9459101490553132,3.2425716326445375,4.246588663778778,3.6020448081043988,1.0986122886681098,0.9726148139876021,1.0986122886681098,1.0986048705082059,0.0,0.0
1.6094379124341003,1.2072996557853088,1.0911773101805915,0.44210869208109904,0.0,0.3532317710858029,0.6931471805599453,0.6437756156661951,0.0,1.2235154608335543,1.9459101490553132,1.8932994387139122,4.2475424072940875,2.4870245171585355,1.0986122886681098,0.9254833703457174,1.0986122886681098,1.0986088682808248,0.0,0.0
1.6094379124341003,1.3594385543119376,1.0986122886681098,0.5842805056298594,0.0,0.09548311691667148,0.6931471805599453,0.5938667759607967,0.0,0.494610414226497,1.9459101490553132,2.1971022732232504,4.248495242049359,4.370166570235412,1.0986122886681098,0.5690734922407205,1.0986122886681098,1.0986057268624931,0.0,0.4241317451339267
