S1213_Actual,S1213_Simulated,RedundantThrowsDeclarationCheck_Actual,RedundantThrowsDeclarationCheck_Simulated,S1488_Actual,S1488_Simulated,S1905_Actual,S1905_Simulated,DuplicatedBlocks_Actual,DuplicatedBlocks_Simulated,S1226_Actual,S1226_Simulated,S00112_Actual,S00112_Simulated,S1151_Actual,S1151_Simulated,S1132_Actual,S1132_Simulated,S1481_Actual,S1481_Simulated
5.438079308923196,5.315746943612542,3.1354942159291497,3.5351683455796343,2.1972245773362196,2.3448650609869333,0.6931471805599453,2.6336389706392938,5.043425116919247,4.510972925856334,3.713572066704308,3.8233103768142858,3.091042453358316,2.431549945789797,3.258096538021482,2.7244619324435924,3.5553480614894135,3.4205118984428196,1.9459101490553132,3.001156803470868
5.438079308923196,5.244922381513599,3.1354942159291497,3.445178068646201,2.1972245773362196,1.5915165110441705,0.6931471805599453,3.8180213182052443,5.043425116919247,5.14916302815052,3.713572066704308,4.818887717110606,3.091042453358316,2.2918536523480486,3.258096538021482,3.1330272428336423,3.5553480614894135,3.2124278023801582,1.9459101490553132,0.1127611044506045
5.438079308923196,5.092932822491553,3.1354942159291497,3.494068690785597,2.1972245773362196,1.863034108894969,0.6931471805599453,2.6326237020361627,5.043425116919247,5.949060323158974,3.713572066704308,4.124227446296723,3.091042453358316,2.237728276315634,3.258096538021482,2.5415238971131315,3.5553480614894135,3.6454128272235837,1.9459101490553132,3.6420469270085447
