S1213_Actual,S1213_Simulated,RedundantThrowsDeclarationCheck_Actual,RedundantThrowsDeclarationCheck_Simulated,S00117_Actual,S00117_Simulated,S00122_Actual,S00122_Simulated,S1905_Actual,S1905_Simulated,UselessImportCheck_Actual,UselessImportCheck_Simulated,DuplicatedBlocks_Actual,DuplicatedBlocks_Simulated,S1155_Actual,S1155_Simulated
5.765191102784844,5.905965091877481,5.733341276897746,5.406354149356674,5.811140992976701,5.623524564790877,6.298949246855942,6.198847681621536,1.791759469228055,2.218394196647229,2.772588722239781,3.5535918260069694,5.66988092298052,5.778379256897303,4.23410650459726,3.9342304055250064
5.75890177387728,5.758536045228339,5.703782474656201,5.567796523496942,5.808142489980444,5.75910970190537,6.278521424165844,6.868459841828236,1.791759469228055,1.5529602225981818,2.302585092994046,5.609956571529125,5.6131281063880705,5.1976836290278,4.23410650459726,5.083087963104843
5.7745515455444085,5.858616845734829,5.717027701406222,5.1305514974297495,5.808142489980444,5.1553909820806565,6.278521424165844,5.765895768756644,1.791759469228055,2.661001283422908,2.4849066497880004,2.3160108567125386,5.616771097666572,5.436633311115184,4.23410650459726,4.132323364515129
5.765191102784844,5.535330166537609,5.71042701737487,5.107287113843327,5.808142489980444,5.497402330696204,6.2878585601617845,6.453389778975874,1.791759469228055,1.2407814576898726,2.302585092994046,1.605087330517114,5.616771097666572,6.210437365912368,4.23410650459726,4.534086027774201
5.777652323222656,5.547363672875164,5.707110264748875,5.81615647121455,5.755742213586912,5.029136651450104,6.3080984415095305,6.555576253402997,1.791759469228055,2.874233905571727,2.3978952727983707,5.369950474619616,5.66988092298052,5.880992271254079,4.23410650459726,3.8386413627419063
5.777652323222656,6.178089864695169,5.707110264748875,5.440817593705279,5.755742213586912,5.548243483938217,6.3080984415095305,6.480873560168533,1.791759469228055,1.6249274869384338,2.302585092994046,3.812027499882228,5.66988092298052,6.121759400056341,4.23410650459726,3.993449572414756
