S1213_Actual,S1213_Simulated,RedundantThrowsDeclarationCheck_Actual,RedundantThrowsDeclarationCheck_Simulated,S00117_Actual,S00117_Simulated,S00122_Actual,S00122_Simulated,S1905_Actual,S1905_Simulated,UselessImportCheck_Actual,UselessImportCheck_Simulated,DuplicatedBlocks_Actual,DuplicatedBlocks_Simulated,S1155_Actual,S1155_Simulated
5.765191102784844,5.905965091877481,5.733341276897746,5.406354149356674,5.811140992976701,5.623524564790877,6.298949246855942,6.198847681621536,1.791759469228055,2.218394196647229,2.772588722239781,3.5535918260069694,5.66988092298052,5.778379256897303,4.23410650459726,3.9342304055250064
5.75890177387728,6.753084075903968,5.703782474656201,5.314842667755855,5.808142489980444,5.417529326690087,6.278521424165844,5.272855219056433,1.791759469228055,0.74008420312353,2.302585092994046,3.2974787385625364,5.6131281063880705,4.836086546428235,4.23410650459726,3.474123772620772
5.7745515455444085,6.277697993405919,5.717027701406222,5.341229916645193,5.808142489980444,5.667525309957666,6.278521424165844,5.596291542920894,1.791759469228055,2.4222546925445734,2.4849066497880004,3.105555636958138,5.616771097666572,5.9049281478914235,4.23410650459726,3.59199291665506
5.765191102784844,5.7704208777081405,5.71042701737487,5.510751057810252,5.808142489980444,4.977571698940074,6.2878585601617845,6.602839335686082,1.791759469228055,2.98146501881042,2.302585092994046,3.4262000380704247,5.616771097666572,5.921443492721492,4.23410650459726,3.840128930809593
5.777652323222656,5.860862622479693,5.707110264748875,5.158455263540781,5.755742213586912,6.024653209389266,6.3080984415095305,5.694267767299689,1.791759469228055,2.1994409926866654,2.3978952727983707,2.734916320265158,5.66988092298052,6.029866783983701,4.23410650459726,4.299715922191458
5.777652323222656,5.628404194373536,5.707110264748875,5.02853461068849,5.755742213586912,5.864079900812074,6.3080984415095305,5.976501977833258,1.791759469228055,1.7606941487500958,2.302585092994046,3.3290538420334137,5.66988092298052,5.698214616857923,4.23410650459726,4.411927220958233
