S1905_Actual,S1905_Simulated,S1226_Actual,S1226_Simulated,S00112_Actual,S00112_Simulated,S00108_Actual,S00108_Simulated
0.0,0.9071098113340569,4.248495242049359,4.134769788868201,4.1588830833596715,2.499131140053135,1.3862943611198906,1.5415685703871407
0.0,1.531242921128427,4.248495242049359,4.270266742918753,4.1588830833596715,1.6740266159189165,1.3862943611198906,1.3364838597281952
0.0,1.5809146252193353,4.248495242049359,4.464298886674291,4.1588830833596715,4.652749505920411,1.3862943611198906,1.4904937800524498
0.0,2.4012886702569194,4.248495242049359,4.112500989198434,4.1588830833596715,2.445446332339861,1.3862943611198906,1.6134554701233004
0.0,1.3576298003467904,4.248495242049359,3.8765958698052048,4.1588830833596715,2.7488013232845794,1.3862943611198906,1.5955389852736621
0.0,1.3183706542830316,4.248495242049359,4.205023185326297,4.1588830833596715,1.6179365376852575,1.3862943611198906,1.565506218923473
