RedundantThrowsDeclarationCheck_Actual,RedundantThrowsDeclarationCheck_Simulated,S1488_Actual,S1488_Simulated,S1905_Actual,S1905_Simulated,UselessImportCheck_Actual,UselessImportCheck_Simulated,S00108_Actual,S00108_Simulated
4.969813299576001,5.112958552709485,3.258096538021482,3.1324916786314416,2.70805020110221,2.842322744116647,4.127134385045092,3.9462715619334965,1.3862943611198906,1.0310430254238616
4.962844630259907,4.998252369772322,3.5553480614894135,2.8417706630783344,2.5649493574615367,2.5646971428420415,4.248495242049359,3.1984963526218144,1.3862943611198906,2.189002566047053
4.962844630259907,5.4851110867671675,3.5553480614894135,4.159890262428778,2.5649493574615367,0.762929584163778,4.23410650459726,3.355077551579562,1.3862943611198906,0.7998296206569437
