S1488_Actual,S1488_Simulated,S1905_Actual,S1905_Simulated,UselessImportCheck_Actual,UselessImportCheck_Simulated,DuplicatedBlocks_Actual,DuplicatedBlocks_Simulated,S00112_Actual,S00112_Simulated,S1132_Actual,S1132_Simulated,S1481_Actual,S1481_Simulated
1.0986122886681098,1.0077415013145123,0.0,1.571048938306501,0.6931471805599453,0.9610498910441571,1.8803128665695001,2.3875430850499346,3.332204510175204,1.6889869029199953,0.0,0.18393647179709674,0.44183275227903923,1.0812651235231558
1.0986122886681098,1.229793756059083,0.0,2.348926392711626,0.6931471805599453,1.7000943938311894,1.8632184332102,2.8504056602253547,3.332204510175204,1.3249493341221312,0.0,0.4341984843361999,0.36772478012531734,1.4172960361286957
1.0986122886681098,0.8572611809029338,0.0,2.265863380288823,0.6931471805599453,0.5048103099705699,1.8458266904983307,1.9880435870496895,3.332204510175204,1.9244268758543612,0.0,0.13942255688818975,0.2876820724517809,1.498801865048184
1.0986122886681098,0.9187583572050599,0.0,1.258493169504626,0.6931471805599453,0.20375420274389933,1.8281271133989299,3.6058987376868386,3.332204510175204,1.1057616814954798,0.0,0.333955429866164,0.20067069546215122,0.7250836826710043
1.0986122886681098,0.8923559443117663,0.0,2.61319428681192,0.6931471805599453,1.789901423129146,1.8101086078962514,2.6283478036644587,3.332204510175204,1.3262872028623156,0.0,0.23382025148655466,0.1053605156578263,1.158508516754244
1.0986122886681098,1.0089440883018541,0.0,3.425567046456236,0.6931471805599453,0.0,1.791759469228055,2.6188847914817854,3.332204510175204,1.76051251287271,0.0,0.42783745902488246,0.0,1.2349243141653012
