S1488_Actual,S1488_Simulated,S1905_Actual,S1905_Simulated,UselessImportCheck_Actual,UselessImportCheck_Simulated,DuplicatedBlocks_Actual,DuplicatedBlocks_Simulated,S00112_Actual,S00112_Simulated,S1132_Actual,S1132_Simulated,S1481_Actual,S1481_Simulated
1.0986122886681098,1.0077415013145123,0.0,1.571048938306501,0.6931471805599453,0.9610498910441571,1.8281271133989299,2.3875430850499346,3.332204510175204,1.6889869029199953,0.0,0.18393647179709674,0.20067069546215122,1.0812651235231558
1.0986122886681098,1.3276179049479893,0.0,2.0107054109987703,0.6931471805599453,1.3483050413322153,1.8101086078962514,1.8195508187709961,3.332204510175204,1.64311495564554,0.0,0.0,0.1053605156578263,0.9369847885990363
1.0986122886681098,0.6431114282002273,0.0,2.329968969323431,0.6931471805599453,0.8074167511175223,1.791759469228055,2.1375153712044432,3.332204510175204,1.6967071633711288,0.0,0.0,0.0,1.9250882534282088
