S1488_Actual,S1488_Simulated,S1905_Actual,S1905_Simulated,UselessImportCheck_Actual,UselessImportCheck_Simulated,DuplicatedBlocks_Actual,DuplicatedBlocks_Simulated,S00112_Actual,S00112_Simulated,S1132_Actual,S1132_Simulated,S1481_Actual,S1481_Simulated
1.0986122886681098,1.0077415013145123,0.0,1.571048938306501,0.6931471805599453,0.9610498910441571,1.8803128665695001,2.3875430850499346,3.332204510175204,1.6889869029199953,0.0,0.18393647179709674,0.44183275227903923,1.0812651235231558
1.0986122886681098,1.0810830478747127,0.0,1.85082460534079,0.6931471805599453,1.457572284193284,1.8632184332102,2.9597168508013043,3.332204510175204,1.8366056818356724,0.0,0.0,0.36772478012531734,0.3086947931370675
1.0986122886681098,0.8452604738606124,0.0,0.5587087751745166,0.6931471805599453,1.5755878908100742,1.8458266904983307,1.7049430073418224,3.332204510175204,2.3053283610209316,0.0,0.06316863455480641,0.2876820724517809,0.8371257875522052
1.0986122886681098,0.977207605617241,0.0,1.5017623395251525,0.6931471805599453,1.715086349833771,1.8281271133989299,1.7527107672238813,3.332204510175204,1.0010159540234493,0.0,0.4919866972327811,0.20067069546215122,1.0743643805877776
1.0986122886681098,1.1758526043208661,0.0,1.7170885739098012,0.6931471805599453,0.3838597638272073,1.8101086078962514,1.7485090941658574,3.332204510175204,1.8573906002094145,0.0,0.0,0.1053605156578263,1.2623665232347534
1.0986122886681098,1.1895284261726917,0.0,2.4815540793887094,0.6931471805599453,0.9886158053787352,1.791759469228055,2.241783170753864,3.332204510175204,1.4458656009847721,0.0,0.0,0.0,1.3887219865582714
