S1488_Actual,S1488_Simulated,S1905_Actual,S1905_Simulated,UselessImportCheck_Actual,UselessImportCheck_Simulated,DuplicatedBlocks_Actual,DuplicatedBlocks_Simulated,S00112_Actual,S00112_Simulated,S1132_Actual,S1132_Simulated,S1481_Actual,S1481_Simulated
1.0986122886681098,1.0077415013145123,0.0,1.571048938306501,0.6931471805599453,0.9610498910441571,1.8803128665695001,2.3875430850499346,3.332204510175204,1.6889869029199953,0.0,0.18393647179709674,0.44183275227903923,1.0812651235231558
1.0986122886681098,0.7920000800785707,0.0,1.2881417015042103,0.6931471805599453,0.453616199913199,1.8632184332102,3.0378518691525205,3.332204510175204,0.8878876103600689,0.0,0.5364614277658526,0.36772478012531734,0.3517277700767857
1.0986122886681098,1.3654180517527983,0.0,2.296887285819447,0.6931471805599453,0.6627675129464875,1.8458266904983307,2.3622909643417254,3.332204510175204,1.1475369999737743,0.0,0.0,0.2876820724517809,0.2577959132282679
1.0986122886681098,1.0190908645084302,0.0,1.3927076960822462,0.6931471805599453,0.7310236962657726,1.8281271133989299,3.0031351443485983,3.332204510175204,2.041285959276788,0.0,0.0,0.20067069546215122,1.2799436989484816
1.0986122886681098,1.0949335542814054,0.0,3.2208990512194644,0.6931471805599453,0.5280290076730545,1.8101086078962514,1.7744605049192135,3.332204510175204,1.1588163543486254,0.0,0.0,0.1053605156578263,1.315160798072925
1.0986122886681098,1.1672985279251358,0.0,1.8067649664441205,0.6931471805599453,0.9403250252977821,1.791759469228055,2.6308846153240104,3.332204510175204,2.0806938904056516,0.0,0.1329391796255622,0.0,0.5071473493652922
