RedundantThrowsDeclarationCheck_Actual,RedundantThrowsDeclarationCheck_Simulated,S00122_Actual,S00122_Simulated,S1905_Actual,S1905_Simulated,UselessImportCheck_Actual,UselessImportCheck_Simulated,DuplicatedBlocks_Actual,DuplicatedBlocks_Simulated,S1226_Actual,S1226_Simulated,S1155_Actual,S1155_Simulated,S1151_Actual,S1151_Simulated,S1132_Actual,S1132_Simulated
0.0,0.13061218153693147,0.0,0.19903756679548096,0.0,0.0627247989161265,0.23270468455819335,2.067760709232467,0.0,0.4722537343060408,0.0,0.11086315715662766,0.0,0.05140755755911177,0.021599111803461798,0.6143608525794846,0.0,0.5357143502130369
0.0,0.2900654435322762,0.0,0.2251430658212156,0.0,0.7524564846809975,0.19029550263309924,4.9138626262480685,0.0,0.12476965110136479,0.0,0.3527824892926556,0.0,0.20113212820958334,0.017316450011460875,0.0,0.0,2.657200986722915
0.0,0.0,0.0,0.0,0.0,0.0,0.1460078224319825,1.9532485602967395,0.0,1.4154660932335121,0.0,0.0,0.0,0.3078541939591477,0.0130153681120703,1.2062414154955874,0.0,0.0
0.0,0.674415888334771,0.0,0.6375814955198591,0.0,0.0,0.09966748517328153,3.0609894983146737,0.0,1.5068677174461995,0.0,0.2480070059110152,0.0,0.39217557642119455,0.008695706967553821,0.7327551153841158,0.0,1.9426142689427683
0.0,0.01105407718179223,0.0,0.0,0.0,0.0,0.05107492993641579,2.6355431866748162,0.0,0.0,0.0,0.5233547848220631,0.0,0.15876963448498213,0.00435730536895569,0.9742902777759739,0.0,2.6529727076952767
0.0,0.5198376632404055,0.0,0.09727401719184849,0.0,0.4743354262968974,0.0,1.8886966002826409,0.0,0.12413705059519858,0.0,0.40766567751404387,0.0,0.006227213284254997,0.0,0.3430928641098441,0.0,0.6320262298829395
