RedundantThrowsDeclarationCheck_Actual,RedundantThrowsDeclarationCheck_Simulated,S00122_Actual,S00122_Simulated,UselessImportCheck_Actual,UselessImportCheck_Simulated,DuplicatedBlocks_Actual,DuplicatedBlocks_Simulated,S00112_Actual,S00112_Simulated,S1155_Actual,S1155_Simulated,S00108_Actual,S00108_Simulated,S1151_Actual,S1151_Simulated,S1132_Actual,S1132_Simulated,S1481_Actual,S1481_Simulated
3.367295829986474,3.346961456982143,0.0,0.16608977014694964,0.0,0.0,3.784189633918261,3.7492655721406245,5.181783550292085,4.912963598760597,1.3862943611198906,1.3862895365617247,4.844187086458591,4.918330329563341,0.6931471805599453,0.6931423560017794,3.044522437723423,3.044517613165257,0.0,0.0
3.367295829986474,3.357635129255486,0.0,0.36199845713255396,0.0,0.0,3.784189633918261,3.8597537777497157,5.181783550292085,4.109490895658776,1.3862943611198906,1.3862934386567893,4.844187086458591,5.062788010240445,0.6931471805599453,0.6931465882800831,3.044522437723423,3.0445215536305184,0.0,0.0
3.367295829986474,3.2990171821950454,0.0,0.0,0.0,0.0,3.784189633918261,3.7279996920662604,5.181783550292085,4.908413972174896,1.3862943611198906,1.3862918213481985,4.844187086458591,4.880022928390957,0.6931471805599453,0.6931466864169933,3.044522437723423,3.044516085373735,0.0,0.0
3.367295829986474,3.3751598652604398,0.0,0.31040503868861946,0.0,0.0,3.784189633918261,3.7479556915843797,5.181783550292085,4.89948205206411,1.3862943611198906,1.3862859972019752,4.844187086458591,4.927352345137,0.6931471805599453,0.693138167406038,3.044522437723423,3.044516881999828,0.0,0.0
3.367295829986474,3.351463380902899,0.0,0.4162551341956273,0.0,0.0,3.784189633918261,3.799002688287789,5.181783550292085,4.4782533144201695,1.3862943611198906,1.3862922560208697,4.844187086458591,5.01374674982658,0.6931471805599453,0.6931360135357348,3.044522437723423,3.044516881009164,0.0,0.0
3.367295829986474,3.352934857045515,0.0,0.0,0.0,0.0,3.784189633918261,3.788278465325559,5.181783550292085,5.640936105992379,1.3862943611198906,1.386287419897281,4.844187086458591,4.6678737491070645,0.6931471805599453,0.693142364100293,3.044522437723423,3.0445207279073183,0.0,0.0
