RedundantThrowsDeclarationCheck_Actual,RedundantThrowsDeclarationCheck_Simulated,S00122_Actual,S00122_Simulated,UselessImportCheck_Actual,UselessImportCheck_Simulated,DuplicatedBlocks_Actual,DuplicatedBlocks_Simulated,S00112_Actual,S00112_Simulated,S1155_Actual,S1155_Simulated,S00108_Actual,S00108_Simulated,S1151_Actual,S1151_Simulated,S1132_Actual,S1132_Simulated,S1481_Actual,S1481_Simulated
3.367295829986474,3.346961456982143,0.0,0.16608977014694964,0.0,0.0,3.784189633918261,3.7492655721406245,5.181783550292085,4.912963598760597,1.3862943611198906,1.3862895365617247,4.844187086458591,4.918330329563341,0.6931471805599453,0.6931423560017794,3.044522437723423,3.044517613165257,0.0,0.0
3.367295829986474,3.3275644832216624,0.0,0.0430359435233494,0.0,0.0,3.784189633918261,3.7779544068155637,5.181783550292085,4.9227149347724195,1.3862943611198906,1.386290524035231,4.844187086458591,4.8508233324089876,0.6931471805599453,0.6931404278566751,3.044522437723423,3.044514994342465,0.0,0.0
3.367295829986474,3.3600598755256135,0.0,0.0,0.0,0.0,3.784189633918261,3.6672514724775995,5.181783550292085,4.771451366923371,1.3862943611198906,1.3862849102865715,4.844187086458591,4.89788342161086,0.6931471805599453,0.69314314508397,3.044522437723423,3.0445142784756727,0.0,0.0
