S1213_Actual,S1213_Simulated,S1488_Actual,S1488_Simulated,S1226_Actual,S1226_Simulated,S1155_Actual,S1155_Simulated,S1151_Actual,S1151_Simulated,S1132_Actual,S1132_Simulated,S1481_Actual,S1481_Simulated
6.232229699772011,5.194460844659627,2.302585092994046,2.427345894429739,3.713572066704308,3.595057177045192,2.5649493574615367,2.5986783502196977,4.143134726391533,4.109089806957299,3.912023005428146,4.123671636980064,1.9459101490553132,2.6344328271877484
6.2324480165505225,5.308343888323568,2.302585092994046,2.5486346428383713,3.713572066704308,3.5525547172220477,2.5649493574615367,2.5135724181436303,4.143134726391533,4.0616183177329575,3.912023005428146,4.114835613431014,1.9459101490553132,3.6358765238149076
