S1213_Actual,S1213_Simulated,S1488_Actual,S1488_Simulated,S1226_Actual,S1226_Simulated,S1155_Actual,S1155_Simulated,S1151_Actual,S1151_Simulated,S1132_Actual,S1132_Simulated,S1481_Actual,S1481_Simulated
6.231355955723415,5.194460844659627,2.302585092994046,2.427345894429739,3.713572066704308,3.595057177045192,2.5649493574615367,2.5986783502196977,4.143134726391533,4.109089806957299,3.912023005428146,4.123671636980064,1.9459101490553132,2.6344328271877484
6.231574463317423,4.988691497078092,2.302585092994046,2.6717157817943304,3.713572066704308,3.6267954695455535,2.5649493574615367,2.589069107578978,4.143134726391533,4.19917306310337,3.912023005428146,4.1720275154619415,1.9459101490553132,3.1995634860053954
6.231792923176292,4.871504422453586,2.302585092994046,2.236890794618702,3.713572066704308,3.6436414345811277,2.5649493574615367,2.6669131967014703,4.143134726391533,4.173699239242725,3.912023005428146,4.245590922586922,1.9459101490553132,3.072964646940647
6.232011335320876,5.582003311002511,2.302585092994046,1.9926281966271806,3.713572066704308,3.5948536204002224,2.5649493574615367,2.6850903974887417,4.143134726391533,4.172782033632991,3.912023005428146,4.132663878117536,1.9459101490553132,2.5576960211114765
6.232229699772011,5.788680470192977,2.302585092994046,2.886833096864643,3.713572066704308,3.691234303256653,2.5649493574615367,2.6379080396387735,4.143134726391533,4.113251258293002,3.912023005428146,4.116962299678603,1.9459101490553132,2.46634659883118
6.2324480165505225,5.568614962679505,2.302585092994046,2.8081350859719243,3.713572066704308,3.566536701668094,2.5649493574615367,2.679709882370682,4.143134726391533,4.01695753075387,3.912023005428146,4.301873729281603,1.9459101490553132,3.1356485287024016
