S1488_Actual,S1488_Simulated,DuplicatedBlocks_Actual,DuplicatedBlocks_Simulated,S00112_Actual,S00112_Simulated,S1132_Actual,S1132_Simulated
0.0,0.8908388900930552,2.302585092994046,3.347618273965604,4.855928904335275,4.297647226198552,2.9444389791664403,4.16307628472785
0.0,0.7811073982078646,2.302585092994046,4.584155317894253,4.857225080796721,4.279531644020788,2.9444389791664403,3.5727465420931073
0.0,0.0,2.302585092994046,0.3948668205579229,4.858519579359367,4.039506396788489,2.9444389791664403,5.519447038001787
0.0,0.0,2.302585092994046,2.3634689437990235,4.859812404361672,4.598574497839473,2.9444389791664403,5.787079784524092
0.0,0.5223164608077648,2.302585092994046,1.3611338471681886,4.90527477843843,2.9697959227477533,2.9444389791664403,6.841479457064068
0.0,1.718674896405275,2.302585092994046,0.885661303052613,4.948759890378168,3.7745926709669853,2.9444389791664403,3.8664809741383794
