S1213_Actual,S1213_Simulated,RedundantThrowsDeclarationCheck_Actual,RedundantThrowsDeclarationCheck_Simulated,S1488_Actual,S1488_Simulated,DuplicatedBlocks_Actual,DuplicatedBlocks_Simulated,S1226_Actual,S1226_Simulated,S00112_Actual,S00112_Simulated,S1151_Actual,S1151_Simulated,S1132_Actual,S1132_Simulated,S1481_Actual,S1481_Simulated
5.438079308923196,5.315746943612542,3.1354942159291497,3.5351683455796343,2.1972245773362196,2.3448650609869333,5.043425116919247,4.510972925856334,3.713572066704308,3.8233103768142858,3.091042453358316,2.431549945789797,3.258096538021482,2.7244619324435924,3.5553480614894135,3.4205118984428196,1.9459101490553132,3.001156803470868
5.438079308923196,5.078067240809433,3.1354942159291497,3.8235347487023,2.1972245773362196,3.543107196701885,5.043425116919247,4.942670153549068,3.713572066704308,3.8533855706682036,3.091042453358316,2.0956517662109566,3.258096538021482,2.8976138361609673,3.5553480614894135,3.5071256716658734,1.9459101490553132,4.0798139642639715
5.438079308923196,5.156145671465552,3.1354942159291497,3.423320208311289,2.1972245773362196,3.065870354071243,5.043425116919247,4.867308884369081,3.713572066704308,4.463192439781372,3.091042453358316,2.504226966954767,3.258096538021482,3.8371195259012114,3.5553480614894135,3.6260494748817558,1.9459101490553132,3.7642744907750787
