RedundantThrowsDeclarationCheck_Actual,RedundantThrowsDeclarationCheck_Simulated,S00117_Actual,S00117_Simulated,S1488_Actual,S1488_Simulated,S1226_Actual,S1226_Simulated,S00112_Actual,S00112_Simulated,S1155_Actual,S1155_Simulated,S00108_Actual,S00108_Simulated,S1132_Actual,S1132_Simulated,S1481_Actual,S1481_Simulated
2.4849066497880004,2.4709205666775604,3.708682081410116,3.681148901203651,0.0,0.0,2.5649493574615367,2.5649445329033704,4.853591544486569,4.82267513999737,0.0,0.13524083698229628,1.3862943611198906,1.2322231732995819,2.9444389791664403,2.9444341546082744,1.0986122886681098,1.3026207763784283
2.4849066497880004,2.4738556016017763,3.6988297849671046,3.678893030995184,0.0,0.0,2.5649493574615367,2.56494036059166,4.856706811803519,4.849756448867507,0.0,0.22030746033359241,1.3862943611198906,1.5365282812859151,2.9444389791664403,2.9444321805161406,1.0986122886681098,0.8202821185143933
2.4849066497880004,2.46523087398779,3.6888794541139363,3.680424326621974,0.0,0.0,2.5649493574615367,2.5649442802199136,4.859812404361672,4.822566025431484,0.0,0.3179862157636454,1.3862943611198906,1.4438134596298016,2.9444389791664403,2.944439186224151,1.0986122886681098,0.8114581952758984
