RedundantThrowsDeclarationCheck_Actual,RedundantThrowsDeclarationCheck_Simulated,S00117_Actual,S00117_Simulated,S1488_Actual,S1488_Simulated,S1226_Actual,S1226_Simulated,S00112_Actual,S00112_Simulated,S1155_Actual,S1155_Simulated,S00108_Actual,S00108_Simulated,S1132_Actual,S1132_Simulated,S1481_Actual,S1481_Simulated
2.4849066497880004,2.4709205666775604,3.708682081410116,3.681148901203651,0.0,0.0,2.5649493574615367,2.5649445329033704,4.853591544486569,4.82267513999737,0.0,0.13524083698229628,1.3862943611198906,1.2322231732995819,2.9444389791664403,2.9444341546082744,1.0986122886681098,1.3026207763784283
2.4849066497880004,2.4755932474849836,3.6988297849671046,3.6861591148400956,0.0,0.0,2.5649493574615367,2.5649480708636805,4.856706811803519,4.8354686804096705,0.0,0.10077362626084715,1.3862943611198906,1.2212866430066383,2.9444389791664403,2.944433183148842,1.0986122886681098,1.2536340799083288
2.4849066497880004,2.4700971536053267,3.6888794541139363,3.6925905465610955,0.0,5.027406541627698e-07,2.5649493574615367,2.5649484128794926,4.859812404361672,4.8271289572234535,0.0,0.479174114823412,1.3862943611198906,1.3610306650250243,2.9444389791664403,2.94443575741824,1.0986122886681098,1.0728984487485642
