S00117_Actual,S00117_Simulated,S1226_Actual,S1226_Simulated,S1155_Actual,S1155_Simulated,S1151_Actual,S1151_Simulated,S1132_Actual,S1132_Simulated,S1481_Actual,S1481_Simulated
6.697034247666484,6.544627715346055,3.713572066704308,3.5956801464788457,2.5649493574615367,2.599013406349761,4.143134726391533,4.108846500182435,3.912023005428146,4.124104547864934,1.9459101490553132,2.6237983037050836
6.697651341175731,6.630901849619458,3.713572066704308,3.583723248737776,2.5649493574615367,2.5693697466878684,4.143134726391533,4.104071522001355,3.912023005428146,3.9047100648492905,1.9459101490553132,3.03502823179657
6.698268054115413,6.633658288716654,3.713572066704308,3.5614795550084932,2.5649493574615367,2.597685546950961,4.143134726391533,4.088549279874238,3.912023005428146,4.229392133479356,1.9459101490553132,2.6204200426647204
