S1213_Actual,S1213_Simulated,RedundantThrowsDeclarationCheck_Actual,RedundantThrowsDeclarationCheck_Simulated,S00117_Actual,S00117_Simulated,S00122_Actual,S00122_Simulated,S1905_Actual,S1905_Simulated,UselessImportCheck_Actual,UselessImportCheck_Simulated,DuplicatedBlocks_Actual,DuplicatedBlocks_Simulated,S1226_Actual,S1226_Simulated,S00108_Actual,S00108_Simulated,S1151_Actual,S1151_Simulated,S1481_Actual,S1481_Simulated
4.465908118654584,2.999826586366925,1.791759469228055,1.3145347176935454,3.332204510175204,3.0269541224917087,1.0986122886681098,0.664494912609079,0.0,0.3594804897243226,0.0,0.045143420275289774,3.258096538021482,2.5343843620444226,4.770684624465665,4.506338197135906,0.0,0.1303948359032745,2.302585092994046,1.5851806544732807,0.6567795363890704,0.4960677056471013
4.465908118654584,2.126736673094175,1.791759469228055,1.1572868146289674,3.332204510175204,2.4639684045444783,1.0986122886681098,1.0954530918624252,0.0,0.6353280855565575,0.0,0.01647738141852219,3.258096538021482,2.3648744543691325,4.770684624465665,4.436405077224027,0.0,0.0,2.302585092994046,1.47981688242932,0.6931471805599453,1.3951072555952184
