S00117_Actual,S00117_Simulated,S1151_Actual,S1151_Simulated
1.791759469228055,1.3003772873935853,2.3978952727983707,3.1027931111671934
1.8718021769015913,2.4560277682913703,2.3978952727983707,3.3870135836587645
1.9459101490553132,0.2713347934496799,2.3978952727983707,2.6925025965513543
