RedundantThrowsDeclarationCheck_Actual,RedundantThrowsDeclarationCheck_Simulated,S00117_Actual,S00117_Simulated,S1905_Actual,S1905_Simulated,S1488_Actual,S1488_Simulated
0.0,1.6495394534030674,0.0,1.0240008494031487,0.0,1.021823466540262,0.0,0.9723747422179743
0.0,2.1548713971296403,0.0,0.4798931032033631,0.0,0.0,0.0,2.869471526961096
0.0,1.9810111038790668,0.0,0.6574354609507488,0.0,0.0,0.0,0.7833521592342785
0.0,1.4990181693501312,0.0,1.0793423145438006,0.0,1.6593444217633984,0.0,0.6135132261951752
0.0,2.3720641974797356,0.0,2.393869605510492,0.0,0.0,0.0,1.6834352544999038
0.0,2.0046643976929013,0.0,0.0,0.0,2.3833745481820774,0.0,0.6576116064976449
