RedundantThrowsDeclarationCheck_Actual,RedundantThrowsDeclarationCheck_Simulated,S00117_Actual,S00117_Simulated,S1905_Actual,S1905_Simulated,S1488_Actual,S1488_Simulated
0.0,1.6495394534030674,0.0,1.0240008494031487,0.0,1.021823466540262,0.0,0.9723747422179743
0.0,2.2104974380184923,0.0,1.3499883453313506,0.0,3.349981768954341,0.0,0.170288782612519
0.0,0.0,0.0,0.0,0.0,1.656961603338289,0.0,1.1078621323060336
0.0,2.6839711409810674,0.0,0.0,0.0,1.087828796131077,0.0,1.5042917569835232
0.0,3.5741053931236855,0.0,1.3672308777043087,0.0,0.9297694999318101,0.0,0.0
0.0,1.0224128792564349,0.0,3.01221230464824,0.0,0.6207185411663494,0.0,0.8443908489614356
