S1213_Actual,S1213_Simulated,S1488_Actual,S1488_Simulated,S1905_Actual,S1905_Simulated,DuplicatedBlocks_Actual,DuplicatedBlocks_Simulated,S1226_Actual,S1226_Simulated,S00112_Actual,S00112_Simulated,S1151_Actual,S1151_Simulated
5.003946305945459,4.189295074572902,0.6931471805599453,1.5414280278559198,0.6931471805599453,0.08546578921313353,5.69035945432406,5.00170704510986,0.0,3.0021800730187986,6.7339969528486705,6.007955147221165,3.6375861597263857,2.133853788746623
5.003946305945459,3.651245276427174,0.6931471805599453,1.888309371614097,0.6931471805599453,0.40167906368804923,5.683579767338681,6.177958715046952,0.0,3.0970192402424797,6.734591659972948,4.73523272000733,3.6375861597263857,3.5875051495260726
5.0106352940962555,3.7727672403486094,0.6931471805599453,1.2438146163935277,0.6931471805599453,0.0,5.700443573390687,3.9345229103141164,0.0,1.8312195679994592,6.734591659972948,8.05952197963055,3.6375861597263857,1.205872864816638
5.030437921392435,4.733908829955059,0.6931471805599453,1.3368183787756354,0.6931471805599453,0.0,5.68697535633982,5.426934073403414,0.0,3.219068916563261,6.739336627357174,6.349114111901114,3.6375861597263857,2.675057100186635
5.030437921392435,3.9243337816779373,0.6931471805599453,1.7524206543233969,0.6931471805599453,0.0,5.697093486505405,3.7183346563694615,0.0,2.385028234618283,6.75343791859778,4.385952102525474,3.6375861597263857,2.625989075914597
5.087596335232384,4.341622800839186,0.6931471805599453,1.3246177307170859,0.6931471805599453,0.3113999026293838,5.6937321388027,5.7522698887712265,0.0,1.0248374206635396,6.759255270663693,6.71960959039794,3.713572066704308,1.0771387963807901
