S1213_Actual,S1213_Simulated,S1488_Actual,S1488_Simulated,S1905_Actual,S1905_Simulated,DuplicatedBlocks_Actual,DuplicatedBlocks_Simulated,S1226_Actual,S1226_Simulated,S00112_Actual,S00112_Simulated,S1151_Actual,S1151_Simulated
5.030437921392435,4.189295074572902,0.6931471805599453,1.5414280278559198,0.6931471805599453,0.08546578921313353,5.697093486505405,5.00170704510986,0.0,3.0021800730187986,6.75343791859778,6.007955147221165,3.6375861597263857,2.133853788746623
5.087596335232384,4.39755573228426,0.6931471805599453,1.703041548958015,0.6931471805599453,0.0,5.6937321388027,5.2771475203739415,0.0,4.369214394808451,6.759255270663693,5.375236145330399,3.713572066704308,2.66633621323889
