RedundantThrowsDeclarationCheck_Actual,RedundantThrowsDeclarationCheck_Simulated,S00117_Actual,S00117_Simulated,UselessImportCheck_Actual,UselessImportCheck_Simulated,DuplicatedBlocks_Actual,DuplicatedBlocks_Simulated,S00112_Actual,S00112_Simulated,S1132_Actual,S1132_Simulated,S1481_Actual,S1481_Simulated
3.367295829986474,3.332192698719968,3.1354942159291497,2.9323272629177195,0.0,0.24500423701696514,3.784189633918261,3.676123727950596,5.181783550292085,4.49894425524749,3.044522437723423,2.962690728286328,0.0,0.09294902044915726
3.367295829986474,3.332084574205532,3.1354942159291497,2.894402711564243,0.0,0.2862564460257571,3.784189633918261,3.6566175254547644,5.181783550292085,4.661012936006937,3.044522437723423,3.2782091947457723,0.0,0.5135801836824835
3.367295829986474,3.387674576063345,3.1354942159291497,2.9113585349975715,0.0,0.0,3.784189633918261,3.512549099669636,5.181783550292085,4.209323445024494,3.044522437723423,2.5694596316261897,0.0,0.0
3.367295829986474,3.311387230603656,3.1354942159291497,2.562041535972064,0.0,0.5422109733282283,3.784189633918261,3.8005913937470823,5.181783550292085,4.130924268851517,3.044522437723423,2.9895396308308655,0.0,0.0
3.367295829986474,3.333912142186363,3.1354942159291497,2.388173069142002,0.0,0.0,3.784189633918261,3.5253264237144655,5.181783550292085,3.9082385676145366,3.044522437723423,2.9381311552183984,0.0,0.0
3.367295829986474,3.321672949549239,3.1354942159291497,2.967824713965135,0.0,0.0,3.784189633918261,3.675128446861809,5.181783550292085,4.47545320607807,3.044522437723423,3.0538734756863155,0.0,0.0
