S1488_Actual,S1488_Simulated,S1905_Actual,S1905_Simulated,UselessImportCheck_Actual,UselessImportCheck_Simulated,S00112_Actual,S00112_Simulated,S1155_Actual,S1155_Simulated,S1132_Actual,S1132_Simulated,S1481_Actual,S1481_Simulated
1.0986122886681098,1.0077415013145123,0.0,1.571048938306501,0.6931471805599453,0.9610498910441571,3.332204510175204,1.6889869029199953,0.0,0.0,0.0,0.18393647179709674,0.20067069546215122,1.0812651235231558
1.0986122886681098,1.3932115366156679,0.0,0.4629068896296591,0.6931471805599453,1.1083247705667159,3.332204510175204,0.8687868181429648,0.0,0.0,0.0,0.12290731377696032,0.1053605156578263,1.0788828674184983
1.0986122886681098,0.9429120606158323,0.0,3.0840492363569094,0.6931471805599453,0.9379506953368368,3.332204510175204,1.1616475302149354,0.0,0.0,0.0,0.5468683842113685,0.0,0.9822210040684165
