S1488_Actual,S1488_Simulated,S1905_Actual,S1905_Simulated,UselessImportCheck_Actual,UselessImportCheck_Simulated,S00112_Actual,S00112_Simulated,S1155_Actual,S1155_Simulated,S1132_Actual,S1132_Simulated,S1481_Actual,S1481_Simulated
1.0986122886681098,1.0077415013145123,0.0,1.571048938306501,0.6931471805599453,0.9610498910441571,3.332204510175204,1.6889869029199953,0.0,0.0,0.0,0.18393647179709674,0.20067069546215122,1.0812651235231558
1.0986122886681098,1.1401494352534092,0.0,0.48827236874742086,0.6931471805599453,1.9979864397887188,3.332204510175204,2.344506849110009,0.0,0.0,0.0,0.19388969257849667,0.1053605156578263,1.4644123456919955
1.0986122886681098,1.0530977707905762,0.0,1.624022923465355,0.6931471805599453,0.8280809950414855,3.332204510175204,0.5601357461914234,0.0,0.0,0.0,0.17383657792418825,0.0,0.7369535355132881
