,Actual_last_5_vals,Simulated_0,Simulated_1,Simulated_2,Simulated_3,Simulated_4,Simulated_5,Simulated_6,Simulated_7,Simulated_8,Simulated_9,Simulated_10,Simulated_11,Simulated_12,Simulated_13,Simulated_14,Simulated_15,Simulated_16,Simulated_17,Simulated_18,Simulated_19,Simulated_20,Simulated_21,Simulated_22,Simulated_23,Simulated_24,Simulated_25,Simulated_26,Simulated_27,Simulated_28,Simulated_29
168,53350.0,,,,,,,,,,,,,,,,,,,,,,,,,,,,,,
169,53354.75,,,,,,,,,,,,,,,,,,,,,,,,,,,,,,
170,53359.5,,,,,,,,,,,,,,,,,,,,,,,,,,,,,,
171,53364.25,,,,,,,,,,,,,,,,,,,,,,,,,,,,,,
172,53369.0,,,,,,,,,,,,,,,,,,,,,,,,,,,,,,
173,,53705.895152834804,53705.895152834804,53705.895152834804,53705.895152834804,53705.895152834804,53705.895152834804,53705.895152834804,53705.895152834804,53705.895152834804,53705.895152834804,53705.895152834804,53705.895152834804,53705.895152834804,53705.895152834804,53705.895152834804,53705.895152834804,53705.895152834804,53705.895152834804,53705.895152834804,53705.895152834804,53705.895152834804,53705.895152834804,53705.895152834804,53705.895152834804,53705.895152834804,53705.895152834804,53705.895152834804,53705.895152834804,53705.895152834804,53705.895152834804
174,,56155.385609990095,52874.09094839033,51328.105537055424,57255.18452907208,53862.74098071831,53180.7985707352,49224.60961822554,53370.44277594452,54099.0385366176,51794.53119836635,54167.29139824609,53212.535836992574,54761.81641617507,50760.800075627325,55228.763756847555,56184.22382069017,54151.70491680614,54783.81835669274,54064.1273044761,53712.1043117663,50216.68345402452,57437.36769563389,55487.4856710899,54562.18835190253,50820.624352548504,55249.37282039912,56716.230231530026,52986.972493113724,54553.901402304786,52966.25939790605
175,,52722.027278962814,51419.46393154224,52339.305565217284,56975.69567821859,52095.66799212602,51278.39035795763,51779.589445362704,55767.24748603391,52205.84782767312,55496.188080868014,55691.63223873056,51978.47448725511,49806.240191957324,51767.43099886439,53931.39487474303,55126.47441776261,52585.962797619715,52776.904081669694,51646.70075945013,51663.76975230152,49726.083150753526,54561.937152623825,51282.60940187808,53215.23557201055,51511.82698204387,55483.171020499,52612.429814032446,54427.304378108995,52868.552273979214,55471.06597869751
