RedundantThrowsDeclarationCheck_Actual,RedundantThrowsDeclarationCheck_Simulated,S00122_Actual,S00122_Simulated,S1905_Actual,S1905_Simulated,DuplicatedBlocks_Actual,DuplicatedBlocks_Simulated,S1226_Actual,S1226_Simulated,S1155_Actual,S1155_Simulated,S1151_Actual,S1151_Simulated,S1132_Actual,S1132_Simulated,S1481_Actual,S1481_Simulated
0.0,0.13061218153693147,0.0,0.19903756679548096,0.0,0.0627247989161265,0.0,0.4722537343060408,0.0,0.11086315715662766,0.0,0.05140755755911177,0.021599111803461798,0.6143608525794846,0.0,0.5357143502130369,0.021599111803461798,0.794859720905366
0.0,0.0,0.0,0.9695263257347202,0.0,0.2101021778401695,0.0,0.0,0.0,0.4357868917848581,0.0,0.02242447620299567,0.017316450011460875,1.2180950834624475,0.0,0.40603589905746607,0.017316450011460875,0.7414753608035017
0.0,0.0,0.0,0.4143120881397416,0.0,0.297589752311443,0.0,0.0,0.0,0.0,0.0,0.10351042563583679,0.0130153681120703,0.8707484657997611,0.0,0.8031984133150326,0.0130153681120703,0.1099209241221012
0.0,0.0,0.0,0.0,0.0,0.0,0.0,0.0,0.0,0.6226907413663203,0.0,0.0,0.008695706967553821,0.5304686827239034,0.0,0.21124164660447015,0.008695706967553821,0.14524229601744798
0.0,0.0,0.0,0.0,0.0,0.07385376940329484,0.0,0.0,0.0,0.7391295488804375,0.0,0.35107586798869844,0.00435730536895569,0.0,0.0,0.0,0.00435730536895569,1.077478429245502
0.0,0.046113332356253006,0.0,0.7574561940085569,0.0,0.0,0.0,0.31420911652156036,0.0,0.0,0.0,0.5222489041434352,0.0,0.6462808592319571,0.0,0.0,0.0,0.3586906926574302
