S1213_Actual,S1213_Simulated,S00122_Actual,S00122_Simulated,S1488_Actual,S1488_Simulated,DuplicatedBlocks_Actual,DuplicatedBlocks_Simulated,S1226_Actual,S1226_Simulated,S00112_Actual,S00112_Simulated,S1155_Actual,S1155_Simulated,S00108_Actual,S00108_Simulated,S1151_Actual,S1151_Simulated,S1132_Actual,S1132_Simulated
0.08934510033585008,0.572270938245504,0.0,0.0,0.0,0.0,0.0,0.0,0.0,0.0,0.04567003683318844,0.33569482713364235,0.0,0.0,0.0,0.0,0.04567003683318844,0.33569482713364235,0.0,0.0
0.07210329390134407,1.03622266407505,0.0,0.0,0.0,0.0,0.0,0.0,0.0,0.0,0.036701366850428,0.22580395171930456,0.0,0.0,0.0,0.0,0.036701366850428,0.5353683071286756,0.0,0.0
0.0545589842504346,0.4907063965646257,0.0,0.0,0.0,0.0,0.0,0.0,0.0,0.0,0.027651531330510157,0.5338881277055276,0.0,3.040837454035197e-07,0.0,0.0,0.027651531330510157,0.5946988820535495,0.0,0.0
0.0367013668504281,0.6776447525735496,0.0,0.0,0.0,0.0,0.0,1.8393408725042272e-06,0.0,0.0,0.018519047767237597,0.28330480943970077,0.0,0.0,0.0,0.0,0.018519047767237597,0.314251651688824,0.0,0.0
0.018519047767237697,0.5574345464082253,0.0,0.0,0.0,0.0,0.0,0.0,0.0,0.0,0.009302392662313554,0.32585462940019344,0.0,0.0,0.0,1.4956507381350193e-06,0.009302392662313554,0.38813226189476163,0.0,0.0
0.0,0.8244594703159212,0.0,0.0,0.0,0.0,0.0,0.0,0.0,0.0,0.0,0.2523612737925357,0.0,0.0,0.0,0.0,0.0,0.07223651509903473,0.0,0.0
