RedundantThrowsDeclarationCheck_Actual,RedundantThrowsDeclarationCheck_Simulated,S00117_Actual,S00117_Simulated,S1488_Actual,S1488_Simulated,DuplicatedBlocks_Actual,DuplicatedBlocks_Simulated,S00112_Actual,S00112_Simulated
3.258096538021482,3.6619585318568726,2.772588722239781,2.245027567455372,1.3862943611198906,1.6966205738580606,6.016157159698354,5.6825339219172015,7.00397413672268,6.661096925366259
3.332204510175204,4.0711728254446475,2.6390573296152584,1.949949954245065,0.6931471805599453,1.4189658934143592,5.713732805509369,5.722813953099927,6.760414691083428,6.998910716825442
3.332204510175204,3.543284723093919,2.6390573296152584,2.3215165672197275,0.6931471805599453,2.0974392019570387,5.71042701737487,5.739485171088639,6.7357800142423265,6.64068624989541
3.332204510175204,4.287255957436601,2.6390573296152584,2.3447416610370686,0.6931471805599453,1.488245361794324,5.683579767338681,5.609377123307562,6.734591659972948,6.844667284161992
3.332204510175204,3.6087972372233583,2.6390573296152584,2.0943238077540576,0.6931471805599453,2.2813754153416603,5.69035945432406,5.377786084774325,6.738152494595957,7.010817925673193
3.332204510175204,3.4886587143775216,2.6390573296152584,2.461161902725388,0.6931471805599453,1.2247307680150072,5.697093486505405,5.724703982342941,6.7580945044277305,6.851026916669891
