S00117_Actual,S00117_Simulated,S1226_Actual,S1226_Simulated,S1155_Actual,S1155_Simulated,S1151_Actual,S1151_Simulated,S1132_Actual,S1132_Simulated,S1481_Actual,S1481_Simulated
0.6931471805599453,0.7474193044501546,4.110873864173311,3.914262237314307,1.3862943611198906,1.2938383108307667,2.0794415416798357,2.132264774171836,4.189654742026425,4.136555343838462,0.0,0.4362929003271627
0.6931471805599453,1.2089805323415015,4.110873864173311,3.5483236636980173,1.3862943611198906,0.8882349986991578,2.0794415416798357,2.2219118359181937,4.189654742026425,4.284390043688313,0.0,0.62242787195457
0.6931471805599453,0.3191074576827379,4.110873864173311,3.555256375419682,1.3862943611198906,1.7072658720057923,2.0794415416798357,1.8571402758510955,4.189654742026425,4.895089644770321,0.0,0.6835029755796478
0.6931471805599453,0.7023040893657864,4.110873864173311,4.168423103175827,1.3862943611198906,1.43363527149522,2.0794415416798357,2.1938165633137707,4.189654742026425,3.954648215942609,0.0,0.5287659775068144
0.6931471805599453,0.5850752880609598,4.110873864173311,6.104020976159701,1.3862943611198906,1.1307827779355168,2.0794415416798357,2.027080568093898,4.189654742026425,3.8968006179964814,0.0,0.35394226063264445
0.6931471805599453,0.8914643245096305,4.110873864173311,5.2578721140084905,1.3862943611198906,1.2087728137284846,2.0794415416798357,2.1070051358636674,4.189654742026425,3.885900167295771,0.0,0.08488258226149359
