S00117_Actual,S00117_Simulated,S1226_Actual,S1226_Simulated,S1155_Actual,S1155_Simulated,S1151_Actual,S1151_Simulated,S1132_Actual,S1132_Simulated,S1481_Actual,S1481_Simulated
0.6931471805599453,0.7474193044501546,4.110873864173311,3.914262237314307,1.3862943611198906,1.2938383108307667,2.0794415416798357,2.132264774171836,4.189654742026425,4.136555343838462,0.0,0.4362929003271627
0.6931471805599453,1.0818714715784012,4.110873864173311,3.8725784919041346,1.3862943611198906,1.2753784518427775,2.0794415416798357,2.1983719515632107,4.189654742026425,3.860499821011244,0.0,0.5438144697293932
0.6931471805599453,0.7436017951772148,4.110873864173311,3.2228954160268035,1.3862943611198906,1.475892598134914,2.0794415416798357,2.3826921116412985,4.189654742026425,4.306139578005199,0.0,0.0
0.6931471805599453,0.0,4.110873864173311,3.4761507822490936,1.3862943611198906,0.9363162437267818,2.0794415416798357,1.9854284222149698,4.189654742026425,4.0003137903972315,0.0,0.4343330318781716
0.6931471805599453,1.0390716321587212,4.110873864173311,2.8267319794544052,1.3862943611198906,0.9165771591629202,2.0794415416798357,2.0918346742310967,4.189654742026425,4.418038877521887,0.0,1.1513396993590566
0.6931471805599453,0.21141301550504832,4.110873864173311,3.340510647514882,1.3862943611198906,1.790443928443902,2.0794415416798357,1.9862257714824139,4.189654742026425,3.9587728986338426,0.0,0.349753567556732
