S00117_Actual,S00117_Simulated,S1226_Actual,S1226_Simulated,S1155_Actual,S1155_Simulated,S1151_Actual,S1151_Simulated,S1132_Actual,S1132_Simulated,S1481_Actual,S1481_Simulated
0.6931471805599453,0.7474193044501546,4.110873864173311,3.914262237314307,1.3862943611198906,1.2938383108307667,2.0794415416798357,2.132264774171836,4.189654742026425,4.136555343838462,0.0,0.4362929003271627
0.6931471805599453,0.6017315681208597,4.110873864173311,4.075403542977316,1.3862943611198906,1.6416102086917257,2.0794415416798357,2.427739522710467,4.189654742026425,4.38424535888255,0.0,0.7873864697730774
0.6931471805599453,0.5069926962519778,4.110873864173311,4.5571280919320625,1.3862943611198906,1.0420547241078362,2.0794415416798357,2.08195064071606,4.189654742026425,3.7232152658864632,0.0,1.204518445314649
0.6931471805599453,1.0861183715306781,4.110873864173311,4.837277202641328,1.3862943611198906,1.0090984168745902,2.0794415416798357,1.8902512532923834,4.189654742026425,4.215402212141868,0.0,0.6033264185912438
0.6931471805599453,0.9290361839196764,4.110873864173311,3.5231366111512905,1.3862943611198906,0.7029135200410422,2.0794415416798357,2.3398812298617675,4.189654742026425,4.205912175668689,0.0,0.948667031475909
0.6931471805599453,0.7841474948069801,4.110873864173311,4.7794075960456786,1.3862943611198906,1.0244299840975373,2.0794415416798357,2.381464737163935,4.189654742026425,4.167451875719231,0.0,0.42563564912066076
