RedundantThrowsDeclarationCheck_Actual,RedundantThrowsDeclarationCheck_Simulated,S00117_Actual,S00117_Simulated,S00112_Actual,S00112_Simulated,S00108_Actual,S00108_Simulated,S1151_Actual,S1151_Simulated,S1132_Actual,S1132_Simulated
5.726847747587197,5.201489016465883,5.823045895483019,5.3697148959676095,5.968707559985366,5.359716958139057,4.406719247264253,3.9062712683878256,4.663439094112067,4.333938571671718,6.315358001522335,5.774400498626462
5.720311776607412,4.670121248760791,5.811140992976701,5.763002847357342,5.983936280687191,5.171702172660415,4.382026634673881,2.8230968373407666,4.663439094112067,4.67249654020241,6.311734809152915,6.084239515099562
5.707110264748875,5.7449596090392605,5.811140992976701,5.014481881066561,5.726847747587197,5.179827368739507,4.356708826689592,4.206853576162804,4.663439094112067,4.341701575903393,6.2878585601617845,6.403470463218919
5.733341276897746,5.588609596134913,5.811140992976701,5.437970790815575,5.739792912179234,5.20103109220043,4.356708826689592,4.119129080495626,4.663439094112067,4.354861829442868,6.289715570908998,5.980305138536187
5.717027701406222,5.09225499620035,5.808142489980444,5.566990333631198,5.726847747587197,5.106446887942609,4.356708826689592,4.207289630929773,4.663439094112067,3.719529832161339,6.289715570908998,4.680945098200285
5.707110264748875,5.146931727100631,5.755742213586912,5.969581331036899,5.755742213586912,5.463768344917513,4.343805421853684,3.9322352934198914,4.672828834461906,3.8790924120649146,6.293419278846481,5.312938709700247
