RedundantThrowsDeclarationCheck_Actual,RedundantThrowsDeclarationCheck_Simulated,S00117_Actual,S00117_Simulated,S00112_Actual,S00112_Simulated,S00108_Actual,S00108_Simulated,S1151_Actual,S1151_Simulated,S1132_Actual,S1132_Simulated
5.726847747587197,5.41314405009518,5.823045895483019,5.634506233527824,5.968707559985366,5.480459152123185,4.406719247264253,4.348547832773054,4.663439094112067,4.783498160118609,6.315358001522335,6.054502525136856
5.720311776607412,6.101454916188942,5.811140992976701,5.839334557399011,5.983936280687191,7.060468383384604,4.382026634673881,4.501022194276757,4.663439094112067,5.367174172326866,6.311734809152915,6.3613183162846605
5.707110264748875,5.468942326681241,5.811140992976701,6.1246875098551685,5.726847747587197,5.022879784294439,4.356708826689592,4.1631251138749406,4.663439094112067,4.952451871124696,6.2878585601617845,6.304143742698484
5.733341276897746,5.619163246550234,5.811140992976701,5.94094262856485,5.739792912179234,5.465276636858222,4.356708826689592,4.062947226992563,4.663439094112067,4.125872569297082,6.289715570908998,5.579449754359731
5.717027701406222,5.10866501051008,5.808142489980444,5.478445460765705,5.726847747587197,5.032896343678646,4.356708826689592,4.3015166145278725,4.663439094112067,4.260185952503784,6.289715570908998,6.907458828592051
5.707110264748875,5.999769208145691,5.755742213586912,5.528930099680216,5.755742213586912,5.023864534219217,4.343805421853684,4.6443818647848305,4.672828834461906,4.620319445993719,6.293419278846481,6.248946250270915
