RedundantThrowsDeclarationCheck_Actual,RedundantThrowsDeclarationCheck_Simulated,S00117_Actual,S00117_Simulated,S00112_Actual,S00112_Simulated,S00108_Actual,S00108_Simulated,S1151_Actual,S1151_Simulated,S1132_Actual,S1132_Simulated
5.726847747587197,5.41314405009518,5.823045895483019,5.634506233527824,5.968707559985366,5.480459152123185,4.406719247264253,4.348547832773054,4.663439094112067,4.783498160118609,6.315358001522335,6.054502525136856
5.720311776607412,6.079014852431489,5.811140992976701,5.544784717486061,5.983936280687191,4.967217970452765,4.382026634673881,4.1941767791621976,4.663439094112067,5.009403145022923,6.311734809152915,5.376019104503679
5.707110264748875,5.411742665496826,5.811140992976701,5.395627595994354,5.726847747587197,5.693227048294928,4.356708826689592,4.471234595647848,4.663439094112067,4.401902390043739,6.2878585601617845,5.6927361715265645
5.733341276897746,5.348317342829812,5.811140992976701,5.899481564296554,5.739792912179234,4.955852125008824,4.356708826689592,4.0649450456698535,4.663439094112067,4.393073261197455,6.289715570908998,6.755713586386111
5.717027701406222,5.326936686563789,5.808142489980444,5.8514441105699815,5.726847747587197,5.790828864128687,4.356708826689592,3.25354116003436,4.663439094112067,4.972478888949996,6.289715570908998,6.654076242170813
5.707110264748875,4.054651248641559,5.755742213586912,5.774921388923345,5.755742213586912,5.362542610578546,4.343805421853684,3.7600596300608085,4.672828834461906,3.937845448831432,6.293419278846481,5.7666591569512295
