RedundantThrowsDeclarationCheck_Actual,RedundantThrowsDeclarationCheck_Simulated,S00117_Actual,S00117_Simulated,S00112_Actual,S00112_Simulated,S00108_Actual,S00108_Simulated,S1151_Actual,S1151_Simulated,S1132_Actual,S1132_Simulated
5.733341276897746,5.41314405009518,5.811140992976701,5.634506233527824,5.739792912179234,5.480459152123185,4.356708826689592,4.348547832773054,4.663439094112067,4.783498160118609,6.289715570908998,6.054502525136856
5.717027701406222,5.3922567064771085,5.808142489980444,4.990165898718749,5.726847747587197,5.518738780845403,4.356708826689592,5.1835827429350205,4.663439094112067,4.969461260193751,6.289715570908998,7.3133737466662065
5.707110264748875,5.272983196052909,5.755742213586912,6.06304015827308,5.755742213586912,5.810968141969038,4.343805421853684,5.500274024921738,4.672828834461906,4.741256602884167,6.293419278846481,6.415827913807123
