RedundantThrowsDeclarationCheck_Actual,RedundantThrowsDeclarationCheck_Simulated,S00117_Actual,S00117_Simulated,S00112_Actual,S00112_Simulated,S00108_Actual,S00108_Simulated,S1151_Actual,S1151_Simulated,S1132_Actual,S1132_Simulated
5.733341276897746,5.201489016465883,5.811140992976701,5.3697148959676095,5.739792912179234,5.359716958139057,4.356708826689592,3.9062712683878256,4.663439094112067,4.333938571671718,6.289715570908998,5.774400498626462
5.717027701406222,5.428715465895354,5.808142489980444,4.928816653939935,5.726847747587197,5.224837036862357,4.356708826689592,3.830429956797383,4.663439094112067,4.732713420448077,6.289715570908998,3.926991999634855
5.707110264748875,5.163580703192379,5.755742213586912,4.883799279207608,5.755742213586912,5.3399452078970695,4.343805421853684,4.720322546284295,4.672828834461906,4.880675488665744,6.293419278846481,6.6850993938795105
