RedundantThrowsDeclarationCheck_Actual,RedundantThrowsDeclarationCheck_Simulated,S00117_Actual,S00117_Simulated,S00112_Actual,S00112_Simulated,S00108_Actual,S00108_Simulated,S1151_Actual,S1151_Simulated,S1132_Actual,S1132_Simulated
5.733341276897746,5.201489016465883,5.811140992976701,5.3697148959676095,5.739792912179234,5.359716958139057,4.356708826689592,3.9062712683878256,4.663439094112067,4.333938571671718,6.289715570908998,5.774400498626462
5.717027701406222,5.660459032274459,5.808142489980444,4.3283882367547175,5.726847747587197,5.769408955672747,4.356708826689592,4.08285698427427,4.663439094112067,4.278249102611633,6.289715570908998,5.55498846355541
5.707110264748875,5.569647311803534,5.755742213586912,4.724549591112354,5.755742213586912,4.614318538126953,4.343805421853684,4.257362784121288,4.672828834461906,4.292933362107801,6.293419278846481,5.883842392486512
