S00117_Actual,S00117_Simulated,S00108_Actual,S00108_Simulated
2.0794415416798357,3.168213226130198,1.3862943611198906,1.3419566643246517
2.0794415416798357,2.3224357988644764,1.3862943611198906,1.8824886149350293
2.1972245773362196,3.9857662309136317,1.3862943611198906,0.535559112506
2.1972245773362196,2.6905376996573587,1.3862943611198906,0.8711593503122275
2.1972245773362196,0.9507348122155821,1.3862943611198906,1.666491532145288
2.1972245773362196,2.858744894365409,1.3862943611198906,1.980134338434403
