S00117_Actual,S00117_Simulated,S00108_Actual,S00108_Simulated
2.0794415416798357,3.168213226130198,1.3862943611198906,1.3419566643246517
2.0794415416798357,3.122938083653309,1.3862943611198906,1.056855631097278
2.1972245773362196,3.6896143544768965,1.3862943611198906,1.5226627703724458
2.1972245773362196,4.248695578333666,1.3862943611198906,2.7544290202442374
2.1972245773362196,3.7451876222485696,1.3862943611198906,1.258979122437108
2.1972245773362196,2.5815723150017673,1.3862943611198906,1.0185678264085285
