RedundantThrowsDeclarationCheck_Actual,RedundantThrowsDeclarationCheck_Simulated,S1488_Actual,S1488_Simulated,S1905_Actual,S1905_Simulated,UselessImportCheck_Actual,UselessImportCheck_Simulated,S00108_Actual,S00108_Simulated
4.969813299576001,5.360632430668239,3.258096538021482,3.9285002423156064,2.70805020110221,3.7704299525569263,4.127134385045092,4.412702184937166,1.3862943611198906,1.3394113756793602
4.962844630259907,5.051309579899797,3.5553480614894135,4.797952076855934,2.5649493574615367,4.606033828377742,4.248495242049359,4.7637282917938615,1.3862943611198906,1.9397112025544967
4.962844630259907,5.4370162931300285,3.5553480614894135,4.980478937461032,2.5649493574615367,2.055981508782904,4.23410650459726,3.979700451377865,1.3862943611198906,1.3325448936386723
