RedundantThrowsDeclarationCheck_Actual,RedundantThrowsDeclarationCheck_Simulated,S1488_Actual,S1488_Simulated,S1905_Actual,S1905_Simulated,UselessImportCheck_Actual,UselessImportCheck_Simulated,S00108_Actual,S00108_Simulated
4.6913478822291435,5.112958552709485,3.258096538021482,3.1324916786314416,2.70805020110221,2.842322744116647,4.574710978503383,3.9462715619334965,1.3862943611198906,1.0310430254238616
4.955827057601261,5.318947226388271,3.258096538021482,0.8459249140216714,2.70805020110221,1.293782452864887,3.970291913552122,4.136298478600899,1.3862943611198906,1.419525878001201
4.969813299576001,5.278747663243721,3.258096538021482,4.285562497654166,2.70805020110221,0.027514117939278382,4.143134726391533,3.885236823050997,1.3862943611198906,0.0
4.969813299576001,6.4549905313016644,3.258096538021482,1.1066169349890136,2.70805020110221,0.0,4.127134385045092,4.417411463773152,1.3862943611198906,0.43065374142113355
4.962844630259907,4.132894443531175,3.5553480614894135,4.352287375143113,2.5649493574615367,1.9483268810500838,4.248495242049359,4.552911079675692,1.3862943611198906,1.459827632468657
4.962844630259907,6.469332632981276,3.5553480614894135,0.7743503757907457,2.5649493574615367,3.8187157423899034,4.23410650459726,2.742812178762808,1.3862943611198906,0.42503676923689804
