S1905_Actual,S1905_Simulated,DuplicatedBlocks_Actual,DuplicatedBlocks_Simulated,S1481_Actual,S1481_Simulated
0.0,0.36172044398760594,3.258096538021482,2.5129296442372437,0.5108256237659906,0.502759145915681
0.0,0.0,3.258096538021482,3.628222771366425,0.6061358035703155,0.6658715514482965
0.0,0.6477646543035405,3.258096538021482,2.2655723499852467,0.6931471805599453,0.2579949402982843
