S00108_Actual,S00108_Simulated
1.3862943611198906,1.0166596193930002
1.3862943611198906,1.7093489861312625
1.3862943611198906,0.5358862422322237
1.3862943611198906,0.3816959672963095
1.3862943611198906,0.3104382597415314
1.3862943611198906,1.3871049741853625
