S00108_Actual,S00108_Simulated
1.3862943611198906,1.0166596193930002
1.3862943611198906,1.3276855188639296
1.3862943611198906,0.23752826981271302
1.3862943611198906,0.9076874264156141
1.3862943611198906,1.430421735218486
1.3862943611198906,1.8050361554043222
1.3862943611198906,1.456670889479596
1.3862943611198906,1.323531959458375
1.3862943611198906,2.6854338258380395
1.3862943611198906,2.0096743346366255
1.3862943611198906,0.0
1.3862943611198906,0.5793470973789487
