S1213_Actual,S1213_Simulated,RedundantThrowsDeclarationCheck_Actual,RedundantThrowsDeclarationCheck_Simulated,S00117_Actual,S00117_Simulated,S00122_Actual,S00122_Simulated,DuplicatedBlocks_Actual,DuplicatedBlocks_Simulated,S1226_Actual,S1226_Simulated,S00112_Actual,S00112_Simulated,S1155_Actual,S1155_Simulated,S00108_Actual,S00108_Simulated,S1132_Actual,S1132_Simulated
4.442651256490317,4.258004748454225,1.0986122886681098,1.0009162361423583,1.791759469228055,1.7334107498477807,2.5649493574615367,2.4433278072642888,3.295836866004329,2.7807278215893483,3.7612001156935624,3.225630881072886,3.6635616461296463,3.7147175001968455,0.0,0.0,1.6094379124341003,1.1094287149949935,1.6094379124341003,0.9903633417476858
4.454347296253507,4.157240574529363,1.0986122886681098,0.2669261745572694,1.791759469228055,2.441766954604286,2.5649493574615367,6.587414135794436,3.295836866004329,4.11425229704374,3.7612001156935624,3.1527857128117422,3.7612001156935624,4.138530020715556,0.0,0.0,1.6094379124341003,0.9266194206505374,1.6094379124341003,0.4450266830798316
4.465908118654584,4.16936223448643,1.0986122886681098,0.26772109078328854,1.791759469228055,2.7616217317569696,2.5649493574615367,4.795787372271709,3.295836866004329,2.912838409244616,3.7612001156935624,3.962558455973415,3.7612001156935624,2.9589981623752113,0.0,0.0,1.6094379124341003,0.5643757267495124,1.6094379124341003,1.8267682896795543
4.473541743509655,4.179421569636699,1.0986122886681098,1.0475497899505406,1.8458266904983307,1.9214960412866056,2.5649493574615367,2.736172914836649,3.295836866004329,2.804437136038748,3.7689221617874726,1.9369483237383707,3.784189633918261,3.718885881009987,0.0,0.0,1.6094379124341003,0.6433092918542966,1.6094379124341003,0.7757217190174616
4.481117537318112,4.254991797781033,1.0986122886681098,1.2521068583699217,1.8971199848858813,1.3426493586280446,2.5649493574615367,5.267638863434346,3.295836866004329,1.6809222446388963,3.7765850345330416,3.641323844039892,3.8066624897703196,3.515104582393281,0.0,0.0,1.6094379124341003,1.5843434341610556,1.6094379124341003,0.9715519795093177
4.48863636973214,3.7947742877134845,1.0986122886681098,1.0779249450138924,1.9459101490553132,2.2205652451714797,2.5649493574615367,2.657011246582923,3.295836866004329,2.044342265086154,3.784189633918261,3.977444299363475,3.828641396489095,4.572832859702009,0.0,0.0,1.6094379124341003,1.3516679513891294,1.6094379124341003,1.4256018758490367
