S1488_Actual,S1488_Simulated,S1905_Actual,S1905_Simulated,UselessImportCheck_Actual,UselessImportCheck_Simulated,S00108_Actual,S00108_Simulated
3.258096538021482,3.1324916786314416,2.70805020110221,2.842322744116647,4.127134385045092,3.9462715619334965,1.3862943611198906,1.0310430254238616
3.5553480614894135,5.820242780750711,2.5649493574615367,2.844237869818398,4.248495242049359,3.5431408457453504,1.3862943611198906,0.6644374728136759
3.5553480614894135,3.524562926307766,2.5649493574615367,0.8292717762486155,4.23410650459726,4.569131697743194,1.3862943611198906,2.4943255220513665
