S1488_Actual,S1488_Simulated,S1905_Actual,S1905_Simulated,UselessImportCheck_Actual,UselessImportCheck_Simulated,S00108_Actual,S00108_Simulated
3.258096538021482,3.697697263544742,2.70805020110221,3.461420735491537,4.574710978503383,4.495037878812216,1.3862943611198906,1.6954226165372368
3.258096538021482,4.028963947873713,2.70805020110221,3.4641064191463626,3.970291913552122,4.71878602795538,1.3862943611198906,1.4386831233961224
3.258096538021482,3.414081311060344,2.70805020110221,2.6605985562787335,4.143134726391533,4.502232818359046,1.3862943611198906,1.3912844837493439
3.258096538021482,4.304117788370346,2.70805020110221,2.9115110045592725,4.127134385045092,4.3931720292410255,1.3862943611198906,1.2395868234819658
3.5553480614894135,4.070538253593463,2.5649493574615367,2.629157150553814,4.248495242049359,4.025231693669699,1.3862943611198906,1.6655298775071141
3.5553480614894135,3.948581185747058,2.5649493574615367,3.0024357717845342,4.23410650459726,4.521357663215351,1.3862943611198906,2.1231312858684084
