S1213_Actual,S1213_Simulated,RedundantThrowsDeclarationCheck_Actual,RedundantThrowsDeclarationCheck_Simulated,S00117_Actual,S00117_Simulated,DuplicatedBlocks_Actual,DuplicatedBlocks_Simulated,S1226_Actual,S1226_Simulated,S00112_Actual,S00112_Simulated,S1155_Actual,S1155_Simulated,S00108_Actual,S00108_Simulated,S1132_Actual,S1132_Simulated
4.481117537318112,3.9736462603351703,1.0986122886681098,0.7506859406485378,1.8971199848858813,1.3000568012839122,3.295836866004329,2.3621206429605626,3.7765850345330416,2.945350239029016,3.8066624897703196,3.4455535302596,0.0,0.00845563664876762,1.6094379124341003,0.8320702696305738,1.6094379124341003,1.0863350080236112
4.48863636973214,3.156547351788577,1.0986122886681098,0.4978112516993287,1.9459101490553132,1.0058670343220317,3.295836866004329,2.454284313214134,3.784189633918261,2.9858452987754385,3.828641396489095,2.4980436957683025,0.0,0.0,1.6094379124341003,0.7154676337110133,1.6094379124341003,0.49748224378679107
