S1213_Actual,S1213_Simulated,RedundantThrowsDeclarationCheck_Actual,RedundantThrowsDeclarationCheck_Simulated,S00122_Actual,S00122_Simulated,S1905_Actual,S1905_Simulated,UselessImportCheck_Actual,UselessImportCheck_Simulated,DuplicatedBlocks_Actual,DuplicatedBlocks_Simulated,S1155_Actual,S1155_Simulated
5.765191102784844,5.905965091877481,5.733341276897746,5.406354149356674,6.298949246855942,6.198847681621536,1.791759469228055,2.218394196647229,2.772588722239781,3.5535918260069694,5.66988092298052,5.778379256897303,4.23410650459726,3.9342304055250064
5.75890177387728,6.12214909081497,5.703782474656201,5.816120566150269,6.278521424165844,6.00632376837226,1.791759469228055,1.1205352289216146,2.302585092994046,3.41895153723617,5.6131281063880705,5.96191115214661,4.23410650459726,3.9386304706621122
5.7745515455444085,6.722342247187227,5.717027701406222,4.782507538321782,6.278521424165844,5.634020274795652,1.791759469228055,1.1735092526643696,2.4849066497880004,3.1136649244423626,5.616771097666572,6.153576295758337,4.23410650459726,3.8820180867413256
5.765191102784844,5.517708237092506,5.71042701737487,5.902901366882596,6.2878585601617845,6.325497271108701,1.791759469228055,1.4328134226633429,2.302585092994046,3.2284510760312077,5.616771097666572,6.06966870489827,4.23410650459726,4.012375857787651
5.777652323222656,6.418997155665116,5.707110264748875,5.582480024977994,6.3080984415095305,5.813656199572767,1.791759469228055,1.2209552156325483,2.3978952727983707,3.2547062607193595,5.66988092298052,6.075669600167268,4.23410650459726,4.015939970160535
5.777652323222656,5.791129458704664,5.707110264748875,4.929789678415207,6.3080984415095305,6.831301744915104,1.791759469228055,2.962400926532214,2.302585092994046,3.1580924127626266,5.66988092298052,5.1876490121383005,4.23410650459726,3.69318144158479
