S1213_Actual,S1213_Simulated,RedundantThrowsDeclarationCheck_Actual,RedundantThrowsDeclarationCheck_Simulated,S00117_Actual,S00117_Simulated,S1905_Actual,S1905_Simulated,UselessImportCheck_Actual,UselessImportCheck_Simulated,DuplicatedBlocks_Actual,DuplicatedBlocks_Simulated,S1155_Actual,S1155_Simulated
5.765191102784844,5.905965091877481,5.733341276897746,5.406354149356674,5.811140992976701,5.623524564790877,1.791759469228055,2.218394196647229,2.772588722239781,3.5535918260069694,5.66988092298052,5.778379256897303,4.23410650459726,3.9342304055250064
5.75890177387728,5.66786811643868,5.703782474656201,6.140182475486256,5.808142489980444,5.578188059710824,1.791759469228055,1.4130198692292284,2.302585092994046,4.540501187656281,5.6131281063880705,5.19821576971451,4.23410650459726,4.386277070851882
5.7745515455444085,5.72498024610518,5.717027701406222,4.869933330879062,5.808142489980444,6.350021254779627,1.791759469228055,2.9000810831794785,2.4849066497880004,2.9513007478097464,5.616771097666572,6.234573868477193,4.23410650459726,4.395096175418384
5.765191102784844,6.14425024371487,5.71042701737487,5.932877360437879,5.808142489980444,5.121393730566304,1.791759469228055,2.1425922779301763,2.302585092994046,3.098027557173896,5.616771097666572,5.618970697798116,4.23410650459726,4.118535789645762
5.777652323222656,6.015482999780585,5.707110264748875,5.482798634192908,5.755742213586912,5.629681373049012,1.791759469228055,2.5005511078602014,2.3978952727983707,3.245608625033273,5.66988092298052,6.754966036609727,4.23410650459726,4.428687416218702
5.777652323222656,6.4804303062753394,5.707110264748875,5.320099182622597,5.755742213586912,6.159390879575807,1.791759469228055,4.32454070074396,2.302585092994046,2.8039175800972544,5.66988092298052,5.885645146369223,4.23410650459726,3.772052202168983
