,Actual_last_5_vals,Mean_Simulation,Simulated_13,Simulated_16,Simulated_25,Simulated_24,Simulated_17,Simulated_11,Simulated_5,Simulated_7,Simulated_28,Simulated_29,Simulated_15,Simulated_26,Simulated_3,Simulated_14,Simulated_6,Simulated_10,Simulated_22,Simulated_19,Simulated_21,Simulated_0,Simulated_27,Simulated_23,Simulated_20,Simulated_4,Simulated_12,Simulated_18,Simulated_8,Simulated_1,Simulated_2,Simulated_9
0,30189.266666666663,,,,,,,,,,,,,,,,,,,,,,,,,,,,,,,
1,30268.7,,,,,,,,,,,,,,,,,,,,,,,,,,,,,,,
2,30348.13333333333,,,,,,,,,,,,,,,,,,,,,,,,,,,,,,,
3,30427.566666666666,,,,,,,,,,,,,,,,,,,,,,,,,,,,,,,
4,30507.0,,,,,,,,,,,,,,,,,,,,,,,,,,,,,,,
5,,29783.65,29783.65,29783.65,29783.65,29783.65,29783.65,29783.65,29783.65,29783.65,29783.65,29783.65,29783.65,29783.65,29783.65,29783.65,29783.65,29783.65,29783.65,29783.65,29783.65,29783.65,29783.65,29783.65,29783.65,29783.65,29783.65,29783.65,29783.65,29783.65,29783.65,29783.65
6,,29003.98,29526.65,29672.21,28023.3,29975.65,28485.56,28467.69,27764.19,28901.24,29199.86,28423.22,30615.94,28287.4,30141.36,31056.95,28018.38,31510.14,30707.61,30054.94,27368.68,25884.65,27484.53,26615.61,32254.11,26588.23,33197.28,31912.54,32006.57,23664.88,31595.67,22714.41
7,,29190.74,29062.05,28700.93,29583.43,29604.89,27922.7,27756.61,28413.08,26994.47,31627.99,31252.61,30569.99,26296.3,26459.26,27312.47,25847.05,27177.75,32166.86,33211.36,32681.81,31371.4,25374.84,32185.61,31459.92,25822.86,27522.91,32451.94,25620.3,30968.56,34557.63,25744.75
8,MAE,,217.12,386.01,457.79,461.94,595.49,656.81,672.48,766.34,877.71,880.88,997.07,1203.67,1289.62,1310.41,1443.1,1506.38,1559.92,1690.53,1708.79,1766.66,1778.45,1794.41,1839.77,1927.88,1953.71,2056.59,2191.01,2372.31,2652.86,3245.19
