RedundantThrowsDeclarationCheck_Actual,RedundantThrowsDeclarationCheck_Simulated,S00117_Actual,S00117_Simulated,S1488_Actual,S1488_Simulated,S00112_Actual,S00112_Simulated
3.258096538021482,3.3944648510557793,2.772588722239781,1.8846891797460226,1.3862943611198906,1.539752183574873,7.00397413672268,5.996123387695626
3.332204510175204,3.7193534310420957,2.6390573296152584,2.0248814091589526,0.6931471805599453,1.8867564276550879,6.760414691083428,6.16871177089258
3.332204510175204,2.7212808380557036,2.6390573296152584,1.5260881012310457,0.6931471805599453,2.0435920164035233,6.7357800142423265,5.513257904507352
3.332204510175204,3.9660615830355432,2.6390573296152584,1.9082639401074464,0.6931471805599453,2.184428117720518,6.734591659972948,6.037045893637218
3.332204510175204,3.791605389752852,2.6390573296152584,2.2062783757102253,0.6931471805599453,1.6643499017660637,6.738152494595957,5.600989066491977
3.332204510175204,4.331236000244682,2.6390573296152584,1.2159345541399018,0.6931471805599453,2.2606144002662405,6.7580945044277305,4.206065474770567
