S1905_Actual,S1905_Simulated,UselessImportCheck_Actual,UselessImportCheck_Simulated
0.0,1.5915743540760907,0.6931471805599453,1.0867097726923818
0.0,1.8421393499208865,0.6931471805599453,1.3184905162881544
0.0,2.007104186488737,0.6931471805599453,1.0878034463607091
0.0,1.1302184786026388,0.6931471805599453,0.7680346410829859
0.0,1.805456342033858,0.6931471805599453,0.960210353230835
0.0,1.9135358088732357,0.0,1.1679987157921738
