S1488_Actual,S1488_Simulated,S1905_Actual,S1905_Simulated,UselessImportCheck_Actual,UselessImportCheck_Simulated,DuplicatedBlocks_Actual,DuplicatedBlocks_Simulated,S00112_Actual,S00112_Simulated,S1155_Actual,S1155_Simulated,S1481_Actual,S1481_Simulated
1.0986122886681098,1.0077415013145123,0.0,1.571048938306501,0.6931471805599453,0.9610498910441571,1.8281271133989299,2.3875430850499346,3.332204510175204,1.6889869029199953,0.0,0.0,0.20067069546215122,1.0812651235231558
1.0986122886681098,0.7665423540355292,0.0,0.46996522060707413,0.6931471805599453,1.058065886919216,1.8101086078962514,2.7859900103867994,3.332204510175204,1.7838690825478423,0.0,0.0,0.1053605156578263,0.9307320931932094
1.0986122886681098,1.2652976376727498,0.0,1.3350149500734219,0.6931471805599453,0.11810071523997023,1.791759469228055,3.5090236534118717,3.332204510175204,2.399176258091862,0.0,0.0,0.0,2.0381480922114275
