S1488_Actual,S1488_Simulated,S1905_Actual,S1905_Simulated,UselessImportCheck_Actual,UselessImportCheck_Simulated,DuplicatedBlocks_Actual,DuplicatedBlocks_Simulated,S00112_Actual,S00112_Simulated,S1155_Actual,S1155_Simulated,S1481_Actual,S1481_Simulated
1.0986122886681098,1.0077415013145123,0.0,1.571048938306501,0.6931471805599453,0.9610498910441571,1.8803128665695001,2.3875430850499346,3.332204510175204,1.6889869029199953,0.0,0.0,0.44183275227903923,1.0812651235231558
1.0986122886681098,1.1435293054039954,0.0,2.563975317792124,0.6931471805599453,0.2576580172708913,1.8632184332102,1.9813961089374608,3.332204510175204,1.1426471787996726,0.0,0.0,0.36772478012531734,0.7482244458897974
1.0986122886681098,1.1894340945680546,0.0,0.3961687207046396,0.6931471805599453,1.7584674844339325,1.8458266904983307,2.9444534795581228,3.332204510175204,1.0524084902692354,0.0,0.0,0.2876820724517809,1.6257254151408613
1.0986122886681098,1.1010074591487808,0.0,1.100062923228256,0.6931471805599453,1.3562881688839121,1.8281271133989299,1.6658732210606826,3.332204510175204,0.3690379020433532,0.0,0.0,0.20067069546215122,0.64742218334368
1.0986122886681098,1.1622579561348731,0.0,1.3086407199400176,0.6931471805599453,1.6958721182744143,1.8101086078962514,2.158752256238398,3.332204510175204,2.204440418199302,0.0,0.0,0.1053605156578263,0.7565989812095557
1.0986122886681098,0.5632744495576623,0.0,2.0456502975120885,0.6931471805599453,1.3978058347028925,1.791759469228055,3.0716692890680415,3.332204510175204,1.3591985835208147,0.0,0.0,0.0,0.785436321855959
