S1213_Actual,S1213_Simulated,RedundantThrowsDeclarationCheck_Actual,RedundantThrowsDeclarationCheck_Simulated,S1488_Actual,S1488_Simulated,S1905_Actual,S1905_Simulated,S1226_Actual,S1226_Simulated,S00112_Actual,S00112_Simulated,S1151_Actual,S1151_Simulated,S1132_Actual,S1132_Simulated,S1481_Actual,S1481_Simulated
5.448173122092414,5.315746943612542,3.1354942159291497,3.5351683455796343,2.268683541318364,2.3448650609869333,0.6931471805599453,2.6336389706392938,3.721669276936927,3.8233103768142858,3.091042453358316,2.431549945789797,3.258096538021482,2.7244619324435924,3.5553480614894135,3.4205118984428196,1.9459101490553132,3.001156803470868
5.438079308923196,4.763246799837778,3.1354942159291497,3.1395496935994047,2.1972245773362196,1.9405251773146976,0.6931471805599453,2.215058491867707,3.713572066704308,4.179688846067114,3.091042453358316,3.796623178509225,3.258096538021482,0.9893094180162432,3.5553480614894135,3.815134372943874,1.9459101490553132,5.098022106742886
5.438079308923196,5.374928677481018,3.1354942159291497,3.7144113075939016,2.1972245773362196,2.8746200094801555,0.6931471805599453,2.7417879456481686,3.713572066704308,4.380762906031894,3.091042453358316,3.062740709385738,3.258096538021482,2.8892252575623347,3.5553480614894135,3.1423838003348914,1.9459101490553132,5.228949116341353
5.438079308923196,5.780589997250457,3.1354942159291497,3.4336483689302475,2.1972245773362196,1.747063923986746,0.6931471805599453,5.466205543432192,3.713572066704308,3.0753430155821606,3.091042453358316,3.1138856886222195,3.258096538021482,2.1815459521528155,3.5553480614894135,2.8894147290289225,1.9459101490553132,2.0674086559873652
5.438079308923196,3.8500287584176363,3.1354942159291497,3.6791299927434244,2.1972245773362196,1.6845969411597528,0.6931471805599453,4.7557068837373535,3.713572066704308,3.0512115469361203,3.091042453358316,2.6146529577319777,3.258096538021482,3.6507345781890503,3.5553480614894135,4.415356487074466,1.9459101490553132,3.9279132338063034
5.438079308923196,6.253569714397939,3.1354942159291497,3.9461941632705075,2.1972245773362196,1.7475625743208956,0.6931471805599453,1.0949185329912965,3.713572066704308,4.960194845884698,3.091042453358316,2.385702198834937,3.258096538021482,2.596901980936495,3.5553480614894135,3.0862663540716233,1.9459101490553132,2.934226874783033
