RedundantThrowsDeclarationCheck_Actual,RedundantThrowsDeclarationCheck_Simulated,S00117_Actual,S00117_Simulated,S1905_Actual,S1905_Simulated,S1488_Actual,S1488_Simulated
0.0,0.5727973749538712,0.0,0.40055451451781227,0.0,0.30292891362959246,0.0,0.2853084155855916
0.0,0.011822145433977527,0.0,0.3630069941406377,0.0,0.9889567088116817,0.0,0.0
