RedundantThrowsDeclarationCheck_Actual,RedundantThrowsDeclarationCheck_Simulated,S00117_Actual,S00117_Simulated,S1905_Actual,S1905_Simulated,S1488_Actual,S1488_Simulated
0.0,0.5727973749538712,0.0,0.40055451451781227,0.0,0.30292891362959246,0.0,0.2853084155855916
0.0,0.0,0.0,1.0093312138885508,0.0,0.23541857089749113,0.0,0.21791881068938418
0.0,0.9427421047392643,0.0,0.4907249499628651,0.0,1.3146211277444786,0.0,1.0602295820640522
0.0,0.0,0.0,0.0,0.0,0.0,0.0,0.0
0.0,0.0,0.0,0.24327719680870896,0.0,0.0,0.0,0.8454710322241829
0.0,1.124018526171739,0.0,0.2458121556936125,0.0,0.0,0.0,0.0
