RedundantThrowsDeclarationCheck_Actual,RedundantThrowsDeclarationCheck_Simulated,S00117_Actual,S00117_Simulated,S1905_Actual,S1905_Simulated,S1488_Actual,S1488_Simulated
0.0,1.6495394534030674,0.0,1.0240008494031487,0.0,1.021823466540262,0.0,0.9723747422179743
0.0,0.09838796501970637,0.0,2.4071106856250175,0.0,0.5366198728335397,0.0,0.0
0.0,0.535966770664325,0.0,0.7186031627456002,0.0,0.7739787508027149,0.0,1.4149712181115712
0.0,1.0089799106623634,0.0,0.9514926667811905,0.0,1.7525827747596776,0.0,1.3342826641877357
0.0,2.5845608691586612,0.0,1.0491107311450734,0.0,0.21286991836076552,0.0,2.0586186170704157
0.0,0.0,0.0,1.4933231249098728,0.0,1.0671890109574942,0.0,1.671483693123216
0.0,1.9293127955439198,0.0,1.5960781873346432,0.0,1.903015385288892,0.0,1.4582294300114162
0.0,2.3434420721822216,0.0,1.81507839355952,0.0,0.43382339283554805,0.0,0.6810442795026768
0.0,1.6307143304165903,0.0,1.8706736800118366,0.0,0.4461372321453765,0.0,1.9551368252862766
0.0,0.7094936286912423,0.0,0.6985554326381416,0.0,0.0,0.0,0.6360083825696303
0.0,5.32141420490488,0.0,0.5544176797992373,0.0,1.1619117576104399,0.0,1.7323853930559805
0.0,0.0,0.0,1.5431719740172722,0.0,0.36182502345315737,0.0,2.9502983643580443
