RedundantThrowsDeclarationCheck_Actual,RedundantThrowsDeclarationCheck_Simulated,S00117_Actual,S00117_Simulated,S1905_Actual,S1905_Simulated,S1488_Actual,S1488_Simulated
0.0,1.6495394534030674,0.0,1.0240008494031487,0.0,1.021823466540262,0.0,0.9723747422179743
0.0,3.7348502676782207,0.0,1.3888733280400096,0.0,0.4421368764513639,0.0,1.0960391638186584
0.0,0.8401533370439699,0.0,1.98748462190059,0.0,2.282457190850623,0.0,0.4352240053162113
0.0,0.6458208696895569,0.0,3.8543322847138484,0.0,0.5389869915931937,0.0,1.952386189400971
0.0,0.8700274792100134,0.0,0.9697502310110134,0.0,0.48814296875230334,0.0,2.0292174118700275
0.0,1.1284096068172627,0.0,0.0,0.0,2.28621849463513,0.0,1.0175381792249607
