S1905_Actual,S1905_Simulated,S00112_Actual,S00112_Simulated,S00108_Actual,S00108_Simulated,S1481_Actual,S1481_Simulated
0.0,0.9071098113340569,4.1588830833596715,2.499131140053135,1.3862943611198906,1.5415685703871407,2.5649493574615367,3.085545834700197
0.0,0.46503712429165545,4.1588830833596715,2.4256757552491512,1.3862943611198906,1.3835520598979363,2.5649493574615367,3.832186701302789
0.0,1.0213159610727394,4.1588830833596715,3.733608172472003,1.3862943611198906,1.6875512063119817,2.5649493574615367,2.6476888629196407
