S1905_Actual,S1905_Simulated,S00112_Actual,S00112_Simulated,S00108_Actual,S00108_Simulated,S1481_Actual,S1481_Simulated
0.0,0.9071098113340569,4.1588830833596715,2.499131140053135,1.3862943611198906,1.5415685703871407,2.538973871058276,3.085545834700197
0.0,0.3941298823065148,4.1588830833596715,2.439491163850021,1.3862943611198906,1.8643013068732586,2.5520459526256287,3.7382747843341
0.0,0.6798684237948427,4.1588830833596715,2.6956275718866194,1.3862943611198906,1.671538974078362,2.5649493574615367,3.108327682243623
0.0,1.5606050168386794,4.1588830833596715,2.333164828114231,1.3862943611198906,2.294621679018772,2.5649493574615367,3.2210284057189944
0.0,0.23336314721597895,4.1588830833596715,2.4751341163440546,1.3862943611198906,2.028430195625207,2.5649493574615367,2.601525024034273
0.0,1.0769050327305507,4.1588830833596715,3.4122107943977102,1.3862943611198906,1.80160004087096,2.5649493574615367,3.655425407346693
