RedundantThrowsDeclarationCheck_Actual,RedundantThrowsDeclarationCheck_Simulated,S00117_Actual,S00117_Simulated,S1905_Actual,S1905_Simulated,S1488_Actual,S1488_Simulated
0.0,1.6495394534030674,0.0,1.0240008494031487,0.0,1.021823466540262,0.0,0.9723747422179743
0.0,2.9715636897954134,0.0,2.4340419167105662,0.0,1.5910298514537906,0.0,1.849248162956143
