S1213_Actual,S1213_Simulated,S00122_Actual,S00122_Simulated,S1488_Actual,S1488_Simulated,DuplicatedBlocks_Actual,DuplicatedBlocks_Simulated,S1226_Actual,S1226_Simulated,S00112_Actual,S00112_Simulated,S1155_Actual,S1155_Simulated,S00108_Actual,S00108_Simulated,S1151_Actual,S1151_Simulated,S1132_Actual,S1132_Simulated
0.0367013668504281,0.8654164806904682,0.0,0.19170098661429782,0.0,0.051733357324998425,0.0,0.46172097945521134,0.0,0.11196008221551346,0.018519047767237597,0.46128570284664755,0.0,0.046991420998253174,0.0,0.19702941544705932,0.018519047767237597,0.6025512276968152,0.0,0.5169270278182613
0.018519047767237697,1.2186713462825494,0.0,0.0,0.0,0.0,0.0,0.0,0.0,0.23659497126274967,0.009302392662313554,0.8764406079371774,0.0,0.19587804632655967,0.0,0.0,0.009302392662313554,0.7153892283642125,0.0,0.6930903108136602
0.0,0.7660093062614867,0.0,0.5676552235483036,0.0,0.0,0.0,2.2747831961964557,0.0,0.009082666017319718,0.0,0.0,0.0,0.11064992117486383,0.0,0.0491833409504146,0.0,0.5060401818442182,0.0,1.6867709875403847
