S1151_Actual,S1151_Simulated
2.3978952727983707,3.1027931111671934
2.3978952727983707,1.7501707978381806
2.3978952727983707,2.8239527642600266
2.3978952727983707,2.7548051951156496
2.3978952727983707,2.9683168886469335
2.3978952727983707,3.5942852795588003
