S1151_Actual,S1151_Simulated
2.3978952727983707,3.1027931111671934
2.3978952727983707,3.2542908475820096
2.3978952727983707,3.155558636088002
2.3978952727983707,3.481616754909695
2.3978952727983707,4.109871674637921
2.3978952727983707,3.547671694556264
2.3978952727983707,3.1325207973063707
2.3978952727983707,1.2282158282857405
2.3978952727983707,2.787521525645602
2.3978952727983707,3.4037331641453834
2.3978952727983707,5.306573741546774
2.3978952727983707,2.5003137561399797
