RedundantThrowsDeclarationCheck_Actual,RedundantThrowsDeclarationCheck_Simulated,S00117_Actual,S00117_Simulated,S1488_Actual,S1488_Simulated,S1226_Actual,S1226_Simulated,S00112_Actual,S00112_Simulated,S1132_Actual,S1132_Simulated,S1481_Actual,S1481_Simulated
1.0159205728229963,0.26424494468692766,0.0,0.18857179510065186,0.6931471805599453,0.6742804700449279,0.0,0.0,4.23823874188217,3.4160510287931776,1.0986122886681098,1.098607464109944,0.0,0.2632049367457456
1.0330150061822962,0.1305811074143909,0.0,0.0,0.6931471805599453,0.7113346289303047,0.0,0.0,4.24029847484518,3.2956915608382653,1.0986122886681098,1.0986065047608078,0.0,0.7519004580080129
1.0498221244986776,0.0,0.0,0.7706463366859708,0.6931471805599453,0.7440912000475556,0.0,0.0,4.242353974027276,0.8586676949828793,1.0986122886681098,1.0986075560005173,0.0,0.36689003120883285
1.0663514264498883,0.48453536551120724,0.0,0.0,0.6931471805599453,0.7565934816344018,0.0,0.0,4.244405256797834,4.9205778690481035,1.0986122886681098,1.098609062342843,0.0,0.061904276002239106
1.0826119473216684,0.6842235091762903,0.0,0.5896490124390867,0.6931471805599453,0.6177260661205716,0.0,0.0,4.246452340419559,3.897118439248155,1.0986122886681098,1.0986044305202416,0.0,0.5453687570472654
1.0986122886681098,0.09029849428317924,0.0,0.6478850646587535,0.6931471805599453,0.7387940321053323,0.0,0.0,4.248495242049359,4.405152575054975,1.0986122886681098,1.0986085269022976,0.0,0.0
