S1213_Actual,S1213_Simulated,S1488_Actual,S1488_Simulated,S1226_Actual,S1226_Simulated,S00112_Actual,S00112_Simulated,S1155_Actual,S1155_Simulated,S1151_Actual,S1151_Simulated,S1132_Actual,S1132_Simulated,S1481_Actual,S1481_Simulated
6.231355955723415,5.194460844659627,2.302585092994046,2.427345894429739,3.713572066704308,3.595057177045192,4.634728988229636,4.358025076129445,2.5649493574615367,2.5986783502196977,4.143134726391533,4.109089806957299,3.912023005428146,4.123671636980064,1.9459101490553132,2.6344328271877484
6.231574463317423,5.360782679790032,2.302585092994046,2.3143834150401665,3.713572066704308,3.611207595203941,4.634728988229636,3.907971184709168,2.5649493574615367,2.601441579464567,4.143134726391533,4.166750425611636,3.912023005428146,4.154171345680983,1.9459101490553132,2.3817758642037963
6.231792923176292,4.44883591731812,2.302585092994046,2.311204067530274,3.713572066704308,3.6255216011633418,4.634728988229636,4.35487303028879,2.5649493574615367,2.5465238890037964,4.143134726391533,4.113939304699441,3.912023005428146,4.176178211290634,1.9459101490553132,2.3553752861775696
6.232011335320876,5.913025280265275,2.302585092994046,2.7065932213990376,3.713572066704308,3.61436861245915,4.634728988229636,4.521126516208754,2.5649493574615367,2.555416049151701,4.143134726391533,4.18779769473237,3.912023005428146,4.016663643860509,1.9459101490553132,1.5458285968996217
6.232229699772011,4.925046308128962,2.302585092994046,2.2976069160903805,3.713572066704308,3.680349295095518,4.634728988229636,4.858016193092595,2.5649493574615367,2.553979495127268,4.143134726391533,4.070978850191205,3.912023005428146,4.087399737550626,1.9459101490553132,3.198220806294099
6.2324480165505225,5.7376557131199615,2.302585092994046,2.380094443636281,3.713572066704308,3.611032600953601,4.634728988229636,4.487174184471117,2.5649493574615367,2.5739740315002377,4.143134726391533,4.103192071450369,3.912023005428146,4.336379932317455,1.9459101490553132,2.6740203733371004
