S1213_Actual,S1213_Simulated,S1488_Actual,S1488_Simulated,S1226_Actual,S1226_Simulated,S00112_Actual,S00112_Simulated,S1155_Actual,S1155_Simulated,S1151_Actual,S1151_Simulated,S1132_Actual,S1132_Simulated,S1481_Actual,S1481_Simulated
6.231355955723415,5.194460844659627,2.302585092994046,2.427345894429739,3.713572066704308,3.595057177045192,4.634728988229636,4.358025076129445,2.5649493574615367,2.5986783502196977,4.143134726391533,4.109089806957299,3.912023005428146,4.123671636980064,1.9459101490553132,2.6344328271877484
6.231574463317423,5.776113489710205,2.302585092994046,2.747797695540017,3.713572066704308,3.5970489168070685,4.634728988229636,4.758117119560082,2.5649493574615367,2.631923601091785,4.143134726391533,4.101871279099223,3.912023005428146,3.898146555922901,1.9459101490553132,2.4023151667959572
6.231792923176292,5.401777321294301,2.302585092994046,2.5740359727551994,3.713572066704308,3.5974781542948024,4.634728988229636,4.267582080624534,2.5649493574615367,2.5355974391471015,4.143134726391533,4.026281261319346,3.912023005428146,4.0526943121576675,1.9459101490553132,1.8087061680119125
6.232011335320876,4.473901719049656,2.302585092994046,2.736816560279756,3.713572066704308,3.5466969366251484,4.634728988229636,4.293746847998358,2.5649493574615367,2.5714658077101973,4.143134726391533,3.943053582122803,3.912023005428146,3.9993287332366037,1.9459101490553132,1.4041819689040886
6.232229699772011,5.7241887226362875,2.302585092994046,2.6062581108361242,3.713572066704308,3.556378825468554,4.634728988229636,4.321666740115199,2.5649493574615367,2.5740915099368236,4.143134726391533,4.125318415005225,3.912023005428146,4.275400001136576,1.9459101490553132,3.023028957450879
6.2324480165505225,5.278206897915639,2.302585092994046,1.6283481198358314,3.713572066704308,3.5912284486794848,4.634728988229636,4.115016418648191,2.5649493574615367,2.5712886379981104,4.143134726391533,4.079754869781675,3.912023005428146,4.216699829070418,1.9459101490553132,3.2136366986029317
