RedundantThrowsDeclarationCheck_Actual,RedundantThrowsDeclarationCheck_Simulated,S00117_Actual,S00117_Simulated,S1488_Actual,S1488_Simulated,S1226_Actual,S1226_Simulated,S00112_Actual,S00112_Simulated,S1155_Actual,S1155_Simulated,S1132_Actual,S1132_Simulated,S1481_Actual,S1481_Simulated
1.0159205728229963,0.8327413593132452,0.0,0.0,0.6931471805599453,0.6931423560017794,0.0,0.0,4.23823874188217,4.215963937279708,1.0986122886681098,1.098607464109944,1.0986122886681098,1.098607464109944,0.0,0.0
1.0330150061822962,0.7539050851638418,0.0,0.0,0.6931471805599453,0.6931414125210631,0.0,0.0,4.24029847484518,4.2180863346229,1.0986122886681098,1.098609109031108,1.0986122886681098,1.0986116625117879,0.0,0.0
1.0498221244986776,0.7980750756866399,0.0,0.0,0.6931471805599453,0.6931418556915783,0.0,0.0,4.242353974027276,4.18070152447966,1.0986122886681098,1.0986117530628912,1.0986122886681098,1.098607386006863,0.0,0.0
1.0663514264498883,0.7617325124157321,0.0,0.0,0.6931471805599453,0.693140265392545,0.0,0.0,4.244405256797834,4.224790937639783,1.0986122886681098,1.0986113185321897,1.0986122886681098,1.0986057515150411,0.0,0.0
1.0826119473216684,0.8932945351801995,0.0,2.4229085296688054e-06,0.6931471805599453,0.6931399111838897,0.0,0.0,4.246452340419559,4.1920103017588835,1.0986122886681098,1.0986058135304686,1.0986122886681098,1.098610479784021,0.0,0.0
1.0986122886681098,0.8435127637808522,0.0,0.0,0.6931471805599453,0.6931456883220568,0.0,3.129094603010313e-07,4.248495242049359,4.19350118074779,1.0986122886681098,1.098607230789078,1.0986122886681098,1.0986057245051144,0.0,0.0
