RedundantThrowsDeclarationCheck_Actual,RedundantThrowsDeclarationCheck_Simulated,S00117_Actual,S00117_Simulated,S1488_Actual,S1488_Simulated,S1226_Actual,S1226_Simulated,S00112_Actual,S00112_Simulated,S1155_Actual,S1155_Simulated,S1132_Actual,S1132_Simulated,S1481_Actual,S1481_Simulated
1.0159205728229963,0.8327413593132452,0.0,0.0,0.6931471805599453,0.6931423560017794,0.0,0.0,4.23823874188217,4.215963937279708,1.0986122886681098,1.098607464109944,1.0986122886681098,1.098607464109944,0.0,0.0
1.0330150061822962,0.9712965418434233,0.0,0.0,0.6931471805599453,0.6931398178065901,0.0,0.0,4.24029847484518,4.216770058683017,1.0986122886681098,1.0986073185789846,1.0986122886681098,1.0986086501559997,0.0,3.6771978691876846e-07
1.0498221244986776,0.6878261021665195,0.0,0.0,0.6931471805599453,0.6931411513267585,0.0,0.0,4.242353974027276,4.195435970904392,1.0986122886681098,1.0986090398002546,1.0986122886681098,1.0986050583335794,0.0,0.0
1.0663514264498883,0.9446090005088982,0.0,0.0,0.6931471805599453,0.6931454654915511,0.0,0.0,4.244405256797834,4.203863240833089,1.0986122886681098,1.0986041024822177,1.0986122886681098,1.098607160990141,0.0,0.0
1.0826119473216684,0.6057463661377588,0.0,0.0,0.6931471805599453,0.6931431404152516,0.0,0.0,4.246452340419559,4.19162171107849,1.0986122886681098,1.0986087741708526,1.0986122886681098,1.0986097537777415,0.0,0.0
1.0986122886681098,0.5886587057531826,0.0,0.0,0.6931471805599453,0.6931416115354435,0.0,0.0,4.248495242049359,4.1972884524376735,1.0986122886681098,1.0986041037161915,1.0986122886681098,1.0986066682669018,0.0,0.0
