S1213_Actual,S1213_Simulated,S00122_Actual,S00122_Simulated,S1488_Actual,S1488_Simulated,S1226_Actual,S1226_Simulated,S00112_Actual,S00112_Simulated,S1155_Actual,S1155_Simulated,S00108_Actual,S00108_Simulated,S1151_Actual,S1151_Simulated,S1132_Actual,S1132_Simulated
0.08934510033585008,0.8654164806904682,0.0,0.19170098661429782,0.0,0.051733357324998425,0.0,0.11196008221551346,0.04567003683318844,0.46128570284664755,0.0,0.046991420998253174,0.0,0.19702941544705932,0.04567003683318844,0.6025512276968152,0.0,0.5169270278182613
0.07210329390134407,1.7018268727222052,0.0,0.0,0.0,0.0,0.0,0.26648587040140337,0.036701366850428,0.0,0.0,0.16790923926731574,0.0,0.5994370984692932,0.036701366850428,0.8633269840179967,0.0,0.0
0.0545589842504346,1.3696332950380263,0.0,0.0,0.0,0.144079533073009,0.0,0.2637757672826922,0.027651531330510157,0.029970288240144916,0.0,0.21435556297347888,0.0,0.16232112474093294,0.027651531330510157,0.36757926537987634,0.0,0.8795100082282682
0.0367013668504281,1.2853875752358588,0.0,0.9630633441252642,0.0,0.0,0.0,0.0,0.018519047767237597,1.4185212274306536,0.0,0.04361394425931592,0.0,0.0,0.018519047767237597,0.7341378593142518,0.0,0.5326816347029919
0.018519047767237697,0.9063678321121403,0.0,0.49899400103489144,0.0,0.13002058635920835,0.0,0.0,0.009302392662313554,0.0,0.0,0.23588773947001085,0.0,0.5623816476312717,0.009302392662313554,0.3393106735394343,0.0,0.1797577402491044
0.0,0.2465090456028486,0.0,0.0,0.0,0.0,0.0,0.32404737220068336,0.0,0.0,0.0,0.24214467612132212,0.0,0.1339719732357475,0.0,0.9100134525391554,0.0,0.0
