S1488_Actual,S1488_Simulated,S1905_Actual,S1905_Simulated,UselessImportCheck_Actual,UselessImportCheck_Simulated,DuplicatedBlocks_Actual,DuplicatedBlocks_Simulated,S00112_Actual,S00112_Simulated,S1155_Actual,S1155_Simulated,S1132_Actual,S1132_Simulated
1.0986122886681098,1.0077415013145123,0.0,1.571048938306501,0.6931471805599453,0.9610498910441571,1.8803128665695001,2.3875430850499346,3.332204510175204,1.6889869029199953,0.0,0.0,0.0,0.18393647179709674
1.0986122886681098,1.0323549969987469,0.0,0.6474262771938027,0.6931471805599453,1.0154647222041864,1.8632184332102,2.019429108570563,3.332204510175204,2.5122874484391198,0.0,0.0,0.0,0.5400333413934456
1.0986122886681098,1.1586083842659116,0.0,0.782253878388411,0.6931471805599453,1.4035626031139432,1.8458266904983307,2.2283299423287057,3.332204510175204,1.616422986207634,0.0,0.0,0.0,0.5427236093631923
1.0986122886681098,1.1231033396700507,0.0,1.1306753384308212,0.6931471805599453,0.7149122315941037,1.8281271133989299,3.1851775968638005,3.332204510175204,0.3516044419456781,0.0,0.0,0.0,0.0
1.0986122886681098,1.3217938069725645,0.0,0.0,0.6931471805599453,1.1369081321802545,1.8101086078962514,2.2644125925193097,3.332204510175204,1.845392745160801,0.0,0.0,0.0,0.0
1.0986122886681098,1.066269778430661,0.0,2.3928315619321747,0.6931471805599453,0.8266660699782586,1.791759469228055,3.486257682436765,3.332204510175204,2.2606801805609305,0.0,0.0,0.0,0.30765076075569797
