S1488_Actual,S1488_Simulated,S1905_Actual,S1905_Simulated,UselessImportCheck_Actual,UselessImportCheck_Simulated,DuplicatedBlocks_Actual,DuplicatedBlocks_Simulated,S00112_Actual,S00112_Simulated,S1155_Actual,S1155_Simulated,S1132_Actual,S1132_Simulated
1.0986122886681098,1.0077415013145123,0.0,1.571048938306501,0.6931471805599453,0.9610498910441571,1.8803128665695001,2.3875430850499346,3.332204510175204,1.6889869029199953,0.0,0.0,0.0,0.18393647179709674
1.0986122886681098,1.0867109973950637,0.0,1.8928282196494144,0.6931471805599453,0.9750858763468635,1.8632184332102,2.267555916397684,3.332204510175204,1.374783904614485,0.0,0.0,0.0,0.0
1.0986122886681098,1.0700440895794443,0.0,2.2622982942430783,0.6931471805599453,0.9729215159978465,1.8458266904983307,2.0475415552924994,3.332204510175204,1.295603490321972,0.0,0.0,0.0,0.029655115913764657
1.0986122886681098,1.2338108815224254,0.0,0.4016358652022711,0.6931471805599453,0.44780832478521215,1.8281271133989299,1.7522465528706732,3.332204510175204,1.6472189197432228,0.0,0.0,0.0,0.45598553796351704
1.0986122886681098,1.0500650814299277,0.0,1.97715677979528,0.6931471805599453,0.16839704336543793,1.8101086078962514,1.368737494359087,3.332204510175204,0.984311073207543,0.0,0.0,0.0,0.16159112121978128
1.0986122886681098,1.2233259148454494,0.0,2.30029295413646,0.6931471805599453,0.6821251221807323,1.791759469228055,3.0169839904281166,3.332204510175204,1.296808202126069,0.0,1.795016646790858e-06,0.0,0.3356143072073817
