RedundantThrowsDeclarationCheck_Actual,RedundantThrowsDeclarationCheck_Simulated,S1488_Actual,S1488_Simulated,S1226_Actual,S1226_Simulated,S00112_Actual,S00112_Simulated,S1155_Actual,S1155_Simulated,S1132_Actual,S1132_Simulated,S1481_Actual,S1481_Simulated
1.0159205728229963,0.26424494468692766,0.6931471805599453,0.6742804700449279,0.0,0.0,4.23823874188217,3.4160510287931776,1.0986122886681098,1.1085934909171022,1.0986122886681098,1.098607464109944,0.0,0.2632049367457456
1.0330150061822962,0.48262756479766544,0.6931471805599453,0.7783034646443164,0.0,1.331733039008048e-06,4.24029847484518,4.405698400100532,1.0986122886681098,1.0997684247130708,1.0986122886681098,1.0986090348915591,0.0,0.0
1.0498221244986776,0.18076325093345938,0.6931471805599453,0.5423098256135446,0.0,1.343671062824826e-06,4.242353974027276,4.333089863233295,1.0986122886681098,1.12793610341588,1.0986122886681098,1.0986044603499043,0.0,0.05647626582055984
1.0663514264498883,0.0,0.6931471805599453,0.8791289754939358,0.0,0.0,4.244405256797834,4.06598128975111,1.0986122886681098,1.0666678100193197,1.0986122886681098,1.0986105052652695,0.0,0.4593106397780069
1.0826119473216684,0.4130088914016275,0.6931471805599453,0.6649275778238718,0.0,0.0,4.246452340419559,3.944551089793706,1.0986122886681098,1.0300986878025322,1.0986122886681098,1.098606345584662,0.0,1.2922057160310765
1.0986122886681098,0.049433998580188626,0.6931471805599453,0.6556352154075588,0.0,0.0,4.248495242049359,3.2752778679391827,1.0986122886681098,1.2532471691693152,1.0986122886681098,1.0986029278298397,0.0,0.0
