RedundantThrowsDeclarationCheck_Actual,RedundantThrowsDeclarationCheck_Simulated,S00117_Actual,S00117_Simulated,S00122_Actual,S00122_Simulated,S1488_Actual,S1488_Simulated,S1905_Actual,S1905_Simulated,UselessImportCheck_Actual,UselessImportCheck_Simulated,DuplicatedBlocks_Actual,DuplicatedBlocks_Simulated,S1226_Actual,S1226_Simulated,S00112_Actual,S00112_Simulated,S1155_Actual,S1155_Simulated,S00108_Actual,S00108_Simulated
3.1354942159291497,3.5257771575512358,3.5553480614894135,3.3241618483350153,2.4849066497880004,4.288801949621111,2.1972245773362196,2.328170097005313,0.6931471805599453,2.599355956726943,0.0,1.2264470614375145,5.043425116919247,4.534028144429186,3.713572066704308,3.848777899491394,3.091042453358316,2.4454143792319614,3.5553480614894135,3.375888409448223,5.82600010738045,5.475244663983493
3.1354942159291497,3.892432544808773,3.5553480614894135,3.334378817781373,2.4849066497880004,6.0241100015828,2.1972245773362196,2.1861376892770856,0.6931471805599453,0.31965171672035186,0.0,1.2483077226012051,5.043425116919247,4.979583331558549,3.713572066704308,5.076581150342986,3.091042453358316,1.8896387861165045,3.5553480614894135,3.4283977272371255,5.82600010738045,7.522203876719422
