S1905_Actual,S1905_Simulated,S1226_Actual,S1226_Simulated,S00112_Actual,S00112_Simulated,S00108_Actual,S00108_Simulated,S1481_Actual,S1481_Simulated
0.0,0.9071098113340569,4.248495242049359,4.134769788868201,4.1588830833596715,2.499131140053135,1.3862943611198906,1.5415685703871407,2.538973871058276,3.085545834700197
0.0,0.978622023440233,4.248495242049359,4.60450445884841,4.1588830833596715,1.9845318851926006,1.3862943611198906,0.8133059835805383,2.5520459526256287,2.6049146270332693
0.0,0.6902703991400341,4.248495242049359,3.9937551859032836,4.1588830833596715,1.537446656870057,1.3862943611198906,1.3758648592239822,2.5649493574615367,2.579904283052617
0.0,2.3494666495480185,4.248495242049359,4.292530849537846,4.1588830833596715,1.3740825404962114,1.3862943611198906,1.2407477338625161,2.5649493574615367,3.1634859698582245
0.0,0.35714169673802953,4.248495242049359,3.760778879644414,4.1588830833596715,2.0923527561357824,1.3862943611198906,2.1991692449513898,2.5649493574615367,3.7538206882754115
0.0,1.171310827217596,4.248495242049359,4.67307348704552,4.1588830833596715,1.228920703036079,1.3862943611198906,1.228202062730616,2.5649493574615367,3.363291384429114
