S1905_Actual,S1905_Simulated,S1226_Actual,S1226_Simulated,S00112_Actual,S00112_Simulated,S00108_Actual,S00108_Simulated,S1481_Actual,S1481_Simulated
0.0,0.9071098113340569,4.248495242049359,4.134769788868201,4.1588830833596715,2.499131140053135,1.3862943611198906,1.5415685703871407,2.538973871058276,3.085545834700197
0.0,1.4818218986567215,4.248495242049359,4.2576797905991235,4.1588830833596715,3.889952876367967,1.3862943611198906,1.9811700572332405,2.5520459526256287,3.8615270135916435
0.0,0.2292469152434523,4.248495242049359,4.325604206889737,4.1588830833596715,2.9527120719291826,1.3862943611198906,2.323981567762215,2.5649493574615367,2.9392938902575474
0.0,1.7382512792502682,4.248495242049359,3.2399460304552252,4.1588830833596715,4.641220643729543,1.3862943611198906,1.4769976166094747,2.5649493574615367,3.410195404573374
0.0,0.1226998859112044,4.248495242049359,4.887466077001289,4.1588830833596715,2.2894202236702266,1.3862943611198906,1.4622701522791512,2.5649493574615367,3.1147040508007704
0.0,1.4808420340681856,4.248495242049359,4.263320551743784,4.1588830833596715,3.4760023731534018,1.3862943611198906,1.1640253467389305,2.5649493574615367,2.9180063417288933
