S1905_Actual,S1905_Simulated,S1226_Actual,S1226_Simulated,S00112_Actual,S00112_Simulated,S00108_Actual,S00108_Simulated,S1481_Actual,S1481_Simulated
0.0,0.2582292407615498,4.248495242049359,4.258262203098688,4.1588830833596715,3.1225495094116162,1.3862943611198906,1.60512771954265,2.538973871058276,2.9430171759443082
0.0,0.26784684585906465,4.248495242049359,4.24301524140602,4.1588830833596715,2.8153517024015438,1.3862943611198906,1.5695206821250032,2.5520459526256287,2.5474778433388052
0.0,0.21639159232088448,4.248495242049359,4.247809011180802,4.1588830833596715,2.47666012436194,1.3862943611198906,1.413136549664327,2.5649493574615367,2.1443377421707606
0.0,0.5035567751596777,4.248495242049359,4.242984917843781,4.1588830833596715,3.6279837602787306,1.3862943611198906,1.5630785671870715,2.5649493574615367,3.7312386888020823
0.0,0.0,4.248495242049359,4.258120824735801,4.1588830833596715,2.952805394593925,1.3862943611198906,1.7707999159211987,2.5649493574615367,2.7207737832021994
0.0,0.31350960641396464,4.248495242049359,4.260282136608128,4.1588830833596715,3.2410302941069866,1.3862943611198906,2.1718688741097987,2.5649493574615367,2.4911945919949514
