S1905_Actual,S1905_Simulated,S1226_Actual,S1226_Simulated,S00112_Actual,S00112_Simulated,S00108_Actual,S00108_Simulated,S1481_Actual,S1481_Simulated
0.0,0.2582292407615498,4.248495242049359,4.258262203098688,4.1588830833596715,3.1225495094116162,1.3862943611198906,1.60512771954265,2.538973871058276,2.9430171759443082
0.0,0.18870318758794558,4.248495242049359,4.2370951278219104,4.1588830833596715,3.431796158220109,1.3862943611198906,1.6915733340172114,2.5520459526256287,3.049304608289767
0.0,0.8985854282980965,4.248495242049359,4.252552696680606,4.1588830833596715,3.430955124881866,1.3862943611198906,1.3594073299623606,2.5649493574615367,3.498349197905643
0.0,0.1400774852173962,4.248495242049359,4.2347515520778325,4.1588830833596715,3.0337170926084793,1.3862943611198906,1.6774805431751987,2.5649493574615367,2.7046555502276486
0.0,0.21333461460654554,4.248495242049359,4.265967194166146,4.1588830833596715,3.0824208189144273,1.3862943611198906,1.6061423914753767,2.5649493574615367,2.7744199395066276
0.0,0.0,4.248495242049359,4.246472135688357,4.1588830833596715,3.2411902769761043,1.3862943611198906,1.7983306810012547,2.5649493574615367,2.893701602106719
