S1905_Actual,S1905_Simulated,S1226_Actual,S1226_Simulated,S00112_Actual,S00112_Simulated,S00108_Actual,S00108_Simulated,S1481_Actual,S1481_Simulated
0.0,0.2582292407615498,4.248495242049359,4.258262203098688,4.1588830833596715,3.1225495094116162,1.3862943611198906,1.60512771954265,2.538973871058276,2.9430171759443082
0.0,0.04911998309913718,4.248495242049359,4.220524032878502,4.1588830833596715,4.298836372002628,1.3862943611198906,1.505314062118797,2.5520459526256287,2.708419257681167
0.0,0.4208830072131266,4.248495242049359,4.25316955080191,4.1588830833596715,3.475725972561554,1.3862943611198906,1.7606017361691233,2.5649493574615367,2.780842345171494
0.0,0.0,4.248495242049359,4.24914347488067,4.1588830833596715,3.1998777486020575,1.3862943611198906,1.6768176917072282,2.5649493574615367,3.7770088097665084
0.0,0.33901620737801474,4.248495242049359,4.252428962878304,4.1588830833596715,4.057740634544973,1.3862943611198906,1.382126032290588,2.5649493574615367,4.059376094640164
0.0,0.15007833842660795,4.248495242049359,4.266107034963141,4.1588830833596715,3.5524137457205036,1.3862943611198906,1.588910042760945,2.5649493574615367,3.252815383058046
