S1905_Actual,S1905_Simulated,S1226_Actual,S1226_Simulated,S00112_Actual,S00112_Simulated,S00108_Actual,S00108_Simulated,S1481_Actual,S1481_Simulated
0.0,0.2582292407615498,4.248495242049359,4.258262203098688,4.1588830833596715,3.1225495094116162,1.3862943611198906,1.60512771954265,2.538973871058276,2.9430171759443082
0.0,0.0,4.248495242049359,4.2530278344478445,4.1588830833596715,3.5328619026732837,1.3862943611198906,1.5978668861424237,2.5520459526256287,3.198056753548335
0.0,0.17082955088879895,4.248495242049359,4.229356097174242,4.1588830833596715,2.0449994616206784,1.3862943611198906,1.5169410280503395,2.5649493574615367,2.704958644393151
0.0,0.5829409956558806,4.248495242049359,4.247620390775621,4.1588830833596715,3.7484905359551153,1.3862943611198906,1.527832450379543,2.5649493574615367,2.506236835944058
0.0,0.2484199461144208,4.248495242049359,4.262249696693888,4.1588830833596715,3.163781668845078,1.3862943611198906,1.4692655088810227,2.5649493574615367,2.9591500706974045
0.0,0.0,4.248495242049359,4.253189050367201,4.1588830833596715,3.208313380196435,1.3862943611198906,1.3333055696138685,2.5649493574615367,2.360741472846211
