S1905_Actual,S1905_Simulated,DuplicatedBlocks_Actual,DuplicatedBlocks_Simulated,S1481_Actual,S1481_Simulated
0.0,0.36172044398760594,3.258096538021482,2.5129296442372437,0.5108256237659906,0.502759145915681
0.0,0.4101434775233992,3.258096538021482,2.0893529719778763,0.6061358035703155,0.33668321838878495
0.0,0.09604382553214702,3.258096538021482,2.8374319484872057,0.6931471805599453,0.6803860807182192
