S1905_Actual,S1905_Simulated,DuplicatedBlocks_Actual,DuplicatedBlocks_Simulated,S1481_Actual,S1481_Simulated
0.0,0.36172044398760594,3.258096538021482,2.5129296442372437,0.15415067982725825,0.502759145915681
0.0,0.24881072800604634,3.258096538021482,3.006534053820357,0.2876820724517809,0.0
0.0,0.0,3.258096538021482,3.5714249495128234,0.4054651081081644,0.7818718071969952
0.0,0.5253543095562111,3.258096538021482,2.022349730115317,0.5108256237659906,0.44509614977931483
0.0,0.2684751163810797,3.258096538021482,2.832237772063545,0.6061358035703155,0.03589436253719808
0.0,0.08867719527831597,3.258096538021482,2.4075474159859898,0.6931471805599453,0.7340103415199111
