S00117_Actual,S00117_Simulated,S00108_Actual,S00108_Simulated
2.1972245773362196,2.744867328905036,1.3862943611198906,1.6701743144112084
2.1972245773362196,4.7371275752040205,1.3862943611198906,1.4171541029025103
