RedundantThrowsDeclarationCheck_Actual,RedundantThrowsDeclarationCheck_Simulated,S00117_Actual,S00117_Simulated,S00122_Actual,S00122_Simulated,S1905_Actual,S1905_Simulated,UselessImportCheck_Actual,UselessImportCheck_Simulated,DuplicatedBlocks_Actual,DuplicatedBlocks_Simulated,S1155_Actual,S1155_Simulated
5.733341276897746,5.406354149356674,5.811140992976701,5.623524564790877,6.298949246855942,6.198847681621536,1.791759469228055,2.218394196647229,2.772588722239781,3.5535918260069694,5.66988092298052,5.778379256897303,4.23410650459726,3.9342304055250064
5.703782474656201,4.566811332784966,5.808142489980444,5.920656522123126,6.278521424165844,6.891121601840971,1.791759469228055,3.5019534387060425,2.302585092994046,3.7134525245364345,5.6131281063880705,6.011961691749988,4.23410650459726,4.067294763161164
5.717027701406222,4.613512455623541,5.808142489980444,5.275585744359067,6.278521424165844,6.414704926994644,1.791759469228055,2.584663733533584,2.4849066497880004,3.440563402271266,5.616771097666572,6.08848337565162,4.23410650459726,3.5468778356467867
5.71042701737487,6.49362349190132,5.808142489980444,6.226464039938679,6.2878585601617845,6.559422867405778,1.791759469228055,2.225939984906034,2.302585092994046,3.037123355484043,5.616771097666572,5.4402114742194305,4.23410650459726,4.235369203964337
5.707110264748875,6.075924323179906,5.755742213586912,5.314053619647838,6.3080984415095305,5.997296255110922,1.791759469228055,1.525618754147365,2.3978952727983707,2.482279963979132,5.66988092298052,5.525871673502716,4.23410650459726,2.963419286038585
5.707110264748875,6.012051276368251,5.755742213586912,5.918820860487582,6.3080984415095305,6.49067840917644,1.791759469228055,1.9345305609101069,2.302585092994046,3.1010108769847538,5.66988092298052,5.3704785516500975,4.23410650459726,3.7061877095682867
