RedundantThrowsDeclarationCheck_Actual,RedundantThrowsDeclarationCheck_Simulated,S00117_Actual,S00117_Simulated,S1488_Actual,S1488_Simulated,DuplicatedBlocks_Actual,DuplicatedBlocks_Simulated
3.332204510175204,3.3944648510557793,2.6390573296152584,1.8846891797460226,0.6931471805599453,1.539752183574873,5.683579767338681,4.9970275798126575
3.332204510175204,2.96142852143313,2.6390573296152584,0.7150696618603116,0.6931471805599453,1.9029601233415865,5.69035945432406,6.50807514249598
3.332204510175204,3.688546546620982,2.6390573296152584,1.7231063695717073,0.6931471805599453,1.701774471307477,5.697093486505405,5.644161169418285
