RedundantThrowsDeclarationCheck_Actual,RedundantThrowsDeclarationCheck_Simulated,S00117_Actual,S00117_Simulated,S1488_Actual,S1488_Simulated,DuplicatedBlocks_Actual,DuplicatedBlocks_Simulated
3.258096538021482,3.3944648510557793,2.772588722239781,1.8846891797460226,1.3862943611198906,1.539752183574873,6.016157159698354,4.9970275798126575
3.332204510175204,3.6904147283146176,2.6390573296152584,2.166391976853913,0.6931471805599453,1.761814027059783,5.713732805509369,4.579353744154855
3.332204510175204,4.063037321010377,2.6390573296152584,2.9000484876888777,0.6931471805599453,1.4896649313660644,5.71042701737487,4.240886003743695
3.332204510175204,2.790615634278197,2.6390573296152584,2.521586197989891,0.6931471805599453,2.6558980533398184,5.683579767338681,5.207520669923087
3.332204510175204,3.971531698749664,2.6390573296152584,2.224895287692888,0.6931471805599453,0.037727445227296874,5.69035945432406,3.010484312565489
3.332204510175204,1.989465145624479,2.6390573296152584,0.9568902803971419,0.6931471805599453,1.6838920083226006,5.697093486505405,4.739168159028654
