RedundantThrowsDeclarationCheck_Actual,RedundantThrowsDeclarationCheck_Simulated,S00117_Actual,S00117_Simulated,S1488_Actual,S1488_Simulated,DuplicatedBlocks_Actual,DuplicatedBlocks_Simulated
3.332204510175204,3.3944648510557793,2.6390573296152584,1.8846891797460226,0.6931471805599453,1.539752183574873,5.683579767338681,4.9970275798126575
3.332204510175204,1.763875620255541,2.6390573296152584,1.9112304741822206,0.6931471805599453,1.1290113560148598,5.69035945432406,4.397702953438566
3.332204510175204,3.5845700533514684,2.6390573296152584,1.6282475923567616,0.6931471805599453,0.6984072107004623,5.697093486505405,5.607804170083642
