RedundantThrowsDeclarationCheck_Actual,RedundantThrowsDeclarationCheck_Simulated,S00117_Actual,S00117_Simulated,S1488_Actual,S1488_Simulated,S1226_Actual,S1226_Simulated,S00112_Actual,S00112_Simulated,S1155_Actual,S1155_Simulated,S1132_Actual,S1132_Simulated
1.0159205728229963,0.26424494468692766,0.0,0.18857179510065186,0.6931471805599453,0.6742804700449279,0.0,0.0,4.23823874188217,3.4160510287931776,1.0986122886681098,1.1085934909171022,1.0986122886681098,1.098607464109944
1.0330150061822962,0.03244522149973872,0.0,0.13037618727357458,0.6931471805599453,0.6645562260762476,0.0,0.0,4.24029847484518,4.037646116368317,1.0986122886681098,1.0887185537061501,1.0986122886681098,1.0986072909248443
1.0498221244986776,0.19920858355820226,0.0,0.0,0.6931471805599453,0.6402031522840481,0.0,0.0,4.242353974027276,4.265263016826757,1.0986122886681098,1.0580145537828543,1.0986122886681098,1.0986061517733097
1.0663514264498883,0.8080957192646712,0.0,0.0,0.6931471805599453,0.586259629020584,0.0,0.0,4.244405256797834,3.3885360629721197,1.0986122886681098,1.141333973374633,1.0986122886681098,1.0986008940621246
1.0826119473216684,0.0,0.0,0.552305952297717,0.6931471805599453,0.8108812873486256,0.0,0.0,4.246452340419559,2.6299794664668603,1.0986122886681098,1.123350327290743,1.0986122886681098,1.0986106845698755
1.0986122886681098,0.5578804051185773,0.0,0.0,0.6931471805599453,0.7376933988109297,0.0,0.0,4.248495242049359,3.1560083114662825,1.0986122886681098,0.9951028732810732,1.0986122886681098,1.0986064359352141
