,Actual_last_5_vals,Simulated_0,Simulated_1,Simulated_2,Simulated_3,Simulated_4,Simulated_5,Simulated_6,Simulated_7,Simulated_8,Simulated_9,Simulated_10,Simulated_11,Simulated_12,Simulated_13,Simulated_14,Simulated_15,Simulated_16,Simulated_17,Simulated_18,Simulated_19,Simulated_20,Simulated_21,Simulated_22,Simulated_23,Simulated_24,Simulated_25,Simulated_26,Simulated_27,Simulated_28,Simulated_29
389,53360.55555555556,,,,,,,,,,,,,,,,,,,,,,,,,,,,,,
390,53362.66666666666,,,,,,,,,,,,,,,,,,,,,,,,,,,,,,
391,53364.77777777778,,,,,,,,,,,,,,,,,,,,,,,,,,,,,,
392,53366.88888888889,,,,,,,,,,,,,,,,,,,,,,,,,,,,,,
393,53369.0,,,,,,,,,,,,,,,,,,,,,,,,,,,,,,
394,,53845.7753947388,53845.7753947388,53845.7753947388,53845.7753947388,53845.7753947388,53845.7753947388,53845.7753947388,53845.7753947388,53845.7753947388,53845.7753947388,53845.7753947388,53845.7753947388,53845.7753947388,53845.7753947388,53845.7753947388,53845.7753947388,53845.7753947388,53845.7753947388,53845.7753947388,53845.7753947388,53845.7753947388,53845.7753947388,53845.7753947388,53845.7753947388,53845.7753947388,53845.7753947388,53845.7753947388,53845.7753947388,53845.7753947388,53845.7753947388
395,,50318.65118013349,54575.44212005481,53652.55871757627,54715.80118037376,54362.301209243626,55708.78346708359,55000.47952875135,54036.530846582114,53881.014260201846,52126.46058439328,52335.13473621761,51082.26252553776,53235.1560421897,52929.98292390164,52220.971809377275,53821.411294672005,55618.134101111085,51450.89607542763,56146.339563448106,54452.08712352288,53411.598820660474,48562.610918710096,55790.91928389226,53470.809085102126,51866.11384955973,54771.42403388924,50538.83157302659,54061.297191796926,55238.38325767271,50942.4969216989
