S1213_Actual,S1213_Simulated,RedundantThrowsDeclarationCheck_Actual,RedundantThrowsDeclarationCheck_Simulated,S00117_Actual,S00117_Simulated,S00122_Actual,S00122_Simulated,S1905_Actual,S1905_Simulated,UselessImportCheck_Actual,UselessImportCheck_Simulated,DuplicatedBlocks_Actual,DuplicatedBlocks_Simulated,S00112_Actual,S00112_Simulated,S00108_Actual,S00108_Simulated,S1151_Actual,S1151_Simulated,S1481_Actual,S1481_Simulated
4.465908118654584,2.999826586366925,1.791759469228055,1.3145347176935454,3.332204510175204,3.0269541224917087,1.0986122886681098,0.664494912609079,0.0,0.3594804897243226,0.0,0.045143420275289774,3.258096538021482,2.5343843620444226,4.996729531780326,4.339183241919254,0.0,0.1303948359032745,2.302585092994046,1.5851806544732807,0.6567795363890704,0.4960677056471013
4.465908118654584,2.184921400541775,1.791759469228055,0.667143684280706,3.332204510175204,2.621584341713103,1.0986122886681098,0.8945183483890394,0.0,0.7386582398662148,0.0,0.17591567794057208,3.258096538021482,3.403100176648602,4.997212273764115,3.8331203154289364,0.0,0.326485496625467,2.302585092994046,1.4058772410858076,0.6931471805599453,0.1967538201991339
