S1213_Actual,S1213_Simulated,S00122_Actual,S00122_Simulated,DuplicatedBlocks_Actual,DuplicatedBlocks_Simulated,S1226_Actual,S1226_Simulated,S00112_Actual,S00112_Simulated,S1155_Actual,S1155_Simulated,S00108_Actual,S00108_Simulated,S1151_Actual,S1151_Simulated,S1132_Actual,S1132_Simulated
0.0367013668504281,0.8654164806904682,0.0,0.19170098661429782,0.0,0.46172097945521134,0.0,0.11196008221551346,0.018519047767237597,0.46128570284664755,0.0,0.046991420998253174,0.0,0.19702941544705932,0.018519047767237597,0.6025512276968152,0.0,0.5169270278182613
0.018519047767237697,0.5826213080600201,0.0,0.0666864748332612,0.0,0.0,0.0,0.1926976140376574,0.009302392662313554,0.49154659319205635,0.0,0.019511457672375998,0.0,0.4915779116827178,0.009302392662313554,0.0005857343408435245,0.0,0.0
0.0,0.49928116542879813,0.0,0.6027773242521381,0.0,1.473108529751213,0.0,0.0,0.0,1.21981921279384,0.0,0.055665175804450476,0.0,0.0,0.0,0.5523318049672008,0.0,0.7530458490163329
