S1213_Actual,S1213_Simulated,S00122_Actual,S00122_Simulated,DuplicatedBlocks_Actual,DuplicatedBlocks_Simulated,S1226_Actual,S1226_Simulated,S00112_Actual,S00112_Simulated,S1155_Actual,S1155_Simulated,S00108_Actual,S00108_Simulated,S1151_Actual,S1151_Simulated,S1132_Actual,S1132_Simulated
0.0367013668504281,0.8654164806904682,0.0,0.19170098661429782,0.0,0.46172097945521134,0.0,0.11196008221551346,0.018519047767237597,0.46128570284664755,0.0,0.046991420998253174,0.0,0.19702941544705932,0.018519047767237597,0.6025512276968152,0.0,0.5169270278182613
0.018519047767237697,1.0448246610839327,0.0,0.49654260663772765,0.0,1.2554024807090256,0.0,0.13442927063381388,0.009302392662313554,0.0,0.0,0.0,0.0,0.0,0.009302392662313554,0.2062059261457373,0.0,1.401981397965316
0.0,0.6273123292682408,0.0,0.14153995216297677,0.0,2.9131105521602745,0.0,0.0,0.0,0.4387059678755325,0.0,0.0,0.0,0.27480068809194647,0.0,1.257078590168223,0.0,2.3910382657050193
