S00122_Actual,S00122_Simulated,UselessImportCheck_Actual,UselessImportCheck_Simulated,DuplicatedBlocks_Actual,DuplicatedBlocks_Simulated,S00112_Actual,S00112_Simulated,S1155_Actual,S1155_Simulated,S00108_Actual,S00108_Simulated,S1151_Actual,S1151_Simulated,S1132_Actual,S1132_Simulated,S1481_Actual,S1481_Simulated
0.0,0.17804065448848427,0.0,1.0120744067826586,3.784189633918261,3.1131672510296626,5.181783550292085,3.495480419818657,1.3862943611198906,1.4002786624897638,4.844187086458591,4.465479026967496,0.6931471805599453,0.3168034653383228,3.044522437723423,2.3619558113018173,0.0,1.1044258036092558
0.0,0.23064241225259396,0.0,0.6903730975640561,3.784189633918261,3.9762455060610042,5.181783550292085,3.6174109554975455,1.3862943611198906,2.9458602960517553,4.844187086458591,5.515384059615773,0.6931471805599453,0.1907885870226435,3.044522437723423,2.034866804044137,0.0,0.3604376345439173
0.0,0.27743802273173,0.0,2.0250104875452744,3.784189633918261,3.2833069857384096,5.181783550292085,3.940505756483384,1.3862943611198906,0.43921515512891796,4.844187086458591,5.251680482336595,0.6931471805599453,0.40448635523900917,3.044522437723423,2.309768138033414,0.0,1.2428335617697968
