S00122_Actual,S00122_Simulated,UselessImportCheck_Actual,UselessImportCheck_Simulated,DuplicatedBlocks_Actual,DuplicatedBlocks_Simulated,S00112_Actual,S00112_Simulated,S1155_Actual,S1155_Simulated,S00108_Actual,S00108_Simulated,S1151_Actual,S1151_Simulated,S1132_Actual,S1132_Simulated,S1481_Actual,S1481_Simulated
0.0,0.17804065448848427,0.0,1.0120744067826586,3.784189633918261,3.1131672510296626,5.181783550292085,3.495480419818657,1.3862943611198906,1.4002786624897638,4.844187086458591,4.465479026967496,0.6931471805599453,0.3168034653383228,3.044522437723423,2.3619558113018173,0.0,1.1044258036092558
0.0,0.5171023945861927,0.0,1.7852147642599516,3.784189633918261,2.466063801064016,5.181783550292085,4.480226937370562,1.3862943611198906,1.197415304029133,4.844187086458591,5.135586892853197,0.6931471805599453,0.5366344675213081,3.044522437723423,2.1744510177010583,0.0,2.5539081369212555
0.0,0.710226341252424,0.0,1.531541635586577,3.784189633918261,3.357328530438062,5.181783550292085,5.810302827063988,1.3862943611198906,0.9339685980822774,4.844187086458591,4.44865854033949,0.6931471805599453,0.12831086686191126,3.044522437723423,1.685108736433941,0.0,2.711232626409788
0.0,0.848808324068216,0.0,0.0,3.784189633918261,3.7497037248781515,5.181783550292085,3.5175017463394833,1.3862943611198906,0.6463419597542082,4.844187086458591,2.8582853635609045,0.6931471805599453,0.0,3.044522437723423,2.625224139108974,0.0,0.09368597844091475
0.0,0.7673549330805849,0.0,0.9563963724833908,3.784189633918261,4.135295209435322,5.181783550292085,6.221806177190519,1.3862943611198906,2.0946632164826227,4.844187086458591,3.6635051509987258,0.6931471805599453,0.3530008376678091,3.044522437723423,2.5984096946734656,0.0,1.0022343175179498
0.0,0.0,0.0,3.1881041025329395,3.784189633918261,2.468233626422462,5.181783550292085,1.8759308803376769,1.3862943611198906,0.5102522502260871,4.844187086458591,6.069432261140716,0.6931471805599453,0.29296794264932524,3.044522437723423,1.9696291666455612,0.0,0.25454957479738427
