S1213_Actual,S1213_Simulated,S00117_Actual,S00117_Simulated,S00122_Actual,S00122_Simulated,S1905_Actual,S1905_Simulated,UselessImportCheck_Actual,UselessImportCheck_Simulated,DuplicatedBlocks_Actual,DuplicatedBlocks_Simulated,S1226_Actual,S1226_Simulated,S00112_Actual,S00112_Simulated,S00108_Actual,S00108_Simulated,S1151_Actual,S1151_Simulated,S1481_Actual,S1481_Simulated
4.465908118654584,2.999826586366925,3.332204510175204,3.0269541224917087,1.0986122886681098,0.664494912609079,0.0,0.3594804897243226,0.0,0.045143420275289774,3.258096538021482,2.5343843620444226,4.770684624465665,4.506338197135906,4.99479623006651,4.339183241919254,0.0,0.1303948359032745,2.302585092994046,1.5851806544732807,0.49643688631389105,0.4960677056471013
4.465908118654584,4.142316821813875,3.332204510175204,3.5077277762123735,1.0986122886681098,1.0276759716106256,0.0,0.03218595764243448,0.0,0.19149691490295587,3.258096538021482,2.817690064609951,4.770684624465665,3.790993626911778,4.995279906013061,4.47847851277114,0.0,0.4954568260119548,2.302585092994046,1.9904518892787266,0.5389965007326869,0.08572836901384179
4.465908118654584,1.8738367395021447,3.332204510175204,3.0178680840418286,1.0986122886681098,0.847168842258042,0.0,0.1437047213937174,0.0,0.0,3.258096538021482,2.581798718589397,4.770684624465665,4.286154238216942,4.995763348130285,5.8842636790673355,0.0,0.0,2.302585092994046,1.6357588345046354,0.5798184952529422,1.7157419338967992
4.465908118654584,3.871516262501724,3.332204510175204,2.209843459005958,1.0986122886681098,0.3997854127421171,0.0,0.2076115413391259,0.0,0.07582232473471712,3.258096538021482,1.5359941016049388,4.770684624465665,3.925193183017525,4.996246556644156,4.330867281193043,0.0,0.0,2.302585092994046,2.160811530255441,0.6190392084062234,0.42882041738647514
4.465908118654584,1.9752973207761446,3.332204510175204,2.7436296702078495,1.0986122886681098,1.1989671979474377,0.0,0.08994160233301607,0.0,0.0,3.258096538021482,2.288056836514253,4.770684624465665,4.358181057913739,4.996729531780326,3.6794749160848257,0.0,0.0753476185915988,2.302585092994046,1.3777334062137374,0.6567795363890704,0.67827249319739
4.465908118654584,1.638324088593895,3.332204510175204,3.14450908263821,1.0986122886681098,0.0,0.0,0.48668366976544053,0.0,0.19996981901140115,3.258096538021482,2.882552946103172,4.770684624465665,4.471965333996427,4.997212273764115,5.23602090247871,0.0,0.0,2.302585092994046,1.4506865245236917,0.6931471805599453,0.6266613553074158
