S1488_Actual,S1488_Simulated,S1905_Actual,S1905_Simulated,DuplicatedBlocks_Actual,DuplicatedBlocks_Simulated,S00112_Actual,S00112_Simulated,S1155_Actual,S1155_Simulated,S1132_Actual,S1132_Simulated,S1481_Actual,S1481_Simulated
1.0986122886681098,1.0077415013145123,0.0,1.571048938306501,1.8803128665695001,2.3875430850499346,3.332204510175204,1.6889869029199953,0.0,0.0,0.0,0.18393647179709674,0.44183275227903923,1.0812651235231558
1.0986122886681098,0.8390204728264462,0.0,2.0498353293623586,1.8632184332102,3.500305120664414,3.332204510175204,1.1586125752413365,0.0,0.0,0.0,0.0,0.36772478012531734,0.7294688102091345
1.0986122886681098,1.280510510168921,0.0,0.0,1.8458266904983307,3.6467587755712954,3.332204510175204,3.0292931221255426,0.0,0.0,0.0,0.623668432548063,0.2876820724517809,1.5387431403820107
1.0986122886681098,1.0921407080664336,0.0,2.1867441713492655,1.8281271133989299,1.552223928646248,3.332204510175204,1.248935285122445,0.0,0.0,0.0,0.09877115463506957,0.20067069546215122,1.825293137526991
1.0986122886681098,0.6551047468127398,0.0,1.1069632998219578,1.8101086078962514,1.9879687398959323,3.332204510175204,1.9228855578992625,0.0,0.0,0.0,0.15619987715811917,0.1053605156578263,1.3065768434955118
1.0986122886681098,1.0553539969460743,0.0,2.717245500393222,1.791759469228055,2.413660672254525,3.332204510175204,1.911256993541992,0.0,0.0,0.0,0.47419644950267836,0.0,1.5186018467900209
