S1213_Actual,S1213_Simulated,RedundantThrowsDeclarationCheck_Actual,RedundantThrowsDeclarationCheck_Simulated,S00117_Actual,S00117_Simulated,S00122_Actual,S00122_Simulated,S1905_Actual,S1905_Simulated,UselessImportCheck_Actual,UselessImportCheck_Simulated,DuplicatedBlocks_Actual,DuplicatedBlocks_Simulated,S00112_Actual,S00112_Simulated,S00108_Actual,S00108_Simulated,S1151_Actual,S1151_Simulated,S1481_Actual,S1481_Simulated
4.465908118654584,2.999826586366925,1.791759469228055,1.3145347176935454,3.332204510175204,3.0269541224917087,1.0986122886681098,0.664494912609079,0.0,0.3594804897243226,0.0,0.045143420275289774,3.258096538021482,2.5343843620444226,4.996729531780326,4.339183241919254,0.0,0.1303948359032745,2.302585092994046,1.5851806544732807,0.6567795363890704,0.4960677056471013
4.465908118654584,3.3356921327188873,1.791759469228055,1.0018742795015894,3.332204510175204,2.6761153217498164,1.0986122886681098,1.0697834332078333,0.0,1.1267036793333833,0.0,0.2029870525901516,3.258096538021482,3.17313539815396,4.997212273764115,3.695763801600589,0.0,0.2229590651371227,2.302585092994046,1.6467890361120736,0.6931471805599453,0.130181612045068
