S1213_Actual,S1213_Simulated,RedundantThrowsDeclarationCheck_Actual,RedundantThrowsDeclarationCheck_Simulated,S00117_Actual,S00117_Simulated,S1488_Actual,S1488_Simulated,UselessImportCheck_Actual,UselessImportCheck_Simulated,DuplicatedBlocks_Actual,DuplicatedBlocks_Simulated,S00112_Actual,S00112_Simulated,S00108_Actual,S00108_Simulated,S1151_Actual,S1151_Simulated,S1132_Actual,S1132_Simulated
1.6094379124341003,1.5756497927369877,1.0911773101805915,0.25241187134073034,0.0,0.18529177914319295,0.6931471805599453,0.6743462050229961,0.0,1.1795748374291268,1.9459101490553132,2.628571057555208,4.2475424072940875,3.400715103324849,1.0986122886681098,0.9743739085513304,1.6094379124341003,1.566371245538988,1.0986122886681098,1.0986074641099446
1.6094379124341003,1.6634520623152902,1.0986122886681098,0.44391547114049223,0.0,0.46382788324592783,0.6931471805599453,0.8168980012183651,0.0,0.7043570588698054,1.9459101490553132,2.440337488163891,4.248495242049359,3.452016069143246,1.0986122886681098,1.0864737835908238,1.6094379124341003,1.5671249315900435,1.0986122886681098,1.0986029257600574
