RedundantThrowsDeclarationCheck_Actual,RedundantThrowsDeclarationCheck_Simulated,S00117_Actual,S00117_Simulated,S1488_Actual,S1488_Simulated,S00112_Actual,S00112_Simulated,S1155_Actual,S1155_Simulated,S00108_Actual,S00108_Simulated,S1132_Actual,S1132_Simulated,S1481_Actual,S1481_Simulated
2.4849066497880004,3.5752879838039395,3.7376696182833684,3.697392449979346,0.0,0.8754362755897771,4.844187086458591,4.276680021083757,0.0,1.7109182803350094,1.3862943611198906,0.5443390143275862,2.9444389791664403,4.1497156410950025,1.0986122886681098,3.437301328727192
2.4849066497880004,4.56359702322496,3.728100167267218,3.973877293857996,0.0,1.5206029031909887,4.847331743138063,4.784426457585323,0.0,4.240879674585996,1.3862943611198906,0.6368170615038301,2.9444389791664403,3.9503550878293363,1.0986122886681098,0.0
2.4849066497880004,3.2772770829271343,3.7184382563554808,4.200658253838463,0.0,0.4261761900500385,4.850466541943434,3.5516117419084963,0.0,0.991974508593931,1.3862943611198906,0.0,2.9444389791664403,1.8216950906794378,1.0986122886681098,7.442923811989566
2.4849066497880004,3.686631136020902,3.708682081410116,4.064898496011205,0.0,0.0,4.853591544486569,2.922278759257208,0.0,3.615305791553623,1.3862943611198906,1.2537749087764805,2.9444389791664403,4.284558221539359,1.0986122886681098,0.606918603743531
2.4849066497880004,3.7065827667821516,3.6988297849671046,4.508144807241499,0.0,0.3510256179846616,4.856706811803519,5.252650733291771,0.0,1.532994761392126,1.3862943611198906,0.0,2.9444389791664403,4.289179571185847,1.0986122886681098,1.776405766692325
2.4849066497880004,2.7669611402844803,3.6888794541139363,3.8866843214175693,0.0,3.075317656751756,4.859812404361672,3.776964910964168,0.0,1.1406608039171335,1.3862943611198906,1.8781704986449856,2.9444389791664403,5.079031493882322,1.0986122886681098,6.307281191791113
