RedundantThrowsDeclarationCheck_Actual,RedundantThrowsDeclarationCheck_Simulated,S1905_Actual,S1905_Simulated,UselessImportCheck_Actual,UselessImportCheck_Simulated,DuplicatedBlocks_Actual,DuplicatedBlocks_Simulated,S1226_Actual,S1226_Simulated,S1155_Actual,S1155_Simulated,S1151_Actual,S1151_Simulated,S1132_Actual,S1132_Simulated,S1481_Actual,S1481_Simulated
0.0,0.13061218153693147,0.0,0.0627247989161265,0.05107492993641579,2.067760709232467,0.0,0.4722537343060408,0.0,0.11086315715662766,0.0,0.05140755755911177,0.00435730536895569,0.6143608525794846,0.0,0.5357143502130369,0.00435730536895569,0.794859720905366
0.0,0.7684621696695229,0.0,0.0,0.0,1.210593730969286,0.0,0.0,0.0,0.0,0.0,0.33603928578585884,0.0,0.19119726214531563,0.0,1.2739263840494806,0.0,0.9664411924070104
