RedundantThrowsDeclarationCheck_Actual,RedundantThrowsDeclarationCheck_Simulated,S1905_Actual,S1905_Simulated,UselessImportCheck_Actual,UselessImportCheck_Simulated,DuplicatedBlocks_Actual,DuplicatedBlocks_Simulated,S1226_Actual,S1226_Simulated,S1155_Actual,S1155_Simulated,S1151_Actual,S1151_Simulated,S1132_Actual,S1132_Simulated,S1481_Actual,S1481_Simulated
0.0,0.13061218153693147,0.0,0.0627247989161265,0.23270468455819335,2.067760709232467,0.0,0.4722537343060408,0.0,0.11086315715662766,0.0,0.05140755755911177,0.021599111803461798,0.6143608525794846,0.0,0.5357143502130369,0.021599111803461798,0.794859720905366
0.0,0.0,0.0,0.0,0.19029550263309924,1.0072388995196802,0.0,0.0,0.0,0.008445926153355945,0.0,0.20794414874993822,0.017316450011460875,0.2548136742708635,0.0,1.3323603741367769,0.017316450011460875,0.4918026385129182
0.0,0.3694722138375146,0.0,0.0,0.1460078224319825,2.398781241019864,0.0,1.26605918523012,0.0,0.3185411926591288,0.0,0.0,0.0130153681120703,0.6496504681533825,0.0,0.0,0.0130153681120703,1.2671978664313772
0.0,0.35413081325831713,0.0,0.0,0.09966748517328153,2.0202144938536337,0.0,0.0,0.0,0.0,0.0,0.0,0.008695706967553821,0.6220164963474799,0.0,1.1436303373374157,0.008695706967553821,0.3967834894836713
0.0,0.0,0.0,0.07047646697334325,0.05107492993641579,0.3078191232928835,0.0,1.1963164506904618,0.0,0.06239546466126748,0.0,0.0,0.00435730536895569,1.450534918134961,0.0,2.5395394418926536,0.00435730536895569,0.8026784521458449
0.0,0.006409821581020728,0.0,0.0,0.0,1.4918679410263151,0.0,0.6557099963816932,0.0,0.3640078947539228,0.0,0.0,0.0,0.9983955744481274,0.0,0.47531418883529064,0.0,0.32146127894518584
