S1213_Actual,S1213_Simulated,RedundantThrowsDeclarationCheck_Actual,RedundantThrowsDeclarationCheck_Simulated,S1488_Actual,S1488_Simulated,S1905_Actual,S1905_Simulated,DuplicatedBlocks_Actual,DuplicatedBlocks_Simulated,S1226_Actual,S1226_Simulated,S1151_Actual,S1151_Simulated,S1132_Actual,S1132_Simulated,S1481_Actual,S1481_Simulated
5.438079308923196,5.315746943612542,3.1354942159291497,3.5351683455796343,2.1972245773362196,2.3448650609869333,0.6931471805599453,2.6336389706392938,5.043425116919247,4.510972925856334,3.713572066704308,3.8233103768142858,3.258096538021482,2.7244619324435924,3.5553480614894135,3.4205118984428196,1.9459101490553132,3.001156803470868
5.438079308923196,6.174659138291233,3.1354942159291497,3.8424655258138842,2.1972245773362196,1.2040693019336224,0.6931471805599453,2.8742800377401405,5.043425116919247,5.833087681990019,3.713572066704308,3.1750985170940798,3.258096538021482,2.9102693434044467,3.5553480614894135,2.606259013509568,1.9459101490553132,1.9171610251084847
5.438079308923196,5.2776799354236115,3.1354942159291497,3.23849012646043,2.1972245773362196,2.4493396333029005,0.6931471805599453,6.7872210223711,5.043425116919247,3.5431029996197516,3.713572066704308,3.4518893151381556,3.258096538021482,2.8663450536099337,3.5553480614894135,3.2938014547218217,1.9459101490553132,2.5532768078351653
