S1213_Actual,S1213_Simulated,RedundantThrowsDeclarationCheck_Actual,RedundantThrowsDeclarationCheck_Simulated,S00117_Actual,S00117_Simulated,S1488_Actual,S1488_Simulated,UselessImportCheck_Actual,UselessImportCheck_Simulated,DuplicatedBlocks_Actual,DuplicatedBlocks_Simulated,S00112_Actual,S00112_Simulated,S00108_Actual,S00108_Simulated,S1151_Actual,S1151_Simulated,S1132_Actual,S1132_Simulated,S1481_Actual,S1481_Simulated
1.6094379124341003,1.6094330878759344,1.0911773101805915,0.5065006956642901,0.0,0.2524658159408702,0.6931471805599453,0.6931423560017794,0.0,0.5874215601841742,1.9459101490553132,2.243900638488946,4.2475424072940875,4.132562568331274,1.0986122886681098,1.0986074641099437,1.6094379124341003,1.6094330878759344,1.0986122886681098,1.0986074641099437,0.0,0.0
1.6094379124341003,1.6094338125177827,1.0986122886681098,0.27655121230334245,0.0,0.0,0.6931471805599453,0.6931386311334727,0.0,0.0,1.9459101490553132,2.6900558966711556,4.248495242049359,4.231463266057909,1.0986122886681098,1.0986071585717447,1.6094379124341003,1.609437373749018,1.0986122886681098,1.0986101635860814,0.0,0.0
