RedundantThrowsDeclarationCheck_Actual,RedundantThrowsDeclarationCheck_Simulated,S00122_Actual,S00122_Simulated,UselessImportCheck_Actual,UselessImportCheck_Simulated,DuplicatedBlocks_Actual,DuplicatedBlocks_Simulated,S00112_Actual,S00112_Simulated,S1155_Actual,S1155_Simulated,S00108_Actual,S00108_Simulated,S1151_Actual,S1151_Simulated,S1132_Actual,S1132_Simulated
3.367295829986474,3.182826244321462,0.0,0.17804065448848427,0.0,1.0120744067826586,3.784189633918261,3.1131672510296626,5.181783550292085,3.495480419818657,1.3862943611198906,1.4002786624897638,4.844187086458591,4.465479026967496,0.6931471805599453,0.3168034653383228,3.044522437723423,2.3619558113018173
3.367295829986474,3.0203004472169694,0.0,0.30935196896760575,0.0,0.0,3.784189633918261,3.9338799908522173,5.181783550292085,4.385749727896682,1.3862943611198906,1.1844655135590516,4.844187086458591,4.0276845200548195,0.6931471805599453,0.24236971799309243,3.044522437723423,2.2824743033532697
3.367295829986474,3.013856036524787,0.0,0.45540671506768365,0.0,2.575463508178849,3.784189633918261,2.4861068595453713,5.181783550292085,1.3422370717927259,1.3862943611198906,1.1085936383369601,4.844187086458591,4.84021119739742,0.6931471805599453,0.12677215556914578,3.044522437723423,2.498134054670512
