,Actual_last_5_vals,Mean_Simulation,Simulated_24,Simulated_18,Simulated_8,Simulated_9,Simulated_21,Simulated_28,Simulated_11,Simulated_10,Simulated_2,Simulated_17,Simulated_25,Simulated_19,Simulated_16,Simulated_22,Simulated_26,Simulated_23,Simulated_1,Simulated_14,Simulated_15,Simulated_20,Simulated_6,Simulated_4,Simulated_5,Simulated_29,Simulated_3,Simulated_7,Simulated_0,Simulated_27,Simulated_12,Simulated_13
0,17351.666666666668,,,,,,,,,,,,,,,,,,,,,,,,,,,,,,,
1,17355.0,,,,,,,,,,,,,,,,,,,,,,,,,,,,,,,
2,17358.333333333332,,,,,,,,,,,,,,,,,,,,,,,,,,,,,,,
3,17361.666666666668,,,,,,,,,,,,,,,,,,,,,,,,,,,,,,,
4,17365.0,,,,,,,,,,,,,,,,,,,,,,,,,,,,,,,
5,,14678.01,14678.01,14678.01,14678.01,14678.01,14678.01,14678.01,14678.01,14678.01,14678.01,14678.01,14678.01,14678.01,14678.01,14678.01,14678.01,14678.01,14678.01,14678.01,14678.01,14678.01,14678.01,14678.01,14678.01,14678.01,14678.01,14678.01,14678.01,14678.01,14678.01,14678.01
6,,14696.63,14881.21,14964.46,15765.37,15618.12,15307.78,15593.59,13888.16,15211.49,14407.48,14563.34,13985.79,14686.89,14658.58,15701.51,15296.05,14060.53,13901.64,13960.25,14675.84,13169.28,12383.88,16183.66,16630.08,12712.64,16850.5,17018.66,15015.65,16957.74,11886.04,10962.66
7,,14510.8,15007.02,13957.98,14667.06,14866.35,15202.28,13919.78,13661.71,15694.75,15952.73,16113.84,15641.29,16583.91,16688.84,13151.99,12660.08,16332.4,12824.51,12734.68,17109.57,13226.39,15068.88,16091.12,15842.87,13218.85,13177.79,16501.67,9991.59,11031.63,10965.03,17437.34
8,MAE,,226.93,273.55,408.33,425.68,434.21,495.99,552.52,566.27,577.03,578.78,613.78,694.28,738.7,787.9,816.71,819.23,827.09,837.5,873.19,937.25,956.94,1022.45,1088.51,1091.98,1162.29,1437.63,1612.74,1913.43,2118.79,2220.17
