S1905_Actual,S1905_Simulated,S1226_Actual,S1226_Simulated,S00112_Actual,S00112_Simulated,S00108_Actual,S00108_Simulated,S1481_Actual,S1481_Simulated
0.0,0.6883357318125083,4.248495242049359,4.25954759135193,4.1588830833596715,2.9253899808970405,1.3862943611198906,1.6324289147294966,2.538973871058276,3.1421735374661295
0.0,0.031323009105286626,4.248495242049359,4.230980841892433,4.1588830833596715,2.8712514337058304,1.3862943611198906,1.8319249861174596,2.5520459526256287,2.420703761905666
0.0,0.0,4.248495242049359,4.279050574665431,4.1588830833596715,3.6390029619707125,1.3862943611198906,1.4296158229161593,2.5649493574615367,3.4895440668260793
0.0,0.0,4.248495242049359,4.25295847317149,4.1588830833596715,2.8330688241569124,1.3862943611198906,1.5605621463028199,2.5649493574615367,2.8149525819962613
0.0,0.21644305858421142,4.248495242049359,4.270061358080969,4.1588830833596715,2.8351258510734323,1.3862943611198906,1.6021829793083662,2.5649493574615367,3.8723371347178017
0.0,1.1390222693741503,4.248495242049359,4.27073420792966,4.1588830833596715,2.890784946685491,1.3862943611198906,1.4082467416289082,2.5649493574615367,3.154283440082471
