S1905_Actual,S1905_Simulated,S1226_Actual,S1226_Simulated,S00112_Actual,S00112_Simulated,S00108_Actual,S00108_Simulated,S1481_Actual,S1481_Simulated
0.0,0.6883357318125083,4.248495242049359,4.25954759135193,4.1588830833596715,2.9253899808970405,1.3862943611198906,1.6324289147294966,2.538973871058276,3.1421735374661295
0.0,0.7501226499508916,4.248495242049359,4.17288666901328,4.1588830833596715,3.165402141480799,1.3862943611198906,1.8004376597828702,2.5520459526256287,3.387211491063476
0.0,0.5984260980793246,4.248495242049359,4.22986505433573,4.1588830833596715,2.497482427124541,1.3862943611198906,1.5768902447679176,2.5649493574615367,2.9200570054550474
0.0,0.08717588136602195,4.248495242049359,4.2572913277945155,4.1588830833596715,3.395376146464458,1.3862943611198906,2.033971166955653,2.5649493574615367,3.3788965145608367
0.0,1.3069800217862628,4.248495242049359,4.26590316136508,4.1588830833596715,2.498035869417409,1.3862943611198906,1.486973102194106,2.5649493574615367,4.544601077947493
0.0,0.0,4.248495242049359,4.247196754958719,4.1588830833596715,3.932709680924928,1.3862943611198906,1.7818469144957136,2.5649493574615367,3.234067276546723
