S1905_Actual,S1905_Simulated,S1226_Actual,S1226_Simulated,S00112_Actual,S00112_Simulated,S00108_Actual,S00108_Simulated,S1481_Actual,S1481_Simulated
0.0,0.6883357318125083,4.248495242049359,4.25954759135193,4.1588830833596715,2.9253899808970405,1.3862943611198906,1.6324289147294966,2.538973871058276,3.1421735374661295
0.0,0.0,4.248495242049359,4.2964724691636045,4.1588830833596715,2.846992216740207,1.3862943611198906,1.4010398541156852,2.5520459526256287,2.31057384433115
0.0,0.0,4.248495242049359,4.327524747574972,4.1588830833596715,4.088958628676277,1.3862943611198906,1.8618019276006372,2.5649493574615367,2.4444062804603215
0.0,0.5679151449709742,4.248495242049359,4.34876775018495,4.1588830833596715,2.9883088293221536,1.3862943611198906,1.8318729088737657,2.5649493574615367,3.592127480934767
0.0,0.0,4.248495242049359,4.187810298438498,4.1588830833596715,3.5511899706744443,1.3862943611198906,1.5892865855544887,2.5649493574615367,3.4457740205846266
0.0,0.0,4.248495242049359,4.26036552492275,4.1588830833596715,2.659470702888151,1.3862943611198906,1.919571787758015,2.5649493574615367,3.368479587957446
