RedundantThrowsDeclarationCheck_Actual,RedundantThrowsDeclarationCheck_Simulated,S00122_Actual,S00122_Simulated,S1905_Actual,S1905_Simulated,UselessImportCheck_Actual,UselessImportCheck_Simulated,DuplicatedBlocks_Actual,DuplicatedBlocks_Simulated,S1226_Actual,S1226_Simulated,S1155_Actual,S1155_Simulated,S1151_Actual,S1151_Simulated,S1132_Actual,S1132_Simulated
0.0,0.13061218153693147,0.0,0.19903756679548096,0.0,0.0627247989161265,0.23270468455819335,2.067760709232467,0.0,0.4722537343060408,0.0,0.11086315715662766,0.0,0.05140755755911177,0.021599111803461798,0.6143608525794846,0.0,0.5357143502130369
0.0,0.21373295776680035,0.0,0.1533772154082206,0.0,0.381020526287832,0.19029550263309924,2.4373441430280463,0.0,0.0,0.0,0.0,0.0,0.08434402300851879,0.017316450011460875,0.45567068493813306,0.0,0.0
0.0,0.4789003458560196,0.0,0.698979596029252,0.0,0.0,0.1460078224319825,1.860829923139686,0.0,0.0,0.0,0.0,0.0,0.0,0.0130153681120703,1.2101946162480688,0.0,0.5579690997726077
0.0,0.0,0.0,0.0,0.0,0.0,0.09966748517328153,3.0640897550026702,0.0,0.8130346044102353,0.0,0.07065532531114026,0.0,0.019406030259018422,0.008695706967553821,0.7729821432944796,0.0,0.19007793811981827
0.0,0.4049553090546747,0.0,0.0,0.0,0.022932150735693636,0.05107492993641579,3.1581760952142446,0.0,2.1360784541331777,0.0,0.2950798805100615,0.0,0.0,0.00435730536895569,0.9255948624005996,0.0,0.1718879895492092
0.0,0.0,0.0,0.01677957420604806,0.0,0.21041211153365813,0.0,2.403682690982264,0.0,1.0808005566870635,0.0,0.0,0.0,0.021691564832911292,0.0,1.2676110243474725,0.0,0.9939222377201757
