S1213_Actual,S1213_Simulated,RedundantThrowsDeclarationCheck_Actual,RedundantThrowsDeclarationCheck_Simulated,S1488_Actual,S1488_Simulated,S1905_Actual,S1905_Simulated,DuplicatedBlocks_Actual,DuplicatedBlocks_Simulated,S1226_Actual,S1226_Simulated,S1151_Actual,S1151_Simulated
5.003946305945459,4.189295074572902,3.332204510175204,3.411590488688553,0.6931471805599453,1.5414280278559198,0.6931471805599453,0.08546578921313353,5.69035945432406,5.00170704510986,0.0,3.0021800730187986,3.6375861597263857,2.133853788746623
5.003946305945459,3.579890337433468,3.332204510175204,2.0901913424719676,0.6931471805599453,0.8000107530337949,0.6931471805599453,0.0,5.683579767338681,6.462632739859702,0.0,1.4489731413972442,3.6375861597263857,2.2305007192411006
5.0106352940962555,3.6598445990595883,3.332204510175204,3.2186054979290795,0.6931471805599453,1.3633936947480942,0.6931471805599453,0.0,5.700443573390687,4.361482042379128,0.0,4.402544717316627,3.6375861597263857,3.354494502642274
5.030437921392435,3.93469926025938,3.332204510175204,2.825785690895392,0.6931471805599453,1.587586576540531,0.6931471805599453,0.0,5.68697535633982,4.47396860260268,0.0,0.0,3.6375861597263857,1.808454155262951
5.030437921392435,4.087659382382145,3.332204510175204,3.679273294273184,0.6931471805599453,2.7212062704985387,0.6931471805599453,0.05469158429641771,5.697093486505405,5.08717075399852,0.0,3.2893441938804537,3.6375861597263857,2.094978317992312
5.087596335232384,3.773580942028201,3.332204510175204,3.3574690040938835,0.6931471805599453,2.1954012833061283,0.6931471805599453,0.04752300082371435,5.6937321388027,4.040673427168419,0.0,3.3515525146650695,3.713572066704308,2.253809883144616
