S1213_Actual,S1213_Simulated,RedundantThrowsDeclarationCheck_Actual,RedundantThrowsDeclarationCheck_Simulated,S00117_Actual,S00117_Simulated,S00122_Actual,S00122_Simulated,S1905_Actual,S1905_Simulated,UselessImportCheck_Actual,UselessImportCheck_Simulated,DuplicatedBlocks_Actual,DuplicatedBlocks_Simulated,S1226_Actual,S1226_Simulated,S00112_Actual,S00112_Simulated,S1151_Actual,S1151_Simulated,S1481_Actual,S1481_Simulated
4.465908118654584,2.999826586366925,1.791759469228055,1.3145347176935454,3.332204510175204,3.0269541224917087,1.0986122886681098,0.664494912609079,0.0,0.3594804897243226,0.0,0.045143420275289774,3.258096538021482,2.5343843620444226,4.770684624465665,4.506338197135906,4.996729531780326,4.339183241919254,2.302585092994046,1.5851806544732807,0.6567795363890704,0.4960677056471013
4.465908118654584,1.4121041358841235,1.791759469228055,1.9951802536160685,3.332204510175204,3.5350270268540904,1.0986122886681098,0.475149104161949,0.0,0.0,0.0,0.0,3.258096538021482,1.8307509525155452,4.770684624465665,4.34655606716925,4.997212273764115,3.3698965755200514,2.302585092994046,2.3592691145273976,0.6931471805599453,0.6820326084055238
