S1213_Actual,S1213_Simulated,RedundantThrowsDeclarationCheck_Actual,RedundantThrowsDeclarationCheck_Simulated,S00117_Actual,S00117_Simulated,S00122_Actual,S00122_Simulated,DuplicatedBlocks_Actual,DuplicatedBlocks_Simulated,S1226_Actual,S1226_Simulated,S00112_Actual,S00112_Simulated,S1155_Actual,S1155_Simulated,S00108_Actual,S00108_Simulated,S1132_Actual,S1132_Simulated
4.442651256490317,4.181531202167077,1.0986122886681098,1.0400762128809047,1.791759469228055,1.7791560542061882,2.5649493574615367,0.7997232563008877,3.295836866004329,2.8403309614286116,3.7612001156935624,3.64862190693301,3.6635616461296463,3.42740187791648,0.0,0.0,1.6094379124341003,1.208443618175531,1.6094379124341003,1.4124946207788092
4.454347296253507,3.7759142068587375,1.0986122886681098,1.028104085257121,1.791759469228055,2.0480607958473103,2.5649493574615367,0.8184897601457024,3.295836866004329,3.1855499187075496,3.7612001156935624,3.6617423100218343,3.7612001156935624,3.2460219616028345,0.0,0.0,1.6094379124341003,1.5413996516767692,1.6094379124341003,1.4805409805202003
4.465908118654584,4.173934768755523,1.0986122886681098,1.0806214405543402,1.791759469228055,1.3291828175409661,2.5649493574615367,1.3449110341121302,3.295836866004329,3.141330904367466,3.7612001156935624,3.6680670346140443,3.7612001156935624,2.892047730070683,0.0,0.0,1.6094379124341003,1.3612905421338646,1.6094379124341003,1.411061585148709
4.473541743509655,4.537769137403423,1.0986122886681098,1.0109269012634563,1.8458266904983307,2.405259282466615,2.5649493574615367,0.2747558799528824,3.295836866004329,3.346755874260775,3.7689221617874726,3.7271103023798746,3.784189633918261,3.5929831636803904,0.0,0.0,1.6094379124341003,1.120640304854164,1.6094379124341003,1.4501657998680397
4.481117537318112,4.4000705322879,1.0986122886681098,1.0574751006341376,1.8971199848858813,1.330365138431679,2.5649493574615367,2.594830587725846,3.295836866004329,2.2616649649052465,3.7765850345330416,3.6048666309013653,3.8066624897703196,3.8071043522604517,0.0,0.0,1.6094379124341003,1.3450563691303195,1.6094379124341003,1.3232190850071612
4.48863636973214,4.519093695579944,1.0986122886681098,1.1998691935812826,1.9459101490553132,1.5145738375813742,2.5649493574615367,0.0,3.295836866004329,3.5737344937814983,3.784189633918261,3.7687653687398894,3.828641396489095,3.3970363826113585,0.0,1.3212499130600812e-07,1.6094379124341003,1.2136372548878143,1.6094379124341003,1.4566536511081811
