S1213_Actual,S1213_Simulated,RedundantThrowsDeclarationCheck_Actual,RedundantThrowsDeclarationCheck_Simulated,S00117_Actual,S00117_Simulated,S00122_Actual,S00122_Simulated,DuplicatedBlocks_Actual,DuplicatedBlocks_Simulated,S1226_Actual,S1226_Simulated,S00112_Actual,S00112_Simulated,S1155_Actual,S1155_Simulated,S00108_Actual,S00108_Simulated,S1132_Actual,S1132_Simulated
4.442651256490317,4.181531202167077,1.0986122886681098,1.0400762128809047,1.791759469228055,1.7791560542061882,2.5649493574615367,0.7997232563008877,3.295836866004329,2.8403309614286116,3.7612001156935624,3.64862190693301,3.6635616461296463,3.42740187791648,0.0,0.0,1.6094379124341003,1.208443618175531,1.6094379124341003,1.4124946207788092
4.454347296253507,3.782136618946058,1.0986122886681098,1.180389781252639,1.791759469228055,1.602269868793775,2.5649493574615367,1.5068755591837237,3.295836866004329,3.287865598836021,3.7612001156935624,3.6395371170402853,3.7612001156935624,3.286086204049621,0.0,0.0,1.6094379124341003,0.907369618232428,1.6094379124341003,1.299075728045209
4.465908118654584,4.261196144551504,1.0986122886681098,1.1431628279413968,1.791759469228055,1.3308387471896697,2.5649493574615367,0.3551054639906977,3.295836866004329,3.069703215743574,3.7612001156935624,3.6788135878174306,3.7612001156935624,3.774361454877269,0.0,0.0,1.6094379124341003,1.0311832438864597,1.6094379124341003,1.4493173291266876
4.473541743509655,4.616639573048179,1.0986122886681098,1.2217777297728558,1.8458266904983307,1.7078569874735094,2.5649493574615367,0.11865150167606997,3.295836866004329,2.314084283422449,3.7689221617874726,3.5820111075822707,3.784189633918261,3.1273762705634685,0.0,0.0,1.6094379124341003,1.3587310207763141,1.6094379124341003,1.5086365152521874
4.481117537318112,4.257634983607965,1.0986122886681098,0.8088765347832663,1.8971199848858813,1.4992913092893783,2.5649493574615367,1.5462179744290592,3.295836866004329,2.6118967647279705,3.7765850345330416,3.6796081036935684,3.8066624897703196,3.375390820909678,0.0,0.0,1.6094379124341003,1.2625774049728915,1.6094379124341003,1.3322796677731574
4.48863636973214,3.358926393247266,1.0986122886681098,0.5913593389286961,1.9459101490553132,1.7729792257294252,2.5649493574615367,0.9991511922390595,3.295836866004329,2.873323706110137,3.784189633918261,3.636484553429364,3.828641396489095,3.173395958293044,0.0,0.0,1.6094379124341003,1.0364473791884086,1.6094379124341003,1.3602951256058216
