S1213_Actual,S1213_Simulated,RedundantThrowsDeclarationCheck_Actual,RedundantThrowsDeclarationCheck_Simulated,S1488_Actual,S1488_Simulated,S1905_Actual,S1905_Simulated,DuplicatedBlocks_Actual,DuplicatedBlocks_Simulated,S1226_Actual,S1226_Simulated,S00112_Actual,S00112_Simulated,S1151_Actual,S1151_Simulated,S1132_Actual,S1132_Simulated,S1481_Actual,S1481_Simulated
5.438079308923196,5.315746943612542,3.1354942159291497,3.5351683455796343,2.1972245773362196,2.3448650609869333,0.6931471805599453,2.6336389706392938,5.043425116919247,4.510972925856334,3.713572066704308,3.8233103768142858,3.091042453358316,2.431549945789797,3.258096538021482,2.7244619324435924,3.5553480614894135,3.4205118984428196,1.9459101490553132,3.001156803470868
5.438079308923196,4.405086007036861,3.1354942159291497,3.6283500521672334,2.1972245773362196,2.557369536699785,0.6931471805599453,2.7220733046369907,5.043425116919247,5.3100029930352495,3.713572066704308,4.387902444908954,3.091042453358316,2.308995880781699,3.258096538021482,2.8937520976871016,3.5553480614894135,3.3471888671722816,1.9459101490553132,1.3954722107028168
5.438079308923196,5.277340869389192,3.1354942159291497,3.422020710921551,2.1972245773362196,2.5558924993035057,0.6931471805599453,1.2977845786913256,5.043425116919247,4.166935752652039,3.713572066704308,3.742797144140844,3.091042453358316,2.364593317705075,3.258096538021482,3.200524964667019,3.5553480614894135,4.067188712162103,1.9459101490553132,2.8433372488810384
