S1905_Actual,S1905_Simulated,S1226_Actual,S1226_Simulated,S00112_Actual,S00112_Simulated,S00108_Actual,S00108_Simulated,S1481_Actual,S1481_Simulated
0.0,0.9071098113340569,4.248495242049359,4.134769788868201,4.1588830833596715,2.499131140053135,1.3862943611198906,1.5415685703871407,2.5649493574615367,3.085545834700197
0.0,1.3029730845807026,4.248495242049359,3.670836839120322,4.1588830833596715,3.838245435759702,1.3862943611198906,2.1017780087997497,2.5649493574615367,2.851555900930594
0.0,0.534551643085027,4.248495242049359,4.1993095626342685,4.1588830833596715,0.7768481190328695,1.3862943611198906,1.9074024047893048,2.5649493574615367,3.506140888330077
