S1905_Actual,S1905_Simulated,S1226_Actual,S1226_Simulated,S00112_Actual,S00112_Simulated,S00108_Actual,S00108_Simulated,S1481_Actual,S1481_Simulated
0.0,0.9071098113340569,4.248495242049359,4.134769788868201,4.1588830833596715,2.499131140053135,1.3862943611198906,1.5415685703871407,2.538973871058276,3.085545834700197
0.0,0.43166026406047053,4.248495242049359,4.347006147502919,4.1588830833596715,2.099732647792095,1.3862943611198906,1.4335569918376831,2.5520459526256287,3.4822714879515484
0.0,0.7820735177305881,4.248495242049359,4.520983564105208,4.1588830833596715,2.6011559066134393,1.3862943611198906,2.013839911077036,2.5649493574615367,2.965364418594252
0.0,0.9075056431004387,4.248495242049359,4.1680075388379,4.1588830833596715,1.4337074374207066,1.3862943611198906,1.7128883606934318,2.5649493574615367,2.9939737800352075
0.0,0.9143218781243019,4.248495242049359,4.372774575264467,4.1588830833596715,2.8455568479002555,1.3862943611198906,1.3026657320021002,2.5649493574615367,3.989430757188605
0.0,1.8882374348057707,4.248495242049359,4.146352501649895,4.1588830833596715,3.0872885626324633,1.3862943611198906,1.2095036827134864,2.5649493574615367,2.25226079604705
