S1905_Actual,S1905_Simulated,S1226_Actual,S1226_Simulated,S00112_Actual,S00112_Simulated,S00108_Actual,S00108_Simulated,S1481_Actual,S1481_Simulated
0.0,0.0,4.248495242049359,4.248490417491194,4.1588830833596715,3.3957052443904483,1.3862943611198906,1.4414739986893768,2.538973871058276,2.4958056185942867
0.0,0.0,4.248495242049359,4.248490722932375,4.1588830833596715,2.7479739366724907,1.3862943611198906,1.5372933106354703,2.5520459526256287,2.4949011020152994
0.0,0.0,4.248495242049359,4.248493166699571,4.1588830833596715,3.2342403883367687,1.3862943611198906,1.4777461496158877,2.5649493574615367,2.4478059073268734
0.0,0.0,4.248495242049359,4.248490541312412,4.1588830833596715,3.634332785295325,1.3862943611198906,1.5629741666490762,2.5649493574615367,2.4862536275662603
0.0,0.0,4.248495242049359,4.248486445243456,4.1588830833596715,3.8552819875970172,1.3862943611198906,1.3937142436051941,2.5649493574615367,2.487840878590029
0.0,0.0,4.248495242049359,4.2484927399743055,4.1588830833596715,3.289512173703389,1.3862943611198906,1.4720767507957662,2.5649493574615367,2.5191042232156837
