S1905_Actual,S1905_Simulated,S1226_Actual,S1226_Simulated,S00112_Actual,S00112_Simulated,S00108_Actual,S00108_Simulated,S1481_Actual,S1481_Simulated
0.0,0.0,4.248495242049359,4.248490417491194,4.1588830833596715,3.3957052443904483,1.3862943611198906,1.4414739986893768,2.5649493574615367,2.4958056185942867
0.0,0.0,4.248495242049359,4.2484873311381275,4.1588830833596715,4.148812888036391,1.3862943611198906,1.359481431868273,2.5649493574615367,2.4943076224678897
0.0,0.0,4.248495242049359,4.248489427202451,4.1588830833596715,3.454658922312489,1.3862943611198906,1.382089226459987,2.5649493574615367,2.4755474529044794
