S1905_Actual,S1905_Simulated,S1226_Actual,S1226_Simulated,S00112_Actual,S00112_Simulated,S00108_Actual,S00108_Simulated,S1481_Actual,S1481_Simulated
0.0,0.0,4.248495242049359,4.248490417491194,4.1588830833596715,3.3957052443904483,1.3862943611198906,1.4414739986893768,2.5649493574615367,2.4958056185942867
0.0,0.0,4.248495242049359,4.248487941870291,4.1588830833596715,3.112933503735321,1.3862943611198906,1.3532588683446642,2.5649493574615367,2.497936796971808
0.0,0.0,4.248495242049359,4.248490353723172,4.1588830833596715,3.2970439993061618,1.3862943611198906,1.4568797755288054,2.5649493574615367,2.4908805165411034
