S1905_Actual,S1905_Simulated,S1226_Actual,S1226_Simulated,S00112_Actual,S00112_Simulated,S00108_Actual,S00108_Simulated,S1481_Actual,S1481_Simulated
0.0,0.0,4.248495242049359,4.248490417491194,4.1588830833596715,3.3957052443904483,1.3862943611198906,1.4414739986893768,2.5649493574615367,2.4958056185942867
0.0,0.0,4.248495242049359,4.248495596304297,4.1588830833596715,2.8727462890397764,1.3862943611198906,1.4381202557642758,2.5649493574615367,2.495698234497738
0.0,0.0,4.248495242049359,4.2484923200740665,4.1588830833596715,2.2018651757772103,1.3862943611198906,1.4343667580259745,2.5649493574615367,2.474322352346158
