S1213_Actual,S1213_Simulated,S1488_Actual,S1488_Simulated,S1226_Actual,S1226_Simulated,S00112_Actual,S00112_Simulated,S1151_Actual,S1151_Simulated,S1132_Actual,S1132_Simulated,S1481_Actual,S1481_Simulated
6.231355955723415,5.194460844659627,2.302585092994046,2.427345894429739,3.713572066704308,3.595057177045192,4.634728988229636,4.358025076129445,4.143134726391533,4.109089806957299,3.912023005428146,4.123671636980064,1.9459101490553132,2.6344328271877484
6.231574463317423,5.450111411579383,2.302585092994046,2.7061804591099694,3.713572066704308,3.5643869871256686,4.634728988229636,3.5832680798024397,4.143134726391533,4.105181117351528,3.912023005428146,4.1847454367977885,1.9459101490553132,1.3837558558090306
6.231792923176292,4.737526149987602,2.302585092994046,2.511578037221368,3.713572066704308,3.5801572754326005,4.634728988229636,4.399282327719325,4.143134726391533,4.049644588390036,3.912023005428146,4.0094579994207304,1.9459101490553132,2.0996192628537953
6.232011335320876,4.824938304580087,2.302585092994046,2.391449089666417,3.713572066704308,3.585033608070516,4.634728988229636,4.520000806153224,4.143134726391533,4.0097594379073795,3.912023005428146,4.238618568620958,1.9459101490553132,2.595410511503173
6.232229699772011,5.39082777970639,2.302585092994046,2.6439413940840164,3.713572066704308,3.5711560511013323,4.634728988229636,4.2917422832308345,4.143134726391533,4.11007592884099,3.912023005428146,4.125012150611334,1.9459101490553132,2.319015975228071
6.2324480165505225,5.518150169800413,2.302585092994046,3.178334023953975,3.713572066704308,3.64189903298545,4.634728988229636,4.317073311857107,4.143134726391533,4.103772172746228,3.912023005428146,4.224731951279923,1.9459101490553132,2.42104745541299
