S1488_Actual,S1488_Simulated,S1905_Actual,S1905_Simulated,UselessImportCheck_Actual,UselessImportCheck_Simulated,DuplicatedBlocks_Actual,DuplicatedBlocks_Simulated,S00112_Actual,S00112_Simulated,S1155_Actual,S1155_Simulated,S1132_Actual,S1132_Simulated
1.0986122886681098,1.0077415013145123,0.0,1.571048938306501,0.6931471805599453,0.9610498910441571,1.8281271133989299,2.3875430850499346,3.332204510175204,1.6889869029199953,0.0,0.0,0.0,0.18393647179709674
1.0986122886681098,0.7995078702198658,0.0,3.452222356622007,0.6931471805599453,0.5968122906233292,1.8101086078962514,1.6637306292959015,3.332204510175204,0.9996824661838793,0.0,0.0,0.0,0.16523937082952012
1.0986122886681098,0.8757847310886105,0.0,1.3859122194590954,0.6931471805599453,0.7353890568585065,1.791759469228055,2.2693137336328055,3.332204510175204,1.88053598312453,0.0,0.0,0.0,0.20367668634877453
