S1488_Actual,S1488_Simulated,DuplicatedBlocks_Actual,DuplicatedBlocks_Simulated,S00112_Actual,S00112_Simulated,S1132_Actual,S1132_Simulated
0.0,0.0,2.302585092994046,2.157542452532808,4.855928904335275,4.807352905542267,2.9444389791664403,2.944434154608275
0.0,1.2556250979515206e-06,2.302585092994046,2.243918193223008,4.857225080796721,4.802404924339676,2.9444389791664403,2.9444329974993035
0.0,0.0,2.302585092994046,2.3997438569446103,4.858519579359367,4.816420856773113,2.9444389791664403,2.944433586158678
0.0,0.0,2.302585092994046,1.9966848321811166,4.859812404361672,4.836677034210844,2.9444389791664403,2.944433350648963
0.0,0.0,2.302585092994046,2.3025573354808295,4.90527477843843,4.769762292154853,2.9444389791664403,2.944432201974223
0.0,0.0,2.302585092994046,2.0624123062339663,4.948759890378168,4.716977564747037,2.9444389791664403,2.9444365702540947
