S1213_Actual,S1213_Simulated,RedundantThrowsDeclarationCheck_Actual,RedundantThrowsDeclarationCheck_Simulated,S00117_Actual,S00117_Simulated,S1905_Actual,S1905_Simulated,UselessImportCheck_Actual,UselessImportCheck_Simulated,DuplicatedBlocks_Actual,DuplicatedBlocks_Simulated,S1155_Actual,S1155_Simulated
5.765191102784844,5.905965091877481,5.733341276897746,5.406354149356674,5.811140992976701,5.623524564790877,1.791759469228055,2.218394196647229,2.772588722239781,3.5535918260069694,5.66988092298052,5.778379256897303,4.23410650459726,3.9342304055250064
5.75890177387728,6.2747541939128295,5.703782474656201,5.861530288872086,5.808142489980444,5.815092697080731,1.791759469228055,3.7784460942065614,2.302585092994046,4.877389068953796,5.6131281063880705,4.573393873983529,4.23410650459726,3.9515257334415286
5.7745515455444085,6.285384131723011,5.717027701406222,5.165650769709458,5.808142489980444,5.24572814020104,1.791759469228055,2.472049847352112,2.4849066497880004,3.607781894385251,5.616771097666572,6.4711156590607235,4.23410650459726,3.820117879080256
5.765191102784844,6.062952737238823,5.71042701737487,4.976011764613317,5.808142489980444,5.393237812567188,1.791759469228055,2.535698740751013,2.302585092994046,2.1584179902388625,5.616771097666572,5.289317031089445,4.23410650459726,3.904110118674325
5.777652323222656,5.6063112863487525,5.707110264748875,5.31619167877301,5.755742213586912,5.883903922627906,1.791759469228055,1.6219735705879315,2.3978952727983707,3.329521577731251,5.66988092298052,5.117748005943028,4.23410650459726,3.7411623266554033
5.777652323222656,5.670686508600965,5.707110264748875,5.530330003921933,5.755742213586912,6.1957342101774,1.791759469228055,2.8506852673929974,2.302585092994046,3.253610581263595,5.66988092298052,6.265959976038104,4.23410650459726,3.6991676732655225
