S1213_Actual,S1213_Simulated,RedundantThrowsDeclarationCheck_Actual,RedundantThrowsDeclarationCheck_Simulated,S1488_Actual,S1488_Simulated,S1905_Actual,S1905_Simulated,DuplicatedBlocks_Actual,DuplicatedBlocks_Simulated,S1226_Actual,S1226_Simulated,S1151_Actual,S1151_Simulated
5.003946305945459,4.189295074572902,3.332204510175204,3.411590488688553,0.6931471805599453,1.5414280278559198,0.6931471805599453,0.08546578921313353,5.69035945432406,5.00170704510986,0.0,3.0021800730187986,3.6375861597263857,2.133853788746623
5.003946305945459,3.9394934252159737,3.332204510175204,2.2326989537636033,0.6931471805599453,2.7369309812289426,0.6931471805599453,0.08906062868280756,5.683579767338681,5.254621071240526,0.0,4.555616294919565,3.6375861597263857,2.969944360178542
5.0106352940962555,4.175088444920012,3.332204510175204,3.9620818504670954,0.6931471805599453,1.6153200197130424,0.6931471805599453,0.15223791905655312,5.700443573390687,4.110507486388279,0.0,1.4097053614621595,3.6375861597263857,2.8076136462988557
5.030437921392435,4.890505461182445,3.332204510175204,2.7564868432343217,0.6931471805599453,2.4482417291759635,0.6931471805599453,0.0,5.68697535633982,5.87252656598436,0.0,1.6889993153857032,3.6375861597263857,2.6708304915488337
5.030437921392435,3.2684728784105905,3.332204510175204,3.026000038089098,0.6931471805599453,1.756390191753416,0.6931471805599453,0.0,5.697093486505405,4.895526496871751,0.0,0.46372362302434533,3.6375861597263857,2.7220084058855702
5.087596335232384,4.255600709900128,3.332204510175204,3.611523413847911,0.6931471805599453,0.9854674865382655,0.6931471805599453,0.0,5.6937321388027,3.498498207987264,0.0,4.608831615650567,3.713572066704308,2.9261398360045505
