S1213_Actual,S1213_Simulated,RedundantThrowsDeclarationCheck_Actual,RedundantThrowsDeclarationCheck_Simulated,S1488_Actual,S1488_Simulated,S1905_Actual,S1905_Simulated,DuplicatedBlocks_Actual,DuplicatedBlocks_Simulated,S1226_Actual,S1226_Simulated,S1151_Actual,S1151_Simulated
5.003946305945459,4.189295074572902,3.332204510175204,3.411590488688553,0.6931471805599453,1.5414280278559198,0.6931471805599453,0.08546578921313353,5.69035945432406,5.00170704510986,0.0,3.0021800730187986,3.6375861597263857,2.133853788746623
5.003946305945459,4.63747628520476,3.332204510175204,2.575123722652143,0.6931471805599453,0.7405480038483929,0.6931471805599453,0.054302421678924406,5.683579767338681,3.6988161044414554,0.0,1.4911357055438337,3.6375861597263857,2.4298917047486484
5.0106352940962555,4.837645484696929,3.332204510175204,4.012445035270614,0.6931471805599453,2.440243229893684,0.6931471805599453,0.17858979788881024,5.700443573390687,4.894039600605504,0.0,2.297522430306562,3.6375861597263857,2.6208087158094617
5.030437921392435,3.548989303060173,3.332204510175204,3.233752060630622,0.6931471805599453,2.117153344200259,0.6931471805599453,0.08680493458651936,5.68697535633982,6.062635166287631,0.0,2.9898144877118122,3.6375861597263857,2.67609653771486
5.030437921392435,4.033745864496768,3.332204510175204,2.788835199502173,0.6931471805599453,1.5948636033240788,0.6931471805599453,0.0,5.697093486505405,5.876699188845283,0.0,2.4271489219879046,3.6375861597263857,2.903108272409803
5.087596335232384,4.040155369659464,3.332204510175204,4.400802545100318,0.6931471805599453,0.7402269245587404,0.6931471805599453,0.17116206251941096,5.6937321388027,5.331695260348041,0.0,3.668791179488851,3.713572066704308,2.7183770588090272
