S1905_Actual,S1905_Simulated,S1226_Actual,S1226_Simulated,S00112_Actual,S00112_Simulated,S00108_Actual,S00108_Simulated
0.0,0.9071098113340569,4.248495242049359,4.134769788868201,4.1588830833596715,2.499131140053135,1.3862943611198906,1.5415685703871407
0.0,0.24119203840828685,4.248495242049359,3.3476493537147998,4.1588830833596715,1.8864028580477497,1.3862943611198906,0.6018563480802412
0.0,1.2619292147222798,4.248495242049359,4.149656551234129,4.1588830833596715,3.9136837665100144,1.3862943611198906,1.633878235248843
