S1905_Actual,S1905_Simulated,S1226_Actual,S1226_Simulated,S00112_Actual,S00112_Simulated,S00108_Actual,S00108_Simulated
0.0,0.9071098113340569,4.248495242049359,4.134769788868201,4.1588830833596715,2.499131140053135,1.3862943611198906,1.5415685703871407
0.0,1.1390300364047836,4.248495242049359,4.006337808721374,4.1588830833596715,2.2346537459721296,1.3862943611198906,1.7149605599675686
0.0,2.026778111113975,4.248495242049359,4.346574472278361,4.1588830833596715,2.4839575606173345,1.3862943611198906,1.3836343140491552
