S1213_Actual,S1213_Simulated,RedundantThrowsDeclarationCheck_Actual,RedundantThrowsDeclarationCheck_Simulated,S1905_Actual,S1905_Simulated,DuplicatedBlocks_Actual,DuplicatedBlocks_Simulated,S1226_Actual,S1226_Simulated,S00112_Actual,S00112_Simulated,S1151_Actual,S1151_Simulated,S1132_Actual,S1132_Simulated,S1481_Actual,S1481_Simulated
5.448173122092414,5.315746943612542,3.1354942159291497,3.5351683455796343,0.6931471805599453,2.6336389706392938,5.015069891164122,4.510972925856334,3.721669276936927,3.8233103768142858,3.091042453358316,2.431549945789797,3.258096538021482,2.7244619324435924,3.5553480614894135,3.4205118984428196,1.9459101490553132,3.001156803470868
5.438079308923196,6.493050118612029,3.1354942159291497,2.874608221416012,0.6931471805599453,4.9997979850951095,5.043425116919247,4.478881234605209,3.713572066704308,2.3099231613194178,3.091042453358316,2.974690264392393,3.258096538021482,0.0,3.5553480614894135,3.035805371083536,1.9459101490553132,1.5961167158576843
5.438079308923196,5.110297007650629,3.1354942159291497,3.175592605757854,0.6931471805599453,1.5610622220335475,5.043425116919247,5.6423532396702285,3.713572066704308,3.9302455217123047,3.091042453358316,3.474497900622832,3.258096538021482,4.5492835364816235,3.5553480614894135,2.7267028516591663,1.9459101490553132,3.820364058145889
5.438079308923196,5.4032312171901875,3.1354942159291497,3.7197694819585223,0.6931471805599453,3.0546087602904333,5.043425116919247,4.664896800192356,3.713572066704308,4.906462794099399,3.091042453358316,2.9759996772081916,3.258096538021482,5.7903810099354125,3.5553480614894135,3.044676138060198,1.9459101490553132,3.303079058339515
5.438079308923196,5.6768296406163925,3.1354942159291497,2.7647866332642237,0.6931471805599453,0.0,5.043425116919247,4.666905471188118,3.713572066704308,3.8022371413134364,3.091042453358316,2.5331789686091106,3.258096538021482,3.144727615846946,3.5553480614894135,3.223685407540231,1.9459101490553132,4.325932804728831
5.438079308923196,6.205239583120986,3.1354942159291497,3.4498003803593926,0.6931471805599453,5.305192383419209,5.043425116919247,3.643909965237385,3.713572066704308,4.083036028981111,3.091042453358316,2.843006041170256,3.258096538021482,2.5203716978955213,3.5553480614894135,3.3050392419340175,1.9459101490553132,1.4961865805997356
