S1905_Actual,S1905_Simulated
0.0,1.528042598680665
0.0,2.4533921312546516
0.0,1.6528466659378285
0.0,2.1915690013400457
0.0,2.3526267013812237
0.0,0.0
0.0,2.1025410921361005
0.0,3.1497856842386946
0.0,0.8335169618618495
0.0,2.3686997373724292
0.0,2.0745430659059565
0.0,1.4220406725518344
