S1213_Actual,S1213_Simulated,RedundantThrowsDeclarationCheck_Actual,RedundantThrowsDeclarationCheck_Simulated,S00117_Actual,S00117_Simulated,S00122_Actual,S00122_Simulated,S1905_Actual,S1905_Simulated,UselessImportCheck_Actual,UselessImportCheck_Simulated,S1155_Actual,S1155_Simulated
5.765191102784844,5.905965091877481,5.733341276897746,5.406354149356674,5.811140992976701,5.623524564790877,6.298949246855942,6.198847681621536,1.791759469228055,2.218394196647229,2.772588722239781,3.5535918260069694,4.23410650459726,3.9342304055250064
5.75890177387728,5.904177692427861,5.703782474656201,5.51391662108166,5.808142489980444,5.75367355427396,6.278521424165844,6.98732485385696,1.791759469228055,2.855448890588735,2.302585092994046,4.009866085091292,4.23410650459726,3.835133013345407
5.7745515455444085,6.451635144458092,5.717027701406222,5.220684134225479,5.808142489980444,5.289158066712337,6.278521424165844,5.759027995952182,1.791759469228055,2.1022859252454804,2.4849066497880004,4.413730106699636,4.23410650459726,4.6343202437477755
5.765191102784844,6.376283132980855,5.71042701737487,4.931040202272587,5.808142489980444,5.8556133032135484,6.2878585601617845,5.082572048753322,1.791759469228055,1.5044682137945995,2.302585092994046,3.671635897653821,4.23410650459726,4.241613470077785
5.777652323222656,5.041939746911209,5.707110264748875,5.0933929933751445,5.755742213586912,4.623998029684715,6.3080984415095305,5.9074439202830185,1.791759469228055,3.0611180720570896,2.3978952727983707,3.1387255657971513,4.23410650459726,3.447208373855964
5.777652323222656,5.649903311496631,5.707110264748875,5.286002448336081,5.755742213586912,5.616861671262325,6.3080984415095305,6.897581795511671,1.791759469228055,2.6905185452430422,2.302585092994046,4.5660484089147175,4.23410650459726,3.8880525256455853
