RedundantThrowsDeclarationCheck_Actual,RedundantThrowsDeclarationCheck_Simulated,S00122_Actual,S00122_Simulated,UselessImportCheck_Actual,UselessImportCheck_Simulated,DuplicatedBlocks_Actual,DuplicatedBlocks_Simulated,S00112_Actual,S00112_Simulated,S1155_Actual,S1155_Simulated,S00108_Actual,S00108_Simulated,S1151_Actual,S1151_Simulated,S1132_Actual,S1132_Simulated
3.367295829986474,3.182826244321462,0.0,0.17804065448848427,0.0,1.0120744067826586,3.784189633918261,3.1131672510296626,5.181783550292085,3.495480419818657,1.3862943611198906,1.4002786624897638,4.844187086458591,4.465479026967496,0.6931471805599453,0.3168034653383228,3.044522437723423,2.3619558113018173
3.367295829986474,3.3137294051939445,0.0,0.14173426352963925,0.0,1.6403722372459382,3.784189633918261,3.075306516150224,5.181783550292085,4.8930057253546355,1.3862943611198906,1.5955324679166372,4.844187086458591,4.839211057121243,0.6931471805599453,0.6027809753523283,3.044522437723423,2.2607511423279454
3.367295829986474,4.064698710003577,0.0,0.08459770994193513,0.0,1.4097024726449898,3.784189633918261,2.3459003856706198,5.181783550292085,3.456995579784524,1.3862943611198906,1.0782341131966324,4.844187086458591,5.658899542281734,0.6931471805599453,0.862880959376939,3.044522437723423,3.0931206317785804
3.367295829986474,2.819936645289417,0.0,0.0,0.0,1.6259291867297931,3.784189633918261,1.2865110618448514,5.181783550292085,2.3470869723119643,1.3862943611198906,1.8029300242923008,4.844187086458591,4.419429126056864,0.6931471805599453,0.3784798260522073,3.044522437723423,2.769643588191056
3.367295829986474,3.0737270375218104,0.0,0.3436243588061241,0.0,0.9636866153112834,3.784189633918261,1.5162977102966206,5.181783550292085,5.225020088029675,1.3862943611198906,0.0,4.844187086458591,2.5716706415175166,0.6931471805599453,0.26078204696556695,3.044522437723423,1.7843849082215395
3.367295829986474,3.3118542669397497,0.0,0.20088432564838127,0.0,0.4895413019001553,3.784189633918261,2.4422974073474863,5.181783550292085,5.775117224839885,1.3862943611198906,2.0261149419964504,4.844187086458591,4.036686876345759,0.6931471805599453,0.0,3.044522437723423,1.5597943310042353
