RedundantThrowsDeclarationCheck_Actual,RedundantThrowsDeclarationCheck_Simulated,S00122_Actual,S00122_Simulated,UselessImportCheck_Actual,UselessImportCheck_Simulated,DuplicatedBlocks_Actual,DuplicatedBlocks_Simulated,S00112_Actual,S00112_Simulated,S1155_Actual,S1155_Simulated,S00108_Actual,S00108_Simulated,S1151_Actual,S1151_Simulated,S1132_Actual,S1132_Simulated
3.367295829986474,3.182826244321462,0.0,0.17804065448848427,0.0,1.0120744067826586,3.784189633918261,3.1131672510296626,5.181783550292085,3.495480419818657,1.3862943611198906,1.4002786624897638,4.844187086458591,4.465479026967496,0.6931471805599453,0.3168034653383228,3.044522437723423,2.3619558113018173
3.367295829986474,2.4880161433182497,0.0,0.6580258034616326,0.0,0.35529783030903384,3.784189633918261,3.370583367900909,5.181783550292085,2.916861061747912,1.3862943611198906,1.8991490009956036,4.844187086458591,5.516579405040524,0.6931471805599453,1.0230097800723503,3.044522437723423,1.468364899050293
3.367295829986474,3.23923801229693,0.0,0.0,0.0,0.42494290595697937,3.784189633918261,4.692782706889106,5.181783550292085,3.9782434766033328,1.3862943611198906,1.3873795094545625,4.844187086458591,5.379666474061032,0.6931471805599453,0.3276163688304275,3.044522437723423,2.341396790228261
