RedundantThrowsDeclarationCheck_Actual,RedundantThrowsDeclarationCheck_Simulated,S00122_Actual,S00122_Simulated,UselessImportCheck_Actual,UselessImportCheck_Simulated,DuplicatedBlocks_Actual,DuplicatedBlocks_Simulated,S00112_Actual,S00112_Simulated,S1155_Actual,S1155_Simulated,S00108_Actual,S00108_Simulated,S1151_Actual,S1151_Simulated,S1132_Actual,S1132_Simulated
3.367295829986474,3.182826244321462,0.0,0.17804065448848427,0.0,1.0120744067826586,3.784189633918261,3.1131672510296626,5.181783550292085,3.495480419818657,1.3862943611198906,1.4002786624897638,4.844187086458591,4.465479026967496,0.6931471805599453,0.3168034653383228,3.044522437723423,2.3619558113018173
3.367295829986474,2.6816066971568624,0.0,0.0,0.0,0.0,3.784189633918261,2.9622586851038673,5.181783550292085,3.006857067517447,1.3862943611198906,2.1914967468396696,4.844187086458591,4.8122140369027555,0.6931471805599453,0.4172738741087889,3.044522437723423,1.4679944633339121
3.367295829986474,3.379762718995967,0.0,0.8328779479102798,0.0,0.47432388113703394,3.784189633918261,3.1359001492509115,5.181783550292085,4.928062260104729,1.3862943611198906,1.1645966007976505,4.844187086458591,5.090228673656607,0.6931471805599453,0.710881688485989,3.044522437723423,2.115324590928473
3.367295829986474,3.0317421253207564,0.0,0.40049417628272105,0.0,0.0672429353177646,3.784189633918261,3.116307711562468,5.181783550292085,1.5236006780092675,1.3862943611198906,1.1817356066498057,4.844187086458591,3.7329629808405573,0.6931471805599453,0.0,3.044522437723423,2.8920536492369067
3.367295829986474,2.9822246558175856,0.0,0.1850071934043605,0.0,1.5893891563564386,3.784189633918261,3.749317805193528,5.181783550292085,0.6381016948478719,1.3862943611198906,0.5219192447568732,4.844187086458591,4.910704303530133,0.6931471805599453,0.0,3.044522437723423,1.6247466330972662
3.367295829986474,2.721029010907919,0.0,0.5310490954415279,0.0,1.2879099152552949,3.784189633918261,2.7805483929357497,5.181783550292085,3.6264156045196163,1.3862943611198906,1.517737178567489,4.844187086458591,4.785463943009017,0.6931471805599453,0.0,3.044522437723423,2.2774736286325674
