RedundantThrowsDeclarationCheck_Actual,RedundantThrowsDeclarationCheck_Simulated,S00122_Actual,S00122_Simulated,UselessImportCheck_Actual,UselessImportCheck_Simulated,DuplicatedBlocks_Actual,DuplicatedBlocks_Simulated,S00112_Actual,S00112_Simulated,S1155_Actual,S1155_Simulated,S00108_Actual,S00108_Simulated,S1151_Actual,S1151_Simulated,S1132_Actual,S1132_Simulated
3.367295829986474,3.182826244321462,0.0,0.17804065448848427,0.0,1.0120744067826586,3.784189633918261,3.1131672510296626,5.181783550292085,3.495480419818657,1.3862943611198906,1.4002786624897638,4.844187086458591,4.465479026967496,0.6931471805599453,0.3168034653383228,3.044522437723423,2.3619558113018173
3.367295829986474,2.4123587124647767,0.0,0.04237168554592449,0.0,0.1223509017807225,3.784189633918261,2.972925282901239,5.181783550292085,2.9988597844361378,1.3862943611198906,0.895493488031271,4.844187086458591,7.155081617462946,0.6931471805599453,0.0,3.044522437723423,1.7455154522722638
3.367295829986474,3.258708944117457,0.0,0.0,0.0,0.28469201096049357,3.784189633918261,4.12873545407882,5.181783550292085,4.039603789020054,1.3862943611198906,2.1193759761819484,4.844187086458591,3.9625311117735693,0.6931471805599453,0.2227466665062548,3.044522437723423,3.685176793215205
