S1213_Actual,S1213_Simulated,S00122_Actual,S00122_Simulated,S1488_Actual,S1488_Simulated,DuplicatedBlocks_Actual,DuplicatedBlocks_Simulated,S1226_Actual,S1226_Simulated,S00112_Actual,S00112_Simulated,S00108_Actual,S00108_Simulated,S1151_Actual,S1151_Simulated,S1132_Actual,S1132_Simulated
0.08934510033585008,0.8654164806904682,0.0,0.19170098661429782,0.0,0.051733357324998425,0.0,0.46172097945521134,0.0,0.11196008221551346,0.04567003683318844,0.46128570284664755,0.0,0.19702941544705932,0.04567003683318844,0.6025512276968152,0.0,0.5169270278182613
0.07210329390134407,0.0474962746488653,0.0,0.0,0.0,0.1488026187793557,0.0,0.0,0.0,0.5021262597464642,0.036701366850428,1.516693582251148,0.0,0.0,0.036701366850428,0.4279031655429657,0.0,0.0
0.0545589842504346,0.3720240213521807,0.0,0.4197616482911729,0.0,0.47641556432477883,0.0,0.0,0.0,0.8883717331404732,0.027651531330510157,1.1547693457896828,0.0,0.0990269416151633,0.027651531330510157,1.0186733800145866,0.0,0.5646830848140773
0.0367013668504281,0.8213963625306308,0.0,0.3709808317354589,0.0,0.25964778361881174,0.0,0.7727692268454063,0.0,0.1874480125587593,0.018519047767237597,0.9659247948966125,0.0,0.5479163144551731,0.018519047767237597,0.548245543939786,0.0,1.6059663967572133
0.018519047767237697,0.912189096599267,0.0,0.6682097939104525,0.0,0.04290042107742627,0.0,2.3135995044143596,0.0,0.14316360683295226,0.009302392662313554,1.261880001858776,0.0,0.0,0.009302392662313554,0.8274239733914827,0.0,0.0
0.0,0.6476036114402564,0.0,0.2499850025346077,0.0,0.16708732906531112,0.0,0.0,0.0,0.136885747948666,0.0,1.2850709930574644,0.0,0.34809087025848295,0.0,0.5382816619270051,0.0,1.8874489400667507
