S1905_Actual,S1905_Simulated,S1481_Actual,S1481_Simulated
0.0,0.36172044398760594,0.15415067982725825,0.502759145915681
0.0,0.04957510162322537,0.2876820724517809,0.0
0.0,0.8425178768412778,0.4054651081081644,0.9347835514797408
0.0,0.17451124469147913,0.5108256237659906,0.5755190159264902
0.0,0.39622950906448773,0.6061358035703155,0.35259398778532797
0.0,0.4878448701194762,0.6931471805599453,0.29578410134915234
