,Actual_last_5_vals,Simulated_0,Simulated_1,Simulated_2,Simulated_3,Simulated_4,Simulated_5,Simulated_6,Simulated_7,Simulated_8,Simulated_9,Simulated_10,Simulated_11,Simulated_12,Simulated_13,Simulated_14,Simulated_15,Simulated_16,Simulated_17,Simulated_18,Simulated_19,Simulated_20,Simulated_21,Simulated_22,Simulated_23,Simulated_24,Simulated_25,Simulated_26,Simulated_27,Simulated_28,Simulated_29
298,5497.177777777778,,,,,,,,,,,,,,,,,,,,,,,,,,,,,,
299,5507.133333333333,,,,,,,,,,,,,,,,,,,,,,,,,,,,,,
300,5517.0888888888885,,,,,,,,,,,,,,,,,,,,,,,,,,,,,,
301,5527.044444444445,,,,,,,,,,,,,,,,,,,,,,,,,,,,,,
302,5537.0,,,,,,,,,,,,,,,,,,,,,,,,,,,,,,
303,,4311.949132789453,4311.949132789453,4311.949132789453,4311.949132789453,4311.949132789453,4311.949132789453,4311.949132789453,4311.949132789453,4311.949132789453,4311.949132789453,4311.949132789453,4311.949132789453,4311.949132789453,4311.949132789453,4311.949132789453,4311.949132789453,4311.949132789453,4311.949132789453,4311.949132789453,4311.949132789453,4311.949132789453,4311.949132789453,4311.949132789453,4311.949132789453,4311.949132789453,4311.949132789453,4311.949132789453,4311.949132789453,4311.949132789453,4311.949132789453
304,,3228.0616774143305,4254.859366608445,5511.59192019898,4089.3067151318655,3636.180915144047,5301.851239819878,3600.2423008467217,4484.1945099968,3540.6862384889705,3702.7765713752524,4019.7014323943363,3893.510861865035,3923.812290020417,4485.831505856913,3836.8542236563885,5074.144568912148,3922.1707423519706,3748.840362762026,4931.958393696948,4071.2112821541873,4012.8824171892607,4464.443681137232,4380.235492606075,4484.081296069747,4220.863693166133,4827.7278502395175,4169.352335015653,4279.082037843284,4162.467399076626,4283.360655639143
