S00117_Actual,S00117_Simulated
1.791759469228055,1.3003772873935853
1.791759469228055,0.7030508512318502
1.791759469228055,0.9051637307811952
1.791759469228055,2.053984068514369
1.791759469228055,3.6042017937943287
1.791759469228055,2.3902015502341936
1.791759469228055,0.8809977522617352
1.791759469228055,1.2787808123037054
1.791759469228055,2.3254847113297226
1.791759469228055,0.27476809433281923
1.8718021769015913,0.3542460796669439
1.9459101490553132,1.3166862096877163
