S00117_Actual,S00117_Simulated
1.791759469228055,1.3003772873935853
1.791759469228055,0.494499485849056
1.791759469228055,2.0005926762457813
1.791759469228055,3.7233788355662822
1.8718021769015913,1.677479194976387
1.9459101490553132,1.4267442669179116
