S1213_Actual,S1213_Simulated,RedundantThrowsDeclarationCheck_Actual,RedundantThrowsDeclarationCheck_Simulated,S1488_Actual,S1488_Simulated,S1905_Actual,S1905_Simulated,DuplicatedBlocks_Actual,DuplicatedBlocks_Simulated,S1226_Actual,S1226_Simulated,S00112_Actual,S00112_Simulated,S1151_Actual,S1151_Simulated,S1481_Actual,S1481_Simulated
5.448173122092414,5.315746943612542,3.1354942159291497,3.5351683455796343,2.268683541318364,2.3448650609869333,0.6931471805599453,2.6336389706392938,5.015069891164122,4.510972925856334,3.721669276936927,3.8233103768142858,3.091042453358316,2.431549945789797,3.258096538021482,2.7244619324435924,1.9459101490553132,3.001156803470868
5.438079308923196,5.900761984304822,3.1354942159291497,4.134596189612642,2.1972245773362196,3.3486881791974756,0.6931471805599453,3.5450678707971255,5.043425116919247,4.794825099910795,3.713572066704308,3.6098689822226357,3.091042453358316,2.9025556969038973,3.258096538021482,3.958275441278646,1.9459101490553132,1.9447722093231001
5.438079308923196,6.379833928117925,3.1354942159291497,2.835501664572762,2.1972245773362196,2.3497870689342326,0.6931471805599453,1.95998190668958,5.043425116919247,4.779226980929026,3.713572066704308,4.282271334831296,3.091042453358316,2.379249208063567,3.258096538021482,1.5600958290599793,1.9459101490553132,3.1946578593851065
5.438079308923196,5.554511452089758,3.1354942159291497,3.774352026938263,2.1972245773362196,2.5550988170985844,0.6931471805599453,5.715579470839151,5.043425116919247,5.450814839486184,3.713572066704308,4.466532356779781,3.091042453358316,2.4340505100631034,3.258096538021482,1.9043982805115558,1.9459101490553132,0.9882903380984689
5.438079308923196,5.592039218175215,3.1354942159291497,3.7009133629014226,2.1972245773362196,2.48766987249522,0.6931471805599453,0.7665656578592508,5.043425116919247,4.170193319346671,3.713572066704308,3.7772469361349366,3.091042453358316,1.9023174015882716,3.258096538021482,1.3243829290344444,1.9459101490553132,3.144134510408774
5.438079308923196,5.207849528905695,3.1354942159291497,3.9700597215767726,2.1972245773362196,1.7338551338299382,0.6931471805599453,0.9430959683786138,5.043425116919247,4.177394355790446,3.713572066704308,2.816871917580845,3.091042453358316,2.723744960965241,3.258096538021482,1.003137348976006,1.9459101490553132,6.330297732715202
