,Actual_last_5_vals,Simulated_0,Simulated_1,Simulated_2,Simulated_3,Simulated_4,Simulated_5,Simulated_6,Simulated_7,Simulated_8,Simulated_9,Simulated_10,Simulated_11,Simulated_12,Simulated_13,Simulated_14,Simulated_15,Simulated_16,Simulated_17,Simulated_18,Simulated_19,Simulated_20,Simulated_21,Simulated_22,Simulated_23,Simulated_24,Simulated_25,Simulated_26,Simulated_27,Simulated_28,Simulated_29
360,8094.0,,,,,,,,,,,,,,,,,,,,,,,,,,,,,,
361,8097.0,,,,,,,,,,,,,,,,,,,,,,,,,,,,,,
362,8100.0,,,,,,,,,,,,,,,,,,,,,,,,,,,,,,
363,8319.5,,,,,,,,,,,,,,,,,,,,,,,,,,,,,,
364,8539.0,,,,,,,,,,,,,,,,,,,,,,,,,,,,,,
365,,12343.55132909001,12343.55132909001,12343.55132909001,12343.55132909001,12343.55132909001,12343.55132909001,12343.55132909001,12343.55132909001,12343.55132909001,12343.55132909001,12343.55132909001,12343.55132909001,12343.55132909001,12343.55132909001,12343.55132909001,12343.55132909001,12343.55132909001,12343.55132909001,12343.55132909001,12343.55132909001,12343.55132909001,12343.55132909001,12343.55132909001,12343.55132909001,12343.55132909001,12343.55132909001,12343.55132909001,12343.55132909001,12343.55132909001,12343.55132909001
366,,4270.285316485839,21601.46345849505,15409.758476315397,30412.763709272644,10160.599502851624,13745.220830757782,28133.3078032002,9170.025894416942,9515.84902365733,12557.09370525003,7838.322591312762,12559.090692684402,4802.016715229178,-5028.13422592985,23994.00800865388,2701.578812260848,-5085.431637798906,9875.920220744078,20081.7913271226,11484.982131579694,10068.360392582143,5690.93233468184,7445.397050474067,4252.503157943396,13132.9959285853,8853.757842714194,8932.714237517648,8975.077052321612,12158.227337865035,9613.31957833763
