RedundantThrowsDeclarationCheck_Actual,RedundantThrowsDeclarationCheck_Simulated,S1488_Actual,S1488_Simulated,UselessImportCheck_Actual,UselessImportCheck_Simulated,S00108_Actual,S00108_Simulated
4.969813299576001,5.112958552709485,3.258096538021482,3.1324916786314416,4.127134385045092,3.9462715619334965,1.3862943611198906,1.0310430254238616
4.962844630259907,2.974816954800004,3.5553480614894135,1.559529642044462,4.248495242049359,4.063909095031336,1.3862943611198906,0.5639646579494781
4.962844630259907,4.422433032805297,3.5553480614894135,3.2226158644267597,4.23410650459726,4.554743961187476,1.3862943611198906,0.822613296492025
