S00122_Actual,S00122_Simulated,UselessImportCheck_Actual,UselessImportCheck_Simulated,DuplicatedBlocks_Actual,DuplicatedBlocks_Simulated,S00112_Actual,S00112_Simulated,S1155_Actual,S1155_Simulated,S00108_Actual,S00108_Simulated,S1151_Actual,S1151_Simulated,S1132_Actual,S1132_Simulated,S1481_Actual,S1481_Simulated
0.0,0.17804065448848427,0.0,1.0120744067826586,3.784189633918261,3.1131672510296626,5.181783550292085,3.495480419818657,1.3862943611198906,1.4002786624897638,4.844187086458591,4.465479026967496,0.6931471805599453,0.3168034653383228,3.044522437723423,2.3619558113018173,0.0,1.1044258036092558
0.0,0.8474241888646703,0.0,1.6668475082265681,3.784189633918261,3.498760367912191,5.181783550292085,2.265281785908797,1.3862943611198906,1.775157061385431,4.844187086458591,3.485690519379828,0.6931471805599453,0.48655857027860216,3.044522437723423,2.112469800800044,0.0,0.7373904233382689
0.0,0.3509165736151212,0.0,0.6454960079120743,3.784189633918261,3.95889502733664,5.181783550292085,4.698515200440452,1.3862943611198906,1.8421802337882527,4.844187086458591,4.341861224449945,0.6931471805599453,0.14712791906916375,3.044522437723423,1.8694248426430204,0.0,0.3643616021788698
