S00117_Actual,S00117_Simulated,S1226_Actual,S1226_Simulated,S1155_Actual,S1155_Simulated,S1151_Actual,S1151_Simulated,S1132_Actual,S1132_Simulated,S1481_Actual,S1481_Simulated
0.6931471805599453,0.7474193044501546,4.110873864173311,3.914262237314307,1.3862943611198906,1.2938383108307667,2.0794415416798357,2.132264774171836,4.189654742026425,4.136555343838462,0.0,0.4362929003271627
0.6931471805599453,0.9766073411351,4.110873864173311,4.24100262619229,1.3862943611198906,1.900904669571659,2.0794415416798357,2.368912615313743,4.189654742026425,4.058892703436285,0.0,0.609072308811222
0.6931471805599453,0.518854405556846,4.110873864173311,2.8770190184004214,1.3862943611198906,1.0621581919641514,2.0794415416798357,2.058308567107679,4.189654742026425,4.200887846139163,0.0,0.6297654565554737
