S00117_Actual,S00117_Simulated,S1226_Actual,S1226_Simulated,S1155_Actual,S1155_Simulated,S1151_Actual,S1151_Simulated,S1132_Actual,S1132_Simulated,S1481_Actual,S1481_Simulated
0.6931471805599453,0.7474193044501546,4.110873864173311,3.914262237314307,1.3862943611198906,1.2938383108307667,2.0794415416798357,2.132264774171836,4.189654742026425,4.136555343838462,0.0,0.4362929003271627
0.6931471805599453,0.035855976929300315,4.110873864173311,3.8960660939945337,1.3862943611198906,1.456351074059811,2.0794415416798357,2.248186627388404,4.189654742026425,3.802761619385112,0.0,0.0
0.6931471805599453,0.3707555084250368,4.110873864173311,4.5208286460530065,1.3862943611198906,0.7785326730956925,2.0794415416798357,2.184089404432165,4.189654742026425,4.169659855501727,0.0,0.7567242052644274
0.6931471805599453,0.4092899083909545,4.110873864173311,4.053778441288603,1.3862943611198906,1.3450445764098875,2.0794415416798357,2.1540293412468303,4.189654742026425,4.024559374422304,0.0,0.18879712991165631
0.6931471805599453,0.7339063146477378,4.110873864173311,3.3191974606085854,1.3862943611198906,1.1850794772980682,2.0794415416798357,2.0249847711152547,4.189654742026425,4.2740927203658305,0.0,0.0
0.6931471805599453,0.7335182296747564,4.110873864173311,3.693733689474968,1.3862943611198906,1.2145273516971213,2.0794415416798357,1.9231941351464128,4.189654742026425,3.752820117817564,0.0,0.7302619678949716
