S1488_Actual,S1488_Simulated,S1905_Actual,S1905_Simulated,UselessImportCheck_Actual,UselessImportCheck_Simulated,S00108_Actual,S00108_Simulated
3.258096538021482,3.1324916786314416,2.70805020110221,2.842322744116647,4.574710978503383,3.9462715619334965,1.3862943611198906,1.0310430254238616
3.258096538021482,2.813164529259082,2.70805020110221,1.3933552557053843,3.970291913552122,3.0570678517397454,1.3862943611198906,2.3489604260913994
3.258096538021482,4.066783975857517,2.70805020110221,6.077991106934141,4.143134726391533,3.2436369892560655,1.3862943611198906,0.5246706695721387
3.258096538021482,3.695052784089233,2.70805020110221,1.1360058193806273,4.127134385045092,3.840938440748533,1.3862943611198906,0.4416072771410232
3.5553480614894135,1.4322462620698144,2.5649493574615367,1.9222246521381785,4.248495242049359,4.73477123105126,1.3862943611198906,0.6890288590678191
3.5553480614894135,0.9860408684230602,2.5649493574615367,0.6343178040661095,4.23410650459726,3.945256972555424,1.3862943611198906,2.2900003593610814
