S1488_Actual,S1488_Simulated,S1905_Actual,S1905_Simulated,UselessImportCheck_Actual,UselessImportCheck_Simulated,S00108_Actual,S00108_Simulated
3.258096538021482,3.1324916786314416,2.70805020110221,2.842322744116647,4.127134385045092,3.9462715619334965,1.3862943611198906,1.0310430254238616
3.5553480614894135,2.823895899411147,2.5649493574615367,3.1130989500245008,4.248495242049359,3.6541197457913372,1.3862943611198906,0.9541959173746086
3.5553480614894135,6.268156270188465,2.5649493574615367,1.5020728878485943,4.23410650459726,1.3566810209908984,1.3862943611198906,0.0
