S1488_Actual,S1488_Simulated,S1905_Actual,S1905_Simulated,UselessImportCheck_Actual,UselessImportCheck_Simulated,S00108_Actual,S00108_Simulated
3.258096538021482,3.1324916786314416,2.70805020110221,2.842322744116647,4.127134385045092,3.9462715619334965,1.3862943611198906,1.0310430254238616
3.5553480614894135,3.7641053105061655,2.5649493574615367,3.2076854738002503,4.248495242049359,3.3753474879558953,1.3862943611198906,1.0009897075497916
3.5553480614894135,0.8419935199446642,2.5649493574615367,2.4249075309407946,4.23410650459726,3.676556973763764,1.3862943611198906,0.30673748138529877
