RedundantThrowsDeclarationCheck_Actual,RedundantThrowsDeclarationCheck_Simulated,S00117_Actual,S00117_Simulated,S1488_Actual,S1488_Simulated,S00112_Actual,S00112_Simulated,S1155_Actual,S1155_Simulated,S00108_Actual,S00108_Simulated,S1132_Actual,S1132_Simulated,S1481_Actual,S1481_Simulated
2.4849066497880004,3.5752879838039395,3.7376696182833684,3.697392449979346,0.0,0.8754362755897771,4.844187086458591,4.276680021083757,0.0,1.7109182803350094,1.3862943611198906,0.5443390143275862,2.9444389791664403,4.1497156410950025,1.0986122886681098,3.437301328727192
2.4849066497880004,3.1632934162030146,3.728100167267218,3.1217869511636254,0.0,0.0,4.847331743138063,4.605935561968281,0.0,2.3542881845667627,1.3862943611198906,0.21282755131879183,2.9444389791664403,2.6399748533089364,1.0986122886681098,7.2100163829554695
2.4849066497880004,5.374315670025949,3.7184382563554808,3.9946774091674597,0.0,1.098614968012401,4.850466541943434,2.634448595374481,0.0,1.0277639523204378,1.3862943611198906,0.0,2.9444389791664403,2.5031110382117556,1.0986122886681098,5.976130475618833
2.4849066497880004,2.409026086609108,3.708682081410116,4.698014415841405,0.0,1.9432739542481292,4.853591544486569,4.294541155034977,0.0,4.011577471652796,1.3862943611198906,0.40720522273280646,2.9444389791664403,4.95260033962459,1.0986122886681098,3.9951476621212088
2.4849066497880004,3.407897997432044,3.6988297849671046,4.5397345559914175,0.0,2.2477812865996056,4.856706811803519,4.799547193152084,0.0,3.465841968945891,1.3862943611198906,0.0,2.9444389791664403,5.629650513247832,1.0986122886681098,0.6050960061994015
2.4849066497880004,1.8199501980906247,3.6888794541139363,4.5575731959520045,0.0,2.078186857530179,4.859812404361672,3.70474063711883,0.0,1.7009628714369895,1.3862943611198906,0.4674270578958812,2.9444389791664403,2.8833713999171815,1.0986122886681098,3.8068073636200213
