RedundantThrowsDeclarationCheck_Actual,RedundantThrowsDeclarationCheck_Simulated,S1488_Actual,S1488_Simulated,S1905_Actual,S1905_Simulated,UselessImportCheck_Actual,UselessImportCheck_Simulated,S00108_Actual,S00108_Simulated
4.969813299576001,5.103045554277688,3.258096538021482,3.6392436171574167,2.70805020110221,3.3928598908698673,4.127134385045092,4.451906016607533,1.3862943611198906,1.6701743144112084
4.962844630259907,5.7279422579005335,3.2188758248682006,3.7556815146443774,2.5649493574615367,3.6035159392903933,4.23410650459726,4.654901232884241,1.3862943611198906,1.9615282118715824
4.962844630259907,3.8428821650415514,3.5553480614894135,3.643433237362094,2.5649493574615367,2.7688863760515874,4.23410650459726,4.499370998288858,1.3862943611198906,1.4738916380582272
4.962844630259907,5.1670157417778535,3.5553480614894135,3.7233924612220344,2.5649493574615367,4.663869893331352,4.23410650459726,4.401373124203793,1.3862943611198906,2.1209885809374796
4.962844630259907,5.825156823075733,3.5553480614894135,4.7371974312585765,2.5649493574615367,3.3818490692162544,4.2626798770413155,4.611587705916211,1.3862943611198906,1.3605381671539911
4.962844630259907,5.439395192860886,3.5553480614894135,3.3574384221965827,2.5649493574615367,5.2744981876265635,4.248495242049359,4.5251307679165675,1.3862943611198906,1.9472356191084015
