RedundantThrowsDeclarationCheck_Actual,RedundantThrowsDeclarationCheck_Simulated,S1488_Actual,S1488_Simulated,S1905_Actual,S1905_Simulated,UselessImportCheck_Actual,UselessImportCheck_Simulated,S00108_Actual,S00108_Simulated
4.969813299576001,5.103045554277688,3.258096538021482,3.6392436171574167,2.70805020110221,3.3928598908698673,4.127134385045092,4.451906016607533,1.3862943611198906,1.6701743144112084
4.962844630259907,5.388743333834631,3.2188758248682006,3.773338785464648,2.5649493574615367,4.818578889882245,4.23410650459726,4.449844242127511,1.3862943611198906,1.7418741309949333
4.962844630259907,4.73776627140025,3.5553480614894135,3.3958955131042625,2.5649493574615367,2.428118859750669,4.23410650459726,4.63977767218582,1.3862943611198906,1.7751780242022803
4.962844630259907,4.906963326442672,3.5553480614894135,3.3730235685052414,2.5649493574615367,2.784661928071721,4.23410650459726,4.58482894308119,1.3862943611198906,1.9632306429391868
4.962844630259907,4.74760138185599,3.5553480614894135,3.5910166056138118,2.5649493574615367,3.8756301382482254,4.2626798770413155,4.594399832002175,1.3862943611198906,1.5918830057564517
4.962844630259907,5.0336439389305525,3.5553480614894135,3.6062018229394006,2.5649493574615367,3.271033361287681,4.248495242049359,3.744644694769521,1.3862943611198906,1.329290881137126
