RedundantThrowsDeclarationCheck_Actual,RedundantThrowsDeclarationCheck_Simulated,S1488_Actual,S1488_Simulated,S1905_Actual,S1905_Simulated,UselessImportCheck_Actual,UselessImportCheck_Simulated,S00108_Actual,S00108_Simulated
4.969813299576001,5.103045554277688,3.258096538021482,3.6392436171574167,2.70805020110221,3.3928598908698673,4.127134385045092,4.451906016607533,1.3862943611198906,1.6701743144112084
4.962844630259907,6.002799147515151,3.2188758248682006,3.341437652760237,2.5649493574615367,1.9673625384498201,4.23410650459726,4.888306027856148,1.3862943611198906,1.74048410859327
4.962844630259907,5.230612580355357,3.5553480614894135,3.118713300936509,2.5649493574615367,3.591524658482723,4.23410650459726,4.303109286861822,1.3862943611198906,1.4707466522776036
4.962844630259907,6.099978404689068,3.5553480614894135,3.0699525678484365,2.5649493574615367,3.4874311857056193,4.23410650459726,4.066370500608604,1.3862943611198906,1.6965659888323859
4.962844630259907,6.191076858393124,3.5553480614894135,3.612134189250933,2.5649493574615367,2.9729806487008403,4.2626798770413155,4.38956557389509,1.3862943611198906,2.0152020807532627
4.962844630259907,3.785850576563659,3.5553480614894135,3.4476025997643376,2.5649493574615367,4.270089608020915,4.248495242049359,4.535565995554555,1.3862943611198906,2.235563945433012
