S1213_Actual,S1213_Simulated,S00117_Actual,S00117_Simulated,S00122_Actual,S00122_Simulated,S1905_Actual,S1905_Simulated,UselessImportCheck_Actual,UselessImportCheck_Simulated,DuplicatedBlocks_Actual,DuplicatedBlocks_Simulated,S1155_Actual,S1155_Simulated
5.765191102784844,5.905965091877481,5.811140992976701,5.623524564790877,6.298949246855942,6.198847681621536,1.791759469228055,2.218394196647229,2.772588722239781,3.5535918260069694,5.66988092298052,5.778379256897303,4.23410650459726,3.9342304055250064
5.75890177387728,6.390036523278944,5.808142489980444,5.362733798036043,6.278521424165844,5.041629982330161,1.791759469228055,2.2070413842846226,2.302585092994046,3.686580818263249,5.6131281063880705,5.390369273519134,4.23410650459726,3.9304163129695224
5.7745515455444085,5.643972153391016,5.808142489980444,5.781914050355589,6.278521424165844,6.906492557350738,1.791759469228055,2.1988439691098494,2.4849066497880004,3.665664496054955,5.616771097666572,4.5849688009648,4.23410650459726,3.7023371553024464
5.765191102784844,5.961095156587868,5.808142489980444,5.360468135413391,6.2878585601617845,6.0605033700262805,1.791759469228055,1.5151731207495118,2.302585092994046,2.9141540060431614,5.616771097666572,5.754382679268355,4.23410650459726,3.9544294410732546
5.777652323222656,6.381294403626608,5.755742213586912,5.4413177201147045,6.3080984415095305,6.84356212273688,1.791759469228055,3.0037666185328993,2.3978952727983707,2.5215220851539684,5.66988092298052,5.784207470166908,4.23410650459726,4.138711559388059
5.777652323222656,5.777912656977551,5.755742213586912,5.567899863599611,6.3080984415095305,6.227541866451635,1.791759469228055,1.319588781991612,2.302585092994046,3.7129008781743416,5.66988092298052,5.74024036540155,4.23410650459726,4.168244437185692
