S00117_Actual,S00117_Simulated,S1226_Actual,S1226_Simulated,S00112_Actual,S00112_Simulated,S1155_Actual,S1155_Simulated,S1151_Actual,S1151_Simulated,S1481_Actual,S1481_Simulated
0.6931471805599453,0.7474193044501546,4.110873864173311,3.914262237314307,2.5546399878026755,2.363278455116825,1.3862943611198906,1.2938383108307667,2.0794415416798357,2.132264774171836,0.0,0.4362929003271627
0.6931471805599453,0.9377547155371945,4.110873864173311,3.6780524004097397,2.559807957961118,2.463827962242843,1.3862943611198906,1.481895401356597,2.0794415416798357,2.08620727767783,0.0,0.40278220131136744
0.6931471805599453,1.101229297569895,4.110873864173311,4.415173284630742,2.5649493574615367,2.0790146520685924,1.3862943611198906,1.702464901874705,2.0794415416798357,2.2032509217711254,0.0,0.012978515191863327
