RedundantThrowsDeclarationCheck_Actual,RedundantThrowsDeclarationCheck_Simulated,S00117_Actual,S00117_Simulated,S1488_Actual,S1488_Simulated,UselessImportCheck_Actual,UselessImportCheck_Simulated,DuplicatedBlocks_Actual,DuplicatedBlocks_Simulated,S00112_Actual,S00112_Simulated,S00108_Actual,S00108_Simulated,S1151_Actual,S1151_Simulated,S1132_Actual,S1132_Simulated,S1481_Actual,S1481_Simulated
1.0608719606852626,0.25241187134073034,0.0,0.18529177914319295,0.6931471805599453,0.6743462050229961,0.0,1.1795748374291268,1.9459101490553132,2.628571057555208,4.243721963296702,3.400715103324849,1.0986122886681098,0.9743739085513304,1.6094379124341003,1.566371245538988,1.0986122886681098,1.0986074641099446,0.0,0.28515064114304844
1.0685348334308318,0.12094750901788331,0.0,0.0,0.6931471805599453,0.6828997472786086,0.0,1.9066794022238542,1.9459101490553132,2.640372729286823,4.244678443522658,3.0380013118452087,1.0986122886681098,0.9207195489639081,1.6094379124341003,1.4452228827428193,1.0986122886681098,1.0986105659239378,0.0,0.2506802806588985
1.076139432816051,0.0,0.0,0.24914074642661135,0.6931471805599453,0.7800893774052348,0.0,1.3455088633819667,1.9459101490553132,1.5223859818480252,4.2456340097683265,1.9112010158413733,1.0986122886681098,0.6810378209276752,1.6094379124341003,1.5795218909828654,1.0986122886681098,1.0986065306428676,0.0,0.09125748141578274
1.083686638451434,0.0,0.0,0.0,0.6931471805599453,0.5212483676981718,0.0,1.3532399039700413,1.9459101490553132,3.308712413971113,4.246588663778778,2.2257279477453955,1.0986122886681098,1.0091855911244831,1.6094379124341003,1.643606019388449,1.0986122886681098,1.098602293873333,0.0,0.00015292406721806318
1.0911773101805915,0.3279342201281421,0.0,0.0,0.6931471805599453,0.824582952103787,0.0,1.3134021849446251,1.9459101490553132,3.105163122716231,4.2475424072940875,3.0743652948187963,1.0986122886681098,0.900551122938737,1.6094379124341003,1.5050666960045518,1.0986122886681098,1.0986076221150265,0.0,0.0
1.0986122886681098,0.3659651761869652,0.0,0.48253435516706084,0.6931471805599453,0.5640206174351954,0.0,0.8302647671915131,1.9459101490553132,3.173279654165623,4.248495242049359,2.7352859871838366,1.0986122886681098,0.9102399699156165,1.6094379124341003,1.6414390286834981,1.0986122886681098,1.09860238761366,0.0,0.7930378317811889
