RedundantThrowsDeclarationCheck_Actual,RedundantThrowsDeclarationCheck_Simulated,S1488_Actual,S1488_Simulated,S1905_Actual,S1905_Simulated,S00108_Actual,S00108_Simulated
4.969813299576001,5.103045554277688,3.258096538021482,3.6392436171574167,2.70805020110221,3.3928598908698673,1.3862943611198906,1.6701743144112084
4.962844630259907,5.3990629607201726,3.2188758248682006,2.370775382588193,2.5649493574615367,2.617699957747521,1.3862943611198906,1.4601069453015643
4.962844630259907,5.830896494899996,3.5553480614894135,3.1119612698896564,2.5649493574615367,3.8780754648131026,1.3862943611198906,1.3885617158749688
4.962844630259907,5.055605731101989,3.5553480614894135,4.109026440150785,2.5649493574615367,2.7103233665446824,1.3862943611198906,1.5477029179453818
4.962844630259907,4.586016797820546,3.5553480614894135,3.513558698946382,2.5649493574615367,4.077803648830585,1.3862943611198906,1.4287732640539794
4.962844630259907,6.064024981900624,3.5553480614894135,3.9975228611025337,2.5649493574615367,4.020352394482755,1.3862943611198906,1.7265007508192882
