,Actual_last_5_vals,Simulated_0,Simulated_1,Simulated_2,Simulated_3,Simulated_4,Simulated_5,Simulated_6,Simulated_7,Simulated_8,Simulated_9,Simulated_10,Simulated_11,Simulated_12,Simulated_13,Simulated_14,Simulated_15,Simulated_16,Simulated_17,Simulated_18,Simulated_19,Simulated_20,Simulated_21,Simulated_22,Simulated_23,Simulated_24,Simulated_25,Simulated_26,Simulated_27,Simulated_28,Simulated_29
363,16985.0,,,,,,,,,,,,,,,,,,,,,,,,,,,,,,
364,17177.0,,,,,,,,,,,,,,,,,,,,,,,,,,,,,,
365,17286.333333333332,,,,,,,,,,,,,,,,,,,,,,,,,,,,,,
366,17395.666666666668,,,,,,,,,,,,,,,,,,,,,,,,,,,,,,
367,17505.0,,,,,,,,,,,,,,,,,,,,,,,,,,,,,,
368,,13824.745691449574,13824.745691449574,13824.745691449574,13824.745691449574,13824.745691449574,13824.745691449574,13824.745691449574,13824.745691449574,13824.745691449574,13824.745691449574,13824.745691449574,13824.745691449574,13824.745691449574,13824.745691449574,13824.745691449574,13824.745691449574,13824.745691449574,13824.745691449574,13824.745691449574,13824.745691449574,13824.745691449574,13824.745691449574,13824.745691449574,13824.745691449574,13824.745691449574,13824.745691449574,13824.745691449574,13824.745691449574,13824.745691449574,13824.745691449574
369,,13051.166927517734,13918.45354653987,14274.717231307253,17248.117155608572,14335.992068492045,12101.0764190419,16257.534343650894,13935.001800411603,14282.173548369994,14055.748791349943,12645.991427429313,14025.577297897033,13882.095219024295,13652.665232118601,12785.66765682119,14634.954306598114,12901.42041824617,13992.905951244806,14152.12667598495,14718.416376875099,11841.425141581984,14055.128283262226,15644.916859017558,14487.769601599697,15257.787218793344,13572.54926233828,14185.07598583105,11434.56937841503,10650.819704000964,15973.043479101227
