S1488_Actual,S1488_Simulated,UselessImportCheck_Actual,UselessImportCheck_Simulated,DuplicatedBlocks_Actual,DuplicatedBlocks_Simulated,S00112_Actual,S00112_Simulated,S1155_Actual,S1155_Simulated,S1132_Actual,S1132_Simulated,S1481_Actual,S1481_Simulated
1.0986122886681098,1.0077415013145123,0.6931471805599453,0.9610498910441571,1.8803128665695001,2.3875430850499346,3.332204510175204,1.6889869029199953,0.0,0.0,0.0,0.18393647179709674,0.44183275227903923,1.0812651235231558
1.0986122886681098,1.1023415673744608,0.6931471805599453,0.23505788708633446,1.8632184332102,1.8146025997770212,3.332204510175204,1.6241915890786123,0.0,0.0,0.0,0.2138478926418371,0.36772478012531734,1.0009202484101576
1.0986122886681098,1.1792224744978264,0.6931471805599453,0.5944689813658961,1.8458266904983307,2.2327159682811835,3.332204510175204,0.6880771873082183,0.0,0.0,0.0,0.0,0.2876820724517809,0.8253325792937192
1.0986122886681098,0.8977628740786456,0.6931471805599453,0.8709866483357982,1.8281271133989299,3.2043574781419775,3.332204510175204,2.0092511643745556,0.0,0.0,0.0,0.24491124403274,0.20067069546215122,1.0174046514637844
1.0986122886681098,1.1911729219945428,0.6931471805599453,1.246659935094414,1.8101086078962514,2.376452927931706,3.332204510175204,1.3576665634718155,0.0,0.0,0.0,0.17642532441143613,0.1053605156578263,1.3112705122460413
1.0986122886681098,0.839191522181332,0.6931471805599453,1.1718327958728154,1.791759469228055,2.041814014932339,3.332204510175204,2.2210905751501926,0.0,0.0,0.0,0.0,0.0,0.21478171002894997
