S1488_Actual,S1488_Simulated,S1905_Actual,S1905_Simulated,UselessImportCheck_Actual,UselessImportCheck_Simulated,DuplicatedBlocks_Actual,DuplicatedBlocks_Simulated,S00112_Actual,S00112_Simulated,S1155_Actual,S1155_Simulated,S1481_Actual,S1481_Simulated
1.0986122886681098,1.0077415013145123,0.0,1.571048938306501,0.6931471805599453,0.9610498910441571,1.8281271133989299,2.3875430850499346,3.332204510175204,1.6889869029199953,0.0,0.0,0.20067069546215122,1.0812651235231558
1.0986122886681098,1.1320780617259572,0.0,1.2356434877235487,0.6931471805599453,1.0962328845779816,1.8101086078962514,3.1882435808841194,3.332204510175204,1.081897783579301,0.0,0.0,0.1053605156578263,0.6891891817402075
1.0986122886681098,0.9429693397501728,0.0,0.34718315219490314,0.6931471805599453,0.9732550077092607,1.791759469228055,1.3169842584723381,3.332204510175204,1.3789924508060305,0.0,0.0,0.0,1.085378675008568
