S1488_Actual,S1488_Simulated,S1905_Actual,S1905_Simulated,UselessImportCheck_Actual,UselessImportCheck_Simulated,DuplicatedBlocks_Actual,DuplicatedBlocks_Simulated,S00112_Actual,S00112_Simulated,S1155_Actual,S1155_Simulated,S1481_Actual,S1481_Simulated
1.0986122886681098,1.0077415013145123,0.0,1.571048938306501,0.6931471805599453,0.9610498910441571,1.8803128665695001,2.3875430850499346,3.332204510175204,1.6889869029199953,0.0,0.0,0.44183275227903923,1.0812651235231558
1.0986122886681098,1.4394523585129368,0.0,1.086208075504293,0.6931471805599453,1.4508021335875207,1.8632184332102,3.085658264172102,3.332204510175204,1.9696124979228689,0.0,0.0,0.36772478012531734,1.2781275399582785
1.0986122886681098,0.4718690976162272,0.0,1.3680534189112252,0.6931471805599453,0.6250281590606838,1.8458266904983307,1.868070632031218,3.332204510175204,2.643198400857349,0.0,0.0,0.2876820724517809,1.2641217104492197
1.0986122886681098,1.0531665907634107,0.0,1.43222326087831,0.6931471805599453,0.41145296161108447,1.8281271133989299,1.7485006710924866,3.332204510175204,2.1483245182137294,0.0,0.0,0.20067069546215122,1.1084938221946012
1.0986122886681098,0.8225615276862417,0.0,2.3885349228617954,0.6931471805599453,0.8736921285376197,1.8101086078962514,2.365345345995622,3.332204510175204,2.239757956861605,0.0,0.0,0.1053605156578263,0.8676055362505113
1.0986122886681098,1.0253617213578092,0.0,0.0,0.6931471805599453,0.24240283931747253,1.791759469228055,2.765996093040373,3.332204510175204,0.874357930136991,0.0,0.0,0.0,1.047741306504884
