S1488_Actual,S1488_Simulated,S1905_Actual,S1905_Simulated,UselessImportCheck_Actual,UselessImportCheck_Simulated,DuplicatedBlocks_Actual,DuplicatedBlocks_Simulated,S00112_Actual,S00112_Simulated,S1155_Actual,S1155_Simulated,S1481_Actual,S1481_Simulated
1.0986122886681098,1.0077415013145123,0.0,1.571048938306501,0.6931471805599453,0.9610498910441571,1.8281271133989299,2.3875430850499346,3.332204510175204,1.6889869029199953,0.0,0.0,0.20067069546215122,1.0812651235231558
1.0986122886681098,1.2044926730658179,0.0,2.049667275722449,0.6931471805599453,2.228382643193402,1.8101086078962514,3.0398454919097158,3.332204510175204,1.5259805271181226,0.0,0.0,0.1053605156578263,0.9310318269432566
1.0986122886681098,1.077269253597928,0.0,2.092023587930974,0.6931471805599453,0.6311679820371796,1.791759469228055,2.822045035058617,3.332204510175204,1.7637861359647886,0.0,0.0,0.0,1.5841164298882866
