S1488_Actual,S1488_Simulated,DuplicatedBlocks_Actual,DuplicatedBlocks_Simulated,S00112_Actual,S00112_Simulated
0.0,0.8908388900930552,2.302585092994046,3.347618273965604,4.855928904335275,4.297647226198552
0.0,0.36875657704696574,2.302585092994046,0.5657777591805289,4.857225080796721,4.538451154003208
0.0,0.3049297756806658,2.302585092994046,3.341110180609137,4.858519579359367,2.4736198752744123
0.0,0.02312729624489851,2.302585092994046,0.90691553395652,4.859812404361672,2.8469640793366504
0.0,1.5738673194706965,2.302585092994046,3.242068036669484,4.90527477843843,5.449159564786984
0.0,0.6174327180659807,2.302585092994046,2.0950546957211724,4.948759890378168,6.302199569303519
