RedundantThrowsDeclarationCheck_Actual,RedundantThrowsDeclarationCheck_Simulated,S1905_Actual,S1905_Simulated,UselessImportCheck_Actual,UselessImportCheck_Simulated,S00108_Actual,S00108_Simulated
4.969813299576001,5.112958552709485,2.70805020110221,2.842322744116647,4.127134385045092,3.9462715619334965,1.3862943611198906,1.0310430254238616
4.962844630259907,4.475329827828489,2.5649493574615367,0.5167296414463745,4.248495242049359,4.19900969739996,1.3862943611198906,1.7411775321267622
4.962844630259907,4.904434539727409,2.5649493574615367,1.00346832185253,4.23410650459726,1.456697444676076,1.3862943611198906,1.1233099939090736
