RedundantThrowsDeclarationCheck_Actual,RedundantThrowsDeclarationCheck_Simulated,S1905_Actual,S1905_Simulated,UselessImportCheck_Actual,UselessImportCheck_Simulated,S00108_Actual,S00108_Simulated
4.6913478822291435,5.112958552709485,2.70805020110221,2.842322744116647,4.574710978503383,3.9462715619334965,1.3862943611198906,1.0310430254238616
4.955827057601261,6.08504287806682,2.70805020110221,4.410022609930083,3.970291913552122,0.7862703621894847,1.3862943611198906,0.0
4.969813299576001,5.662440645930884,2.70805020110221,5.012603018758687,4.143134726391533,2.3709430405016017,1.3862943611198906,1.4948177629400834
4.969813299576001,6.221024974095508,2.70805020110221,3.5860129101576916,4.127134385045092,3.9021509504834673,1.3862943611198906,1.7494049048065177
4.962844630259907,6.409413261859479,2.5649493574615367,0.0,4.248495242049359,5.990977083046874,1.3862943611198906,2.1523381954631065
4.962844630259907,4.984166293182831,2.5649493574615367,2.536091030502305,4.23410650459726,2.2570867952502436,1.3862943611198906,0.5435394171989246
