S1213_Actual,S1213_Simulated,RedundantThrowsDeclarationCheck_Actual,RedundantThrowsDeclarationCheck_Simulated,S00117_Actual,S00117_Simulated,S00122_Actual,S00122_Simulated,DuplicatedBlocks_Actual,DuplicatedBlocks_Simulated,S1226_Actual,S1226_Simulated,S00112_Actual,S00112_Simulated,S00108_Actual,S00108_Simulated,S1132_Actual,S1132_Simulated
4.481117537318112,3.9736462603351703,1.0986122886681098,0.7506859406485378,1.8971199848858813,1.3000568012839122,2.5649493574615367,2.9404301144203595,3.295836866004329,2.3621206429605626,3.7765850345330416,2.945350239029016,3.8066624897703196,3.4455535302596,1.6094379124341003,0.8320702696305738,1.6094379124341003,1.0863350080236112
4.48863636973214,4.6334679151945,1.0986122886681098,0.9372902796534341,1.9459101490553132,0.9932877886480999,2.5649493574615367,3.1033472622945277,3.295836866004329,2.9821391547940843,3.784189633918261,3.0810690305737096,3.828641396489095,4.057645421911997,1.6094379124341003,1.7221076842906706,1.6094379124341003,1.2989002466755841
