RedundantThrowsDeclarationCheck_Actual,RedundantThrowsDeclarationCheck_Simulated,S00117_Actual,S00117_Simulated,S00122_Actual,S00122_Simulated,DuplicatedBlocks_Actual,DuplicatedBlocks_Simulated,S1226_Actual,S1226_Simulated,S00112_Actual,S00112_Simulated,S1155_Actual,S1155_Simulated,S00108_Actual,S00108_Simulated,S1132_Actual,S1132_Simulated
1.0986122886681098,0.7506859406485378,1.791759469228055,1.3000568012839122,2.5649493574615367,2.9404301144203595,3.295836866004329,2.3621206429605626,3.7612001156935624,2.945350239029016,3.6635616461296463,3.4455535302596,0.0,0.00845563664876762,1.6094379124341003,0.8320702696305738,1.6094379124341003,1.0863350080236112
1.0986122886681098,0.0,1.791759469228055,0.19068836258088728,2.5649493574615367,1.1272809968671182,3.295836866004329,2.5622141221647587,3.7612001156935624,3.479295690041757,3.7612001156935624,3.0290819801489386,0.0,0.06127711931553443,1.6094379124341003,0.7525733089043932,1.6094379124341003,0.0
1.0986122886681098,0.0,1.791759469228055,0.05323798740875074,2.5649493574615367,1.3741646123971059,3.295836866004329,2.897372862427999,3.7612001156935624,2.5104849405444223,3.7612001156935624,4.618503960042638,0.0,0.2429106255466603,1.6094379124341003,1.9542164794517154,1.6094379124341003,2.7308576964715194
1.0986122886681098,0.0,1.8458266904983307,1.1531451862059374,2.5649493574615367,3.112971400329683,3.295836866004329,1.3493042306178193,3.7689221617874726,2.955785026762563,3.784189633918261,3.480089190982447,0.0,0.026938267151911964,1.6094379124341003,0.7778704911246906,1.6094379124341003,0.3401819151304598
1.0986122886681098,0.0,1.8971199848858813,1.2982488274594055,2.5649493574615367,3.8182648904053345,3.295836866004329,2.5698898829680807,3.7765850345330416,3.177226893538208,3.8066624897703196,4.4954473953994984,0.0,0.0,1.6094379124341003,0.46909707363412495,1.6094379124341003,2.032897714945434
1.0986122886681098,0.9430135365403729,1.9459101490553132,2.086490397575648,2.5649493574615367,4.700063475582022,3.295836866004329,0.19515899249622226,3.784189633918261,4.121487216554616,3.828641396489095,3.820882981120949,0.0,0.037165031653566535,1.6094379124341003,0.6764030841619195,1.6094379124341003,0.6679156881797084
