RedundantThrowsDeclarationCheck_Actual,RedundantThrowsDeclarationCheck_Simulated,S1488_Actual,S1488_Simulated,S1905_Actual,S1905_Simulated,UselessImportCheck_Actual,UselessImportCheck_Simulated,S00108_Actual,S00108_Simulated
4.969813299576001,5.112958552709485,3.258096538021482,3.1324916786314416,2.70805020110221,2.842322744116647,4.127134385045092,3.9462715619334965,1.3862943611198906,1.0310430254238616
4.962844630259907,5.820711028160044,3.5553480614894135,4.403755215657043,2.5649493574615367,4.111468454323077,4.248495242049359,3.1348177231915066,1.3862943611198906,1.3192873301346073
4.962844630259907,4.969391368965227,3.5553480614894135,3.57200616268116,2.5649493574615367,2.571863033933456,4.23410650459726,5.640894872338614,1.3862943611198906,0.02879951187253571
