RedundantThrowsDeclarationCheck_Actual,RedundantThrowsDeclarationCheck_Simulated,S1488_Actual,S1488_Simulated,S1905_Actual,S1905_Simulated,UselessImportCheck_Actual,UselessImportCheck_Simulated,S00108_Actual,S00108_Simulated
4.6913478822291435,5.112958552709485,3.258096538021482,3.1324916786314416,2.70805020110221,2.842322744116647,4.574710978503383,3.9462715619334965,1.3862943611198906,1.0310430254238616
4.955827057601261,6.698330744473462,3.258096538021482,3.8785757077896017,2.70805020110221,4.888478558552065,3.970291913552122,5.169564695841167,1.3862943611198906,1.491785168833423
4.969813299576001,3.849292682478138,3.258096538021482,4.736157307562747,2.70805020110221,0.6756506859440878,4.143134726391533,1.2489549099417485,1.3862943611198906,0.0
4.969813299576001,4.53260056794157,3.258096538021482,3.853258415465879,2.70805020110221,1.3317798566075807,4.127134385045092,4.274168441667611,1.3862943611198906,0.5484192148348492
4.962844630259907,4.576150733759293,3.5553480614894135,4.296493740941259,2.5649493574615367,1.9842679173784687,4.248495242049359,5.060697672197083,1.3862943611198906,0.998920591224633
4.962844630259907,4.672104426387724,3.5553480614894135,3.3651535705987077,2.5649493574615367,3.244408643318207,4.23410650459726,4.752076320563302,1.3862943611198906,0.7383588314989297
