S1226_Actual,S1226_Simulated,S00112_Actual,S00112_Simulated,S00108_Actual,S00108_Simulated,S1481_Actual,S1481_Simulated
4.248495242049359,4.134769788868201,4.1588830833596715,2.499131140053135,1.3862943611198906,1.5415685703871407,2.538973871058276,3.085545834700197
4.248495242049359,4.211150017100101,4.1588830833596715,2.4283195966478948,1.3862943611198906,1.3689235136311542,2.5520459526256287,3.0155170808030523
4.248495242049359,4.1934275763725655,4.1588830833596715,3.025311620914745,1.3862943611198906,1.627010474464351,2.5649493574615367,2.813620969576957
4.248495242049359,4.291424513941861,4.1588830833596715,5.593720882523133,1.3862943611198906,1.770215811237033,2.5649493574615367,3.1946813276211885
4.248495242049359,4.173000014422775,4.1588830833596715,2.0163671439046866,1.3862943611198906,1.0589015226083862,2.5649493574615367,3.5669045234195496
4.248495242049359,4.676138302552201,4.1588830833596715,4.098502988073127,1.3862943611198906,1.7037705223757331,2.5649493574615367,2.1256416199706782
