S1226_Actual,S1226_Simulated,S00112_Actual,S00112_Simulated,S00108_Actual,S00108_Simulated,S1481_Actual,S1481_Simulated
4.248495242049359,4.134769788868201,4.1588830833596715,2.499131140053135,1.3862943611198906,1.5415685703871407,2.538973871058276,3.085545834700197
4.248495242049359,4.476408960710694,4.1588830833596715,2.640665033059167,1.3862943611198906,1.2894792511736144,2.5520459526256287,2.8225395680335317
4.248495242049359,4.162502096708337,4.1588830833596715,2.2673568266057034,1.3862943611198906,1.7933117243238368,2.5649493574615367,3.7304798618880257
4.248495242049359,4.055880484932745,4.1588830833596715,0.9866093698259855,1.3862943611198906,1.588346029719136,2.5649493574615367,3.081795444475826
4.248495242049359,4.506690632722819,4.1588830833596715,3.136085327579381,1.3862943611198906,1.0022947978916625,2.5649493574615367,3.620742668513681
4.248495242049359,4.435503330755614,4.1588830833596715,0.0,1.3862943611198906,1.921855526149821,2.5649493574615367,3.078209424994574
