S1226_Actual,S1226_Simulated,S00112_Actual,S00112_Simulated,S00108_Actual,S00108_Simulated,S1481_Actual,S1481_Simulated
4.248495242049359,4.134769788868201,4.1588830833596715,2.499131140053135,1.3862943611198906,1.5415685703871407,2.538973871058276,3.085545834700197
4.248495242049359,3.9355808009743334,4.1588830833596715,2.9570479695664957,1.3862943611198906,1.649471901693985,2.5520459526256287,2.945571872680397
4.248495242049359,3.7620227873686973,4.1588830833596715,3.6301366660032035,1.3862943611198906,1.3239984771835622,2.5649493574615367,2.670722530663211
4.248495242049359,4.037931820507145,4.1588830833596715,2.426119695302793,1.3862943611198906,1.268218517467809,2.5649493574615367,3.490901846901061
4.248495242049359,3.8810404286934923,4.1588830833596715,2.9003273513102252,1.3862943611198906,1.3742524023726355,2.5649493574615367,3.011438655277168
4.248495242049359,3.761987026074895,4.1588830833596715,2.079632767067708,1.3862943611198906,1.3224176108154642,2.5649493574615367,2.544533456410577
