RedundantThrowsDeclarationCheck_Actual,RedundantThrowsDeclarationCheck_Simulated,S00117_Actual,S00117_Simulated,S00112_Actual,S00112_Simulated,S1151_Actual,S1151_Simulated,S1132_Actual,S1132_Simulated
5.726847747587197,5.41314405009518,5.823045895483019,5.634506233527824,5.968707559985366,5.480459152123185,4.663439094112067,4.783498160118609,6.315358001522335,6.054502525136856
5.720311776607412,5.3658932355232745,5.811140992976701,5.800906485113964,5.983936280687191,5.219805617326933,4.663439094112067,5.405720748933862,6.311734809152915,6.455039959651105
5.707110264748875,5.866179321520107,5.811140992976701,5.400254571990971,5.726847747587197,4.550228475217362,4.663439094112067,5.145488407898634,6.2878585601617845,6.883345804728039
5.733341276897746,5.365445180396503,5.811140992976701,5.504353975108354,5.739792912179234,5.101037640062122,4.663439094112067,4.453903156044286,6.289715570908998,5.989430516986781
5.717027701406222,5.835335018764424,5.808142489980444,5.649457932835981,5.726847747587197,5.111841443512965,4.663439094112067,4.574560308335655,6.289715570908998,6.689506911241052
5.707110264748875,4.887242136158795,5.755742213586912,5.790239929881951,5.755742213586912,4.955068896689586,4.672828834461906,4.537545293349078,6.293419278846481,6.364094249074197
