S1905_Actual,S1905_Simulated,S1226_Actual,S1226_Simulated,S00108_Actual,S00108_Simulated,S1481_Actual,S1481_Simulated
0.0,0.9071098113340569,4.248495242049359,4.134769788868201,1.3862943611198906,1.5415685703871407,2.5649493574615367,3.085545834700197
0.0,1.3892847963264172,4.248495242049359,4.649618390956759,1.3862943611198906,1.891848396311129,2.5649493574615367,3.275265603119092
0.0,1.1231475860931568,4.248495242049359,4.050100641789329,1.3862943611198906,1.4485992366640257,2.5649493574615367,2.107882951841857
