RedundantThrowsDeclarationCheck_Actual,RedundantThrowsDeclarationCheck_Simulated,S00117_Actual,S00117_Simulated,S1226_Actual,S1226_Simulated,S1155_Actual,S1155_Simulated,S1132_Actual,S1132_Simulated
0.0,1.6070859231539256,0.0,1.0042869273197643,0.0,1.4892505708600041,0.0,1.2255437662349544,0.0,0.8147718711559766
0.0,1.282674416947596,0.0,1.6478036473685302,0.0,0.0,0.0,0.0,0.0,1.7002762427459104
0.0,2.4956394010908745,0.0,0.0,0.0,2.0035808943029667,0.0,1.4930633762342223,0.0,0.9484854774281499
