RedundantThrowsDeclarationCheck_Actual,RedundantThrowsDeclarationCheck_Simulated,S1488_Actual,S1488_Simulated,S1905_Actual,S1905_Simulated,UselessImportCheck_Actual,UselessImportCheck_Simulated,S00108_Actual,S00108_Simulated
4.6913478822291435,5.112958552709485,3.258096538021482,3.1324916786314416,2.70805020110221,2.842322744116647,4.574710978503383,3.9462715619334965,1.3862943611198906,1.0310430254238616
4.955827057601261,5.644628587112298,3.258096538021482,3.9783260462139065,2.70805020110221,0.0,3.970291913552122,4.499830778794632,1.3862943611198906,0.0
4.969813299576001,5.68428381334734,3.258096538021482,2.9576652945226316,2.70805020110221,4.478387332004261,4.143134726391533,3.8135467021080904,1.3862943611198906,0.5211659595794396
4.969813299576001,7.57282923735411,3.258096538021482,1.978984628934804,2.70805020110221,0.4469188922043372,4.127134385045092,3.828432727513707,1.3862943611198906,1.026318033492351
4.962844630259907,4.748752532968564,3.5553480614894135,3.6105026917588074,2.5649493574615367,4.163625526382162,4.248495242049359,3.273233343602503,1.3862943611198906,0.0
4.962844630259907,3.201510629394255,3.5553480614894135,2.9871861465042167,2.5649493574615367,5.8922420845735335,4.23410650459726,3.2672418213086294,1.3862943611198906,0.0
