RedundantThrowsDeclarationCheck_Actual,RedundantThrowsDeclarationCheck_Simulated,S1488_Actual,S1488_Simulated,S1905_Actual,S1905_Simulated,UselessImportCheck_Actual,UselessImportCheck_Simulated,S00108_Actual,S00108_Simulated
4.969813299576001,5.112958552709485,3.258096538021482,3.1324916786314416,2.70805020110221,2.842322744116647,4.127134385045092,3.9462715619334965,1.3862943611198906,1.0310430254238616
4.962844630259907,3.538989755454408,3.5553480614894135,2.3530862532833314,2.5649493574615367,3.111188733411736,4.248495242049359,3.1718889641778247,1.3862943611198906,1.2375397495613791
4.962844630259907,5.832308107065978,3.5553480614894135,2.13800030539507,2.5649493574615367,4.06130388412159,4.23410650459726,4.104173106485852,1.3862943611198906,0.9903285236851638
