S00117_Actual,S00117_Simulated,S1226_Actual,S1226_Simulated,S1155_Actual,S1155_Simulated,S1151_Actual,S1151_Simulated,S1132_Actual,S1132_Simulated,S1481_Actual,S1481_Simulated
6.697034247666484,6.544627715346055,3.713572066704308,3.5956801464788457,2.5649493574615367,2.599013406349761,4.143134726391533,4.108846500182435,3.912023005428146,4.124104547864934,1.9459101490553132,2.6237983037050836
6.697651341175731,6.702889741401675,3.713572066704308,3.56850789962606,2.5649493574615367,2.531620252628753,4.143134726391533,4.084285042328906,3.912023005428146,4.225583544812988,1.9459101490553132,2.848889296838481
6.698268054115413,6.648302646489936,3.713572066704308,3.5939238718603894,2.5649493574615367,2.5459945013012284,4.143134726391533,4.057184199862907,3.912023005428146,3.8771746590635594,1.9459101490553132,2.794711403129911
