S00117_Actual,S00117_Simulated
1.791759469228055,1.3003772873935853
1.791759469228055,2.4242528874163565
1.791759469228055,0.5545824943033395
1.791759469228055,2.7335191855258394
1.8718021769015913,0.7252529824660299
1.9459101490553132,0.0
