S00117_Actual,S00117_Simulated
1.791759469228055,1.3003772873935853
1.8718021769015913,0.7437554713693433
1.9459101490553132,2.0172191121856087
