S00117_Actual,S00117_Simulated
1.791759469228055,1.3003772873935853
1.791759469228055,0.0
1.791759469228055,2.890343690554663
1.791759469228055,2.832076866754651
1.791759469228055,1.6495349414426774
1.791759469228055,2.604365817605275
1.791759469228055,0.5881268356826495
1.791759469228055,2.052335078597142
1.791759469228055,1.5980544139847013
1.791759469228055,0.11161161503433603
1.8718021769015913,3.0000145172605595
1.9459101490553132,2.1668437783968746
