S00117_Actual,S00117_Simulated,S1226_Actual,S1226_Simulated,S00112_Actual,S00112_Simulated,S1155_Actual,S1155_Simulated,S1151_Actual,S1151_Simulated,S1132_Actual,S1132_Simulated,S1481_Actual,S1481_Simulated
6.697034247666484,6.60945624352465,3.713572066704308,3.6127418992057194,4.634728988229636,4.510977401788487,2.5649493574615367,2.5649445329033704,4.143134726391533,4.136678371651255,3.912023005428146,4.150235053864945,1.9459101490553132,2.078330335476126
6.697651341175731,6.674957054135842,3.713572066704308,3.623487786777243,4.634728988229636,4.58272608185819,2.5649493574615367,2.5649442375254563,4.143134726391533,4.113178381123447,3.912023005428146,3.906422688707901,1.9459101490553132,2.057596193677005
6.698268054115413,6.579842990109334,3.713572066704308,3.6776814735857037,4.634728988229636,4.422046491708129,2.5649493574615367,2.564944010439227,4.143134726391533,4.133475441981887,3.912023005428146,4.243878050729273,1.9459101490553132,1.9527254133657128
