S00117_Actual,S00117_Simulated,S1226_Actual,S1226_Simulated,S00112_Actual,S00112_Simulated,S1155_Actual,S1155_Simulated,S1151_Actual,S1151_Simulated,S1132_Actual,S1132_Simulated,S1481_Actual,S1481_Simulated
6.697034247666484,6.60945624352465,3.713572066704308,3.6127418992057194,4.634728988229636,4.510977401788487,2.5649493574615367,2.5649445329033704,4.143134726391533,4.136678371651255,3.912023005428146,4.150235053864945,1.9459101490553132,2.078330335476126
6.697651341175731,6.6111359164565355,3.713572066704308,3.640187317630421,4.634728988229636,4.5460077719021115,2.5649493574615367,2.5649394748243743,4.143134726391533,4.132729381398583,3.912023005428146,4.4450908942791285,1.9459101490553132,1.5933418120880185
6.698268054115413,6.604024109119386,3.713572066704308,3.6647058235919876,4.634728988229636,4.57988216738593,2.5649493574615367,2.564940866753082,4.143134726391533,4.14950722630074,3.912023005428146,4.10153086703218,1.9459101490553132,2.5010654486508144
