RedundantThrowsDeclarationCheck_Actual,RedundantThrowsDeclarationCheck_Simulated,S00122_Actual,S00122_Simulated,S1905_Actual,S1905_Simulated,DuplicatedBlocks_Actual,DuplicatedBlocks_Simulated,S1226_Actual,S1226_Simulated,S1155_Actual,S1155_Simulated,S1151_Actual,S1151_Simulated,S1132_Actual,S1132_Simulated,S1481_Actual,S1481_Simulated
0.0,0.13061218153693147,0.0,0.19903756679548096,0.0,0.0627247989161265,0.0,0.4722537343060408,0.0,0.11086315715662766,0.0,0.05140755755911177,0.021599111803461798,0.6143608525794846,0.0,0.5357143502130369,0.021599111803461798,0.794859720905366
0.0,0.0,0.0,0.7191956453059225,0.0,0.0,0.0,0.9773173656818549,0.0,0.12416606313987644,0.0,0.0,0.017316450011460875,0.0,0.0,1.2830365228531826,0.017316450011460875,1.4248743344648394
0.0,0.11581966062830794,0.0,0.2162664113240265,0.0,0.3679655222757411,0.0,0.13989949058174245,0.0,0.22329944050262385,0.0,0.0,0.0130153681120703,0.0,0.0,0.9633450997039339,0.0130153681120703,0.9331517540228701
0.0,0.0,0.0,0.41865296475516145,0.0,0.14952020972256436,0.0,0.3358079892116945,0.0,0.0,0.0,0.06637763936952198,0.008695706967553821,0.42908035316100146,0.0,1.156991833884733,0.008695706967553821,0.45509135669278533
0.0,0.4220850514129115,0.0,0.0,0.0,0.24042924254698905,0.0,1.0514004198094984,0.0,0.42613824304520304,0.0,0.12503869685832256,0.00435730536895569,0.5755541066662031,0.0,1.1297551903392278,0.00435730536895569,0.1011875849845546
0.0,0.5814651125650155,0.0,0.0,0.0,0.0,0.0,1.8517323099328178,0.0,0.0,0.0,0.37314435391556466,0.0,0.8549738924542745,0.0,0.30742355615642936,0.0,0.1528241713556081
