RedundantThrowsDeclarationCheck_Actual,RedundantThrowsDeclarationCheck_Simulated,S00122_Actual,S00122_Simulated,S1905_Actual,S1905_Simulated,DuplicatedBlocks_Actual,DuplicatedBlocks_Simulated,S1226_Actual,S1226_Simulated,S1155_Actual,S1155_Simulated,S1151_Actual,S1151_Simulated,S1132_Actual,S1132_Simulated,S1481_Actual,S1481_Simulated
0.0,0.13061218153693147,0.0,0.19903756679548096,0.0,0.0627247989161265,0.0,0.4722537343060408,0.0,0.11086315715662766,0.0,0.05140755755911177,0.00435730536895569,0.6143608525794846,0.0,0.5357143502130369,0.00435730536895569,0.794859720905366
0.0,0.01838458663349818,0.0,0.0,0.0,0.02658312340194617,0.0,0.3439930745282705,0.0,0.1618219646131408,0.0,0.19160078047793253,0.0,0.4316540357013716,0.0,1.0652322380066273,0.0,1.2189131860936249
