RedundantThrowsDeclarationCheck_Actual,RedundantThrowsDeclarationCheck_Simulated,S00122_Actual,S00122_Simulated,UselessImportCheck_Actual,UselessImportCheck_Simulated,DuplicatedBlocks_Actual,DuplicatedBlocks_Simulated,S1226_Actual,S1226_Simulated,S1155_Actual,S1155_Simulated,S1151_Actual,S1151_Simulated,S1132_Actual,S1132_Simulated,S1481_Actual,S1481_Simulated
0.0,0.13061218153693147,0.0,0.19903756679548096,0.23270468455819335,2.067760709232467,0.0,0.4722537343060408,0.0,0.11086315715662766,0.0,0.05140755755911177,0.021599111803461798,0.6143608525794846,0.0,0.5357143502130369,0.021599111803461798,0.794859720905366
0.0,0.2864837681402884,0.0,0.3896558722489778,0.19029550263309924,1.3158936020000216,0.0,0.0,0.0,0.15782805004977873,0.0,0.0,0.017316450011460875,0.5753098864815595,0.0,1.3094219389148962,0.017316450011460875,0.4315601329096566
0.0,0.33365903935543983,0.0,0.6532579673116772,0.1460078224319825,1.834350419623361,0.0,1.104818198452128,0.0,0.13227807959734836,0.0,0.0,0.0130153681120703,0.20484673104079015,0.0,0.06893009560971408,0.0130153681120703,1.5117652299128168
0.0,0.6783056373522278,0.0,0.0,0.09966748517328153,3.529982876129364,0.0,2.699183449823749,0.0,0.44107775108383773,0.0,0.36801808445446804,0.008695706967553821,0.0,0.0,1.6312294287729787,0.008695706967553821,0.48983972462340003
0.0,0.0,0.0,0.0,0.05107492993641579,3.322837589985074,0.0,1.044960786275663,0.0,0.44219810959483313,0.0,0.3123776268858855,0.00435730536895569,0.6389562877136834,0.0,0.0,0.00435730536895569,1.2102999276780912
0.0,0.0,0.0,0.42764067471990763,0.0,2.3320599205748618,0.0,0.5425698104876773,0.0,0.0,0.0,0.16832974781600166,0.0,0.3126129905287255,0.0,0.0,0.0,0.09748975598984566
