RedundantThrowsDeclarationCheck_Actual,RedundantThrowsDeclarationCheck_Simulated,S00122_Actual,S00122_Simulated,UselessImportCheck_Actual,UselessImportCheck_Simulated,DuplicatedBlocks_Actual,DuplicatedBlocks_Simulated,S1226_Actual,S1226_Simulated,S1155_Actual,S1155_Simulated,S1151_Actual,S1151_Simulated,S1132_Actual,S1132_Simulated,S1481_Actual,S1481_Simulated
0.0,0.13061218153693147,0.0,0.19903756679548096,0.23270468455819335,2.067760709232467,0.0,0.4722537343060408,0.0,0.11086315715662766,0.0,0.05140755755911177,0.021599111803461798,0.6143608525794846,0.0,0.5357143502130369,0.021599111803461798,0.794859720905366
0.0,0.6630243184876967,0.0,0.0,0.19029550263309924,0.5853694368080515,0.0,0.4935700987488356,0.0,0.05760495953947918,0.0,0.0,0.017316450011460875,0.6947624049195015,0.0,0.0,0.017316450011460875,0.0
0.0,0.0,0.0,0.0,0.1460078224319825,1.7207048967178922,0.0,0.0,0.0,0.030986732898513322,0.0,0.5458178544686598,0.0130153681120703,0.9489271046352517,0.0,0.21208123505862336,0.0130153681120703,1.1462398843879202
0.0,0.0,0.0,0.0,0.09966748517328153,1.3376620980166192,0.0,1.6112978652414802,0.0,0.5282472967912636,0.0,0.2065002311434637,0.008695706967553821,0.734306458405363,0.0,0.0,0.008695706967553821,0.11343855401555214
0.0,0.8414052421284088,0.0,0.0,0.05107492993641579,4.026410365904237,0.0,0.0,0.0,0.47242572318351395,0.0,0.1322273329060913,0.00435730536895569,1.3690425261510177,0.0,0.2889423444937649,0.00435730536895569,0.9349455324331268
0.0,0.5109204022137995,0.0,0.4034792273182405,0.0,2.3240244595699666,0.0,2.3183596334120242,0.0,0.33658844956727235,0.0,0.0,0.0,0.0,0.0,1.0791187592546034,0.0,0.6445076321581256
