RedundantThrowsDeclarationCheck_Actual,RedundantThrowsDeclarationCheck_Simulated,S00117_Actual,S00117_Simulated,S00122_Actual,S00122_Simulated,DuplicatedBlocks_Actual,DuplicatedBlocks_Simulated,S1226_Actual,S1226_Simulated,S00112_Actual,S00112_Simulated,S1155_Actual,S1155_Simulated,S00108_Actual,S00108_Simulated,S1132_Actual,S1132_Simulated
1.0986122886681098,0.7506859406485378,1.791759469228055,1.3000568012839122,2.5649493574615367,2.9404301144203595,3.295836866004329,2.3621206429605626,3.7612001156935624,2.945350239029016,3.6635616461296463,3.4455535302596,0.0,0.00845563664876762,1.6094379124341003,0.8320702696305738,1.6094379124341003,1.0863350080236112
1.0986122886681098,0.47680635042519676,1.791759469228055,1.5396273809187835,2.5649493574615367,0.0,3.295836866004329,1.5450721279524253,3.7612001156935624,5.296279175510289,3.7612001156935624,3.1867175218932116,0.0,0.0,1.6094379124341003,0.36902109894876384,1.6094379124341003,0.7720051251097656
1.0986122886681098,1.1431890388637678,1.791759469228055,1.058044433068456,2.5649493574615367,4.332058298530345,3.295836866004329,1.6889866486591145,3.7612001156935624,2.7590313745818627,3.7612001156935624,3.0733184447402997,0.0,0.02536412844484879,1.6094379124341003,1.4155412806645185,1.6094379124341003,0.7423310309734867
1.0986122886681098,1.532263818808454,1.8458266904983307,0.24709805805476304,2.5649493574615367,5.401954714746716,3.295836866004329,3.0814829556308765,3.7689221617874726,2.68664153879448,3.784189633918261,2.7424876790355732,0.0,0.0,1.6094379124341003,0.5763117359257166,1.6094379124341003,0.7495805300620417
1.0986122886681098,0.44540859041185715,1.8971199848858813,1.484907341533783,2.5649493574615367,2.972093412995941,3.295836866004329,2.2780549500849276,3.7765850345330416,3.822757384323736,3.8066624897703196,3.511056715344229,0.0,0.0,1.6094379124341003,0.0,1.6094379124341003,2.5852898227274026
1.0986122886681098,0.8599879932566714,1.9459101490553132,1.064400594014006,2.5649493574615367,5.610238633591688,3.295836866004329,2.5912541264730713,3.784189633918261,2.2605963101293725,3.828641396489095,2.4767533586898782,0.0,0.0,1.6094379124341003,1.6127791862766645,1.6094379124341003,1.4874735325531043
