,Actual_last_5_vals,Mean_Simulation,Simulated_26,Simulated_17,Simulated_18,Simulated_2,Simulated_10,Simulated_16,Simulated_5,Simulated_22,Simulated_23,Simulated_25,Simulated_14,Simulated_7,Simulated_12,Simulated_8,Simulated_28,Simulated_19,Simulated_4,Simulated_3,Simulated_13,Simulated_0,Simulated_15,Simulated_1,Simulated_6,Simulated_9,Simulated_24,Simulated_20,Simulated_29,Simulated_27,Simulated_21,Simulated_11
0,5600.777777777777,,,,,,,,,,,,,,,,,,,,,,,,,,,,,,,
1,5581.333333333333,,,,,,,,,,,,,,,,,,,,,,,,,,,,,,,
2,5561.888888888889,,,,,,,,,,,,,,,,,,,,,,,,,,,,,,,
3,5542.444444444444,,,,,,,,,,,,,,,,,,,,,,,,,,,,,,,
4,5523.0,,,,,,,,,,,,,,,,,,,,,,,,,,,,,,,
5,,5087.83,5087.83,5087.83,5087.83,5087.83,5087.83,5087.83,5087.83,5087.83,5087.83,5087.83,5087.83,5087.83,5087.83,5087.83,5087.83,5087.83,5087.83,5087.83,5087.83,5087.83,5087.83,5087.83,5087.83,5087.83,5087.83,5087.83,5087.83,5087.83,5087.83,5087.83
6,,5091.23,5088.31,5057.32,4998.27,5252.07,5239.61,4776.13,5609.47,4727.63,4407.05,4426.47,4432.65,5632.74,4666.86,4905.21,4561.2,6383.05,4191.26,4470.21,6416.57,5874.75,4262.53,3817.01,5694.02,3449.06,7242.98,4040.11,7061.79,6196.44,2758.6,7097.57
7,,5128.36,5037.46,5322.05,5420.54,4806.18,5500.73,4733.43,5393.77,4704.75,5317.58,4887.68,5453.06,5593.51,5726.51,4241.54,5949.76,5203.86,4603.69,4166.77,4782.69,4225.87,6035.21,5651.62,3616.33,4579.76,5475.52,6610.64,4455.77,6848.13,5824.2,3682.23
8,MAE,,31.27,75.87,128.38,161.01,173.58,236.68,261.22,262.4,291.13,301.81,327.76,335.55,340.84,357.61,450.48,455.77,474.88,527.54,557.0,562.0,578.52,599.16,704.94,730.26,832.97,844.47,881.05,941.66,1009.49,1150.82
