S1488_Actual,S1488_Simulated,S1905_Actual,S1905_Simulated,UselessImportCheck_Actual,UselessImportCheck_Simulated,S00112_Actual,S00112_Simulated,S1155_Actual,S1155_Simulated,S1132_Actual,S1132_Simulated,S1481_Actual,S1481_Simulated
1.0986122886681098,1.0077415013145123,0.0,1.571048938306501,0.6931471805599453,0.9610498910441571,3.332204510175204,1.6889869029199953,0.0,0.0,0.0,0.18393647179709674,0.20067069546215122,1.0812651235231558
1.0986122886681098,1.1716894431427143,0.0,0.2064877216455243,0.6931471805599453,0.6115518031520493,3.332204510175204,2.8802969895997803,0.0,0.0,0.0,0.0,0.1053605156578263,1.1788680977581343
1.0986122886681098,0.7626240674008178,0.0,0.35722846890719273,0.6931471805599453,0.3704326727162299,3.332204510175204,1.6558622891579884,0.0,0.0,0.0,0.693740440911843,0.0,1.7440431070831433
