S1905_Actual,S1905_Simulated,DuplicatedBlocks_Actual,DuplicatedBlocks_Simulated,S1481_Actual,S1481_Simulated
0.0,0.2794232198498843,3.258096538021482,2.772473121823204,0.15415067982725825,0.4439758923710559
0.0,0.6608628680789131,3.258096538021482,2.302225007230373,0.2876820724517809,0.0
0.0,0.22750312288333868,3.258096538021482,2.2563593410373666,0.4054651081081644,0.4954991169428586
0.0,0.3539790960071447,3.258096538021482,2.8877354694213686,0.5108256237659906,0.2992739432867093
0.0,0.5083796583897671,3.258096538021482,2.0414978224939495,0.6061358035703155,0.5613702236008352
0.0,0.1404727135721715,3.258096538021482,2.860218542766003,0.6931471805599453,0.0
