S1905_Actual,S1905_Simulated,DuplicatedBlocks_Actual,DuplicatedBlocks_Simulated,S1481_Actual,S1481_Simulated
0.0,0.2794232198498843,3.258096538021482,2.772473121823204,0.15415067982725825,0.4439758923710559
0.0,0.3278405190809957,3.258096538021482,2.7990677963102946,0.2876820724517809,0.31451626061931837
0.0,0.491599877401544,3.258096538021482,2.4163856396086802,0.4054651081081644,0.24240240326267684
0.0,0.2803707918359011,3.258096538021482,2.6041679664870205,0.5108256237659906,0.009493205265632854
0.0,0.5170018470786456,3.258096538021482,2.8691162100429497,0.6061358035703155,1.2297157088289477
0.0,0.8812631119899533,3.258096538021482,3.2168055675384686,0.6931471805599453,0.7167624632181009
