S1905_Actual,S1905_Simulated,S1226_Actual,S1226_Simulated,S00112_Actual,S00112_Simulated,S00108_Actual,S00108_Simulated,S1481_Actual,S1481_Simulated
0.0,0.9071098113340569,4.248495242049359,4.134769788868201,4.1588830833596715,2.499131140053135,1.3862943611198906,1.5415685703871407,2.538973871058276,3.085545834700197
0.0,0.0,4.248495242049359,3.7391874772267153,4.1588830833596715,3.7973012893905516,1.3862943611198906,1.6419653670762298,2.5520459526256287,2.86099271748513
0.0,1.6074637452444653,4.248495242049359,3.725640535516045,4.1588830833596715,1.4422814714121048,1.3862943611198906,1.99723701969888,2.5649493574615367,2.974945238502566
0.0,0.8866118719581767,4.248495242049359,4.447392884367748,4.1588830833596715,2.9110473570589734,1.3862943611198906,1.1598231264709125,2.5649493574615367,2.487531154176991
0.0,0.8184569577803038,4.248495242049359,4.028151442384263,4.1588830833596715,1.5189996599153512,1.3862943611198906,1.6647606672868318,2.5649493574615367,2.8822563283414517
0.0,1.0748543241252533,4.248495242049359,4.120751911746967,4.1588830833596715,1.8624404353608606,1.3862943611198906,1.5396752418700463,2.5649493574615367,2.4877649090819713
