Steps,Total MAE
1,0.0
3,173860.27999999997
6,221529.53
12,240202.90999999997
