,Actual_last_5_vals,Mean_Simulation,Simulated_18,Simulated_19,Simulated_15,Simulated_10,Simulated_0,Simulated_11,Simulated_5,Simulated_21,Simulated_16,Simulated_29,Simulated_7,Simulated_23,Simulated_17,Simulated_28,Simulated_1,Simulated_8,Simulated_9,Simulated_3,Simulated_14,Simulated_25,Simulated_2,Simulated_4,Simulated_22,Simulated_20,Simulated_27,Simulated_6,Simulated_24,Simulated_26,Simulated_13,Simulated_12
0,16985.0,,,,,,,,,,,,,,,,,,,,,,,,,,,,,,,
1,17177.0,,,,,,,,,,,,,,,,,,,,,,,,,,,,,,,
2,17286.333333333332,,,,,,,,,,,,,,,,,,,,,,,,,,,,,,,
3,17395.666666666668,,,,,,,,,,,,,,,,,,,,,,,,,,,,,,,
4,17505.0,,,,,,,,,,,,,,,,,,,,,,,,,,,,,,,
5,,6580.33,6580.33,6580.33,6580.33,6580.33,6580.33,6580.33,6580.33,6580.33,6580.33,6580.33,6580.33,6580.33,6580.33,6580.33,6580.33,6580.33,6580.33,6580.33,6580.33,6580.33,6580.33,6580.33,6580.33,6580.33,6580.33,6580.33,6580.33,6580.33,6580.33,6580.33
6,,7762.74,7669.87,7134.03,7121.04,9053.46,5044.4,4981.62,4541.91,11291.98,4227.07,11409.31,3248.63,2993.35,12784.36,2509.33,13098.29,13360.03,13406.16,1626.79,1583.47,14034.32,855.01,15014.2,15122.04,319.78,313.52,15282.75,35.81,-362.74,16305.86,18876.65
7,MAE,,46.43,314.36,320.85,645.36,1359.17,1390.56,1610.42,1764.62,1767.84,1823.28,2257.05,2384.69,2510.81,2626.7,2667.78,2798.65,2821.71,3067.98,3089.64,3135.79,3453.86,3625.73,3679.65,3721.48,3724.61,3760.0,3863.46,4062.74,4271.56,5556.96
