S1213_Actual,S1213_Simulated,RedundantThrowsDeclarationCheck_Actual,RedundantThrowsDeclarationCheck_Simulated,S1488_Actual,S1488_Simulated,S1905_Actual,S1905_Simulated,DuplicatedBlocks_Actual,DuplicatedBlocks_Simulated,S1226_Actual,S1226_Simulated,S00112_Actual,S00112_Simulated,S1151_Actual,S1151_Simulated,S1132_Actual,S1132_Simulated,S1481_Actual,S1481_Simulated
5.438079308923196,5.425730508958145,3.1354942159291497,3.2365448846109657,2.1972245773362196,2.0159361230436015,0.6931471805599453,1.376755179003092,5.043425116919247,4.730445849326865,3.713572066704308,3.9170163808967944,3.091042453358316,2.7867838940880456,3.258096538021482,3.258091713463316,3.5553480614894135,3.465422787294101,1.9459101490553132,2.150494143681375
5.438079308923196,5.444967633135591,3.1354942159291497,3.4019906612009936,2.1972245773362196,1.5189774353461811,0.6931471805599453,2.35026150958504,5.043425116919247,4.727582447315488,3.713572066704308,3.9601462059282775,3.091042453358316,2.718419853399283,3.258096538021482,3.258093911047447,3.5553480614894135,3.315061957087597,1.9459101490553132,2.740908550630813
5.438079308923196,5.4861221196672325,3.1354942159291497,3.2610763210488516,2.1972245773362196,1.878743540251726,0.6931471805599453,0.0,5.043425116919247,4.657740520011744,3.713572066704308,4.147463338604097,3.091042453358316,2.8056693470703755,3.258096538021482,3.258086554892905,3.5553480614894135,3.4101918859660967,1.9459101490553132,2.154263855280273
