Steps,Total MAE
1,0.0
2,56643.399999999994
6,77442.56999999999
12,86877.44
24,88306.92000000001
