S1213_Actual,S1213_Simulated,S1488_Actual,S1488_Simulated,S1226_Actual,S1226_Simulated,S00112_Actual,S00112_Simulated,S1155_Actual,S1155_Simulated,S1132_Actual,S1132_Simulated,S1481_Actual,S1481_Simulated
6.232229699772011,5.194460844659627,2.302585092994046,2.427345894429739,3.713572066704308,3.595057177045192,4.634728988229636,4.358025076129445,2.5649493574615367,2.5986783502196977,3.912023005428146,4.123671636980064,1.9459101490553132,2.6344328271877484
6.2324480165505225,4.918232392629038,2.302585092994046,2.2282234255369415,3.713572066704308,3.5446379867827136,4.634728988229636,4.609516095825623,2.5649493574615367,2.57693338952104,3.912023005428146,4.181158472741139,1.9459101490553132,3.713955109336243
