S1213_Actual,S1213_Simulated,S1488_Actual,S1488_Simulated,S1226_Actual,S1226_Simulated,S00112_Actual,S00112_Simulated,S1155_Actual,S1155_Simulated,S1132_Actual,S1132_Simulated,S1481_Actual,S1481_Simulated
6.231355955723415,5.194460844659627,2.302585092994046,2.427345894429739,3.713572066704308,3.595057177045192,4.634728988229636,4.358025076129445,2.5649493574615367,2.5986783502196977,3.912023005428146,4.123671636980064,1.9459101490553132,2.6344328271877484
6.231574463317423,5.617738443456915,2.302585092994046,2.3629212090764207,3.713572066704308,3.580048363196998,4.634728988229636,4.158507301803409,2.5649493574615367,2.6498775594719217,3.912023005428146,4.311688291001615,1.9459101490553132,4.710646423742134
6.231792923176292,4.410817104645467,2.302585092994046,2.3909911809987574,3.713572066704308,3.5649037267727706,4.634728988229636,4.646275519246094,2.5649493574615367,2.6953700041189244,3.912023005428146,3.939252000257923,1.9459101490553132,2.7206850787646784
6.232011335320876,5.205356662359915,2.302585092994046,2.7932061294858954,3.713572066704308,3.5692834577831847,4.634728988229636,4.373623151889943,2.5649493574615367,2.531919364686739,3.912023005428146,4.098949242325329,1.9459101490553132,1.6319333624885903
6.232229699772011,5.715128042701655,2.302585092994046,2.545966749477668,3.713572066704308,3.7179043115870454,4.634728988229636,4.110735175152235,2.5649493574615367,2.568120411210719,3.912023005428146,4.198012392842547,1.9459101490553132,2.2429530951487675
6.2324480165505225,4.933752970860281,2.302585092994046,2.0638515754463813,3.713572066704308,3.579261688892252,4.634728988229636,4.3965974816520985,2.5649493574615367,2.7363741044914214,3.912023005428146,4.14956988783633,1.9459101490553132,2.5530620432488194
