S00117_Actual,S00117_Simulated,S1488_Actual,S1488_Simulated,S1226_Actual,S1226_Simulated,S00112_Actual,S00112_Simulated,S1155_Actual,S1155_Simulated,S00108_Actual,S00108_Simulated,S1132_Actual,S1132_Simulated,S1481_Actual,S1481_Simulated
3.7376696182833684,3.697392449979346,0.0,0.8754362755897771,2.5649493574615367,3.5879241157460826,4.844187086458591,4.276680021083757,0.0,1.7109182803350094,1.3862943611198906,0.5443390143275862,2.9444389791664403,4.1497156410950025,1.0986122886681098,3.437301328727192
3.728100167267218,3.3235115484483737,0.0,0.514969562968601,2.5649493574615367,2.1827523793509935,4.847331743138063,3.2618903528781313,0.0,4.618638347943057,1.3862943611198906,1.8529368768894,2.9444389791664403,3.417801733515688,1.0986122886681098,4.926685927719946
3.7184382563554808,3.9667844421670186,0.0,1.1566171206536189,2.5649493574615367,2.339558351724388,4.850466541943434,4.08453283540626,0.0,1.6830532687240514,1.3862943611198906,1.1700193038492286,2.9444389791664403,4.978115567180596,1.0986122886681098,4.445172681672252
3.708682081410116,4.1370219613001815,0.0,0.0,2.5649493574615367,5.336041971126648,4.853591544486569,4.357908601184084,0.0,1.8089599064617026,1.3862943611198906,0.34508250839693466,2.9444389791664403,5.612932038191353,1.0986122886681098,0.10699474769832129
3.6988297849671046,3.1758522131123685,0.0,0.7762635754047482,2.5649493574615367,5.188669872755281,4.856706811803519,5.532503973447213,0.0,1.0557175707808089,1.3862943611198906,1.469963153748127,2.9444389791664403,2.9409443170645715,1.0986122886681098,2.5780799728996207
3.6888794541139363,3.710232531801937,0.0,0.12415293945107131,2.5649493574615367,5.601469429240286,4.859812404361672,5.120331224899261,0.0,1.8014807963341706,1.3862943611198906,0.46206286301994076,2.9444389791664403,7.0264859243791395,1.0986122886681098,1.99354962709065
