S1213_Actual,S1213_Simulated,RedundantThrowsDeclarationCheck_Actual,RedundantThrowsDeclarationCheck_Simulated,S00117_Actual,S00117_Simulated,UselessImportCheck_Actual,UselessImportCheck_Simulated,DuplicatedBlocks_Actual,DuplicatedBlocks_Simulated,S00112_Actual,S00112_Simulated,S00108_Actual,S00108_Simulated,S1151_Actual,S1151_Simulated,S1132_Actual,S1132_Simulated,S1481_Actual,S1481_Simulated
1.6094379124341003,1.5756497927369877,1.0608719606852626,0.25241187134073034,0.0,0.18529177914319295,0.0,1.1795748374291268,1.9459101490553132,2.628571057555208,4.243721963296702,3.400715103324849,1.0986122886681098,0.9743739085513304,1.6094379124341003,1.566371245538988,1.0986122886681098,1.0986074641099446,0.0,0.28515064114304844
1.6094379124341003,1.6927687703244672,1.0685348334308318,0.16947878657998355,0.0,0.0,0.0,0.02685821855229431,1.9459101490553132,2.5076758242645445,4.244678443522658,1.608182759440754,1.0986122886681098,0.8917749736010319,1.6094379124341003,1.6721712513184719,1.0986122886681098,1.0986148053283595,0.0,1.0789707987721122
1.6094379124341003,1.5860838681275196,1.076139432816051,0.6848994209954296,0.0,0.22977442719047372,0.0,0.8111406549367451,1.9459101490553132,2.939722326868865,4.2456340097683265,3.449360254369113,1.0986122886681098,0.9478737920481787,1.6094379124341003,1.5003418983471302,1.0986122886681098,1.0986060299325746,0.0,0.0
1.6094379124341003,1.331748291577019,1.083686638451434,0.0,0.0,0.16262862020540234,0.0,1.1092620398506172,1.9459101490553132,1.974735728769398,4.246588663778778,4.619797268929879,1.0986122886681098,1.0523363223835418,1.6094379124341003,1.56799839132708,1.0986122886681098,1.0986097195748614,0.0,0.9917491182264837
1.6094379124341003,1.7496752172530576,1.0911773101805915,0.18382096749434385,0.0,0.0,0.0,2.1986155438636805,1.9459101490553132,2.315572923526794,4.2475424072940875,3.634706092396545,1.0986122886681098,1.1685292760048867,1.6094379124341003,1.5072182932282001,1.0986122886681098,1.0986015428348939,0.0,0.5695097964295202
1.6094379124341003,1.5390054718167183,1.0986122886681098,0.2486747025593285,0.0,0.36994561134859627,0.0,1.5094621774580324,1.9459101490553132,2.327842674860418,4.248495242049359,1.3435838901445507,1.0986122886681098,1.0505719732218473,1.6094379124341003,1.6028711024133369,1.0986122886681098,1.0986067501930474,0.0,0.0
