S1213_Actual,S1213_Simulated,RedundantThrowsDeclarationCheck_Actual,RedundantThrowsDeclarationCheck_Simulated,S00117_Actual,S00117_Simulated,UselessImportCheck_Actual,UselessImportCheck_Simulated,DuplicatedBlocks_Actual,DuplicatedBlocks_Simulated,S00112_Actual,S00112_Simulated,S00108_Actual,S00108_Simulated,S1151_Actual,S1151_Simulated,S1132_Actual,S1132_Simulated,S1481_Actual,S1481_Simulated
1.6094379124341003,1.5756497927369877,1.0608719606852626,0.25241187134073034,0.0,0.18529177914319295,0.0,1.1795748374291268,1.9459101490553132,2.628571057555208,4.243721963296702,3.400715103324849,1.0986122886681098,0.9743739085513304,1.6094379124341003,1.566371245538988,1.0986122886681098,1.0986074641099446,0.0,0.28515064114304844
1.6094379124341003,1.082981523506581,1.0685348334308318,0.4988509375760054,0.0,0.3565573995856951,0.0,0.0,1.9459101490553132,2.3777422560886,4.244678443522658,4.190040748533473,1.0986122886681098,0.7587842206433493,1.6094379124341003,1.5577347404472204,1.0986122886681098,1.0986077104682062,0.0,0.3203710527740151
1.6094379124341003,1.5559251470473645,1.076139432816051,0.0,0.0,0.0,0.0,0.9063638076297701,1.9459101490553132,2.3952101045417336,4.2456340097683265,3.3794570255737177,1.0986122886681098,1.039971123601234,1.6094379124341003,1.7003925050020627,1.0986122886681098,1.0986108428662515,0.0,0.6800949353764805
1.6094379124341003,2.1201934391627337,1.083686638451434,0.0,0.0,0.2777041988578637,0.0,0.8484534958469314,1.9459101490553132,2.055294541620069,4.246588663778778,3.7881168903161706,1.0986122886681098,1.2321919775944101,1.6094379124341003,1.4271357853191267,1.0986122886681098,1.0986068538740486,0.0,0.674725961801163
1.6094379124341003,1.4093393947541217,1.0911773101805915,0.2683657617952958,0.0,0.0,0.0,1.5421552311388924,1.9459101490553132,3.0011125693450644,4.2475424072940875,5.032576997131287,1.0986122886681098,1.1746099891246584,1.6094379124341003,1.5364560288576774,1.0986122886681098,1.0986098916386193,0.0,0.8543877153014248
1.6094379124341003,1.460859149648025,1.0986122886681098,0.8670883232836133,0.0,0.04469179605551574,0.0,0.0,1.9459101490553132,2.585157487468709,4.248495242049359,5.549304503477676,1.0986122886681098,1.0411149765513925,1.6094379124341003,1.4517050400299225,1.0986122886681098,1.098609053805638,0.0,0.2723695457423655
