S1213_Actual,S1213_Simulated,RedundantThrowsDeclarationCheck_Actual,RedundantThrowsDeclarationCheck_Simulated,S1488_Actual,S1488_Simulated,S1905_Actual,S1905_Simulated,DuplicatedBlocks_Actual,DuplicatedBlocks_Simulated,S1226_Actual,S1226_Simulated,S00112_Actual,S00112_Simulated,S1151_Actual,S1151_Simulated
5.003946305945459,4.189295074572902,3.332204510175204,3.411590488688553,0.6931471805599453,1.5414280278559198,0.6931471805599453,0.08546578921313353,5.69035945432406,5.00170704510986,0.0,3.0021800730187986,6.7339969528486705,6.007955147221165,3.6375861597263857,2.133853788746623
5.003946305945459,3.7583081323306438,3.332204510175204,2.781587347260463,0.6931471805599453,0.9155781705840874,0.6931471805599453,0.22248519999532915,5.683579767338681,5.23789644436734,0.0,1.088049059947638,6.734591659972948,5.08193760288792,3.6375861597263857,1.4150489532676829
5.0106352940962555,3.9954239120564505,3.332204510175204,3.9898897688326707,0.6931471805599453,0.5792791465984769,0.6931471805599453,0.0,5.700443573390687,4.726759783930127,0.0,1.7319325729972006,6.734591659972948,5.507649496798011,3.6375861597263857,2.9204194705814532
5.030437921392435,3.998341110386412,3.332204510175204,3.01672305902576,0.6931471805599453,1.1534708668284783,0.6931471805599453,0.2982808359501472,5.68697535633982,4.792980551071478,0.0,4.184120943175102,6.739336627357174,5.482259010541748,3.6375861597263857,0.5868173547057114
5.030437921392435,3.7004926865375127,3.332204510175204,3.1453418095588015,0.6931471805599453,2.2292065124711202,0.6931471805599453,0.2655001179406072,5.697093486505405,5.614609132708577,0.0,4.316573958635472,6.75343791859778,5.476210034488508,3.6375861597263857,2.7446037230410827
5.087596335232384,4.551843833648013,3.332204510175204,3.347312220163711,0.6931471805599453,1.721922231201661,0.6931471805599453,0.19487476273549106,5.6937321388027,4.33717945596708,0.0,2.599347857870154,6.759255270663693,5.219810939058622,3.713572066704308,1.1358598429183884
