S1488_Actual,S1488_Simulated,S1226_Actual,S1226_Simulated,S00112_Actual,S00112_Simulated,S1155_Actual,S1155_Simulated,S1151_Actual,S1151_Simulated,S1132_Actual,S1132_Simulated,S1481_Actual,S1481_Simulated
2.302585092994046,2.427345894429739,3.713572066704308,3.595057177045192,4.634728988229636,4.358025076129445,2.5649493574615367,2.5986783502196977,4.143134726391533,4.109089806957299,3.912023005428146,4.123671636980064,1.9459101490553132,2.6344328271877484
2.302585092994046,2.709595454343707,3.713572066704308,3.7144527860127994,4.634728988229636,4.185867346008067,2.5649493574615367,2.583091044615924,4.143134726391533,4.132881245153196,3.912023005428146,4.105809589290512,1.9459101490553132,2.5051310326511893
