S00117_Actual,S00117_Simulated,S1226_Actual,S1226_Simulated,S00112_Actual,S00112_Simulated,S1155_Actual,S1155_Simulated,S1151_Actual,S1151_Simulated,S1481_Actual,S1481_Simulated
6.695798917058491,6.544627715346055,3.713572066704308,3.5956801464788457,4.634728988229636,4.355698515707799,2.5649493574615367,2.599013406349761,4.143134726391533,4.108846500182435,1.791759469228055,2.6237983037050836
6.695798917058491,6.49183428203459,3.713572066704308,3.637901780738079,4.634728988229636,4.679657580387553,2.5649493574615367,2.650006625280239,4.143134726391533,4.114807385863742,1.9459101490553132,2.490159233399863
6.69641677311769,6.603543950145683,3.713572066704308,3.5730563535815683,4.634728988229636,3.9535905231681356,2.5649493574615367,2.630153539918316,4.143134726391533,4.11278848348595,1.9459101490553132,4.141601518267684
6.697034247666484,6.547519310897024,3.713572066704308,3.552102434005382,4.634728988229636,4.162360461375899,2.5649493574615367,2.6337861271300005,4.143134726391533,4.117290951076097,1.9459101490553132,2.6064623146076205
6.697651341175731,6.601604848826286,3.713572066704308,3.6155570227120455,4.634728988229636,4.763431678816393,2.5649493574615367,2.6059081489637523,4.143134726391533,4.130301052279684,1.9459101490553132,2.4595421532693424
6.698268054115413,6.524411503104844,3.713572066704308,3.5623059100664785,4.634728988229636,4.004985193346299,2.5649493574615367,2.5772192295706704,4.143134726391533,4.0839972126777395,1.9459101490553132,2.200916889640915
