S1905_Actual,S1905_Simulated,S00112_Actual,S00112_Simulated,S00108_Actual,S00108_Simulated,S1481_Actual,S1481_Simulated
0.0,0.9071098113340569,4.1588830833596715,2.499131140053135,1.3862943611198906,1.5415685703871407,2.5649493574615367,3.085545834700197
0.0,1.090957525825792,4.1588830833596715,2.2471664748401676,1.3862943611198906,1.2937746033999014,2.5649493574615367,2.7673372555561855
0.0,3.228165956904031,4.1588830833596715,0.7768284991838104,1.3862943611198906,1.2307292801245073,2.5649493574615367,2.9150193942117872
