S1905_Actual,S1905_Simulated,S00112_Actual,S00112_Simulated,S00108_Actual,S00108_Simulated,S1481_Actual,S1481_Simulated
0.0,0.9071098113340569,4.1588830833596715,2.499131140053135,1.3862943611198906,1.5415685703871407,2.5649493574615367,3.085545834700197
0.0,0.6623209969830776,4.1588830833596715,2.4076677094931522,1.3862943611198906,1.2348902162528304,2.5649493574615367,2.3608487434048406
0.0,1.5886628659067639,4.1588830833596715,0.8419805254785946,1.3862943611198906,1.5438419906521728,2.5649493574615367,2.3305110463282057
