S1905_Actual,S1905_Simulated,S00112_Actual,S00112_Simulated,S00108_Actual,S00108_Simulated,S1481_Actual,S1481_Simulated
0.0,0.9071098113340569,4.1588830833596715,2.499131140053135,1.3862943611198906,1.5415685703871407,2.538973871058276,3.085545834700197
0.0,1.863579504455042,4.1588830833596715,2.723813137677521,1.3862943611198906,2.2405997842020016,2.5520459526256287,4.2570231133064755
0.0,1.0388632400234052,4.1588830833596715,1.5628376125803278,1.3862943611198906,1.4880887021324614,2.5649493574615367,3.2668342008145523
0.0,0.4190173791306625,4.1588830833596715,2.8435347060044527,1.3862943611198906,1.9653046629293818,2.5649493574615367,2.7000823730962473
0.0,1.085458477360316,4.1588830833596715,2.6172674393778514,1.3862943611198906,1.8148954551991356,2.5649493574615367,2.178410108437681
0.0,0.0,4.1588830833596715,3.2830137390472007,1.3862943611198906,2.354677036830167,2.5649493574615367,3.2998832872194583
