RedundantThrowsDeclarationCheck_Actual,RedundantThrowsDeclarationCheck_Simulated,S00117_Actual,S00117_Simulated,S1488_Actual,S1488_Simulated,S1226_Actual,S1226_Simulated,S00112_Actual,S00112_Simulated,S1155_Actual,S1155_Simulated,S00108_Actual,S00108_Simulated,S1132_Actual,S1132_Simulated,S1481_Actual,S1481_Simulated
2.4849066497880004,2.4351529294238996,3.7376696182833684,3.6722441908396397,0.0,0.0,2.5649493574615367,2.5672529730537423,4.844187086458591,4.8074087568215615,0.0,0.40739436740944157,1.3862943611198906,0.6401965770877169,2.9444389791664403,2.944434154608274,1.0986122886681098,1.6906070759942677
2.4849066497880004,2.404743479513501,3.728100167267218,3.6730240111292947,0.0,9.041408653006627e-07,2.5649493574615367,2.5653985770972305,4.847331743138063,4.847961857858339,0.0,0.18472904642474708,1.3862943611198906,1.6231026634276151,2.9444389791664403,2.944428196832299,1.0986122886681098,2.0639055496272563
2.4849066497880004,2.430475905485039,3.7184382563554808,3.687405028561585,0.0,0.0,2.5649493574615367,2.559781907908777,4.850466541943434,4.802361919433671,0.0,0.47187160052148763,1.3862943611198906,0.44868774896100033,2.9444389791664403,2.9444291808861993,1.0986122886681098,1.4143632193441475
2.4849066497880004,2.4387718695552403,3.708682081410116,3.6586293152024743,0.0,0.0,2.5649493574615367,2.573497048858166,4.853591544486569,4.837743143767531,0.0,0.3618795375549214,1.3862943611198906,0.39616476419366786,2.9444389791664403,2.944433796970363,1.0986122886681098,1.6068047849205815
2.4849066497880004,2.3986161132929906,3.6988297849671046,3.6903161483535656,0.0,3.3694771211070497e-06,2.5649493574615367,2.546690442011489,4.856706811803519,4.732122112178933,0.0,0.32559480096920107,1.3862943611198906,0.41804047570428127,2.9444389791664403,2.944435064152408,1.0986122886681098,1.182171971956304
2.4849066497880004,2.4158779161701562,3.6888794541139363,3.6725498973801183,0.0,5.2052685339698426e-08,2.5649493574615367,2.5715390761876775,4.859812404361672,4.832668958120055,0.0,0.5421863652615757,1.3862943611198906,0.6417081618641818,2.9444389791664403,2.9444336472329637,1.0986122886681098,1.781307372031508
