RedundantThrowsDeclarationCheck_Actual,RedundantThrowsDeclarationCheck_Simulated,S00117_Actual,S00117_Simulated,S1488_Actual,S1488_Simulated,S1226_Actual,S1226_Simulated,S00112_Actual,S00112_Simulated,S1155_Actual,S1155_Simulated,S00108_Actual,S00108_Simulated,S1132_Actual,S1132_Simulated,S1481_Actual,S1481_Simulated
2.4849066497880004,2.4351529294238996,3.7376696182833684,3.6722441908396397,0.0,0.0,2.5649493574615367,2.5672529730537423,4.844187086458591,4.8074087568215615,0.0,0.40739436740944157,1.3862943611198906,0.6401965770877169,2.9444389791664403,2.944434154608274,1.0986122886681098,1.6906070759942677
2.4849066497880004,2.482216393757455,3.728100167267218,3.6797069391205075,0.0,0.0,2.5649493574615367,2.5647081293839635,4.847331743138063,4.773526324725703,0.0,0.568839670021896,1.3862943611198906,0.23652916038765737,2.9444389791664403,2.9444300884263193,1.0986122886681098,1.6030004561623716
2.4849066497880004,2.4087112144067757,3.7184382563554808,3.6684125391917197,0.0,0.0,2.5649493574615367,2.560228104024377,4.850466541943434,4.78314144226233,0.0,0.0,1.3862943611198906,0.67111657023316,2.9444389791664403,2.9444327797378,1.0986122886681098,1.7711623817459525
2.4849066497880004,2.415712825540686,3.708682081410116,3.6930582004369645,0.0,0.0,2.5649493574615367,2.5653244178268144,4.853591544486569,4.814428754518522,0.0,0.22321614365927053,1.3862943611198906,0.0,2.9444389791664403,2.9444401757876326,1.0986122886681098,1.0998611692913416
2.4849066497880004,2.4829230253541783,3.6988297849671046,3.663230872049956,0.0,3.796663506113139e-07,2.5649493574615367,2.581529811823406,4.856706811803519,4.783320603224734,0.0,0.6033302641995981,1.3862943611198906,0.9752717911147073,2.9444389791664403,2.944431556628151,1.0986122886681098,1.2935273758352386
2.4849066497880004,2.483504351660995,3.6888794541139363,3.68282403216009,0.0,0.0,2.5649493574615367,2.5840555525328974,4.859812404361672,4.82686382266012,0.0,0.4109203133758242,1.3862943611198906,1.5338994520996785,2.9444389791664403,2.9444411937378847,1.0986122886681098,2.2426658744598447
