RedundantThrowsDeclarationCheck_Actual,RedundantThrowsDeclarationCheck_Simulated,S00117_Actual,S00117_Simulated,S1488_Actual,S1488_Simulated,S1226_Actual,S1226_Simulated,S00112_Actual,S00112_Simulated,S1155_Actual,S1155_Simulated,S00108_Actual,S00108_Simulated,S1132_Actual,S1132_Simulated,S1481_Actual,S1481_Simulated
2.4849066497880004,2.4351529294238996,3.708682081410116,3.6722441908396397,0.0,0.0,2.5649493574615367,2.5672529730537423,4.853591544486569,4.8074087568215615,0.0,0.40739436740944157,1.3862943611198906,0.6401965770877169,2.9444389791664403,2.944434154608274,1.0986122886681098,1.6906070759942677
2.4849066497880004,2.424351671676336,3.6988297849671046,3.6599295164846604,0.0,0.0,2.5649493574615367,2.5753259352485265,4.856706811803519,4.826993142393177,0.0,0.6538107208854316,1.3862943611198906,0.7006755487841899,2.9444389791664403,2.944432537538716,1.0986122886681098,2.096539256293059
2.4849066497880004,2.3947921253831987,3.6888794541139363,3.6690560318148497,0.0,0.0,2.5649493574615367,2.5450111985381727,4.859812404361672,4.778442136735702,0.0,0.626702627349466,1.3862943611198906,0.0,2.9444389791664403,2.944431311146333,1.0986122886681098,1.9096319192543303
