RedundantThrowsDeclarationCheck_Actual,RedundantThrowsDeclarationCheck_Simulated,S00117_Actual,S00117_Simulated,S1488_Actual,S1488_Simulated,S1226_Actual,S1226_Simulated,S00112_Actual,S00112_Simulated,S1155_Actual,S1155_Simulated,S00108_Actual,S00108_Simulated,S1132_Actual,S1132_Simulated,S1481_Actual,S1481_Simulated
2.4849066497880004,2.4351529294238996,3.708682081410116,3.6722441908396397,0.0,0.0,2.5649493574615367,2.5672529730537423,4.853591544486569,4.8074087568215615,0.0,0.40739436740944157,1.3862943611198906,0.6401965770877169,2.9444389791664403,2.944434154608274,1.0986122886681098,1.6906070759942677
2.4849066497880004,2.3879865012277723,3.6988297849671046,3.639022855863038,0.0,0.0,2.5649493574615367,2.5631570906185717,4.856706811803519,4.830458281553567,0.0,0.0006330519195565931,1.3862943611198906,0.5751199568868997,2.9444389791664403,2.9444355387279186,1.0986122886681098,2.280163945308176
2.4849066497880004,2.4389672679462246,3.6888794541139363,3.697102584144778,0.0,0.0,2.5649493574615367,2.5615240904559458,4.859812404361672,4.806832057138218,0.0,0.41340906446828807,1.3862943611198906,1.3554684819580913,2.9444389791664403,2.9444321982070987,1.0986122886681098,2.0308476756102705
