S00117_Actual,S00117_Simulated,UselessImportCheck_Actual,UselessImportCheck_Simulated,DuplicatedBlocks_Actual,DuplicatedBlocks_Simulated,S00112_Actual,S00112_Simulated,S1132_Actual,S1132_Simulated,S1481_Actual,S1481_Simulated
3.1354942159291497,2.5303576481378562,0.0,0.9905216270195651,3.784189633918261,3.1506115414840274,5.181783550292085,3.5229343997453917,3.044522437723423,2.3890504800855394,0.0,1.1165674294446044
3.1354942159291497,2.8212415029711595,0.0,1.3071286632573575,3.784189633918261,4.150946153434381,5.181783550292085,2.5909606581123517,3.044522437723423,2.1036390535599985,0.0,2.02932779660475
3.1354942159291497,1.965262006171962,0.0,0.0,3.784189633918261,1.510125621424681,5.181783550292085,6.743637453137413,3.044522437723423,3.1900895064771007,0.0,1.479147166262635
3.1354942159291497,2.686758529754153,0.0,0.0,3.784189633918261,2.516673012968063,5.181783550292085,3.8470600812177738,3.044522437723423,3.021194568050956,0.0,1.8737805455349172
3.1354942159291497,1.735275960724509,0.0,0.6540650315936467,3.784189633918261,3.4103292288331515,5.181783550292085,4.925337664250323,3.044522437723423,1.6860654340737347,0.0,2.390341922105585
3.1354942159291497,2.3132355466591736,0.0,0.9775187351182618,3.784189633918261,3.360374670605828,5.181783550292085,0.453202206166341,3.044522437723423,1.560696174197797,0.0,0.0
