S00117_Actual,S00117_Simulated,UselessImportCheck_Actual,UselessImportCheck_Simulated,DuplicatedBlocks_Actual,DuplicatedBlocks_Simulated,S00112_Actual,S00112_Simulated,S1132_Actual,S1132_Simulated,S1481_Actual,S1481_Simulated
3.1354942159291497,2.5303576481378562,0.0,0.9905216270195651,3.784189633918261,3.1506115414840274,5.181783550292085,3.5229343997453917,3.044522437723423,2.3890504800855394,0.0,1.1165674294446044
3.1354942159291497,2.6996854449037,0.0,0.2970575650794599,3.784189633918261,1.5921764593412695,5.181783550292085,2.328073435546931,3.044522437723423,1.5507247411384733,0.0,2.500777779241923
