RedundantThrowsDeclarationCheck_Actual,RedundantThrowsDeclarationCheck_Simulated,S00117_Actual,S00117_Simulated,S1488_Actual,S1488_Simulated,S1226_Actual,S1226_Simulated,S00112_Actual,S00112_Simulated,S00108_Actual,S00108_Simulated,S1132_Actual,S1132_Simulated,S1481_Actual,S1481_Simulated
2.4849066497880004,3.5752879838039395,3.708682081410116,3.697392449979346,0.0,0.8754362755897771,2.5649493574615367,3.5879241157460826,4.853591544486569,4.276680021083757,1.3862943611198906,0.5443390143275862,2.9444389791664403,4.1497156410950025,1.0986122886681098,3.437301328727192
2.4849066497880004,4.989334447449365,3.6988297849671046,2.7894689428964017,0.0,1.4881323387904093,2.5649493574615367,3.6419987425875293,4.856706811803519,3.825687505935827,1.3862943611198906,0.2832149637224239,2.9444389791664403,5.035832388481622,1.0986122886681098,6.064223222862285
2.4849066497880004,0.8706094298887184,3.6888794541139363,4.720970915932472,0.0,0.1622533692328202,2.5649493574615367,2.3665136887013287,4.859812404361672,4.410218953939689,1.3862943611198906,0.0,2.9444389791664403,3.8929112451889214,1.0986122886681098,1.3799432598773493
