RedundantThrowsDeclarationCheck_Actual,RedundantThrowsDeclarationCheck_Simulated,S00117_Actual,S00117_Simulated,S1488_Actual,S1488_Simulated,S1226_Actual,S1226_Simulated,S00112_Actual,S00112_Simulated,S00108_Actual,S00108_Simulated,S1132_Actual,S1132_Simulated,S1481_Actual,S1481_Simulated
2.4849066497880004,3.5752879838039395,3.7376696182833684,3.697392449979346,0.0,0.8754362755897771,2.5649493574615367,3.5879241157460826,4.844187086458591,4.276680021083757,1.3862943611198906,0.5443390143275862,2.9444389791664403,4.1497156410950025,1.0986122886681098,3.437301328727192
2.4849066497880004,3.7134850540642748,3.728100167267218,4.827011515846374,0.0,1.6933854950102645,2.5649493574615367,1.629117050967411,4.847331743138063,3.6680373036495966,1.3862943611198906,0.29865786399667155,2.9444389791664403,5.095770134329536,1.0986122886681098,5.200222644485234
2.4849066497880004,3.5368895123010287,3.7184382563554808,4.697775560366278,0.0,2.7025336870260053,2.5649493574615367,2.996391584725493,4.850466541943434,4.273045967527875,1.3862943611198906,0.4889214391176611,2.9444389791664403,4.389172685654823,1.0986122886681098,2.8007387822241685
2.4849066497880004,3.825720844755721,3.708682081410116,4.307998414090241,0.0,1.4877163085335905,2.5649493574615367,3.436387637275747,4.853591544486569,5.928200111893151,1.3862943611198906,0.6709164115981605,2.9444389791664403,3.1782404596239973,1.0986122886681098,0.5178235116851577
2.4849066497880004,4.474923961616938,3.6988297849671046,3.705969734844313,0.0,0.444994968092086,2.5649493574615367,3.50603832434072,4.856706811803519,5.611387195112163,1.3862943611198906,0.26268459114556686,2.9444389791664403,7.091861715598572,1.0986122886681098,6.421270290098613
2.4849066497880004,1.798004552010566,3.6888794541139363,4.304285250156713,0.0,0.9405302996192403,2.5649493574615367,1.0779562083916399,4.859812404361672,3.8534947241596456,1.3862943611198906,0.06879685852837464,2.9444389791664403,3.845571145874995,1.0986122886681098,4.0450114135847635
