S1488_Actual,S1488_Simulated,S1905_Actual,S1905_Simulated,UselessImportCheck_Actual,UselessImportCheck_Simulated,DuplicatedBlocks_Actual,DuplicatedBlocks_Simulated,S00112_Actual,S00112_Simulated,S1155_Actual,S1155_Simulated,S1132_Actual,S1132_Simulated,S1481_Actual,S1481_Simulated
1.0986122886681098,1.098607464109944,0.0,1.6673150755118407,0.6931471805599453,1.1056266642274308,1.8281271133989299,2.612788774682368,3.332204510175204,2.0494519355260974,0.0,0.0,0.0,0.0,0.20067069546215122,0.9118090976275225
1.0986122886681098,1.0986135399684476,0.0,2.145551248760163,0.6931471805599453,0.9843457844520498,1.8101086078962514,2.3206829070309256,3.332204510175204,0.5307037029419659,0.0,0.0,0.0,0.0,0.1053605156578263,1.1885209813266653
1.0986122886681098,1.0986111963839151,0.0,1.2409384580875953,0.6931471805599453,1.077140279787228,1.791759469228055,2.6107172220618238,3.332204510175204,2.8687387258127712,0.0,0.0,0.0,0.0,0.0,0.6874629209446684
