S1488_Actual,S1488_Simulated,S1905_Actual,S1905_Simulated,UselessImportCheck_Actual,UselessImportCheck_Simulated,DuplicatedBlocks_Actual,DuplicatedBlocks_Simulated,S00112_Actual,S00112_Simulated,S1155_Actual,S1155_Simulated,S1132_Actual,S1132_Simulated,S1481_Actual,S1481_Simulated
1.0986122886681098,1.098607464109944,0.0,1.6673150755118407,0.6931471805599453,1.1056266642274308,1.8803128665695001,2.612788774682368,3.332204510175204,2.0494519355260974,0.0,0.0,0.0,0.0,0.44183275227903923,0.9118090976275225
1.0986122886681098,1.0986038452017788,0.0,1.5692820599405095,0.6931471805599453,0.930499891274221,1.8632184332102,2.9183444507967673,3.332204510175204,2.6320002979856634,0.0,0.0,0.0,0.0,0.36772478012531734,1.2978182752307776
1.0986122886681098,1.098609894067366,0.0,0.759121245232794,0.6931471805599453,0.7177617860013692,1.8458266904983307,2.358640525209272,3.332204510175204,2.5070023687904044,0.0,0.0,0.0,0.0,0.2876820724517809,0.7214230634522483
1.0986122886681098,1.0986106119658663,0.0,1.4551431411436124,0.6931471805599453,1.2572843536384526,1.8281271133989299,1.593519079446248,3.332204510175204,3.2140739356819665,0.0,0.0,0.0,0.0,0.20067069546215122,1.4401416723769487
1.0986122886681098,1.0986114661454534,0.0,3.25947816115292,0.6931471805599453,1.0420040139200701,1.8101086078962514,2.922723143324109,3.332204510175204,1.9163720468661936,0.0,3.306532715509783e-06,0.0,0.0,0.1053605156578263,1.1569500250241678
1.0986122886681098,1.0986105595589557,0.0,2.3696273432017416,0.6931471805599453,1.0025770177348456,1.791759469228055,2.808627527622295,3.332204510175204,0.6080407948778832,0.0,0.0,0.0,0.0,0.0,0.8405913625648522
