S1905_Actual,S1905_Simulated,S1226_Actual,S1226_Simulated,S00108_Actual,S00108_Simulated,S1481_Actual,S1481_Simulated
0.0,0.9071098113340569,4.248495242049359,4.134769788868201,1.3862943611198906,1.5415685703871407,2.538973871058276,3.085545834700197
0.0,0.2663564884982179,4.248495242049359,3.5033534862817373,1.3862943611198906,2.0723143192056073,2.5520459526256287,3.9609339492352293
0.0,0.9553086722884103,4.248495242049359,4.477711751886999,1.3862943611198906,1.394781474078541,2.5649493574615367,3.292761033946201
0.0,0.7260075549198943,4.248495242049359,4.3642680823177855,1.3862943611198906,1.6216733515534276,2.5649493574615367,3.311115226501246
0.0,2.1630548921226107,4.248495242049359,4.480915617252763,1.3862943611198906,0.8658965257143109,2.5649493574615367,2.7587436887339467
0.0,1.594280382132025,4.248495242049359,4.087447004842224,1.3862943611198906,1.8382541743352192,2.5649493574615367,2.6887506827523926
