S1905_Actual,S1905_Simulated,S1226_Actual,S1226_Simulated,S00108_Actual,S00108_Simulated,S1481_Actual,S1481_Simulated
0.0,0.9071098113340569,4.248495242049359,4.134769788868201,1.3862943611198906,1.5415685703871407,2.538973871058276,3.085545834700197
0.0,1.450873371456881,4.248495242049359,3.953642983453815,1.3862943611198906,1.4723187965814033,2.5520459526256287,2.1148419375788685
0.0,0.4406680890731661,4.248495242049359,4.253674674832601,1.3862943611198906,1.5074630652316434,2.5649493574615367,2.854499393168671
0.0,0.6464886262358389,4.248495242049359,4.238945606852799,1.3862943611198906,1.7948983971721582,2.5649493574615367,2.124096505548682
0.0,0.0,4.248495242049359,3.6317447868722095,1.3862943611198906,2.255895301407702,2.5649493574615367,2.8529129517493566
0.0,1.1112098062545857,4.248495242049359,4.273901895973583,1.3862943611198906,1.325237777553148,2.5649493574615367,2.550792304191662
