S1213_Actual,S1213_Simulated,RedundantThrowsDeclarationCheck_Actual,RedundantThrowsDeclarationCheck_Simulated,S00117_Actual,S00117_Simulated,UselessImportCheck_Actual,UselessImportCheck_Simulated,DuplicatedBlocks_Actual,DuplicatedBlocks_Simulated,S00112_Actual,S00112_Simulated,S00108_Actual,S00108_Simulated,S1151_Actual,S1151_Simulated,S1132_Actual,S1132_Simulated,S1481_Actual,S1481_Simulated
1.6094379124341003,1.5756497927369877,1.0608719606852626,0.25241187134073034,0.0,0.18529177914319295,0.0,1.1795748374291268,1.9459101490553132,2.628571057555208,4.243721963296702,3.400715103324849,1.0986122886681098,0.9743739085513304,1.6094379124341003,1.566371245538988,1.0986122886681098,1.0986074641099446,0.0,0.28515064114304844
1.6094379124341003,1.3736604911644177,1.0685348334308318,0.0,0.0,0.2614179725728135,0.0,0.0,1.9459101490553132,2.909024155532329,4.244678443522658,3.8068677396876858,1.0986122886681098,0.9597749412231057,1.6094379124341003,1.394768135217514,1.0986122886681098,1.0986106617272928,0.0,0.0
1.6094379124341003,1.7392683837487977,1.076139432816051,0.0,0.0,0.40888625811697915,0.0,1.026557033595474,1.9459101490553132,2.7916123877977514,4.2456340097683265,3.3714023884830464,1.0986122886681098,0.8379884221331715,1.6094379124341003,1.5807543714010979,1.0986122886681098,1.0986096533334808,0.0,0.044958979651054026
1.6094379124341003,1.6626334286668554,1.083686638451434,0.07722898525196575,0.0,0.1278798544474227,0.0,0.0,1.9459101490553132,2.5655822532941195,4.246588663778778,4.345652857122,1.0986122886681098,0.973457968672766,1.6094379124341003,1.5175279597264657,1.0986122886681098,1.0986126750854996,0.0,0.0
1.6094379124341003,1.7512909997893948,1.0911773101805915,0.3233869022253427,0.0,0.0,0.0,1.4016578008510783,1.9459101490553132,1.7631420133318305,4.2475424072940875,2.343699925038899,1.0986122886681098,1.0315337292280289,1.6094379124341003,1.4471042045273408,1.0986122886681098,1.098602071113514,0.0,1.957112628484981
1.6094379124341003,1.543598192490857,1.0986122886681098,0.0,0.0,0.0,0.0,0.787445770041552,1.9459101490553132,2.363029139017518,4.248495242049359,5.409488631085772,1.0986122886681098,0.82116361818242,1.6094379124341003,1.6138158244309015,1.0986122886681098,1.0986154760386755,0.0,0.6040767005274608
