S1213_Actual,S1213_Simulated,RedundantThrowsDeclarationCheck_Actual,RedundantThrowsDeclarationCheck_Simulated,S00117_Actual,S00117_Simulated,UselessImportCheck_Actual,UselessImportCheck_Simulated,DuplicatedBlocks_Actual,DuplicatedBlocks_Simulated,S00112_Actual,S00112_Simulated,S00108_Actual,S00108_Simulated,S1151_Actual,S1151_Simulated,S1132_Actual,S1132_Simulated,S1481_Actual,S1481_Simulated
1.6094379124341003,1.5756497927369877,1.0608719606852626,0.25241187134073034,0.0,0.18529177914319295,0.0,1.1795748374291268,1.9459101490553132,2.628571057555208,4.243721963296702,3.400715103324849,1.0986122886681098,0.9743739085513304,1.6094379124341003,1.566371245538988,1.0986122886681098,1.0986074641099446,0.0,0.28515064114304844
1.6094379124341003,1.7356442528265243,1.0685348334308318,0.4993056852041645,0.0,0.041537824786868155,0.0,2.2695462650318037,1.9459101490553132,2.9304878405498687,4.244678443522658,2.292898647002679,1.0986122886681098,1.32509220085671,1.6094379124341003,1.6559478705024402,1.0986122886681098,1.0986115998054695,0.0,0.8838790872794832
1.6094379124341003,1.827170961629714,1.076139432816051,0.4246455382096679,0.0,0.0,0.0,0.0,1.9459101490553132,2.5054366683356437,4.2456340097683265,1.9181339495963599,1.0986122886681098,0.7832658638398683,1.6094379124341003,1.4914743402467785,1.0986122886681098,1.0986028345554437,0.0,0.0
1.6094379124341003,1.6028648611606506,1.083686638451434,0.5704038471874153,0.0,0.11025254797594292,0.0,2.7146414969266606,1.9459101490553132,2.8521936051357772,4.246588663778778,3.7151446509785133,1.0986122886681098,0.904518319716947,1.6094379124341003,1.6842400183278918,1.0986122886681098,1.098608404530823,0.0,0.0
1.6094379124341003,1.734939790400249,1.0911773101805915,0.33830855787258063,0.0,0.4075495760933708,0.0,0.9180909232430038,1.9459101490553132,2.2221287788553887,4.2475424072940875,1.5866060900498828,1.0986122886681098,0.9463059560331644,1.6094379124341003,1.5544963277118458,1.0986122886681098,1.0986140864968184,0.0,0.0
1.6094379124341003,1.5566510235043067,1.0986122886681098,0.1317421002128704,0.0,0.2878543477978263,0.0,0.2287407076827792,1.9459101490553132,2.6387489945145464,4.248495242049359,2.57386316592292,1.0986122886681098,0.9637255377929194,1.6094379124341003,1.4501580178680311,1.0986122886681098,1.098601817825804,0.0,0.5472823773041732
