RedundantThrowsDeclarationCheck_Actual,RedundantThrowsDeclarationCheck_Simulated,S00117_Actual,S00117_Simulated,S1488_Actual,S1488_Simulated,S1226_Actual,S1226_Simulated,S00112_Actual,S00112_Simulated,S1155_Actual,S1155_Simulated,S1132_Actual,S1132_Simulated,S1481_Actual,S1481_Simulated
2.4849066497880004,3.5752879838039395,3.7376696182833684,3.697392449979346,0.0,0.8754362755897771,2.5649493574615367,3.5879241157460826,4.844187086458591,4.276680021083757,0.0,1.7109182803350094,2.9444389791664403,4.1497156410950025,1.0986122886681098,3.437301328727192
2.4849066497880004,0.6969624026022183,3.728100167267218,3.5783626700060758,0.0,0.7633296950618178,2.5649493574615367,4.5102297383447905,4.847331743138063,3.620928838278193,0.0,1.9924986470394324,2.9444389791664403,2.2757816114790312,1.0986122886681098,6.584875476051362
2.4849066497880004,4.419829853964283,3.7184382563554808,3.135332481607337,0.0,1.48485423667116,2.5649493574615367,2.9064484275303686,4.850466541943434,2.645514865102678,0.0,1.3861656037318695,2.9444389791664403,4.249444522951047,1.0986122886681098,4.236023413950589
2.4849066497880004,2.7012690114582654,3.708682081410116,2.1657163753401663,0.0,1.722715796280339,2.5649493574615367,3.736520854813768,4.853591544486569,3.955435906866687,0.0,2.5154132911529667,2.9444389791664403,4.921797266523511,1.0986122886681098,4.308944111213294
2.4849066497880004,2.785003423832095,3.6988297849671046,4.14137879020912,0.0,0.36100586064362516,2.5649493574615367,4.426732313951744,4.856706811803519,4.6610175673843,0.0,2.28914811237153,2.9444389791664403,5.5157587180496295,1.0986122886681098,0.0
2.4849066497880004,0.9479350261853052,3.6888794541139363,3.658378079253901,0.0,1.667108937323066,2.5649493574615367,5.05832581412383,4.859812404361672,4.618500564497647,0.0,0.0,2.9444389791664403,1.1717533565500848,1.0986122886681098,4.100500198720569
