RedundantThrowsDeclarationCheck_Actual,RedundantThrowsDeclarationCheck_Simulated,S00117_Actual,S00117_Simulated,S1488_Actual,S1488_Simulated,S1226_Actual,S1226_Simulated,S00112_Actual,S00112_Simulated,S1155_Actual,S1155_Simulated,S1132_Actual,S1132_Simulated,S1481_Actual,S1481_Simulated
2.4849066497880004,3.5752879838039395,3.7376696182833684,3.697392449979346,0.0,0.8754362755897771,2.5649493574615367,3.5879241157460826,4.844187086458591,4.276680021083757,0.0,1.7109182803350094,2.9444389791664403,4.1497156410950025,1.0986122886681098,3.437301328727192
2.4849066497880004,5.3422789445024605,3.728100167267218,3.9700905334345986,0.0,0.36677382124269575,2.5649493574615367,4.5077161977019395,4.847331743138063,2.593464594877269,0.0,2.0380256880168752,2.9444389791664403,2.9591882444485273,1.0986122886681098,4.20418224109546
2.4849066497880004,2.451048291153872,3.7184382563554808,4.385883168786932,0.0,0.0,2.5649493574615367,4.2662032051186545,4.850466541943434,3.2120933312158204,0.0,0.2567034543230229,2.9444389791664403,7.042802674453142,1.0986122886681098,0.7659341902805661
2.4849066497880004,3.672205536933077,3.708682081410116,3.9709016362416807,0.0,0.5660032874716823,2.5649493574615367,2.4823429234877135,4.853591544486569,3.5657197938325202,0.0,0.0,2.9444389791664403,3.835709679965967,1.0986122886681098,7.879872709137772
2.4849066497880004,2.5870591936494454,3.6988297849671046,2.9124891893676206,0.0,0.0,2.5649493574615367,5.754130217613633,4.856706811803519,4.089386153567324,0.0,1.973406387647698,2.9444389791664403,7.327908861985259,1.0986122886681098,3.781696881222821
2.4849066497880004,3.342038980533789,3.6888794541139363,4.229625083434954,0.0,1.2708932306125433,2.5649493574615367,3.501447751065893,4.859812404361672,4.032842174349078,0.0,0.0,2.9444389791664403,3.7740994064584945,1.0986122886681098,4.283956103277491
