RedundantThrowsDeclarationCheck_Actual,RedundantThrowsDeclarationCheck_Simulated,S00122_Actual,S00122_Simulated,S1905_Actual,S1905_Simulated,UselessImportCheck_Actual,UselessImportCheck_Simulated,DuplicatedBlocks_Actual,DuplicatedBlocks_Simulated,S1226_Actual,S1226_Simulated,S1155_Actual,S1155_Simulated,S1151_Actual,S1151_Simulated,S1132_Actual,S1132_Simulated,S1481_Actual,S1481_Simulated
0.0,0.0,0.0,0.0,0.0,0.0,0.23270468455819335,1.890317909822535,0.0,0.0,0.0,0.0,0.0,0.0,0.021599111803461798,0.45457429699260776,0.0,0.07632307505842023,0.021599111803461798,0.4968134562046181
0.0,0.0,0.0,1.7768221704730614e-07,0.0,0.0,0.19029550263309924,1.2271884458762972,0.0,0.0,0.0,0.0,0.0,0.0,0.017316450011460875,0.14413416787250194,0.0,0.19628047058053955,0.017316450011460875,0.244621752432028
0.0,0.0,0.0,0.0,0.0,0.0,0.1460078224319825,1.8282013115860856,0.0,0.0,0.0,0.0,0.0,0.0,0.0130153681120703,0.24878865307606848,0.0,0.14814632742920827,0.0130153681120703,0.23818508497313817
0.0,0.0,0.0,1.953614043882757e-07,0.0,1.6430720471031613e-06,0.09966748517328153,1.8146427116944746,0.0,0.0,0.0,0.0,0.0,0.0,0.008695706967553821,0.7059306030424359,0.0,0.4857481138834902,0.008695706967553821,0.45678452731006963
0.0,0.0,0.0,0.0,0.0,0.0,0.05107492993641579,1.6046269753477675,0.0,0.0,0.0,0.0,0.0,0.0,0.00435730536895569,0.6139308709998916,0.0,0.2223763738747752,0.00435730536895569,0.0
0.0,0.0,0.0,0.0,0.0,6.87884452793213e-07,0.0,1.8937631444615746,0.0,0.0,0.0,0.0,0.0,0.0,0.0,0.5669080907479966,0.0,0.0,0.0,0.5959085674487021
