S1213_Actual,S1213_Simulated,RedundantThrowsDeclarationCheck_Actual,RedundantThrowsDeclarationCheck_Simulated,S1488_Actual,S1488_Simulated,S1905_Actual,S1905_Simulated,DuplicatedBlocks_Actual,DuplicatedBlocks_Simulated,S1226_Actual,S1226_Simulated,S00112_Actual,S00112_Simulated,S1151_Actual,S1151_Simulated
5.003946305945459,4.707900936674071,3.332204510175204,3.423652097849383,0.6931471805599453,1.284228003850133,0.6931471805599453,0.18714385748254347,5.69035945432406,5.819611484941852,0.0,0.9263891994329824,6.7339969528486705,6.80558315196312,3.6375861597263857,2.6388951425755756
5.003946305945459,4.635336104701454,3.332204510175204,3.7139264937239576,0.6931471805599453,2.341339306489745,0.6931471805599453,0.06356131266265365,5.683579767338681,5.7432907233356,0.0,0.4560093886712091,6.734591659972948,6.840932836894636,3.6375861597263857,2.9739572748696452
5.0106352940962555,4.641003164694781,3.332204510175204,3.2096597271186833,0.6931471805599453,0.7477554238671874,0.6931471805599453,0.16243072009000753,5.700443573390687,5.779185777643747,0.0,2.908253355693262,6.734591659972948,6.708526029410289,3.6375861597263857,1.95536952502949
5.030437921392435,4.499355964373518,3.332204510175204,3.178015616195772,0.6931471805599453,0.8496048977740172,0.6931471805599453,0.6404278485218071,5.68697535633982,5.759155469402377,0.0,0.3970110145663267,6.739336627357174,6.741522374102462,3.6375861597263857,3.097111839342091
5.030437921392435,4.658903368807598,3.332204510175204,3.6487934717299213,0.6931471805599453,0.831654316496659,0.6931471805599453,0.2603183967829417,5.697093486505405,5.715070062733885,0.0,3.720374584459264,6.75343791859778,6.812324179092342,3.6375861597263857,2.047341603141852
5.087596335232384,4.696258116804409,3.332204510175204,3.004262652852626,0.6931471805599453,1.5538135838695957,0.6931471805599453,0.8838952927317982,5.6937321388027,5.958202000679578,0.0,0.0,6.759255270663693,6.717548622996419,3.713572066704308,3.0017345187175732
