S1905_Actual,S1905_Simulated,DuplicatedBlocks_Actual,DuplicatedBlocks_Simulated,S1481_Actual,S1481_Simulated
0.0,0.0725638327081034,3.258096538021482,3.057278452488752,0.15415067982725825,0.21901812498572973
0.0,0.3521840929656891,3.258096538021482,2.915483083689493,0.2876820724517809,0.5232219095235697
0.0,0.28691391965995605,3.258096538021482,3.2999944441174573,0.4054651081081644,0.7964662142835113
0.0,0.11862295831740244,3.258096538021482,2.8691507894542396,0.5108256237659906,0.7211286662737791
0.0,0.22560996986907306,3.258096538021482,2.9558884151699765,0.6061358035703155,0.0
0.0,0.0,3.258096538021482,2.9132852756931116,0.6931471805599453,0.452702528993143
