S00117_Actual,S00117_Simulated,S1226_Actual,S1226_Simulated,S00112_Actual,S00112_Simulated,S1155_Actual,S1155_Simulated,S1151_Actual,S1151_Simulated,S1132_Actual,S1132_Simulated
6.697034247666484,6.544627715346055,3.713572066704308,3.5956801464788457,4.634728988229636,4.355698515707799,2.5649493574615367,2.599013406349761,4.143134726391533,4.108846500182435,3.912023005428146,4.124104547864934
6.697651341175731,6.548516962502663,3.713572066704308,3.59721995647142,4.634728988229636,4.364335130197572,2.5649493574615367,2.580798224881294,4.143134726391533,4.065443349695497,3.912023005428146,4.28342343645227
6.698268054115413,6.5940044511586935,3.713572066704308,3.6556687974956965,4.634728988229636,3.987804618997185,2.5649493574615367,2.512868565367394,4.143134726391533,4.1736682410731,3.912023005428146,4.135948542764279
