S00117_Actual,S00117_Simulated,S1226_Actual,S1226_Simulated,S00112_Actual,S00112_Simulated,S1155_Actual,S1155_Simulated,S1151_Actual,S1151_Simulated,S1132_Actual,S1132_Simulated
6.697034247666484,6.544627715346055,3.713572066704308,3.5956801464788457,4.634728988229636,4.355698515707799,2.5649493574615367,2.599013406349761,4.143134726391533,4.108846500182435,3.912023005428146,4.124104547864934
6.697651341175731,6.634881949017289,3.713572066704308,3.605080131933122,4.634728988229636,4.359292251571973,2.5649493574615367,2.673617280867472,4.143134726391533,4.173492123144145,3.912023005428146,4.044474333077104
6.698268054115413,6.5854747304846075,3.713572066704308,3.5945727698057404,4.634728988229636,4.078524520414759,2.5649493574615367,2.570183148288641,4.143134726391533,4.1537054281056935,3.912023005428146,4.107652273861179
