RedundantThrowsDeclarationCheck_Actual,RedundantThrowsDeclarationCheck_Simulated,S00122_Actual,S00122_Simulated,S1905_Actual,S1905_Simulated,UselessImportCheck_Actual,UselessImportCheck_Simulated,DuplicatedBlocks_Actual,DuplicatedBlocks_Simulated,S1226_Actual,S1226_Simulated,S1155_Actual,S1155_Simulated,S1132_Actual,S1132_Simulated,S1481_Actual,S1481_Simulated
0.0,0.13061218153693147,0.0,0.19903756679548096,0.0,0.0627247989161265,0.05107492993641579,2.067760709232467,0.0,0.4722537343060408,0.0,0.11086315715662766,0.0,0.05140755755911177,0.0,0.5357143502130369,0.00435730536895569,0.794859720905366
0.0,0.28396239314284927,0.0,0.3152273565988677,0.0,0.0,0.0,0.018525333072673345,0.0,1.263556322362207,0.0,0.3243888588990706,0.0,0.15551488969416374,0.0,0.2041330712286974,0.0,0.0
