S1213_Actual,S1213_Simulated,S00122_Actual,S00122_Simulated,DuplicatedBlocks_Actual,DuplicatedBlocks_Simulated,S1226_Actual,S1226_Simulated,S00112_Actual,S00112_Simulated,S1155_Actual,S1155_Simulated,S00108_Actual,S00108_Simulated,S1151_Actual,S1151_Simulated,S1132_Actual,S1132_Simulated
0.0367013668504281,0.8654164806904682,0.0,0.19170098661429782,0.0,0.46172097945521134,0.0,0.11196008221551346,0.018519047767237597,0.46128570284664755,0.0,0.046991420998253174,0.0,0.19702941544705932,0.018519047767237597,0.6025512276968152,0.0,0.5169270278182613
0.018519047767237697,1.5395990326839586,0.0,0.27470964745382165,0.0,0.026434960885529435,0.0,0.20026443461718177,0.009302392662313554,0.0,0.0,0.0,0.0,0.9266754980109259,0.009302392662313554,0.6121484002870373,0.0,0.3685037518431561
0.0,0.9083670543573956,0.0,0.02420989424581735,0.0,0.8100679811889395,0.0,0.41035471695545306,0.0,0.0,0.0,0.0,0.0,0.8089788204201974,0.0,0.6130314031352097,0.0,0.23378039415765445
