S1213_Actual,S1213_Simulated,S00117_Actual,S00117_Simulated,S00122_Actual,S00122_Simulated,DuplicatedBlocks_Actual,DuplicatedBlocks_Simulated,S1226_Actual,S1226_Simulated,S00112_Actual,S00112_Simulated,S1155_Actual,S1155_Simulated,S00108_Actual,S00108_Simulated,S1132_Actual,S1132_Simulated
4.442651256490317,3.9736462603351703,1.791759469228055,1.3000568012839122,2.5649493574615367,2.9404301144203595,3.295836866004329,2.3621206429605626,3.7612001156935624,2.945350239029016,3.6635616461296463,3.4455535302596,0.0,0.00845563664876762,1.6094379124341003,0.8320702696305738,1.6094379124341003,1.0863350080236112
4.454347296253507,3.7643887558418236,1.791759469228055,0.9714608218709853,2.5649493574615367,0.0,3.295836866004329,3.076552776921046,3.7612001156935624,2.806135601375205,3.7612001156935624,3.1600448113324044,0.0,0.030651492692883878,1.6094379124341003,1.2169272180386588,1.6094379124341003,0.6280431982177592
4.465908118654584,3.571023336450083,1.791759469228055,1.6685109547814105,2.5649493574615367,4.279420855377307,3.295836866004329,2.1643111455669053,3.7612001156935624,2.8798356559982277,3.7612001156935624,1.9969082549847152,0.0,0.06277733222174099,1.6094379124341003,1.3167903556447929,1.6094379124341003,1.9423473073026942
4.473541743509655,4.15669981716455,1.8458266904983307,0.9622762819770249,2.5649493574615367,0.0,3.295836866004329,1.8610839582104155,3.7689221617874726,3.7482962240224236,3.784189633918261,3.7438286592550667,0.0,0.0,1.6094379124341003,0.4049290832157854,1.6094379124341003,0.7467535234699183
4.481117537318112,4.057926396714715,1.8971199848858813,2.242332107380951,2.5649493574615367,8.906218024737921,3.295836866004329,2.4453539213627535,3.7765850345330416,3.6095426519362475,3.8066624897703196,2.645385917730439,0.0,0.0,1.6094379124341003,1.4163693958037338,1.6094379124341003,1.148969624359174
4.48863636973214,4.129221566537555,1.9459101490553132,2.9268812315602832,2.5649493574615367,1.8485312348872718,3.295836866004329,1.9421585794389185,3.784189633918261,3.5607614162314754,3.828641396489095,3.615502280397346,0.0,0.023614722012908932,1.6094379124341003,0.6905992784563141,1.6094379124341003,0.9755995212348816
