RedundantThrowsDeclarationCheck_Actual,RedundantThrowsDeclarationCheck_Simulated,S00117_Actual,S00117_Simulated,S00112_Actual,S00112_Simulated,S00108_Actual,S00108_Simulated,S1151_Actual,S1151_Simulated,S1132_Actual,S1132_Simulated
5.733341276897746,5.201489016465883,5.811140992976701,5.3697148959676095,5.739792912179234,5.359716958139057,4.356708826689592,3.9062712683878256,4.663439094112067,4.333938571671718,6.289715570908998,5.774400498626462
5.717027701406222,4.824530761256415,5.808142489980444,4.950673467372467,5.726847747587197,5.3738214564548965,4.356708826689592,3.4835601225479507,4.663439094112067,4.5863054583842064,6.289715570908998,5.398408023788685
5.707110264748875,5.437346181566961,5.755742213586912,5.570115429874786,5.755742213586912,4.7277976507624295,4.343805421853684,4.243688791419357,4.672828834461906,4.2522019061660234,6.293419278846481,5.376006420999787
