RedundantThrowsDeclarationCheck_Actual,RedundantThrowsDeclarationCheck_Simulated,S00117_Actual,S00117_Simulated,S00112_Actual,S00112_Simulated,S00108_Actual,S00108_Simulated,S1151_Actual,S1151_Simulated,S1132_Actual,S1132_Simulated
5.726847747587197,5.201489016465883,5.823045895483019,5.3697148959676095,5.968707559985366,5.359716958139057,4.406719247264253,3.9062712683878256,4.663439094112067,4.333938571671718,6.315358001522335,5.774400498626462
5.720311776607412,4.947434979869568,5.811140992976701,5.750653883846834,5.983936280687191,6.27326084639433,4.382026634673881,4.5825427697500105,4.663439094112067,3.588410438695714,6.311734809152915,5.803326226905848
5.707110264748875,4.3773310300491906,5.811140992976701,4.655238365767403,5.726847747587197,6.103666612541924,4.356708826689592,4.629163027080429,4.663439094112067,4.658005439468123,6.2878585601617845,5.1768827141911
5.733341276897746,5.306572143525946,5.811140992976701,5.475140892037554,5.739792912179234,5.629073959947314,4.356708826689592,3.788035650624321,4.663439094112067,4.511936039477966,6.289715570908998,5.24138814566947
5.717027701406222,5.540854284402853,5.808142489980444,5.58780095866709,5.726847747587197,5.70871890781245,4.356708826689592,3.7397653987958828,4.663439094112067,3.629139661175005,6.289715570908998,6.178025753063588
5.707110264748875,5.633667982206174,5.755742213586912,6.066687718848204,5.755742213586912,4.998632335303446,4.343805421853684,4.547274911854691,4.672828834461906,5.375636849430438,6.293419278846481,5.396590521447126
