RedundantThrowsDeclarationCheck_Actual,RedundantThrowsDeclarationCheck_Simulated,S00117_Actual,S00117_Simulated,S00112_Actual,S00112_Simulated,S00108_Actual,S00108_Simulated,S1151_Actual,S1151_Simulated,S1132_Actual,S1132_Simulated
5.733341276897746,5.201489016465883,5.811140992976701,5.3697148959676095,5.739792912179234,5.359716958139057,4.356708826689592,3.9062712683878256,4.663439094112067,4.333938571671718,6.289715570908998,5.774400498626462
5.717027701406222,5.272665489006226,5.808142489980444,5.3287592041131555,5.726847747587197,5.475455959902118,4.356708826689592,4.3310930570106185,4.663439094112067,4.353332783433646,6.289715570908998,5.79671811335091
5.707110264748875,5.090783248801746,5.755742213586912,5.571778782828023,5.755742213586912,5.307744092770923,4.343805421853684,3.3611374203518456,4.672828834461906,4.7030879825139955,6.293419278846481,5.7980507744658
