RedundantThrowsDeclarationCheck_Actual,RedundantThrowsDeclarationCheck_Simulated,S00117_Actual,S00117_Simulated,S00112_Actual,S00112_Simulated,S00108_Actual,S00108_Simulated,S1151_Actual,S1151_Simulated,S1132_Actual,S1132_Simulated
5.733341276897746,5.201489016465883,5.811140992976701,5.3697148959676095,5.739792912179234,5.359716958139057,4.356708826689592,3.9062712683878256,4.663439094112067,4.333938571671718,6.289715570908998,5.774400498626462
5.717027701406222,6.434433777433542,5.808142489980444,5.178583682904099,5.726847747587197,6.1783194683982305,4.356708826689592,3.7707432215273884,4.663439094112067,4.87207086669963,6.289715570908998,5.982519402250933
5.707110264748875,4.200632843655681,5.755742213586912,5.2537501133643465,5.755742213586912,5.971379198769536,4.343805421853684,3.1463584892961616,4.672828834461906,4.626415275237518,6.293419278846481,4.765611419181003
