RedundantThrowsDeclarationCheck_Actual,RedundantThrowsDeclarationCheck_Simulated,S00117_Actual,S00117_Simulated,S00112_Actual,S00112_Simulated,S00108_Actual,S00108_Simulated,S1151_Actual,S1151_Simulated,S1132_Actual,S1132_Simulated
5.726847747587197,5.41314405009518,5.823045895483019,5.634506233527824,5.968707559985366,5.480459152123185,4.406719247264253,4.348547832773054,4.663439094112067,4.783498160118609,6.315358001522335,6.054502525136856
5.720311776607412,5.420188260054025,5.811140992976701,4.64142881868624,5.983936280687191,5.025908933448915,4.382026634673881,3.9131262012466586,4.663439094112067,5.5216230572465825,6.311734809152915,6.188602453626471
5.707110264748875,6.444722287105297,5.811140992976701,5.45720235236514,5.726847747587197,4.512185412398646,4.356708826689592,3.6960444918856648,4.663439094112067,5.302915774494541,6.2878585601617845,5.9451701412385844
5.733341276897746,4.7182502955978975,5.811140992976701,5.265659823218019,5.739792912179234,4.3365896188547195,4.356708826689592,4.780840403258937,4.663439094112067,5.055990444640781,6.289715570908998,7.209943637024004
5.717027701406222,5.961026656434687,5.808142489980444,5.6660715560935,5.726847747587197,5.303832155711738,4.356708826689592,4.840849425452306,4.663439094112067,4.137887379941298,6.289715570908998,6.908077750644244
5.707110264748875,5.655185020336249,5.755742213586912,5.687931570587756,5.755742213586912,5.562654681158354,4.343805421853684,4.338706044383481,4.672828834461906,4.673248233563139,6.293419278846481,5.613570953818312
