RedundantThrowsDeclarationCheck_Actual,RedundantThrowsDeclarationCheck_Simulated,S00117_Actual,S00117_Simulated,S00112_Actual,S00112_Simulated,S00108_Actual,S00108_Simulated,S1151_Actual,S1151_Simulated,S1132_Actual,S1132_Simulated
5.733341276897746,5.41314405009518,5.811140992976701,5.634506233527824,5.739792912179234,5.480459152123185,4.356708826689592,4.348547832773054,4.663439094112067,4.783498160118609,6.289715570908998,6.054502525136856
5.717027701406222,5.236155861837626,5.808142489980444,5.436056924049491,5.726847747587197,6.093669417432345,4.356708826689592,4.42256115117599,4.663439094112067,4.5660806618547225,6.289715570908998,6.092286536044105
5.707110264748875,5.732045191224187,5.755742213586912,5.594039578185841,5.755742213586912,6.38838845798015,4.343805421853684,4.690700685378491,4.672828834461906,4.227240107040631,6.293419278846481,6.897419031822693
