RedundantThrowsDeclarationCheck_Actual,RedundantThrowsDeclarationCheck_Simulated,S00117_Actual,S00117_Simulated,S1488_Actual,S1488_Simulated,DuplicatedBlocks_Actual,DuplicatedBlocks_Simulated,S00112_Actual,S00112_Simulated
3.332204510175204,3.3944648510557793,2.6390573296152584,1.8846891797460226,0.6931471805599453,1.539752183574873,5.683579767338681,4.9970275798126575,6.734591659972948,5.996123387695626
3.332204510175204,3.365357820444724,2.6390573296152584,1.9961692678195355,0.6931471805599453,1.9808984731548538,5.69035945432406,6.476537570321609,6.738152494595957,7.399946298438664
3.332204510175204,3.2988234999556676,2.6390573296152584,2.6367404817599986,0.6931471805599453,2.4348328313574648,5.697093486505405,6.428542262657139,6.7580945044277305,7.50038149154317
