S1213_Actual,S1213_Simulated,RedundantThrowsDeclarationCheck_Actual,RedundantThrowsDeclarationCheck_Simulated,S00117_Actual,S00117_Simulated,S00122_Actual,S00122_Simulated,S1905_Actual,S1905_Simulated,UselessImportCheck_Actual,UselessImportCheck_Simulated,DuplicatedBlocks_Actual,DuplicatedBlocks_Simulated,S1155_Actual,S1155_Simulated
5.765191102784844,5.905965091877481,5.733341276897746,5.406354149356674,5.811140992976701,5.623524564790877,6.298949246855942,6.198847681621536,1.791759469228055,2.218394196647229,2.772588722239781,3.5535918260069694,5.66988092298052,5.778379256897303,4.23410650459726,3.9342304055250064
5.75890177387728,5.079974959873543,5.703782474656201,5.694757471003126,5.808142489980444,6.229410059485394,6.278521424165844,6.646478207381231,1.791759469228055,2.7119345233112826,2.302585092994046,2.9885945192706274,5.6131281063880705,6.232122253034527,4.23410650459726,3.776621245297969
5.7745515455444085,6.369044885512254,5.717027701406222,5.241054231798882,5.808142489980444,5.791498610421717,6.278521424165844,5.528350115150009,1.791759469228055,2.1974883158989273,2.4849066497880004,5.177260880813831,5.616771097666572,5.118901454941061,4.23410650459726,4.178361847566425
5.765191102784844,6.197815716973731,5.71042701737487,5.623997107709251,5.808142489980444,5.70481614221649,6.2878585601617845,6.0058228038237536,1.791759469228055,2.6020114136149877,2.302585092994046,3.8009076465847316,5.616771097666572,5.48158930393668,4.23410650459726,3.5708060063563485
5.777652323222656,5.752001569658364,5.707110264748875,5.779943603358536,5.755742213586912,6.086596878416501,6.3080984415095305,6.94069650877047,1.791759469228055,1.7404939987268881,2.3978952727983707,4.939378295345374,5.66988092298052,4.955257395505222,4.23410650459726,4.079160775393066
5.777652323222656,5.738933531831684,5.707110264748875,5.1267020032491795,5.755742213586912,5.391572799668572,6.3080984415095305,6.638151844654008,1.791759469228055,1.930616533658236,2.302585092994046,3.5386144786122924,5.66988092298052,5.065455086691814,4.23410650459726,3.7324170292171988
