S1213_Actual,S1213_Simulated,S00122_Actual,S00122_Simulated,S1488_Actual,S1488_Simulated,DuplicatedBlocks_Actual,DuplicatedBlocks_Simulated,S1226_Actual,S1226_Simulated,S00112_Actual,S00112_Simulated,S1155_Actual,S1155_Simulated,S00108_Actual,S00108_Simulated,S1151_Actual,S1151_Simulated,S1132_Actual,S1132_Simulated
0.0367013668504281,0.8654164806904682,0.0,0.19170098661429782,0.0,0.051733357324998425,0.0,0.46172097945521134,0.0,0.11196008221551346,0.018519047767237597,0.46128570284664755,0.0,0.046991420998253174,0.0,0.19702941544705932,0.018519047767237597,0.6025512276968152,0.0,0.5169270278182613
0.018519047767237697,0.7510880714122603,0.0,0.1638680019737693,0.0,0.10278377825229137,0.0,1.0467227257721146,0.0,0.29111938756634803,0.009302392662313554,0.45746321188253214,0.0,0.0,0.0,0.6204504043000572,0.009302392662313554,0.29724674640132304,0.0,0.8327918705709321
0.0,0.6241134446432182,0.0,0.0,0.0,0.0,0.0,0.3930705648093747,0.0,0.5680935980330579,0.0,0.9773756303805841,0.0,0.0,0.0,0.5760876109764237,0.0,0.3475039472274371,0.0,1.7930494174742506
