S00117_Actual,S00117_Simulated,S1226_Actual,S1226_Simulated,S00112_Actual,S00112_Simulated,S1155_Actual,S1155_Simulated,S1151_Actual,S1151_Simulated,S1132_Actual,S1132_Simulated,S1481_Actual,S1481_Simulated
6.695798917058491,6.60945624352465,3.713572066704308,3.6127418992057194,4.634728988229636,4.510977401788487,2.5649493574615367,2.5649445329033704,4.143134726391533,4.136678371651255,3.912023005428146,4.150235053864945,1.791759469228055,2.078330335476126
6.695798917058491,6.699855883424283,3.713572066704308,3.6058982840423375,4.634728988229636,4.464042870321821,2.5649493574615367,2.564942171816344,4.143134726391533,4.133350274729041,3.912023005428146,4.0613777146054995,1.9459101490553132,2.2128845540737196
6.69641677311769,6.707367952657896,3.713572066704308,3.627807763857257,4.634728988229636,4.737395042289803,2.5649493574615367,2.5649386337166535,4.143134726391533,4.13137501556637,3.912023005428146,4.308491379095978,1.9459101490553132,2.3724006811679863
6.697034247666484,6.583906348632807,3.713572066704308,3.601953829854326,4.634728988229636,4.555601154886871,2.5649493574615367,2.5649466652325374,4.143134726391533,4.110153347560337,3.912023005428146,4.113925246245375,1.9459101490553132,2.153551849318362
6.697651341175731,6.62409525405586,3.713572066704308,3.552010473709804,4.634728988229636,4.322852791355984,2.5649493574615367,2.56494301695942,4.143134726391533,4.149772747205417,3.912023005428146,4.350828006896292,1.9459101490553132,2.2629643479430883
6.698268054115413,6.648532797370131,3.713572066704308,3.6898459337186225,4.634728988229636,4.6412631268462965,2.5649493574615367,2.564953001571472,4.143134726391533,4.148212726462177,3.912023005428146,4.104575066146753,1.9459101490553132,2.50012274230647
