S00117_Actual,S00117_Simulated,S1226_Actual,S1226_Simulated,S00112_Actual,S00112_Simulated,S1155_Actual,S1155_Simulated,S1151_Actual,S1151_Simulated,S1132_Actual,S1132_Simulated,S1481_Actual,S1481_Simulated
6.697034247666484,6.60945624352465,3.713572066704308,3.6127418992057194,4.634728988229636,4.510977401788487,2.5649493574615367,2.5649445329033704,4.143134726391533,4.136678371651255,3.912023005428146,4.150235053864945,1.9459101490553132,2.078330335476126
6.697651341175731,6.55941688216578,3.713572066704308,3.6344210166888984,4.634728988229636,4.447314513285492,2.5649493574615367,2.5649414014969514,4.143134726391533,4.126042184880922,3.912023005428146,4.3713259084273,1.9459101490553132,2.141875844644289
6.698268054115413,6.612094316716051,3.713572066704308,3.6565584988340287,4.634728988229636,4.550873844799694,2.5649493574615367,2.564946621798244,4.143134726391533,4.122753722502365,3.912023005428146,4.074436591290715,1.9459101490553132,1.2084305986531616
